log_path: D:\PythonProject5\logs\simulator\simulation-11-20260815133658-68bb51ff
Loading map from D:\PythonProject5\data\shaoxing_149e3345_area\map\map.json
Loading walking links from D:\PythonProject5\data\shaoxing_149e3345_area\walk_links\walk_links.json
Loading stops from D:\PythonProject5\data\shaoxing_149e3345_area\stops\stop.json
Loading signal from D:\PythonProject5\data\shaoxing_149e3345_area\signals\signal.json
Loading walking signals from D:\PythonProject5\data\shaoxing_149e3345_area\walk_signals\walk_signals.json
Loading buses from D:\PythonProject5\data\shaoxing_149e3345_area\buses\bus.json
Loading orders from D:\PythonProject5\data\shaoxing_149e3345_area\orders\order.json
Simulator::runFor: now_ = 0 target = 10
[progress] simulator time = 10 / 3600
processing event: PassengerRouteStartEvent, passenger_id: 1, route_id: 1 id: 0 at time: 19
Processed event: PassengerRouteStartEvent, passenger_id: 1, route_id: 1 id: 0
processing event: OrderCreatedEvent, order_id: 1, available_pickups: 2 , available_dropoffs: 1 , passenger_id: 1, route_id: 1, passenger_num: 0 id: 778 at time: 19
Processed event: OrderCreatedEvent, order_id: 1, available_pickups: 2 , available_dropoffs: 1 , passenger_id: 1, route_id: 1, passenger_num: 2 id: 778
Simulator::runFor: now_ = 19 target = 20
[progress] simulator time = 20 / 3600
processing event: OrderMatchedEvent, order_id: 1, vehicle_id: 5 id: 779 at time: 20
Processed event: OrderMatchedEvent, order_id: 1, vehicle_id: 5 id: 779
processing event: VehicleDepartureEvent, vehicle_id: 5, road_id: 1000000000000000188, offset: 402.860000 id: 780 at time: 20
Processed event: VehicleDepartureEvent, vehicle_id: 5, road_id: 1000000000000000188, offset: 402.860000 id: 780
processing event: PassengerArrivalEvent, passenger_id: 1 id: 781 at time: 20
Processed event: PassengerArrivalEvent, passenger_id: 1 id: 781
Simulator::runFor: now_ = 20 target = 30
[progress] simulator time = 30 / 3600
Simulator::runFor: now_ = 30 target = 40
[progress] simulator time = 40 / 3600
processing event: VehicleArriveIntersectionEvent, vehicle_id: 5, road_id: 1000000000000000188 id: 782 at time: 47.0279
Processed event: VehicleArriveIntersectionEvent, vehicle_id: 5, road_id: 1000000000000000188 id: 782
processing event: VehicleEnterNewRoadEvent, vehicle_id: 5, road_id: 1000000000000000337 id: 783 at time: 48.8281
Processed event: VehicleEnterNewRoadEvent, vehicle_id: 5, road_id: 1000000000000000337 id: 783
processing event: VehicleDepartureEvent, vehicle_id: 5, road_id: 1000000000000000337, offset: 0.000000 id: 784 at time: 48.8281
Processed event: VehicleDepartureEvent, vehicle_id: 5, road_id: 1000000000000000337, offset: 0.000000 id: 784
Simulator::runFor: now_ = 48.8281 target = 50
[progress] simulator time = 50 / 3600
Simulator::runFor: now_ = 50 target = 60
[progress] simulator time = 60 / 3600
Simulator::runFor: now_ = 60 target = 70
[progress] simulator time = 70 / 3600
Simulator::runFor: now_ = 70 target = 80
[progress] simulator time = 80 / 3600
Simulator::runFor: now_ = 80 target = 90
[progress] simulator time = 90 / 3600
processing event: PassengerRouteStartEvent, passenger_id: 2, route_id: 1 id: 1 at time: 100
Processed event: PassengerRouteStartEvent, passenger_id: 2, route_id: 1 id: 1
processing event: OrderCreatedEvent, order_id: 2, available_pickups: 216 , available_dropoffs: 58 , passenger_id: 2, route_id: 1, passenger_num: 0 id: 786 at time: 100
Processed event: OrderCreatedEvent, order_id: 2, available_pickups: 216 , available_dropoffs: 58 , passenger_id: 2, route_id: 1, passenger_num: 3 id: 786
Simulator::runFor: now_ = 100 target = 100
[progress] simulator time = 100 / 3600
processing event: OrderMatchedEvent, order_id: 2, vehicle_id: 7 id: 787 at time: 100
Processed event: OrderMatchedEvent, order_id: 2, vehicle_id: 7 id: 787
processing event: VehicleDepartureEvent, vehicle_id: 7, road_id: 1000000000000000188, offset: 253.040000 id: 788 at time: 100
Processed event: VehicleDepartureEvent, vehicle_id: 7, road_id: 1000000000000000188, offset: 253.040000 id: 788
processing event: PassengerArrivalEvent, passenger_id: 2 id: 789 at time: 100
Processed event: PassengerArrivalEvent, passenger_id: 2 id: 789
processing event: PassengerRouteStartEvent, passenger_id: 3, route_id: 1 id: 2 at time: 105
Processed event: PassengerRouteStartEvent, passenger_id: 3, route_id: 1 id: 2
processing event: OrderCreatedEvent, order_id: 3, available_pickups: 218 , available_dropoffs: 161 , passenger_id: 3, route_id: 1, passenger_num: 0 id: 791 at time: 105
Processed event: OrderCreatedEvent, order_id: 3, available_pickups: 218 , available_dropoffs: 161 , passenger_id: 3, route_id: 1, passenger_num: 1 id: 791
Simulator::runFor: now_ = 105 target = 110
[progress] simulator time = 110 / 3600
processing event: OrderMatchedEvent, order_id: 3, vehicle_id: 20 id: 792 at time: 110
Processed event: OrderMatchedEvent, order_id: 3, vehicle_id: 20 id: 792
processing event: VehicleDepartureEvent, vehicle_id: 20, road_id: 1000000000000000172, offset: 53.130000 id: 793 at time: 110
Processed event: VehicleDepartureEvent, vehicle_id: 20, road_id: 1000000000000000172, offset: 53.130000 id: 793
processing event: PassengerArrivalEvent, passenger_id: 3 id: 794 at time: 110
Processed event: PassengerArrivalEvent, passenger_id: 3 id: 794
processing event: VehicleArriveIntersectionEvent, vehicle_id: 5, road_id: 1000000000000000337 id: 785 at time: 114.535
Processed event: VehicleArriveIntersectionEvent, vehicle_id: 5, road_id: 1000000000000000337 id: 785
processing event: VehicleEnterNewRoadEvent, vehicle_id: 5, road_id: 1000000000000000190 id: 796 at time: 116.335
Processed event: VehicleEnterNewRoadEvent, vehicle_id: 5, road_id: 1000000000000000190 id: 796
processing event: VehicleDepartureEvent, vehicle_id: 5, road_id: 1000000000000000190, offset: 0.000000 id: 797 at time: 116.335
Processed event: VehicleDepartureEvent, vehicle_id: 5, road_id: 1000000000000000190, offset: 0.000000 id: 797
Simulator::runFor: now_ = 116.335 target = 120
[progress] simulator time = 120 / 3600
processing event: VehicleArriveIntersectionEvent, vehicle_id: 20, road_id: 1000000000000000172 id: 795 at time: 122.218
Processed event: VehicleArriveIntersectionEvent, vehicle_id: 20, road_id: 1000000000000000172 id: 795
processing event: VehicleEnterNewRoadEvent, vehicle_id: 20, road_id: 1000000000000001060 id: 799 at time: 124.018
Processed event: VehicleEnterNewRoadEvent, vehicle_id: 20, road_id: 1000000000000001060 id: 799
processing event: VehicleDepartureEvent, vehicle_id: 20, road_id: 1000000000000001060, offset: 0.000000 id: 800 at time: 124.018
Processed event: VehicleDepartureEvent, vehicle_id: 20, road_id: 1000000000000001060, offset: 0.000000 id: 800
Simulator::runFor: now_ = 124.018 target = 130
[progress] simulator time = 130 / 3600
Simulator::runFor: now_ = 130 target = 140
[progress] simulator time = 140 / 3600
processing event: VehicleArriveIntersectionEvent, vehicle_id: 20, road_id: 1000000000000001060 id: 801 at time: 145.8
Processed event: VehicleArriveIntersectionEvent, vehicle_id: 20, road_id: 1000000000000001060 id: 801
processing event: VehicleEnterNewRoadEvent, vehicle_id: 20, road_id: 1000000000000001059 id: 802 at time: 147.6
Processed event: VehicleEnterNewRoadEvent, vehicle_id: 20, road_id: 1000000000000001059 id: 802
processing event: VehicleDepartureEvent, vehicle_id: 20, road_id: 1000000000000001059, offset: 0.000000 id: 803 at time: 147.6
Processed event: VehicleDepartureEvent, vehicle_id: 20, road_id: 1000000000000001059, offset: 0.000000 id: 803
Simulator::runFor: now_ = 147.6 target = 150
[progress] simulator time = 150 / 3600
processing event: VehicleArriveIntersectionEvent, vehicle_id: 7, road_id: 1000000000000000188 id: 790 at time: 153.998
Processed event: VehicleArriveIntersectionEvent, vehicle_id: 7, road_id: 1000000000000000188 id: 790
processing event: VehicleArriveIntersectionEvent, vehicle_id: 5, road_id: 1000000000000000190 id: 798 at time: 154.679
Processed event: VehicleArriveIntersectionEvent, vehicle_id: 5, road_id: 1000000000000000190 id: 798
processing event: VehicleEnterNewRoadEvent, vehicle_id: 7, road_id: 1000000000000001063 id: 805 at time: 155.798
Processed event: VehicleEnterNewRoadEvent, vehicle_id: 7, road_id: 1000000000000001063 id: 805
processing event: VehicleDepartureEvent, vehicle_id: 7, road_id: 1000000000000001063, offset: 0.000000 id: 807 at time: 155.798
Processed event: VehicleDepartureEvent, vehicle_id: 7, road_id: 1000000000000001063, offset: 0.000000 id: 807
processing event: VehicleEnterNewRoadEvent, vehicle_id: 5, road_id: 1000000000000000191 id: 806 at time: 156.479
Processed event: VehicleEnterNewRoadEvent, vehicle_id: 5, road_id: 1000000000000000191 id: 806
processing event: VehicleDepartureEvent, vehicle_id: 5, road_id: 1000000000000000191, offset: 0.000000 id: 809 at time: 156.479
Processed event: VehicleDepartureEvent, vehicle_id: 5, road_id: 1000000000000000191, offset: 0.000000 id: 809
Simulator::runFor: now_ = 156.479 target = 160
[progress] simulator time = 160 / 3600
processing event: BusArrivalEvent, vehicle_id: 5, stop_id: 2 id: 810 at time: 160.985
Processed event: BusArrivalEvent, vehicle_id: 5, stop_id: 2 id: 810
processing event: PassengerOnboardEvent, passenger_id: 1 id: 811 at time: 160.985
Processed event: PassengerOnboardEvent, passenger_id: 1 id: 811
processing event: VehicleDepartureEvent, vehicle_id: 5, road_id: 1000000000000000191, offset: 25.030000 id: 812 at time: 165.985
Processed event: VehicleDepartureEvent, vehicle_id: 5, road_id: 1000000000000000191, offset: 25.030000 id: 812
Simulator::runFor: now_ = 165.985 target = 170
[progress] simulator time = 170 / 3600
Simulator::runFor: now_ = 170 target = 180
[progress] simulator time = 180 / 3600
processing event: VehicleArriveIntersectionEvent, vehicle_id: 20, road_id: 1000000000000001059 id: 804 at time: 185.404
Processed event: VehicleArriveIntersectionEvent, vehicle_id: 20, road_id: 1000000000000001059 id: 804
processing event: VehicleEnterNewRoadEvent, vehicle_id: 20, road_id: 1000000000000000374 id: 814 at time: 187.204
Processed event: VehicleEnterNewRoadEvent, vehicle_id: 20, road_id: 1000000000000000374 id: 814
processing event: VehicleDepartureEvent, vehicle_id: 20, road_id: 1000000000000000374, offset: 0.000000 id: 815 at time: 187.204
Processed event: VehicleDepartureEvent, vehicle_id: 20, road_id: 1000000000000000374, offset: 0.000000 id: 815
Simulator::runFor: now_ = 187.204 target = 190
[progress] simulator time = 190 / 3600
Simulator::runFor: now_ = 190 target = 200
[progress] simulator time = 200 / 3600
Simulator::runFor: now_ = 200 target = 210
[progress] simulator time = 210 / 3600
processing event: VehicleArriveIntersectionEvent, vehicle_id: 5, road_id: 1000000000000000191 id: 813 at time: 217.644
Processed event: VehicleArriveIntersectionEvent, vehicle_id: 5, road_id: 1000000000000000191 id: 813
processing event: VehicleEnterNewRoadEvent, vehicle_id: 5, road_id: 1000000000000000328 id: 817 at time: 219.445
Processed event: VehicleEnterNewRoadEvent, vehicle_id: 5, road_id: 1000000000000000328 id: 817
processing event: VehicleDepartureEvent, vehicle_id: 5, road_id: 1000000000000000328, offset: 0.000000 id: 818 at time: 219.445
Processed event: VehicleDepartureEvent, vehicle_id: 5, road_id: 1000000000000000328, offset: 0.000000 id: 818
Simulator::runFor: now_ = 219.445 target = 220
[progress] simulator time = 220 / 3600
Simulator::runFor: now_ = 220 target = 230
[progress] simulator time = 230 / 3600
processing event: VehicleArriveIntersectionEvent, vehicle_id: 20, road_id: 1000000000000000374 id: 816 at time: 234.369
Processed event: VehicleArriveIntersectionEvent, vehicle_id: 20, road_id: 1000000000000000374 id: 816
processing event: VehicleEnterNewRoadEvent, vehicle_id: 20, road_id: 1000000000000000375 id: 820 at time: 236.169
Processed event: VehicleEnterNewRoadEvent, vehicle_id: 20, road_id: 1000000000000000375 id: 820
processing event: VehicleDepartureEvent, vehicle_id: 20, road_id: 1000000000000000375, offset: 0.000000 id: 821 at time: 236.169
Processed event: VehicleDepartureEvent, vehicle_id: 20, road_id: 1000000000000000375, offset: 0.000000 id: 821
Simulator::runFor: now_ = 236.169 target = 240
[progress] simulator time = 240 / 3600
Simulator::runFor: now_ = 240 target = 250
[progress] simulator time = 250 / 3600
processing event: VehicleArriveIntersectionEvent, vehicle_id: 7, road_id: 1000000000000001063 id: 808 at time: 255.348
Processed event: VehicleArriveIntersectionEvent, vehicle_id: 7, road_id: 1000000000000001063 id: 808
processing event: VehicleEnterNewRoadEvent, vehicle_id: 7, road_id: 1000000000000001062 id: 823 at time: 257.149
Processed event: VehicleEnterNewRoadEvent, vehicle_id: 7, road_id: 1000000000000001062 id: 823
processing event: VehicleDepartureEvent, vehicle_id: 7, road_id: 1000000000000001062, offset: 0.000000 id: 824 at time: 257.149
Processed event: VehicleDepartureEvent, vehicle_id: 7, road_id: 1000000000000001062, offset: 0.000000 id: 824
Simulator::runFor: now_ = 257.149 target = 260
[progress] simulator time = 260 / 3600
Simulator::runFor: now_ = 260 target = 270
[progress] simulator time = 270 / 3600
processing event: VehicleArriveIntersectionEvent, vehicle_id: 5, road_id: 1000000000000000328 id: 819 at time: 274.89
Processed event: VehicleArriveIntersectionEvent, vehicle_id: 5, road_id: 1000000000000000328 id: 819
processing event: VehicleEnterNewRoadEvent, vehicle_id: 5, road_id: 1000000000000000329 id: 826 at time: 276.69
Processed event: VehicleEnterNewRoadEvent, vehicle_id: 5, road_id: 1000000000000000329 id: 826
processing event: VehicleDepartureEvent, vehicle_id: 5, road_id: 1000000000000000329, offset: 0.000000 id: 827 at time: 276.69
Processed event: VehicleDepartureEvent, vehicle_id: 5, road_id: 1000000000000000329, offset: 0.000000 id: 827
Simulator::runFor: now_ = 276.69 target = 280
[progress] simulator time = 280 / 3600
processing event: BusArrivalEvent, vehicle_id: 5, stop_id: 1 id: 828 at time: 280.604
Processed event: BusArrivalEvent, vehicle_id: 5, stop_id: 1 id: 828
processing event: PassengerRouteEndEvent, passenger_id: 1, route_id: 1 id: 829 at time: 280.604
Passenger 1 finished all routes
Processed event: PassengerRouteEndEvent, passenger_id: 1, route_id: 1 id: 829
processing event: PassengerDropoffEvent, passenger_id: 1 id: 830 at time: 280.604
Processed event: PassengerDropoffEvent, passenger_id: 1 id: 830
processing event: OrderFinishedEvent, order_id: 1 id: 831 at time: 280.604
Processed event: OrderFinishedEvent, order_id: 1 id: 831
Simulator::runFor: now_ = 280.604 target = 290
[progress] simulator time = 290 / 3600
processing event: VehicleArriveIntersectionEvent, vehicle_id: 20, road_id: 1000000000000000375 id: 822 at time: 297.015
Processed event: VehicleArriveIntersectionEvent, vehicle_id: 20, road_id: 1000000000000000375 id: 822
processing event: VehicleEnterNewRoadEvent, vehicle_id: 20, road_id: 1000000000000000308 id: 832 at time: 298.815
Processed event: VehicleEnterNewRoadEvent, vehicle_id: 20, road_id: 1000000000000000308 id: 832
processing event: VehicleDepartureEvent, vehicle_id: 20, road_id: 1000000000000000308, offset: 0.000000 id: 833 at time: 298.815
Processed event: VehicleDepartureEvent, vehicle_id: 20, road_id: 1000000000000000308, offset: 0.000000 id: 833
Simulator::runFor: now_ = 298.815 target = 300
[progress] simulator time = 300 / 3600
Simulator::runFor: now_ = 300 target = 310
[progress] simulator time = 310 / 3600
Simulator::runFor: now_ = 310 target = 320
[progress] simulator time = 320 / 3600
Simulator::runFor: now_ = 320 target = 330
[progress] simulator time = 330 / 3600
Simulator::runFor: now_ = 330 target = 340
[progress] simulator time = 340 / 3600
Simulator::runFor: now_ = 340 target = 350
[progress] simulator time = 350 / 3600
processing event: VehicleArriveIntersectionEvent, vehicle_id: 7, road_id: 1000000000000001062 id: 825 at time: 351.658
Processed event: VehicleArriveIntersectionEvent, vehicle_id: 7, road_id: 1000000000000001062 id: 825
processing event: VehicleEnterNewRoadEvent, vehicle_id: 7, road_id: 1000000000000000854 id: 835 at time: 353.458
Processed event: VehicleEnterNewRoadEvent, vehicle_id: 7, road_id: 1000000000000000854 id: 835
processing event: VehicleDepartureEvent, vehicle_id: 7, road_id: 1000000000000000854, offset: 0.000000 id: 836 at time: 353.458
Processed event: VehicleDepartureEvent, vehicle_id: 7, road_id: 1000000000000000854, offset: 0.000000 id: 836
processing event: PassengerRouteStartEvent, passenger_id: 4, route_id: 1 id: 3 at time: 357
Processed event: PassengerRouteStartEvent, passenger_id: 4, route_id: 1 id: 3
processing event: OrderCreatedEvent, order_id: 4, available_pickups: 102 , available_dropoffs: 156 , passenger_id: 4, route_id: 1, passenger_num: 0 id: 838 at time: 357
Processed event: OrderCreatedEvent, order_id: 4, available_pickups: 102 , available_dropoffs: 156 , passenger_id: 4, route_id: 1, passenger_num: 2 id: 838
Simulator::runFor: now_ = 357 target = 360
[progress] simulator time = 360 / 3600
processing event: OrderMatchedEvent, order_id: 4, vehicle_id: 1 id: 839 at time: 360
Processed event: OrderMatchedEvent, order_id: 4, vehicle_id: 1 id: 839
processing event: VehicleDepartureEvent, vehicle_id: 1, road_id: 1000000000000000329, offset: 20.740000 id: 840 at time: 360
Processed event: VehicleDepartureEvent, vehicle_id: 1, road_id: 1000000000000000329, offset: 20.740000 id: 840
processing event: PassengerArrivalEvent, passenger_id: 4 id: 841 at time: 360
Processed event: PassengerArrivalEvent, passenger_id: 4 id: 841
processing event: VehicleArriveIntersectionEvent, vehicle_id: 20, road_id: 1000000000000000308 id: 834 at time: 365.602
Processed event: VehicleArriveIntersectionEvent, vehicle_id: 20, road_id: 1000000000000000308 id: 834
processing event: PassengerRouteStartEvent, passenger_id: 5, route_id: 1 id: 4 at time: 367
Processed event: PassengerRouteStartEvent, passenger_id: 5, route_id: 1 id: 4
processing event: OrderCreatedEvent, order_id: 5, available_pickups: 222 , available_dropoffs: 68 , passenger_id: 5, route_id: 1, passenger_num: 0 id: 844 at time: 367
Processed event: OrderCreatedEvent, order_id: 5, available_pickups: 222 , available_dropoffs: 68 , passenger_id: 5, route_id: 1, passenger_num: 2 id: 844
processing event: VehicleEnterNewRoadEvent, vehicle_id: 20, road_id: 1000000000000000309 id: 843 at time: 367.402
Processed event: VehicleEnterNewRoadEvent, vehicle_id: 20, road_id: 1000000000000000309 id: 843
processing event: VehicleDepartureEvent, vehicle_id: 20, road_id: 1000000000000000309, offset: 0.000000 id: 845 at time: 367.402
Processed event: VehicleDepartureEvent, vehicle_id: 20, road_id: 1000000000000000309, offset: 0.000000 id: 845
Simulator::runFor: now_ = 367.402 target = 370
[progress] simulator time = 370 / 3600
processing event: OrderMatchedEvent, order_id: 5, vehicle_id: 2 id: 847 at time: 370
Processed event: OrderMatchedEvent, order_id: 5, vehicle_id: 2 id: 847
processing event: VehicleDepartureEvent, vehicle_id: 2, road_id: 1000000000000000191, offset: 24.030000 id: 848 at time: 370
Processed event: VehicleDepartureEvent, vehicle_id: 2, road_id: 1000000000000000191, offset: 24.030000 id: 848
processing event: PassengerArrivalEvent, passenger_id: 5 id: 849 at time: 370
Processed event: PassengerArrivalEvent, passenger_id: 5 id: 849
processing event: PassengerRouteStartEvent, passenger_id: 6, route_id: 1 id: 5 at time: 371
Processed event: PassengerRouteStartEvent, passenger_id: 6, route_id: 1 id: 5
processing event: OrderCreatedEvent, order_id: 6, available_pickups: 55 , available_dropoffs: 36 , passenger_id: 6, route_id: 1, passenger_num: 0 id: 851 at time: 371
Processed event: OrderCreatedEvent, order_id: 6, available_pickups: 55 , available_dropoffs: 36 , passenger_id: 6, route_id: 1, passenger_num: 1 id: 851
Simulator::runFor: now_ = 371 target = 380
[progress] simulator time = 380 / 3600
processing event: OrderMatchedEvent, order_id: 6, vehicle_id: 6 id: 852 at time: 380
Processed event: OrderMatchedEvent, order_id: 6, vehicle_id: 6 id: 852
processing event: VehicleDepartureEvent, vehicle_id: 6, road_id: 1000000000000000188, offset: 258.420000 id: 853 at time: 380
Processed event: VehicleDepartureEvent, vehicle_id: 6, road_id: 1000000000000000188, offset: 258.420000 id: 853
processing event: PassengerArrivalEvent, passenger_id: 6 id: 854 at time: 380
Processed event: PassengerArrivalEvent, passenger_id: 6 id: 854
Simulator::runFor: now_ = 380 target = 390
[progress] simulator time = 390 / 3600
processing event: VehicleArriveIntersectionEvent, vehicle_id: 1, road_id: 1000000000000000329 id: 842 at time: 394.61
Processed event: VehicleArriveIntersectionEvent, vehicle_id: 1, road_id: 1000000000000000329 id: 842
processing event: VehicleEnterNewRoadEvent, vehicle_id: 1, road_id: 1000000000000000190 id: 856 at time: 396.41
Processed event: VehicleEnterNewRoadEvent, vehicle_id: 1, road_id: 1000000000000000190 id: 856
processing event: VehicleDepartureEvent, vehicle_id: 1, road_id: 1000000000000000190, offset: 0.000000 id: 857 at time: 396.41
Processed event: VehicleDepartureEvent, vehicle_id: 1, road_id: 1000000000000000190, offset: 0.000000 id: 857
Simulator::runFor: now_ = 396.41 target = 400
[progress] simulator time = 400 / 3600
processing event: VehicleArriveIntersectionEvent, vehicle_id: 7, road_id: 1000000000000000854 id: 837 at time: 401.703
Processed event: VehicleArriveIntersectionEvent, vehicle_id: 7, road_id: 1000000000000000854 id: 837
processing event: VehicleEnterNewRoadEvent, vehicle_id: 7, road_id: 1000000000000000299 id: 859 at time: 403.503
Processed event: VehicleEnterNewRoadEvent, vehicle_id: 7, road_id: 1000000000000000299 id: 859
processing event: VehicleDepartureEvent, vehicle_id: 7, road_id: 1000000000000000299, offset: 0.000000 id: 860 at time: 403.503
Processed event: VehicleDepartureEvent, vehicle_id: 7, road_id: 1000000000000000299, offset: 0.000000 id: 860
Simulator::runFor: now_ = 403.503 target = 410
[progress] simulator time = 410 / 3600
Simulator::runFor: now_ = 410 target = 420
[progress] simulator time = 420 / 3600
processing event: VehicleArriveIntersectionEvent, vehicle_id: 2, road_id: 1000000000000000191 id: 850 at time: 421.84
Processed event: VehicleArriveIntersectionEvent, vehicle_id: 2, road_id: 1000000000000000191 id: 850
processing event: VehicleEnterNewRoadEvent, vehicle_id: 2, road_id: 1000000000000000192 id: 862 at time: 423.64
Processed event: VehicleEnterNewRoadEvent, vehicle_id: 2, road_id: 1000000000000000192 id: 862
processing event: VehicleDepartureEvent, vehicle_id: 2, road_id: 1000000000000000192, offset: 0.000000 id: 863 at time: 423.64
Processed event: VehicleDepartureEvent, vehicle_id: 2, road_id: 1000000000000000192, offset: 0.000000 id: 863
Simulator::runFor: now_ = 423.64 target = 430
[progress] simulator time = 430 / 3600
processing event: VehicleArriveIntersectionEvent, vehicle_id: 7, road_id: 1000000000000000299 id: 861 at time: 431.406
Processed event: VehicleArriveIntersectionEvent, vehicle_id: 7, road_id: 1000000000000000299 id: 861
processing event: PassengerRouteStartEvent, passenger_id: 7, route_id: 1 id: 6 at time: 432
Processed event: PassengerRouteStartEvent, passenger_id: 7, route_id: 1 id: 6
processing event: OrderCreatedEvent, order_id: 7, available_pickups: 36 , available_dropoffs: 206 , passenger_id: 7, route_id: 1, passenger_num: 0 id: 866 at time: 432
Processed event: OrderCreatedEvent, order_id: 7, available_pickups: 36 , available_dropoffs: 206 , passenger_id: 7, route_id: 1, passenger_num: 1 id: 866
processing event: VehicleArriveIntersectionEvent, vehicle_id: 6, road_id: 1000000000000000188 id: 855 at time: 433.03
Processed event: VehicleArriveIntersectionEvent, vehicle_id: 6, road_id: 1000000000000000188 id: 855
processing event: VehicleEnterNewRoadEvent, vehicle_id: 7, road_id: 1000000000000000293 id: 865 at time: 433.206
Processed event: VehicleEnterNewRoadEvent, vehicle_id: 7, road_id: 1000000000000000293 id: 865
processing event: VehicleDepartureEvent, vehicle_id: 7, road_id: 1000000000000000293, offset: 0.000000 id: 868 at time: 433.206
Processed event: VehicleDepartureEvent, vehicle_id: 7, road_id: 1000000000000000293, offset: 0.000000 id: 868
processing event: VehicleArriveIntersectionEvent, vehicle_id: 1, road_id: 1000000000000000190 id: 858 at time: 434.754
Processed event: VehicleArriveIntersectionEvent, vehicle_id: 1, road_id: 1000000000000000190 id: 858
processing event: VehicleEnterNewRoadEvent, vehicle_id: 6, road_id: 1000000000000000074 id: 867 at time: 434.83
Processed event: VehicleEnterNewRoadEvent, vehicle_id: 6, road_id: 1000000000000000074 id: 867
processing event: VehicleDepartureEvent, vehicle_id: 6, road_id: 1000000000000000074, offset: 0.000000 id: 871 at time: 434.83
Processed event: VehicleDepartureEvent, vehicle_id: 6, road_id: 1000000000000000074, offset: 0.000000 id: 871
processing event: PassengerRouteStartEvent, passenger_id: 8, route_id: 1 id: 7 at time: 435
Processed event: PassengerRouteStartEvent, passenger_id: 8, route_id: 1 id: 7
processing event: OrderCreatedEvent, order_id: 8, available_pickups: 75 , available_dropoffs: 108 , passenger_id: 8, route_id: 1, passenger_num: 0 id: 873 at time: 435
Processed event: OrderCreatedEvent, order_id: 8, available_pickups: 75 , available_dropoffs: 108 , passenger_id: 8, route_id: 1, passenger_num: 1 id: 873
processing event: VehicleEnterNewRoadEvent, vehicle_id: 1, road_id: 1000000000000000191 id: 870 at time: 436.554
Processed event: VehicleEnterNewRoadEvent, vehicle_id: 1, road_id: 1000000000000000191 id: 870
processing event: VehicleDepartureEvent, vehicle_id: 1, road_id: 1000000000000000191, offset: 0.000000 id: 874 at time: 436.554
Processed event: VehicleDepartureEvent, vehicle_id: 1, road_id: 1000000000000000191, offset: 0.000000 id: 874
processing event: VehicleArriveIntersectionEvent, vehicle_id: 7, road_id: 1000000000000000293 id: 869 at time: 439.867
Processed event: VehicleArriveIntersectionEvent, vehicle_id: 7, road_id: 1000000000000000293 id: 869
Simulator::runFor: now_ = 439.867 target = 440
[progress] simulator time = 440 / 3600
processing event: OrderMatchedEvent, order_id: 7, vehicle_id: 10 id: 877 at time: 440
Processed event: OrderMatchedEvent, order_id: 7, vehicle_id: 10 id: 877
processing event: VehicleDepartureEvent, vehicle_id: 10, road_id: 1000000000000000187, offset: 416.100000 id: 878 at time: 440
Processed event: VehicleDepartureEvent, vehicle_id: 10, road_id: 1000000000000000187, offset: 416.100000 id: 878
processing event: OrderMatchedEvent, order_id: 8, vehicle_id: 15 id: 879 at time: 440
Processed event: OrderMatchedEvent, order_id: 8, vehicle_id: 15 id: 879
processing event: VehicleDepartureEvent, vehicle_id: 15, road_id: 1000000000000000123, offset: 179.980000 id: 880 at time: 440
Processed event: VehicleDepartureEvent, vehicle_id: 15, road_id: 1000000000000000123, offset: 179.980000 id: 880
processing event: PassengerArrivalEvent, passenger_id: 7 id: 881 at time: 440
Processed event: PassengerArrivalEvent, passenger_id: 7 id: 881
processing event: PassengerArrivalEvent, passenger_id: 8 id: 883 at time: 440
Processed event: PassengerArrivalEvent, passenger_id: 8 id: 883
processing event: VehicleEnterNewRoadEvent, vehicle_id: 7, road_id: 1000000000000000356 id: 876 at time: 441.667
Processed event: VehicleEnterNewRoadEvent, vehicle_id: 7, road_id: 1000000000000000356 id: 876
processing event: VehicleDepartureEvent, vehicle_id: 7, road_id: 1000000000000000356, offset: 0.000000 id: 885 at time: 441.667
Processed event: VehicleDepartureEvent, vehicle_id: 7, road_id: 1000000000000000356, offset: 0.000000 id: 885
Simulator::runFor: now_ = 441.667 target = 450
[progress] simulator time = 450 / 3600
processing event: VehicleArriveIntersectionEvent, vehicle_id: 20, road_id: 1000000000000000309 id: 846 at time: 451.651
Processed event: VehicleArriveIntersectionEvent, vehicle_id: 20, road_id: 1000000000000000309 id: 846
processing event: VehicleEnterNewRoadEvent, vehicle_id: 20, road_id: 1000000000000000005 id: 887 at time: 453.451
Processed event: VehicleEnterNewRoadEvent, vehicle_id: 20, road_id: 1000000000000000005 id: 887
processing event: VehicleDepartureEvent, vehicle_id: 20, road_id: 1000000000000000005, offset: 0.000000 id: 888 at time: 453.451
Processed event: VehicleDepartureEvent, vehicle_id: 20, road_id: 1000000000000000005, offset: 0.000000 id: 888
processing event: VehicleArriveIntersectionEvent, vehicle_id: 10, road_id: 1000000000000000187 id: 882 at time: 459.604
Processed event: VehicleArriveIntersectionEvent, vehicle_id: 10, road_id: 1000000000000000187 id: 882
processing event: VehicleArriveIntersectionEvent, vehicle_id: 15, road_id: 1000000000000000123 id: 884 at time: 459.626
Processed event: VehicleArriveIntersectionEvent, vehicle_id: 15, road_id: 1000000000000000123 id: 884
Simulator::runFor: now_ = 459.626 target = 460
[progress] simulator time = 460 / 3600
processing event: VehicleEnterNewRoadEvent, vehicle_id: 10, road_id: 1000000000000000188 id: 890 at time: 461.404
Processed event: VehicleEnterNewRoadEvent, vehicle_id: 10, road_id: 1000000000000000188 id: 890
processing event: VehicleDepartureEvent, vehicle_id: 10, road_id: 1000000000000000188, offset: 0.000000 id: 892 at time: 461.404
Processed event: VehicleDepartureEvent, vehicle_id: 10, road_id: 1000000000000000188, offset: 0.000000 id: 892
processing event: VehicleEnterNewRoadEvent, vehicle_id: 15, road_id: 1000000000000000385 id: 891 at time: 461.426
Processed event: VehicleEnterNewRoadEvent, vehicle_id: 15, road_id: 1000000000000000385 id: 891
processing event: VehicleDepartureEvent, vehicle_id: 15, road_id: 1000000000000000385, offset: 0.000000 id: 894 at time: 461.426
Processed event: VehicleDepartureEvent, vehicle_id: 15, road_id: 1000000000000000385, offset: 0.000000 id: 894
Simulator::runFor: now_ = 461.426 target = 470
[progress] simulator time = 470 / 3600
Simulator::runFor: now_ = 470 target = 480
[progress] simulator time = 480 / 3600
processing event: BusArrivalEvent, vehicle_id: 7, stop_id: 216 id: 886 at time: 485.102
Processed event: BusArrivalEvent, vehicle_id: 7, stop_id: 216 id: 886
processing event: PassengerOnboardEvent, passenger_id: 2 id: 896 at time: 485.102
Processed event: PassengerOnboardEvent, passenger_id: 2 id: 896
Simulator::runFor: now_ = 485.102 target = 490
[progress] simulator time = 490 / 3600
processing event: VehicleDepartureEvent, vehicle_id: 7, road_id: 1000000000000000356, offset: 241.280000 id: 897 at time: 490.102
Processed event: VehicleDepartureEvent, vehicle_id: 7, road_id: 1000000000000000356, offset: 241.280000 id: 897
processing event: VehicleArriveIntersectionEvent, vehicle_id: 6, road_id: 1000000000000000074 id: 872 at time: 491.536
Processed event: VehicleArriveIntersectionEvent, vehicle_id: 6, road_id: 1000000000000000074 id: 872
processing event: VehicleArriveIntersectionEvent, vehicle_id: 1, road_id: 1000000000000000191 id: 875 at time: 492.72
Processed event: VehicleArriveIntersectionEvent, vehicle_id: 1, road_id: 1000000000000000191 id: 875
processing event: VehicleEnterNewRoadEvent, vehicle_id: 6, road_id: 1000000000000000701 id: 899 at time: 493.336
Processed event: VehicleEnterNewRoadEvent, vehicle_id: 6, road_id: 1000000000000000701 id: 899
processing event: VehicleDepartureEvent, vehicle_id: 6, road_id: 1000000000000000701, offset: 0.000000 id: 901 at time: 493.336
Processed event: VehicleDepartureEvent, vehicle_id: 6, road_id: 1000000000000000701, offset: 0.000000 id: 901
processing event: VehicleEnterNewRoadEvent, vehicle_id: 1, road_id: 1000000000000000192 id: 900 at time: 494.52
Processed event: VehicleEnterNewRoadEvent, vehicle_id: 1, road_id: 1000000000000000192 id: 900
processing event: VehicleDepartureEvent, vehicle_id: 1, road_id: 1000000000000000192, offset: 0.000000 id: 903 at time: 494.52
Processed event: VehicleDepartureEvent, vehicle_id: 1, road_id: 1000000000000000192, offset: 0.000000 id: 903
processing event: VehicleArriveIntersectionEvent, vehicle_id: 7, road_id: 1000000000000000356 id: 898 at time: 495.452
Processed event: VehicleArriveIntersectionEvent, vehicle_id: 7, road_id: 1000000000000000356 id: 898
processing event: VehicleEnterNewRoadEvent, vehicle_id: 7, road_id: 1000000000000000364 id: 905 at time: 497.252
Processed event: VehicleEnterNewRoadEvent, vehicle_id: 7, road_id: 1000000000000000364 id: 905
processing event: VehicleDepartureEvent, vehicle_id: 7, road_id: 1000000000000000364, offset: 0.000000 id: 906 at time: 497.252
Processed event: VehicleDepartureEvent, vehicle_id: 7, road_id: 1000000000000000364, offset: 0.000000 id: 906
Simulator::runFor: now_ = 497.252 target = 500
[progress] simulator time = 500 / 3600
processing event: VehicleArriveIntersectionEvent, vehicle_id: 6, road_id: 1000000000000000701 id: 902 at time: 501.797
Processed event: VehicleArriveIntersectionEvent, vehicle_id: 6, road_id: 1000000000000000701 id: 902
processing event: VehicleEnterNewRoadEvent, vehicle_id: 6, road_id: 1000000000000000700 id: 908 at time: 503.597
Processed event: VehicleEnterNewRoadEvent, vehicle_id: 6, road_id: 1000000000000000700 id: 908
processing event: VehicleDepartureEvent, vehicle_id: 6, road_id: 1000000000000000700, offset: 0.000000 id: 909 at time: 503.597
Processed event: VehicleDepartureEvent, vehicle_id: 6, road_id: 1000000000000000700, offset: 0.000000 id: 909
Simulator::runFor: now_ = 503.597 target = 510
[progress] simulator time = 510 / 3600
processing event: VehicleArriveIntersectionEvent, vehicle_id: 15, road_id: 1000000000000000385 id: 895 at time: 519.932
Processed event: VehicleArriveIntersectionEvent, vehicle_id: 15, road_id: 1000000000000000385 id: 895
Simulator::runFor: now_ = 519.932 target = 520
[progress] simulator time = 520 / 3600
processing event: VehicleEnterNewRoadEvent, vehicle_id: 15, road_id: 1000000000000000423 id: 911 at time: 521.732
Processed event: VehicleEnterNewRoadEvent, vehicle_id: 15, road_id: 1000000000000000423 id: 911
processing event: VehicleDepartureEvent, vehicle_id: 15, road_id: 1000000000000000423, offset: 0.000000 id: 912 at time: 521.732
Processed event: VehicleDepartureEvent, vehicle_id: 15, road_id: 1000000000000000423, offset: 0.000000 id: 912
processing event: VehicleArriveIntersectionEvent, vehicle_id: 2, road_id: 1000000000000000192 id: 864 at time: 525.53
Processed event: VehicleArriveIntersectionEvent, vehicle_id: 2, road_id: 1000000000000000192 id: 864
processing event: VehicleArriveIntersectionEvent, vehicle_id: 6, road_id: 1000000000000000700 id: 910 at time: 525.919
Processed event: VehicleArriveIntersectionEvent, vehicle_id: 6, road_id: 1000000000000000700 id: 910
processing event: VehicleEnterNewRoadEvent, vehicle_id: 2, road_id: 1000000000000000193 id: 914 at time: 527.33
Processed event: VehicleEnterNewRoadEvent, vehicle_id: 2, road_id: 1000000000000000193 id: 914
processing event: VehicleDepartureEvent, vehicle_id: 2, road_id: 1000000000000000193, offset: 0.000000 id: 916 at time: 527.33
Processed event: VehicleDepartureEvent, vehicle_id: 2, road_id: 1000000000000000193, offset: 0.000000 id: 916
processing event: VehicleEnterNewRoadEvent, vehicle_id: 6, road_id: 1000000000000000209 id: 915 at time: 527.719
Processed event: VehicleEnterNewRoadEvent, vehicle_id: 6, road_id: 1000000000000000209 id: 915
processing event: VehicleDepartureEvent, vehicle_id: 6, road_id: 1000000000000000209, offset: 0.000000 id: 918 at time: 527.719
Processed event: VehicleDepartureEvent, vehicle_id: 6, road_id: 1000000000000000209, offset: 0.000000 id: 918
Simulator::runFor: now_ = 527.719 target = 530
[progress] simulator time = 530 / 3600
processing event: PassengerRouteStartEvent, passenger_id: 9, route_id: 1 id: 8 at time: 532
Processed event: PassengerRouteStartEvent, passenger_id: 9, route_id: 1 id: 8
processing event: OrderCreatedEvent, order_id: 9, available_pickups: 220 , available_dropoffs: 242 , passenger_id: 9, route_id: 1, passenger_num: 0 id: 920 at time: 532
Processed event: OrderCreatedEvent, order_id: 9, available_pickups: 220 , available_dropoffs: 242 , passenger_id: 9, route_id: 1, passenger_num: 3 id: 920
processing event: VehicleArriveIntersectionEvent, vehicle_id: 20, road_id: 1000000000000000005 id: 889 at time: 539.14
Processed event: VehicleArriveIntersectionEvent, vehicle_id: 20, road_id: 1000000000000000005 id: 889
Simulator::runFor: now_ = 539.14 target = 540
[progress] simulator time = 540 / 3600
processing event: OrderMatchedEvent, order_id: 9, vehicle_id: 17 id: 922 at time: 540
Processed event: OrderMatchedEvent, order_id: 9, vehicle_id: 17 id: 922
processing event: VehicleDepartureEvent, vehicle_id: 17, road_id: 1000000000000000566, offset: 3.290000 id: 923 at time: 540
Processed event: VehicleDepartureEvent, vehicle_id: 17, road_id: 1000000000000000566, offset: 3.290000 id: 923
processing event: PassengerArrivalEvent, passenger_id: 9 id: 924 at time: 540
Processed event: PassengerArrivalEvent, passenger_id: 9 id: 924
processing event: VehicleEnterNewRoadEvent, vehicle_id: 20, road_id: 1000000000000001093 id: 921 at time: 540.94
Processed event: VehicleEnterNewRoadEvent, vehicle_id: 20, road_id: 1000000000000001093 id: 921
processing event: VehicleDepartureEvent, vehicle_id: 20, road_id: 1000000000000001093, offset: 0.000000 id: 926 at time: 540.94
Processed event: VehicleDepartureEvent, vehicle_id: 20, road_id: 1000000000000001093, offset: 0.000000 id: 926
processing event: VehicleArriveIntersectionEvent, vehicle_id: 7, road_id: 1000000000000000364 id: 907 at time: 546.037
Processed event: VehicleArriveIntersectionEvent, vehicle_id: 7, road_id: 1000000000000000364 id: 907
processing event: VehicleEnterNewRoadEvent, vehicle_id: 7, road_id: 1000000000000000366 id: 928 at time: 547.837
Processed event: VehicleEnterNewRoadEvent, vehicle_id: 7, road_id: 1000000000000000366 id: 928
processing event: VehicleDepartureEvent, vehicle_id: 7, road_id: 1000000000000000366, offset: 0.000000 id: 929 at time: 547.837
Processed event: VehicleDepartureEvent, vehicle_id: 7, road_id: 1000000000000000366, offset: 0.000000 id: 929
Simulator::runFor: now_ = 547.837 target = 550
[progress] simulator time = 550 / 3600
Simulator::runFor: now_ = 550 target = 560
[progress] simulator time = 560 / 3600
processing event: VehicleArriveIntersectionEvent, vehicle_id: 10, road_id: 1000000000000000188 id: 893 at time: 560.954
Processed event: VehicleArriveIntersectionEvent, vehicle_id: 10, road_id: 1000000000000000188 id: 893
processing event: VehicleEnterNewRoadEvent, vehicle_id: 10, road_id: 1000000000000000074 id: 931 at time: 562.754
Processed event: VehicleEnterNewRoadEvent, vehicle_id: 10, road_id: 1000000000000000074 id: 931
processing event: VehicleDepartureEvent, vehicle_id: 10, road_id: 1000000000000000074, offset: 0.000000 id: 932 at time: 562.754
Processed event: VehicleDepartureEvent, vehicle_id: 10, road_id: 1000000000000000074, offset: 0.000000 id: 932
processing event: VehicleArriveIntersectionEvent, vehicle_id: 17, road_id: 1000000000000000566 id: 925 at time: 566.41
Processed event: VehicleArriveIntersectionEvent, vehicle_id: 17, road_id: 1000000000000000566 id: 925
processing event: PassengerRouteStartEvent, passenger_id: 10, route_id: 1 id: 9 at time: 568
Processed event: PassengerRouteStartEvent, passenger_id: 10, route_id: 1 id: 9
processing event: OrderCreatedEvent, order_id: 10, available_pickups: 195 , available_dropoffs: 13 , passenger_id: 10, route_id: 1, passenger_num: 0 id: 935 at time: 568
Processed event: OrderCreatedEvent, order_id: 10, available_pickups: 195 , available_dropoffs: 13 , passenger_id: 10, route_id: 1, passenger_num: 1 id: 935
processing event: VehicleEnterNewRoadEvent, vehicle_id: 17, road_id: 1000000000000000077 id: 934 at time: 568.211
Processed event: VehicleEnterNewRoadEvent, vehicle_id: 17, road_id: 1000000000000000077 id: 934
processing event: VehicleDepartureEvent, vehicle_id: 17, road_id: 1000000000000000077, offset: 0.000000 id: 936 at time: 568.211
Processed event: VehicleDepartureEvent, vehicle_id: 17, road_id: 1000000000000000077, offset: 0.000000 id: 936
Simulator::runFor: now_ = 568.211 target = 570
[progress] simulator time = 570 / 3600
processing event: OrderMatchedEvent, order_id: 10, vehicle_id: 5 id: 938 at time: 570
Processed event: OrderMatchedEvent, order_id: 10, vehicle_id: 5 id: 938
processing event: VehicleDepartureEvent, vehicle_id: 5, road_id: 1000000000000000329, offset: 21.740000 id: 939 at time: 570
Processed event: VehicleDepartureEvent, vehicle_id: 5, road_id: 1000000000000000329, offset: 21.740000 id: 939
processing event: PassengerArrivalEvent, passenger_id: 10 id: 940 at time: 570
Processed event: PassengerArrivalEvent, passenger_id: 10 id: 940
Simulator::runFor: now_ = 570 target = 580
[progress] simulator time = 580 / 3600
processing event: VehicleArriveIntersectionEvent, vehicle_id: 20, road_id: 1000000000000001093 id: 927 at time: 585.044
Processed event: VehicleArriveIntersectionEvent, vehicle_id: 20, road_id: 1000000000000001093 id: 927
processing event: VehicleEnterNewRoadEvent, vehicle_id: 20, road_id: 1000000000000001092 id: 942 at time: 586.844
Processed event: VehicleEnterNewRoadEvent, vehicle_id: 20, road_id: 1000000000000001092 id: 942
processing event: VehicleDepartureEvent, vehicle_id: 20, road_id: 1000000000000001092, offset: 0.000000 id: 943 at time: 586.844
Processed event: VehicleDepartureEvent, vehicle_id: 20, road_id: 1000000000000001092, offset: 0.000000 id: 943
processing event: VehicleArriveIntersectionEvent, vehicle_id: 2, road_id: 1000000000000000193 id: 917 at time: 587.816
Processed event: VehicleArriveIntersectionEvent, vehicle_id: 2, road_id: 1000000000000000193 id: 917
processing event: VehicleEnterNewRoadEvent, vehicle_id: 2, road_id: 1000000000000000334 id: 945 at time: 589.617
Processed event: VehicleEnterNewRoadEvent, vehicle_id: 2, road_id: 1000000000000000334 id: 945
processing event: VehicleDepartureEvent, vehicle_id: 2, road_id: 1000000000000000334, offset: 0.000000 id: 946 at time: 589.617
Processed event: VehicleDepartureEvent, vehicle_id: 2, road_id: 1000000000000000334, offset: 0.000000 id: 946
Simulator::runFor: now_ = 589.617 target = 590
[progress] simulator time = 590 / 3600
processing event: VehicleArriveIntersectionEvent, vehicle_id: 15, road_id: 1000000000000000423 id: 913 at time: 593.019
Processed event: VehicleArriveIntersectionEvent, vehicle_id: 15, road_id: 1000000000000000423 id: 913
processing event: VehicleArriveIntersectionEvent, vehicle_id: 2, road_id: 1000000000000000334 id: 947 at time: 594.297
Processed event: VehicleArriveIntersectionEvent, vehicle_id: 2, road_id: 1000000000000000334 id: 947
processing event: VehicleEnterNewRoadEvent, vehicle_id: 15, road_id: 1000000000000000046 id: 948 at time: 594.819
Processed event: VehicleEnterNewRoadEvent, vehicle_id: 15, road_id: 1000000000000000046 id: 948
processing event: VehicleDepartureEvent, vehicle_id: 15, road_id: 1000000000000000046, offset: 0.000000 id: 950 at time: 594.819
Processed event: VehicleDepartureEvent, vehicle_id: 15, road_id: 1000000000000000046, offset: 0.000000 id: 950
processing event: VehicleEnterNewRoadEvent, vehicle_id: 2, road_id: 1000000000000000089 id: 949 at time: 596.097
Processed event: VehicleEnterNewRoadEvent, vehicle_id: 2, road_id: 1000000000000000089 id: 949
processing event: VehicleDepartureEvent, vehicle_id: 2, road_id: 1000000000000000089, offset: 0.000000 id: 952 at time: 596.097
Processed event: VehicleDepartureEvent, vehicle_id: 2, road_id: 1000000000000000089, offset: 0.000000 id: 952
processing event: VehicleArriveIntersectionEvent, vehicle_id: 1, road_id: 1000000000000000192 id: 904 at time: 596.41
Processed event: VehicleArriveIntersectionEvent, vehicle_id: 1, road_id: 1000000000000000192 id: 904
processing event: VehicleArriveIntersectionEvent, vehicle_id: 6, road_id: 1000000000000000209 id: 919 at time: 596.486
Processed event: VehicleArriveIntersectionEvent, vehicle_id: 6, road_id: 1000000000000000209 id: 919
processing event: VehicleEnterNewRoadEvent, vehicle_id: 1, road_id: 1000000000000000193 id: 954 at time: 598.211
Processed event: VehicleEnterNewRoadEvent, vehicle_id: 1, road_id: 1000000000000000193 id: 954
processing event: VehicleDepartureEvent, vehicle_id: 1, road_id: 1000000000000000193, offset: 0.000000 id: 956 at time: 598.211
Processed event: VehicleDepartureEvent, vehicle_id: 1, road_id: 1000000000000000193, offset: 0.000000 id: 956
processing event: VehicleEnterNewRoadEvent, vehicle_id: 6, road_id: 1000000000000000210 id: 955 at time: 598.286
Processed event: VehicleEnterNewRoadEvent, vehicle_id: 6, road_id: 1000000000000000210 id: 955
processing event: VehicleDepartureEvent, vehicle_id: 6, road_id: 1000000000000000210, offset: 0.000000 id: 958 at time: 598.286
Processed event: VehicleDepartureEvent, vehicle_id: 6, road_id: 1000000000000000210, offset: 0.000000 id: 958
processing event: PassengerRouteStartEvent, passenger_id: 11, route_id: 1 id: 10 at time: 600
Processed event: PassengerRouteStartEvent, passenger_id: 11, route_id: 1 id: 10
processing event: OrderCreatedEvent, order_id: 11, available_pickups: 49 , available_dropoffs: 292 , passenger_id: 11, route_id: 1, passenger_num: 0 id: 960 at time: 600
Processed event: OrderCreatedEvent, order_id: 11, available_pickups: 49 , available_dropoffs: 292 , passenger_id: 11, route_id: 1, passenger_num: 2 id: 960
Simulator::runFor: now_ = 600 target = 600
[progress] simulator time = 600 / 3600
processing event: OrderMatchedEvent, order_id: 11, vehicle_id: 5 id: 961 at time: 600
Processed event: OrderMatchedEvent, order_id: 11, vehicle_id: 5 id: 961
processing event: PassengerArrivalEvent, passenger_id: 11 id: 963 at time: 600
Processed event: PassengerArrivalEvent, passenger_id: 11 id: 963
processing event: VehicleArriveIntersectionEvent, vehicle_id: 15, road_id: 1000000000000000046 id: 951 at time: 600.4
Processed event: VehicleArriveIntersectionEvent, vehicle_id: 15, road_id: 1000000000000000046 id: 951
processing event: VehicleEnterNewRoadEvent, vehicle_id: 15, road_id: 1000000000000000650 id: 964 at time: 602.2
Processed event: VehicleEnterNewRoadEvent, vehicle_id: 15, road_id: 1000000000000000650 id: 964
processing event: VehicleDepartureEvent, vehicle_id: 15, road_id: 1000000000000000650, offset: 0.000000 id: 965 at time: 602.2
Processed event: VehicleDepartureEvent, vehicle_id: 15, road_id: 1000000000000000650, offset: 0.000000 id: 965
processing event: VehicleArriveIntersectionEvent, vehicle_id: 15, road_id: 1000000000000000650 id: 966 at time: 602.38
Processed event: VehicleArriveIntersectionEvent, vehicle_id: 15, road_id: 1000000000000000650 id: 966
processing event: VehicleEnterNewRoadEvent, vehicle_id: 15, road_id: 1000000000000000649 id: 967 at time: 604.18
Processed event: VehicleEnterNewRoadEvent, vehicle_id: 15, road_id: 1000000000000000649 id: 967
processing event: VehicleDepartureEvent, vehicle_id: 15, road_id: 1000000000000000649, offset: 0.000000 id: 968 at time: 604.18
Processed event: VehicleDepartureEvent, vehicle_id: 15, road_id: 1000000000000000649, offset: 0.000000 id: 968
Event is not valid: VehicleArriveIntersectionEvent, vehicle_id: 5, road_id: 1000000000000000329 id: 941 at time: 604.43
processing event: VehicleArriveIntersectionEvent, vehicle_id: 5, road_id: 1000000000000000329 id: 962 at time: 604.43
Processed event: VehicleArriveIntersectionEvent, vehicle_id: 5, road_id: 1000000000000000329 id: 962
processing event: VehicleEnterNewRoadEvent, vehicle_id: 5, road_id: 1000000000000000073 id: 970 at time: 606.23
Processed event: VehicleEnterNewRoadEvent, vehicle_id: 5, road_id: 1000000000000000073 id: 970
processing event: VehicleDepartureEvent, vehicle_id: 5, road_id: 1000000000000000073, offset: 0.000000 id: 971 at time: 606.23
Processed event: VehicleDepartureEvent, vehicle_id: 5, road_id: 1000000000000000073, offset: 0.000000 id: 971
processing event: VehicleArriveIntersectionEvent, vehicle_id: 15, road_id: 1000000000000000649 id: 969 at time: 609.401
Processed event: VehicleArriveIntersectionEvent, vehicle_id: 15, road_id: 1000000000000000649 id: 969
Simulator::runFor: now_ = 609.401 target = 610
[progress] simulator time = 610 / 3600
processing event: VehicleEnterNewRoadEvent, vehicle_id: 15, road_id: 1000000000000000371 id: 973 at time: 611.201
Processed event: VehicleEnterNewRoadEvent, vehicle_id: 15, road_id: 1000000000000000371 id: 973
processing event: VehicleDepartureEvent, vehicle_id: 15, road_id: 1000000000000000371, offset: 0.000000 id: 974 at time: 611.201
Processed event: VehicleDepartureEvent, vehicle_id: 15, road_id: 1000000000000000371, offset: 0.000000 id: 974
processing event: VehicleArriveIntersectionEvent, vehicle_id: 17, road_id: 1000000000000000077 id: 937 at time: 611.775
Processed event: VehicleArriveIntersectionEvent, vehicle_id: 17, road_id: 1000000000000000077 id: 937
processing event: VehicleEnterNewRoadEvent, vehicle_id: 17, road_id: 1000000000000000078 id: 976 at time: 613.575
Processed event: VehicleEnterNewRoadEvent, vehicle_id: 17, road_id: 1000000000000000078 id: 976
processing event: VehicleDepartureEvent, vehicle_id: 17, road_id: 1000000000000000078, offset: 0.000000 id: 977 at time: 613.575
Processed event: VehicleDepartureEvent, vehicle_id: 17, road_id: 1000000000000000078, offset: 0.000000 id: 977
processing event: VehicleArriveIntersectionEvent, vehicle_id: 10, road_id: 1000000000000000074 id: 933 at time: 619.46
Processed event: VehicleArriveIntersectionEvent, vehicle_id: 10, road_id: 1000000000000000074 id: 933
Simulator::runFor: now_ = 619.46 target = 620
[progress] simulator time = 620 / 3600
processing event: VehicleEnterNewRoadEvent, vehicle_id: 10, road_id: 1000000000000000701 id: 979 at time: 621.26
Processed event: VehicleEnterNewRoadEvent, vehicle_id: 10, road_id: 1000000000000000701 id: 979
processing event: VehicleDepartureEvent, vehicle_id: 10, road_id: 1000000000000000701, offset: 0.000000 id: 980 at time: 621.26
Processed event: VehicleDepartureEvent, vehicle_id: 10, road_id: 1000000000000000701, offset: 0.000000 id: 980
processing event: VehicleArriveIntersectionEvent, vehicle_id: 20, road_id: 1000000000000001092 id: 944 at time: 626.988
Processed event: VehicleArriveIntersectionEvent, vehicle_id: 20, road_id: 1000000000000001092 id: 944
processing event: VehicleArriveIntersectionEvent, vehicle_id: 7, road_id: 1000000000000000366 id: 930 at time: 627.045
Processed event: VehicleArriveIntersectionEvent, vehicle_id: 7, road_id: 1000000000000000366 id: 930
processing event: VehicleEnterNewRoadEvent, vehicle_id: 20, road_id: 1000000000000001091 id: 982 at time: 628.788
Processed event: VehicleEnterNewRoadEvent, vehicle_id: 20, road_id: 1000000000000001091 id: 982
processing event: VehicleDepartureEvent, vehicle_id: 20, road_id: 1000000000000001091, offset: 0.000000 id: 984 at time: 628.788
Processed event: VehicleDepartureEvent, vehicle_id: 20, road_id: 1000000000000001091, offset: 0.000000 id: 984
processing event: VehicleEnterNewRoadEvent, vehicle_id: 7, road_id: 1000000000000000052 id: 983 at time: 628.845
Processed event: VehicleEnterNewRoadEvent, vehicle_id: 7, road_id: 1000000000000000052 id: 983
processing event: VehicleDepartureEvent, vehicle_id: 7, road_id: 1000000000000000052, offset: 0.000000 id: 986 at time: 628.845
Processed event: VehicleDepartureEvent, vehicle_id: 7, road_id: 1000000000000000052, offset: 0.000000 id: 986
processing event: VehicleArriveIntersectionEvent, vehicle_id: 10, road_id: 1000000000000000701 id: 981 at time: 629.721
Processed event: VehicleArriveIntersectionEvent, vehicle_id: 10, road_id: 1000000000000000701 id: 981
Simulator::runFor: now_ = 629.721 target = 630
[progress] simulator time = 630 / 3600
processing event: VehicleEnterNewRoadEvent, vehicle_id: 10, road_id: 1000000000000000700 id: 988 at time: 631.521
Processed event: VehicleEnterNewRoadEvent, vehicle_id: 10, road_id: 1000000000000000700 id: 988
processing event: VehicleDepartureEvent, vehicle_id: 10, road_id: 1000000000000000700, offset: 0.000000 id: 989 at time: 631.521
Processed event: VehicleDepartureEvent, vehicle_id: 10, road_id: 1000000000000000700, offset: 0.000000 id: 989
processing event: VehicleArriveIntersectionEvent, vehicle_id: 17, road_id: 1000000000000000078 id: 978 at time: 634.817
Processed event: VehicleArriveIntersectionEvent, vehicle_id: 17, road_id: 1000000000000000078 id: 978
processing event: VehicleEnterNewRoadEvent, vehicle_id: 17, road_id: 1000000000000000727 id: 991 at time: 636.617
Processed event: VehicleEnterNewRoadEvent, vehicle_id: 17, road_id: 1000000000000000727 id: 991
processing event: VehicleDepartureEvent, vehicle_id: 17, road_id: 1000000000000000727, offset: 0.000000 id: 992 at time: 636.617
Processed event: VehicleDepartureEvent, vehicle_id: 17, road_id: 1000000000000000727, offset: 0.000000 id: 992
processing event: VehicleArriveIntersectionEvent, vehicle_id: 17, road_id: 1000000000000000727 id: 993 at time: 637.878
Processed event: VehicleArriveIntersectionEvent, vehicle_id: 17, road_id: 1000000000000000727 id: 993
processing event: VehicleEnterNewRoadEvent, vehicle_id: 17, road_id: 1000000000000000725 id: 994 at time: 639.678
Processed event: VehicleEnterNewRoadEvent, vehicle_id: 17, road_id: 1000000000000000725 id: 994
processing event: VehicleDepartureEvent, vehicle_id: 17, road_id: 1000000000000000725, offset: 0.000000 id: 995 at time: 639.678
Processed event: VehicleDepartureEvent, vehicle_id: 17, road_id: 1000000000000000725, offset: 0.000000 id: 995
Simulator::runFor: now_ = 639.678 target = 640
[progress] simulator time = 640 / 3600
Simulator::runFor: now_ = 640 target = 650
[progress] simulator time = 650 / 3600
processing event: PassengerRouteStartEvent, passenger_id: 12, route_id: 1 id: 11 at time: 652
Processed event: PassengerRouteStartEvent, passenger_id: 12, route_id: 1 id: 11
processing event: OrderCreatedEvent, order_id: 12, available_pickups: 19 , available_dropoffs: 78 , passenger_id: 12, route_id: 1, passenger_num: 0 id: 997 at time: 652
Processed event: OrderCreatedEvent, order_id: 12, available_pickups: 19 , available_dropoffs: 78 , passenger_id: 12, route_id: 1, passenger_num: 2 id: 997
processing event: VehicleArriveIntersectionEvent, vehicle_id: 10, road_id: 1000000000000000700 id: 990 at time: 653.843
Processed event: VehicleArriveIntersectionEvent, vehicle_id: 10, road_id: 1000000000000000700 id: 990
processing event: VehicleEnterNewRoadEvent, vehicle_id: 10, road_id: 1000000000000000209 id: 998 at time: 655.644
Processed event: VehicleEnterNewRoadEvent, vehicle_id: 10, road_id: 1000000000000000209 id: 998
processing event: VehicleDepartureEvent, vehicle_id: 10, road_id: 1000000000000000209, offset: 0.000000 id: 999 at time: 655.644
Processed event: VehicleDepartureEvent, vehicle_id: 10, road_id: 1000000000000000209, offset: 0.000000 id: 999
processing event: VehicleArriveIntersectionEvent, vehicle_id: 1, road_id: 1000000000000000193 id: 957 at time: 658.697
Processed event: VehicleArriveIntersectionEvent, vehicle_id: 1, road_id: 1000000000000000193 id: 957
processing event: VehicleArriveIntersectionEvent, vehicle_id: 6, road_id: 1000000000000000210 id: 959 at time: 658.772
Processed event: VehicleArriveIntersectionEvent, vehicle_id: 6, road_id: 1000000000000000210 id: 959
Simulator::runFor: now_ = 658.772 target = 660
[progress] simulator time = 660 / 3600
processing event: OrderMatchedEvent, order_id: 12, vehicle_id: 1 id: 1003 at time: 660
Processed event: OrderMatchedEvent, order_id: 12, vehicle_id: 1 id: 1003
processing event: PassengerArrivalEvent, passenger_id: 12 id: 1004 at time: 660
Processed event: PassengerArrivalEvent, passenger_id: 12 id: 1004
processing event: VehicleEnterNewRoadEvent, vehicle_id: 1, road_id: 1000000000000000334 id: 1001 at time: 660.497
Processed event: VehicleEnterNewRoadEvent, vehicle_id: 1, road_id: 1000000000000000334 id: 1001
processing event: VehicleDepartureEvent, vehicle_id: 1, road_id: 1000000000000000334, offset: 0.000000 id: 1005 at time: 660.497
Processed event: VehicleDepartureEvent, vehicle_id: 1, road_id: 1000000000000000334, offset: 0.000000 id: 1005
processing event: VehicleEnterNewRoadEvent, vehicle_id: 6, road_id: 1000000000000000157 id: 1002 at time: 660.572
Processed event: VehicleEnterNewRoadEvent, vehicle_id: 6, road_id: 1000000000000000157 id: 1002
processing event: VehicleDepartureEvent, vehicle_id: 6, road_id: 1000000000000000157, offset: 0.000000 id: 1007 at time: 660.572
Processed event: VehicleDepartureEvent, vehicle_id: 6, road_id: 1000000000000000157, offset: 0.000000 id: 1007
processing event: VehicleArriveIntersectionEvent, vehicle_id: 1, road_id: 1000000000000000334 id: 1006 at time: 665.177
Processed event: VehicleArriveIntersectionEvent, vehicle_id: 1, road_id: 1000000000000000334 id: 1006
processing event: VehicleArriveIntersectionEvent, vehicle_id: 6, road_id: 1000000000000000157 id: 1008 at time: 665.253
Processed event: VehicleArriveIntersectionEvent, vehicle_id: 6, road_id: 1000000000000000157 id: 1008
processing event: VehicleEnterNewRoadEvent, vehicle_id: 1, road_id: 1000000000000000089 id: 1009 at time: 666.977
Processed event: VehicleEnterNewRoadEvent, vehicle_id: 1, road_id: 1000000000000000089 id: 1009
processing event: VehicleDepartureEvent, vehicle_id: 1, road_id: 1000000000000000089, offset: 0.000000 id: 1011 at time: 666.977
Processed event: VehicleDepartureEvent, vehicle_id: 1, road_id: 1000000000000000089, offset: 0.000000 id: 1011
processing event: VehicleEnterNewRoadEvent, vehicle_id: 6, road_id: 1000000000000000163 id: 1010 at time: 667.053
Processed event: VehicleEnterNewRoadEvent, vehicle_id: 6, road_id: 1000000000000000163 id: 1010
processing event: VehicleDepartureEvent, vehicle_id: 6, road_id: 1000000000000000163, offset: 0.000000 id: 1013 at time: 667.053
Processed event: VehicleDepartureEvent, vehicle_id: 6, road_id: 1000000000000000163, offset: 0.000000 id: 1013
processing event: VehicleArriveIntersectionEvent, vehicle_id: 6, road_id: 1000000000000000163 id: 1014 at time: 668.493
Processed event: VehicleArriveIntersectionEvent, vehicle_id: 6, road_id: 1000000000000000163 id: 1014
Simulator::runFor: now_ = 668.493 target = 670
[progress] simulator time = 670 / 3600
processing event: VehicleEnterNewRoadEvent, vehicle_id: 6, road_id: 1000000000000000164 id: 1015 at time: 670.293
Processed event: VehicleEnterNewRoadEvent, vehicle_id: 6, road_id: 1000000000000000164 id: 1015
processing event: VehicleDepartureEvent, vehicle_id: 6, road_id: 1000000000000000164, offset: 0.000000 id: 1016 at time: 670.293
Processed event: VehicleDepartureEvent, vehicle_id: 6, road_id: 1000000000000000164, offset: 0.000000 id: 1016
processing event: VehicleArriveIntersectionEvent, vehicle_id: 5, road_id: 1000000000000000073 id: 972 at time: 671.937
Processed event: VehicleArriveIntersectionEvent, vehicle_id: 5, road_id: 1000000000000000073 id: 972
processing event: VehicleArriveIntersectionEvent, vehicle_id: 15, road_id: 1000000000000000371 id: 975 at time: 672.407
Processed event: VehicleArriveIntersectionEvent, vehicle_id: 15, road_id: 1000000000000000371 id: 975
processing event: VehicleEnterNewRoadEvent, vehicle_id: 5, road_id: 1000000000000000074 id: 1018 at time: 673.737
Processed event: VehicleEnterNewRoadEvent, vehicle_id: 5, road_id: 1000000000000000074 id: 1018
processing event: VehicleDepartureEvent, vehicle_id: 5, road_id: 1000000000000000074, offset: 0.000000 id: 1020 at time: 673.737
Processed event: VehicleDepartureEvent, vehicle_id: 5, road_id: 1000000000000000074, offset: 0.000000 id: 1020
processing event: VehicleEnterNewRoadEvent, vehicle_id: 15, road_id: 1000000000000000373 id: 1019 at time: 674.207
Processed event: VehicleEnterNewRoadEvent, vehicle_id: 15, road_id: 1000000000000000373 id: 1019
processing event: VehicleDepartureEvent, vehicle_id: 15, road_id: 1000000000000000373, offset: 0.000000 id: 1022 at time: 674.207
Processed event: VehicleDepartureEvent, vehicle_id: 15, road_id: 1000000000000000373, offset: 0.000000 id: 1022
processing event: VehicleArriveIntersectionEvent, vehicle_id: 6, road_id: 1000000000000000164 id: 1017 at time: 675.154
Processed event: VehicleArriveIntersectionEvent, vehicle_id: 6, road_id: 1000000000000000164 id: 1017
processing event: VehicleEnterNewRoadEvent, vehicle_id: 6, road_id: 1000000000000000165 id: 1024 at time: 676.954
Processed event: VehicleEnterNewRoadEvent, vehicle_id: 6, road_id: 1000000000000000165 id: 1024
processing event: VehicleDepartureEvent, vehicle_id: 6, road_id: 1000000000000000165, offset: 0.000000 id: 1025 at time: 676.954
Processed event: VehicleDepartureEvent, vehicle_id: 6, road_id: 1000000000000000165, offset: 0.000000 id: 1025
processing event: VehicleArriveIntersectionEvent, vehicle_id: 17, road_id: 1000000000000000725 id: 996 at time: 678.022
Processed event: VehicleArriveIntersectionEvent, vehicle_id: 17, road_id: 1000000000000000725 id: 996
processing event: VehicleArriveIntersectionEvent, vehicle_id: 6, road_id: 1000000000000000165 id: 1026 at time: 678.214
Processed event: VehicleArriveIntersectionEvent, vehicle_id: 6, road_id: 1000000000000000165 id: 1026
processing event: VehicleArriveIntersectionEvent, vehicle_id: 7, road_id: 1000000000000000052 id: 987 at time: 678.89
Processed event: VehicleArriveIntersectionEvent, vehicle_id: 7, road_id: 1000000000000000052 id: 987
processing event: VehicleEnterNewRoadEvent, vehicle_id: 17, road_id: 1000000000000000122 id: 1027 at time: 679.822
Processed event: VehicleEnterNewRoadEvent, vehicle_id: 17, road_id: 1000000000000000122 id: 1027
processing event: VehicleDepartureEvent, vehicle_id: 17, road_id: 1000000000000000122, offset: 0.000000 id: 1030 at time: 679.822
Processed event: VehicleDepartureEvent, vehicle_id: 17, road_id: 1000000000000000122, offset: 0.000000 id: 1030
Simulator::runFor: now_ = 679.822 target = 680
[progress] simulator time = 680 / 3600
processing event: VehicleEnterNewRoadEvent, vehicle_id: 6, road_id: 1000000000000000154 id: 1028 at time: 680.014
Processed event: VehicleEnterNewRoadEvent, vehicle_id: 6, road_id: 1000000000000000154 id: 1028
processing event: VehicleDepartureEvent, vehicle_id: 6, road_id: 1000000000000000154, offset: 0.000000 id: 1032 at time: 680.014
Processed event: VehicleDepartureEvent, vehicle_id: 6, road_id: 1000000000000000154, offset: 0.000000 id: 1032
processing event: VehicleEnterNewRoadEvent, vehicle_id: 7, road_id: 1000000000000000053 id: 1029 at time: 680.69
Processed event: VehicleEnterNewRoadEvent, vehicle_id: 7, road_id: 1000000000000000053 id: 1029
processing event: VehicleDepartureEvent, vehicle_id: 7, road_id: 1000000000000000053, offset: 0.000000 id: 1034 at time: 680.69
Processed event: VehicleDepartureEvent, vehicle_id: 7, road_id: 1000000000000000053, offset: 0.000000 id: 1034
processing event: VehicleArriveIntersectionEvent, vehicle_id: 6, road_id: 1000000000000000154 id: 1033 at time: 686.855
Processed event: VehicleArriveIntersectionEvent, vehicle_id: 6, road_id: 1000000000000000154 id: 1033
processing event: VehicleArriveIntersectionEvent, vehicle_id: 20, road_id: 1000000000000001091 id: 985 at time: 687.654
Processed event: VehicleArriveIntersectionEvent, vehicle_id: 20, road_id: 1000000000000001091 id: 985
processing event: VehicleEnterNewRoadEvent, vehicle_id: 6, road_id: 1000000000000000055 id: 1036 at time: 688.655
Processed event: VehicleEnterNewRoadEvent, vehicle_id: 6, road_id: 1000000000000000055 id: 1036
processing event: VehicleDepartureEvent, vehicle_id: 6, road_id: 1000000000000000055, offset: 0.000000 id: 1038 at time: 688.655
Processed event: VehicleDepartureEvent, vehicle_id: 6, road_id: 1000000000000000055, offset: 0.000000 id: 1038
processing event: VehicleEnterNewRoadEvent, vehicle_id: 20, road_id: 1000000000000001102 id: 1037 at time: 689.455
Processed event: VehicleEnterNewRoadEvent, vehicle_id: 20, road_id: 1000000000000001102 id: 1037
processing event: VehicleDepartureEvent, vehicle_id: 20, road_id: 1000000000000001102, offset: 0.000000 id: 1040 at time: 689.455
Processed event: VehicleDepartureEvent, vehicle_id: 20, road_id: 1000000000000001102, offset: 0.000000 id: 1040
Event is not valid: VehicleArriveIntersectionEvent, vehicle_id: 2, road_id: 1000000000000000089 id: 953 at time: 689.527
processing event: VehicleArriveIntersectionEvent, vehicle_id: 2, road_id: 1000000000000000089 id: 1012 at time: 689.527
Processed event: VehicleArriveIntersectionEvent, vehicle_id: 2, road_id: 1000000000000000089 id: 1012
Simulator::runFor: now_ = 689.527 target = 690
[progress] simulator time = 690 / 3600
processing event: VehicleEnterNewRoadEvent, vehicle_id: 2, road_id: 1000000000000001096 id: 1042 at time: 691.327
Processed event: VehicleEnterNewRoadEvent, vehicle_id: 2, road_id: 1000000000000001096 id: 1042
processing event: VehicleDepartureEvent, vehicle_id: 2, road_id: 1000000000000001096, offset: 0.000000 id: 1045 at time: 691.327
Processed event: VehicleDepartureEvent, vehicle_id: 2, road_id: 1000000000000001096, offset: 0.000000 id: 1045
processing event: PassengerRouteStartEvent, passenger_id: 13, route_id: 1 id: 12 at time: 694
Processed event: PassengerRouteStartEvent, passenger_id: 13, route_id: 1 id: 12
processing event: OrderCreatedEvent, order_id: 13, available_pickups: 277 , available_dropoffs: 97 , passenger_id: 13, route_id: 1, passenger_num: 0 id: 1047 at time: 694
Processed event: OrderCreatedEvent, order_id: 13, available_pickups: 277 , available_dropoffs: 97 , passenger_id: 13, route_id: 1, passenger_num: 2 id: 1047
processing event: PassengerRouteStartEvent, passenger_id: 14, route_id: 1 id: 13 at time: 696
Processed event: PassengerRouteStartEvent, passenger_id: 14, route_id: 1 id: 13
processing event: OrderCreatedEvent, order_id: 14, available_pickups: 263 , available_dropoffs: 256 , passenger_id: 14, route_id: 1, passenger_num: 0 id: 1048 at time: 696
Processed event: OrderCreatedEvent, order_id: 14, available_pickups: 263 , available_dropoffs: 256 , passenger_id: 14, route_id: 1, passenger_num: 1 id: 1048
processing event: VehicleArriveIntersectionEvent, vehicle_id: 17, road_id: 1000000000000000122 id: 1031 at time: 699.984
Processed event: VehicleArriveIntersectionEvent, vehicle_id: 17, road_id: 1000000000000000122 id: 1031
Simulator::runFor: now_ = 699.984 target = 700
[progress] simulator time = 700 / 3600
processing event: OrderMatchedEvent, order_id: 14, vehicle_id: 12 id: 1050 at time: 700
Processed event: OrderMatchedEvent, order_id: 14, vehicle_id: 12 id: 1050
processing event: VehicleDepartureEvent, vehicle_id: 12, road_id: 1000000000000000187, offset: 74.310000 id: 1051 at time: 700
Processed event: VehicleDepartureEvent, vehicle_id: 12, road_id: 1000000000000000187, offset: 74.310000 id: 1051
processing event: OrderMatchedEvent, order_id: 13, vehicle_id: 1 id: 1052 at time: 700
Processed event: OrderMatchedEvent, order_id: 13, vehicle_id: 1 id: 1052
processing event: PassengerArrivalEvent, passenger_id: 14 id: 1054 at time: 700
Processed event: PassengerArrivalEvent, passenger_id: 14 id: 1054
processing event: PassengerArrivalEvent, passenger_id: 13 id: 1056 at time: 700
Processed event: PassengerArrivalEvent, passenger_id: 13 id: 1056
processing event: VehicleEnterNewRoadEvent, vehicle_id: 17, road_id: 1000000000000000123 id: 1049 at time: 701.784
Processed event: VehicleEnterNewRoadEvent, vehicle_id: 17, road_id: 1000000000000000123 id: 1049
processing event: VehicleDepartureEvent, vehicle_id: 17, road_id: 1000000000000000123, offset: 0.000000 id: 1057 at time: 701.784
Processed event: VehicleDepartureEvent, vehicle_id: 17, road_id: 1000000000000000123, offset: 0.000000 id: 1057
processing event: PassengerRouteStartEvent, passenger_id: 15, route_id: 1 id: 14 at time: 703
Processed event: PassengerRouteStartEvent, passenger_id: 15, route_id: 1 id: 14
processing event: OrderCreatedEvent, order_id: 15, available_pickups: 128 , available_dropoffs: 255 , passenger_id: 15, route_id: 1, passenger_num: 0 id: 1059 at time: 703
Processed event: OrderCreatedEvent, order_id: 15, available_pickups: 128 , available_dropoffs: 255 , passenger_id: 15, route_id: 1, passenger_num: 3 id: 1059
Simulator::runFor: now_ = 703 target = 710
[progress] simulator time = 710 / 3600
processing event: OrderMatchedEvent, order_id: 15, vehicle_id: 17 id: 1060 at time: 710
Processed event: OrderMatchedEvent, order_id: 15, vehicle_id: 17 id: 1060
processing event: PassengerArrivalEvent, passenger_id: 15 id: 1062 at time: 710
Processed event: PassengerArrivalEvent, passenger_id: 15 id: 1062
processing event: VehicleArriveIntersectionEvent, vehicle_id: 15, road_id: 1000000000000000373 id: 1023 at time: 711.471
Processed event: VehicleArriveIntersectionEvent, vehicle_id: 15, road_id: 1000000000000000373 id: 1023
processing event: VehicleEnterNewRoadEvent, vehicle_id: 15, road_id: 1000000000000000374 id: 1063 at time: 713.271
Processed event: VehicleEnterNewRoadEvent, vehicle_id: 15, road_id: 1000000000000000374 id: 1063
processing event: VehicleDepartureEvent, vehicle_id: 15, road_id: 1000000000000000374, offset: 0.000000 id: 1064 at time: 713.271
Processed event: VehicleDepartureEvent, vehicle_id: 15, road_id: 1000000000000000374, offset: 0.000000 id: 1064
Simulator::runFor: now_ = 713.271 target = 720
[progress] simulator time = 720 / 3600
processing event: VehicleArriveIntersectionEvent, vehicle_id: 10, road_id: 1000000000000000209 id: 1000 at time: 724.41
Processed event: VehicleArriveIntersectionEvent, vehicle_id: 10, road_id: 1000000000000000209 id: 1000
processing event: VehicleEnterNewRoadEvent, vehicle_id: 10, road_id: 1000000000000000210 id: 1066 at time: 726.211
Processed event: VehicleEnterNewRoadEvent, vehicle_id: 10, road_id: 1000000000000000210 id: 1066
processing event: VehicleDepartureEvent, vehicle_id: 10, road_id: 1000000000000000210, offset: 0.000000 id: 1067 at time: 726.211
Processed event: VehicleDepartureEvent, vehicle_id: 10, road_id: 1000000000000000210, offset: 0.000000 id: 1067
Simulator::runFor: now_ = 726.211 target = 730
[progress] simulator time = 730 / 3600
processing event: VehicleArriveIntersectionEvent, vehicle_id: 5, road_id: 1000000000000000074 id: 1021 at time: 730.443
Processed event: VehicleArriveIntersectionEvent, vehicle_id: 5, road_id: 1000000000000000074 id: 1021
processing event: VehicleEnterNewRoadEvent, vehicle_id: 5, road_id: 1000000000000000701 id: 1069 at time: 732.243
Processed event: VehicleEnterNewRoadEvent, vehicle_id: 5, road_id: 1000000000000000701 id: 1069
processing event: VehicleDepartureEvent, vehicle_id: 5, road_id: 1000000000000000701, offset: 0.000000 id: 1070 at time: 732.243
Processed event: VehicleDepartureEvent, vehicle_id: 5, road_id: 1000000000000000701, offset: 0.000000 id: 1070
processing event: VehicleArriveIntersectionEvent, vehicle_id: 6, road_id: 1000000000000000055 id: 1039 at time: 732.94
Processed event: VehicleArriveIntersectionEvent, vehicle_id: 6, road_id: 1000000000000000055 id: 1039
processing event: VehicleEnterNewRoadEvent, vehicle_id: 6, road_id: 1000000000000000056 id: 1072 at time: 734.74
Processed event: VehicleEnterNewRoadEvent, vehicle_id: 6, road_id: 1000000000000000056 id: 1072
processing event: VehicleDepartureEvent, vehicle_id: 6, road_id: 1000000000000000056, offset: 0.000000 id: 1073 at time: 734.74
Processed event: VehicleDepartureEvent, vehicle_id: 6, road_id: 1000000000000000056, offset: 0.000000 id: 1073
Simulator::runFor: now_ = 734.74 target = 740
[progress] simulator time = 740 / 3600
processing event: VehicleArriveIntersectionEvent, vehicle_id: 5, road_id: 1000000000000000701 id: 1071 at time: 740.704
Processed event: VehicleArriveIntersectionEvent, vehicle_id: 5, road_id: 1000000000000000701 id: 1071
processing event: VehicleEnterNewRoadEvent, vehicle_id: 5, road_id: 1000000000000000700 id: 1075 at time: 742.504
Processed event: VehicleEnterNewRoadEvent, vehicle_id: 5, road_id: 1000000000000000700 id: 1075
processing event: VehicleDepartureEvent, vehicle_id: 5, road_id: 1000000000000000700, offset: 0.000000 id: 1076 at time: 742.504
Processed event: VehicleDepartureEvent, vehicle_id: 5, road_id: 1000000000000000700, offset: 0.000000 id: 1076
Simulator::runFor: now_ = 742.504 target = 750
[progress] simulator time = 750 / 3600
processing event: PassengerRouteStartEvent, passenger_id: 16, route_id: 1 id: 15 at time: 751
Processed event: PassengerRouteStartEvent, passenger_id: 16, route_id: 1 id: 15
processing event: OrderCreatedEvent, order_id: 16, available_pickups: 78 , available_dropoffs: 183 , passenger_id: 16, route_id: 1, passenger_num: 0 id: 1078 at time: 751
Processed event: OrderCreatedEvent, order_id: 16, available_pickups: 78 , available_dropoffs: 183 , passenger_id: 16, route_id: 1, passenger_num: 2 id: 1078
Event is not valid: VehicleArriveIntersectionEvent, vehicle_id: 17, road_id: 1000000000000000123 id: 1058 at time: 753.809
processing event: VehicleArriveIntersectionEvent, vehicle_id: 17, road_id: 1000000000000000123 id: 1061 at time: 753.809
Processed event: VehicleArriveIntersectionEvent, vehicle_id: 17, road_id: 1000000000000000123 id: 1061
processing event: PassengerRouteStartEvent, passenger_id: 17, route_id: 1 id: 16 at time: 754
Processed event: PassengerRouteStartEvent, passenger_id: 17, route_id: 1 id: 16
processing event: OrderCreatedEvent, order_id: 17, available_pickups: 68 , available_dropoffs: 11 , passenger_id: 17, route_id: 1, passenger_num: 0 id: 1080 at time: 754
Processed event: OrderCreatedEvent, order_id: 17, available_pickups: 68 , available_dropoffs: 11 , passenger_id: 17, route_id: 1, passenger_num: 1 id: 1080
processing event: VehicleEnterNewRoadEvent, vehicle_id: 17, road_id: 1000000000000000125 id: 1079 at time: 755.609
Processed event: VehicleEnterNewRoadEvent, vehicle_id: 17, road_id: 1000000000000000125 id: 1079
processing event: VehicleDepartureEvent, vehicle_id: 17, road_id: 1000000000000000125, offset: 0.000000 id: 1081 at time: 755.609
Processed event: VehicleDepartureEvent, vehicle_id: 17, road_id: 1000000000000000125, offset: 0.000000 id: 1081
processing event: VehicleArriveIntersectionEvent, vehicle_id: 7, road_id: 1000000000000000053 id: 1035 at time: 756.838
Processed event: VehicleArriveIntersectionEvent, vehicle_id: 7, road_id: 1000000000000000053 id: 1035
processing event: VehicleArriveIntersectionEvent, vehicle_id: 2, road_id: 1000000000000001096 id: 1046 at time: 757.033
Processed event: VehicleArriveIntersectionEvent, vehicle_id: 2, road_id: 1000000000000001096 id: 1046
processing event: VehicleEnterNewRoadEvent, vehicle_id: 7, road_id: 1000000000000000698 id: 1083 at time: 758.638
Processed event: VehicleEnterNewRoadEvent, vehicle_id: 7, road_id: 1000000000000000698 id: 1083
processing event: VehicleDepartureEvent, vehicle_id: 7, road_id: 1000000000000000698, offset: 0.000000 id: 1085 at time: 758.638
Processed event: VehicleDepartureEvent, vehicle_id: 7, road_id: 1000000000000000698, offset: 0.000000 id: 1085
processing event: VehicleEnterNewRoadEvent, vehicle_id: 2, road_id: 1000000000000000020 id: 1084 at time: 758.833
Processed event: VehicleEnterNewRoadEvent, vehicle_id: 2, road_id: 1000000000000000020 id: 1084
processing event: VehicleDepartureEvent, vehicle_id: 2, road_id: 1000000000000000020, offset: 0.000000 id: 1087 at time: 758.833
Processed event: VehicleDepartureEvent, vehicle_id: 2, road_id: 1000000000000000020, offset: 0.000000 id: 1087
Event is not valid: VehicleCheckPointEvent, vehicle_id: 1 id: 1043 at time: 758.967
Simulator::runFor: now_ = 758.967 target = 760
[progress] simulator time = 760 / 3600
processing event: OrderMatchedEvent, order_id: 17, vehicle_id: 3 id: 1089 at time: 760
Processed event: OrderMatchedEvent, order_id: 17, vehicle_id: 3 id: 1089
processing event: VehicleDepartureEvent, vehicle_id: 3, road_id: 1000000000000000521, offset: 4.970000 id: 1090 at time: 760
Processed event: VehicleDepartureEvent, vehicle_id: 3, road_id: 1000000000000000521, offset: 4.970000 id: 1090
processing event: OrderMatchedEvent, order_id: 16, vehicle_id: 5 id: 1091 at time: 760
Processed event: OrderMatchedEvent, order_id: 16, vehicle_id: 5 id: 1091
processing event: PassengerArrivalEvent, passenger_id: 17 id: 1093 at time: 760
Processed event: PassengerArrivalEvent, passenger_id: 17 id: 1093
processing event: PassengerArrivalEvent, passenger_id: 16 id: 1095 at time: 760
Processed event: PassengerArrivalEvent, passenger_id: 16 id: 1095
Event is not valid: VehicleArriveIntersectionEvent, vehicle_id: 1, road_id: 1000000000000000089 id: 1044 at time: 760.407
processing event: VehicleArriveIntersectionEvent, vehicle_id: 1, road_id: 1000000000000000089 id: 1053 at time: 760.407
Processed event: VehicleArriveIntersectionEvent, vehicle_id: 1, road_id: 1000000000000000089 id: 1053
processing event: VehicleArriveIntersectionEvent, vehicle_id: 15, road_id: 1000000000000000374 id: 1065 at time: 760.436
Processed event: VehicleArriveIntersectionEvent, vehicle_id: 15, road_id: 1000000000000000374 id: 1065
processing event: VehicleEnterNewRoadEvent, vehicle_id: 1, road_id: 1000000000000000324 id: 1096 at time: 762.207
Processed event: VehicleEnterNewRoadEvent, vehicle_id: 1, road_id: 1000000000000000324 id: 1096
processing event: VehicleDepartureEvent, vehicle_id: 1, road_id: 1000000000000000324, offset: 0.000000 id: 1098 at time: 762.207
Processed event: VehicleDepartureEvent, vehicle_id: 1, road_id: 1000000000000000324, offset: 0.000000 id: 1098
processing event: VehicleEnterNewRoadEvent, vehicle_id: 15, road_id: 1000000000000000375 id: 1097 at time: 762.236
Processed event: VehicleEnterNewRoadEvent, vehicle_id: 15, road_id: 1000000000000000375 id: 1097
processing event: VehicleDepartureEvent, vehicle_id: 15, road_id: 1000000000000000375, offset: 0.000000 id: 1100 at time: 762.236
Processed event: VehicleDepartureEvent, vehicle_id: 15, road_id: 1000000000000000375, offset: 0.000000 id: 1100
Event is not valid: VehicleArriveIntersectionEvent, vehicle_id: 5, road_id: 1000000000000000700 id: 1077 at time: 764.826
processing event: VehicleArriveIntersectionEvent, vehicle_id: 5, road_id: 1000000000000000700 id: 1092 at time: 764.826
Processed event: VehicleArriveIntersectionEvent, vehicle_id: 5, road_id: 1000000000000000700 id: 1092
processing event: VehicleEnterNewRoadEvent, vehicle_id: 5, road_id: 1000000000000000209 id: 1102 at time: 766.626
Processed event: VehicleEnterNewRoadEvent, vehicle_id: 5, road_id: 1000000000000000209 id: 1102
processing event: VehicleDepartureEvent, vehicle_id: 5, road_id: 1000000000000000209, offset: 0.000000 id: 1103 at time: 766.626
Processed event: VehicleDepartureEvent, vehicle_id: 5, road_id: 1000000000000000209, offset: 0.000000 id: 1103
Simulator::runFor: now_ = 766.626 target = 770
[progress] simulator time = 770 / 3600
processing event: VehicleArriveIntersectionEvent, vehicle_id: 7, road_id: 1000000000000000698 id: 1086 at time: 776.28
Processed event: VehicleArriveIntersectionEvent, vehicle_id: 7, road_id: 1000000000000000698 id: 1086
processing event: VehicleEnterNewRoadEvent, vehicle_id: 7, road_id: 1000000000000000699 id: 1105 at time: 778.08
Processed event: VehicleEnterNewRoadEvent, vehicle_id: 7, road_id: 1000000000000000699 id: 1105
processing event: VehicleDepartureEvent, vehicle_id: 7, road_id: 1000000000000000699, offset: 0.000000 id: 1106 at time: 778.08
Processed event: VehicleDepartureEvent, vehicle_id: 7, road_id: 1000000000000000699, offset: 0.000000 id: 1106
processing event: VehicleArriveIntersectionEvent, vehicle_id: 20, road_id: 1000000000000001102 id: 1041 at time: 778.203
Processed event: VehicleArriveIntersectionEvent, vehicle_id: 20, road_id: 1000000000000001102 id: 1041
processing event: VehicleArriveIntersectionEvent, vehicle_id: 17, road_id: 1000000000000000125 id: 1082 at time: 779.552
Processed event: VehicleArriveIntersectionEvent, vehicle_id: 17, road_id: 1000000000000000125 id: 1082
Simulator::runFor: now_ = 779.552 target = 780
[progress] simulator time = 780 / 3600
processing event: VehicleEnterNewRoadEvent, vehicle_id: 20, road_id: 1000000000000001101 id: 1108 at time: 780.004
Processed event: VehicleEnterNewRoadEvent, vehicle_id: 20, road_id: 1000000000000001101 id: 1108
processing event: VehicleDepartureEvent, vehicle_id: 20, road_id: 1000000000000001101, offset: 0.000000 id: 1110 at time: 780.004
Processed event: VehicleDepartureEvent, vehicle_id: 20, road_id: 1000000000000001101, offset: 0.000000 id: 1110
processing event: VehicleArriveIntersectionEvent, vehicle_id: 12, road_id: 1000000000000000187 id: 1055 at time: 781.132
Processed event: VehicleArriveIntersectionEvent, vehicle_id: 12, road_id: 1000000000000000187 id: 1055
processing event: VehicleEnterNewRoadEvent, vehicle_id: 17, road_id: 1000000000000000776 id: 1109 at time: 781.352
Processed event: VehicleEnterNewRoadEvent, vehicle_id: 17, road_id: 1000000000000000776 id: 1109
processing event: VehicleDepartureEvent, vehicle_id: 17, road_id: 1000000000000000776, offset: 0.000000 id: 1113 at time: 781.352
Processed event: VehicleDepartureEvent, vehicle_id: 17, road_id: 1000000000000000776, offset: 0.000000 id: 1113
processing event: VehicleArriveIntersectionEvent, vehicle_id: 3, road_id: 1000000000000000521 id: 1094 at time: 781.608
Processed event: VehicleArriveIntersectionEvent, vehicle_id: 3, road_id: 1000000000000000521 id: 1094
processing event: VehicleEnterNewRoadEvent, vehicle_id: 12, road_id: 1000000000000001062 id: 1112 at time: 782.932
Processed event: VehicleEnterNewRoadEvent, vehicle_id: 12, road_id: 1000000000000001062 id: 1112
processing event: VehicleDepartureEvent, vehicle_id: 12, road_id: 1000000000000001062, offset: 0.000000 id: 1116 at time: 782.932
Processed event: VehicleDepartureEvent, vehicle_id: 12, road_id: 1000000000000001062, offset: 0.000000 id: 1116
processing event: VehicleArriveIntersectionEvent, vehicle_id: 17, road_id: 1000000000000000776 id: 1114 at time: 782.972
Processed event: VehicleArriveIntersectionEvent, vehicle_id: 17, road_id: 1000000000000000776 id: 1114
processing event: VehicleEnterNewRoadEvent, vehicle_id: 3, road_id: 1000000000000000195 id: 1115 at time: 783.408
Processed event: VehicleEnterNewRoadEvent, vehicle_id: 3, road_id: 1000000000000000195 id: 1115
processing event: VehicleDepartureEvent, vehicle_id: 3, road_id: 1000000000000000195, offset: 0.000000 id: 1119 at time: 783.408
Processed event: VehicleDepartureEvent, vehicle_id: 3, road_id: 1000000000000000195, offset: 0.000000 id: 1119
processing event: VehicleEnterNewRoadEvent, vehicle_id: 17, road_id: 1000000000000000775 id: 1118 at time: 784.772
Processed event: VehicleEnterNewRoadEvent, vehicle_id: 17, road_id: 1000000000000000775 id: 1118
processing event: VehicleDepartureEvent, vehicle_id: 17, road_id: 1000000000000000775, offset: 0.000000 id: 1121 at time: 784.772
Processed event: VehicleDepartureEvent, vehicle_id: 17, road_id: 1000000000000000775, offset: 0.000000 id: 1121
processing event: VehicleArriveIntersectionEvent, vehicle_id: 10, road_id: 1000000000000000210 id: 1068 at time: 786.697
Processed event: VehicleArriveIntersectionEvent, vehicle_id: 10, road_id: 1000000000000000210 id: 1068
processing event: VehicleArriveIntersectionEvent, vehicle_id: 7, road_id: 1000000000000000699 id: 1107 at time: 788.341
Processed event: VehicleArriveIntersectionEvent, vehicle_id: 7, road_id: 1000000000000000699 id: 1107
processing event: VehicleEnterNewRoadEvent, vehicle_id: 10, road_id: 1000000000000000157 id: 1123 at time: 788.497
Processed event: VehicleEnterNewRoadEvent, vehicle_id: 10, road_id: 1000000000000000157 id: 1123
processing event: VehicleDepartureEvent, vehicle_id: 10, road_id: 1000000000000000157, offset: 0.000000 id: 1125 at time: 788.497
Processed event: VehicleDepartureEvent, vehicle_id: 10, road_id: 1000000000000000157, offset: 0.000000 id: 1125
Simulator::runFor: now_ = 788.497 target = 790
[progress] simulator time = 790 / 3600
processing event: VehicleEnterNewRoadEvent, vehicle_id: 7, road_id: 1000000000000000051 id: 1124 at time: 790.141
Processed event: VehicleEnterNewRoadEvent, vehicle_id: 7, road_id: 1000000000000000051 id: 1124
processing event: VehicleDepartureEvent, vehicle_id: 7, road_id: 1000000000000000051, offset: 0.000000 id: 1127 at time: 790.141
Processed event: VehicleDepartureEvent, vehicle_id: 7, road_id: 1000000000000000051, offset: 0.000000 id: 1127
processing event: VehicleArriveIntersectionEvent, vehicle_id: 2, road_id: 1000000000000000020 id: 1088 at time: 790.697
Processed event: VehicleArriveIntersectionEvent, vehicle_id: 2, road_id: 1000000000000000020 id: 1088
processing event: VehicleEnterNewRoadEvent, vehicle_id: 2, road_id: 1000000000000000021 id: 1129 at time: 792.497
Processed event: VehicleEnterNewRoadEvent, vehicle_id: 2, road_id: 1000000000000000021 id: 1129
processing event: VehicleDepartureEvent, vehicle_id: 2, road_id: 1000000000000000021, offset: 0.000000 id: 1130 at time: 792.497
Processed event: VehicleDepartureEvent, vehicle_id: 2, road_id: 1000000000000000021, offset: 0.000000 id: 1130
processing event: VehicleArriveIntersectionEvent, vehicle_id: 10, road_id: 1000000000000000157 id: 1126 at time: 793.177
Processed event: VehicleArriveIntersectionEvent, vehicle_id: 10, road_id: 1000000000000000157 id: 1126
processing event: VehicleEnterNewRoadEvent, vehicle_id: 10, road_id: 1000000000000000163 id: 1132 at time: 794.977
Processed event: VehicleEnterNewRoadEvent, vehicle_id: 10, road_id: 1000000000000000163 id: 1132
processing event: VehicleDepartureEvent, vehicle_id: 10, road_id: 1000000000000000163, offset: 0.000000 id: 1133 at time: 794.977
Processed event: VehicleDepartureEvent, vehicle_id: 10, road_id: 1000000000000000163, offset: 0.000000 id: 1133
processing event: VehicleArriveIntersectionEvent, vehicle_id: 10, road_id: 1000000000000000163 id: 1134 at time: 796.418
Processed event: VehicleArriveIntersectionEvent, vehicle_id: 10, road_id: 1000000000000000163 id: 1134
processing event: BusArrivalEvent, vehicle_id: 1, stop_id: 102 id: 1099 at time: 797.735
Processed event: BusArrivalEvent, vehicle_id: 1, stop_id: 102 id: 1099
processing event: PassengerOnboardEvent, passenger_id: 4 id: 1136 at time: 797.735
Processed event: PassengerOnboardEvent, passenger_id: 4 id: 1136
processing event: VehicleEnterNewRoadEvent, vehicle_id: 10, road_id: 1000000000000000164 id: 1135 at time: 798.218
Processed event: VehicleEnterNewRoadEvent, vehicle_id: 10, road_id: 1000000000000000164 id: 1135
processing event: VehicleDepartureEvent, vehicle_id: 10, road_id: 1000000000000000164, offset: 0.000000 id: 1138 at time: 798.218
Processed event: VehicleDepartureEvent, vehicle_id: 10, road_id: 1000000000000000164, offset: 0.000000 id: 1138
Simulator::runFor: now_ = 798.218 target = 800
[progress] simulator time = 800 / 3600
processing event: VehicleArriveIntersectionEvent, vehicle_id: 17, road_id: 1000000000000000775 id: 1122 at time: 800.974
Processed event: VehicleArriveIntersectionEvent, vehicle_id: 17, road_id: 1000000000000000775 id: 1122
processing event: VehicleArriveIntersectionEvent, vehicle_id: 3, road_id: 1000000000000000195 id: 1120 at time: 801.23
Processed event: VehicleArriveIntersectionEvent, vehicle_id: 3, road_id: 1000000000000000195 id: 1120
processing event: VehicleDepartureEvent, vehicle_id: 1, road_id: 1000000000000000324, offset: 197.360000 id: 1137 at time: 802.735
Processed event: VehicleDepartureEvent, vehicle_id: 1, road_id: 1000000000000000324, offset: 197.360000 id: 1137
processing event: VehicleEnterNewRoadEvent, vehicle_id: 17, road_id: 1000000000000000774 id: 1140 at time: 802.774
Processed event: VehicleEnterNewRoadEvent, vehicle_id: 17, road_id: 1000000000000000774 id: 1140
processing event: VehicleDepartureEvent, vehicle_id: 17, road_id: 1000000000000000774, offset: 0.000000 id: 1143 at time: 802.774
Processed event: VehicleDepartureEvent, vehicle_id: 17, road_id: 1000000000000000774, offset: 0.000000 id: 1143
processing event: VehicleEnterNewRoadEvent, vehicle_id: 3, road_id: 1000000000000000479 id: 1141 at time: 803.03
Processed event: VehicleEnterNewRoadEvent, vehicle_id: 3, road_id: 1000000000000000479 id: 1141
processing event: VehicleDepartureEvent, vehicle_id: 3, road_id: 1000000000000000479, offset: 0.000000 id: 1145 at time: 803.03
Processed event: VehicleDepartureEvent, vehicle_id: 3, road_id: 1000000000000000479, offset: 0.000000 id: 1145
processing event: VehicleArriveIntersectionEvent, vehicle_id: 10, road_id: 1000000000000000164 id: 1139 at time: 803.078
Processed event: VehicleArriveIntersectionEvent, vehicle_id: 10, road_id: 1000000000000000164 id: 1139
processing event: VehicleArriveIntersectionEvent, vehicle_id: 17, road_id: 1000000000000000774 id: 1144 at time: 804.214
Processed event: VehicleArriveIntersectionEvent, vehicle_id: 17, road_id: 1000000000000000774 id: 1144
processing event: VehicleEnterNewRoadEvent, vehicle_id: 10, road_id: 1000000000000000165 id: 1147 at time: 804.878
Processed event: VehicleEnterNewRoadEvent, vehicle_id: 10, road_id: 1000000000000000165 id: 1147
processing event: VehicleDepartureEvent, vehicle_id: 10, road_id: 1000000000000000165, offset: 0.000000 id: 1149 at time: 804.878
Processed event: VehicleDepartureEvent, vehicle_id: 10, road_id: 1000000000000000165, offset: 0.000000 id: 1149
processing event: VehicleEnterNewRoadEvent, vehicle_id: 17, road_id: 1000000000000000772 id: 1148 at time: 806.014
Processed event: VehicleEnterNewRoadEvent, vehicle_id: 17, road_id: 1000000000000000772 id: 1148
processing event: VehicleDepartureEvent, vehicle_id: 17, road_id: 1000000000000000772, offset: 0.000000 id: 1151 at time: 806.014
Processed event: VehicleDepartureEvent, vehicle_id: 17, road_id: 1000000000000000772, offset: 0.000000 id: 1151
processing event: VehicleArriveIntersectionEvent, vehicle_id: 10, road_id: 1000000000000000165 id: 1150 at time: 806.139
Processed event: VehicleArriveIntersectionEvent, vehicle_id: 10, road_id: 1000000000000000165 id: 1150
processing event: VehicleArriveIntersectionEvent, vehicle_id: 6, road_id: 1000000000000000056 id: 1074 at time: 807.107
Processed event: VehicleArriveIntersectionEvent, vehicle_id: 6, road_id: 1000000000000000056 id: 1074
processing event: VehicleEnterNewRoadEvent, vehicle_id: 10, road_id: 1000000000000000154 id: 1153 at time: 807.939
Processed event: VehicleEnterNewRoadEvent, vehicle_id: 10, road_id: 1000000000000000154 id: 1153
processing event: VehicleDepartureEvent, vehicle_id: 10, road_id: 1000000000000000154, offset: 0.000000 id: 1155 at time: 807.939
Processed event: VehicleDepartureEvent, vehicle_id: 10, road_id: 1000000000000000154, offset: 0.000000 id: 1155
processing event: VehicleEnterNewRoadEvent, vehicle_id: 6, road_id: 1000000000000000423 id: 1154 at time: 808.907
Processed event: VehicleEnterNewRoadEvent, vehicle_id: 6, road_id: 1000000000000000423 id: 1154
processing event: VehicleDepartureEvent, vehicle_id: 6, road_id: 1000000000000000423, offset: 0.000000 id: 1157 at time: 808.907
Processed event: VehicleDepartureEvent, vehicle_id: 6, road_id: 1000000000000000423, offset: 0.000000 id: 1157
Simulator::runFor: now_ = 808.907 target = 810
[progress] simulator time = 810 / 3600
processing event: VehicleArriveIntersectionEvent, vehicle_id: 7, road_id: 1000000000000000051 id: 1128 at time: 813.004
Processed event: VehicleArriveIntersectionEvent, vehicle_id: 7, road_id: 1000000000000000051 id: 1128
processing event: VehicleArriveIntersectionEvent, vehicle_id: 10, road_id: 1000000000000000154 id: 1156 at time: 814.779
Processed event: VehicleArriveIntersectionEvent, vehicle_id: 10, road_id: 1000000000000000154 id: 1156
processing event: VehicleEnterNewRoadEvent, vehicle_id: 7, road_id: 1000000000000000339 id: 1159 at time: 814.804
Processed event: VehicleEnterNewRoadEvent, vehicle_id: 7, road_id: 1000000000000000339 id: 1159
processing event: VehicleDepartureEvent, vehicle_id: 7, road_id: 1000000000000000339, offset: 0.000000 id: 1161 at time: 814.804
Processed event: VehicleDepartureEvent, vehicle_id: 7, road_id: 1000000000000000339, offset: 0.000000 id: 1161
processing event: VehicleEnterNewRoadEvent, vehicle_id: 10, road_id: 1000000000000000055 id: 1160 at time: 816.58
Processed event: VehicleEnterNewRoadEvent, vehicle_id: 10, road_id: 1000000000000000055 id: 1160
processing event: VehicleDepartureEvent, vehicle_id: 10, road_id: 1000000000000000055, offset: 0.000000 id: 1163 at time: 816.58
Processed event: VehicleDepartureEvent, vehicle_id: 10, road_id: 1000000000000000055, offset: 0.000000 id: 1163
Simulator::runFor: now_ = 816.58 target = 820
[progress] simulator time = 820 / 3600
processing event: VehicleArriveIntersectionEvent, vehicle_id: 15, road_id: 1000000000000000375 id: 1101 at time: 823.082
Processed event: VehicleArriveIntersectionEvent, vehicle_id: 15, road_id: 1000000000000000375 id: 1101
processing event: VehicleEnterNewRoadEvent, vehicle_id: 15, road_id: 1000000000000000377 id: 1165 at time: 824.882
Processed event: VehicleEnterNewRoadEvent, vehicle_id: 15, road_id: 1000000000000000377 id: 1165
processing event: VehicleDepartureEvent, vehicle_id: 15, road_id: 1000000000000000377, offset: 0.000000 id: 1166 at time: 824.882
Processed event: VehicleDepartureEvent, vehicle_id: 15, road_id: 1000000000000000377, offset: 0.000000 id: 1166
Simulator::runFor: now_ = 824.882 target = 830
[progress] simulator time = 830 / 3600
processing event: VehicleArriveIntersectionEvent, vehicle_id: 2, road_id: 1000000000000000021 id: 1131 at time: 832.641
Processed event: VehicleArriveIntersectionEvent, vehicle_id: 2, road_id: 1000000000000000021 id: 1131
processing event: VehicleEnterNewRoadEvent, vehicle_id: 2, road_id: 1000000000000000022 id: 1168 at time: 834.441
Processed event: VehicleEnterNewRoadEvent, vehicle_id: 2, road_id: 1000000000000000022 id: 1168
processing event: VehicleDepartureEvent, vehicle_id: 2, road_id: 1000000000000000022, offset: 0.000000 id: 1169 at time: 834.441
Processed event: VehicleDepartureEvent, vehicle_id: 2, road_id: 1000000000000000022, offset: 0.000000 id: 1169
processing event: VehicleArriveIntersectionEvent, vehicle_id: 5, road_id: 1000000000000000209 id: 1104 at time: 835.393
Processed event: VehicleArriveIntersectionEvent, vehicle_id: 5, road_id: 1000000000000000209 id: 1104
processing event: VehicleEnterNewRoadEvent, vehicle_id: 5, road_id: 1000000000000001144 id: 1171 at time: 837.194
Processed event: VehicleEnterNewRoadEvent, vehicle_id: 5, road_id: 1000000000000001144 id: 1171
processing event: VehicleDepartureEvent, vehicle_id: 5, road_id: 1000000000000001144, offset: 0.000000 id: 1172 at time: 837.194
Processed event: VehicleDepartureEvent, vehicle_id: 5, road_id: 1000000000000001144, offset: 0.000000 id: 1172
Simulator::runFor: now_ = 837.194 target = 840
[progress] simulator time = 840 / 3600
processing event: VehicleArriveIntersectionEvent, vehicle_id: 17, road_id: 1000000000000000772 id: 1152 at time: 841.478
Processed event: VehicleArriveIntersectionEvent, vehicle_id: 17, road_id: 1000000000000000772 id: 1152
processing event: VehicleEnterNewRoadEvent, vehicle_id: 17, road_id: 1000000000000000773 id: 1174 at time: 843.278
Processed event: VehicleEnterNewRoadEvent, vehicle_id: 17, road_id: 1000000000000000773 id: 1174
processing event: VehicleDepartureEvent, vehicle_id: 17, road_id: 1000000000000000773, offset: 0.000000 id: 1175 at time: 843.278
Processed event: VehicleDepartureEvent, vehicle_id: 17, road_id: 1000000000000000773, offset: 0.000000 id: 1175
processing event: VehicleArriveIntersectionEvent, vehicle_id: 17, road_id: 1000000000000000773 id: 1176 at time: 844.178
Processed event: VehicleArriveIntersectionEvent, vehicle_id: 17, road_id: 1000000000000000773 id: 1176
processing event: VehicleEnterNewRoadEvent, vehicle_id: 17, road_id: 1000000000000000757 id: 1177 at time: 845.978
Processed event: VehicleEnterNewRoadEvent, vehicle_id: 17, road_id: 1000000000000000757 id: 1177
processing event: VehicleDepartureEvent, vehicle_id: 17, road_id: 1000000000000000757, offset: 0.000000 id: 1178 at time: 845.978
Processed event: VehicleDepartureEvent, vehicle_id: 17, road_id: 1000000000000000757, offset: 0.000000 id: 1178
processing event: VehicleArriveIntersectionEvent, vehicle_id: 17, road_id: 1000000000000000757 id: 1179 at time: 848.139
Processed event: VehicleArriveIntersectionEvent, vehicle_id: 17, road_id: 1000000000000000757 id: 1179
processing event: VehicleEnterNewRoadEvent, vehicle_id: 17, road_id: 1000000000000000755 id: 1180 at time: 849.939
Processed event: VehicleEnterNewRoadEvent, vehicle_id: 17, road_id: 1000000000000000755 id: 1180
processing event: VehicleDepartureEvent, vehicle_id: 17, road_id: 1000000000000000755, offset: 0.000000 id: 1181 at time: 849.939
Processed event: VehicleDepartureEvent, vehicle_id: 17, road_id: 1000000000000000755, offset: 0.000000 id: 1181
Simulator::runFor: now_ = 849.939 target = 850
[progress] simulator time = 850 / 3600
processing event: VehicleArriveIntersectionEvent, vehicle_id: 20, road_id: 1000000000000001101 id: 1111 at time: 851.111
Processed event: VehicleArriveIntersectionEvent, vehicle_id: 20, road_id: 1000000000000001101 id: 1111
processing event: VehicleEnterNewRoadEvent, vehicle_id: 20, road_id: 1000000000000000257 id: 1183 at time: 852.911
Processed event: VehicleEnterNewRoadEvent, vehicle_id: 20, road_id: 1000000000000000257 id: 1183
processing event: VehicleDepartureEvent, vehicle_id: 20, road_id: 1000000000000000257, offset: 0.000000 id: 1184 at time: 852.911
Processed event: VehicleDepartureEvent, vehicle_id: 20, road_id: 1000000000000000257, offset: 0.000000 id: 1184
processing event: VehicleArriveIntersectionEvent, vehicle_id: 3, road_id: 1000000000000000479 id: 1146 at time: 855.955
Processed event: VehicleArriveIntersectionEvent, vehicle_id: 3, road_id: 1000000000000000479 id: 1146
processing event: VehicleEnterNewRoadEvent, vehicle_id: 3, road_id: 1000000000000000481 id: 1186 at time: 857.755
Processed event: VehicleEnterNewRoadEvent, vehicle_id: 3, road_id: 1000000000000000481 id: 1186
processing event: VehicleDepartureEvent, vehicle_id: 3, road_id: 1000000000000000481, offset: 0.000000 id: 1187 at time: 857.755
Processed event: VehicleDepartureEvent, vehicle_id: 3, road_id: 1000000000000000481, offset: 0.000000 id: 1187
Simulator::runFor: now_ = 857.755 target = 860
[progress] simulator time = 860 / 3600
processing event: VehicleArriveIntersectionEvent, vehicle_id: 10, road_id: 1000000000000000055 id: 1164 at time: 860.864
Processed event: VehicleArriveIntersectionEvent, vehicle_id: 10, road_id: 1000000000000000055 id: 1164
processing event: VehicleEnterNewRoadEvent, vehicle_id: 10, road_id: 1000000000000000056 id: 1189 at time: 862.664
Processed event: VehicleEnterNewRoadEvent, vehicle_id: 10, road_id: 1000000000000000056 id: 1189
processing event: VehicleDepartureEvent, vehicle_id: 10, road_id: 1000000000000000056, offset: 0.000000 id: 1190 at time: 862.664
Processed event: VehicleDepartureEvent, vehicle_id: 10, road_id: 1000000000000000056, offset: 0.000000 id: 1190
processing event: VehicleArriveIntersectionEvent, vehicle_id: 1, road_id: 1000000000000000324 id: 1142 at time: 863.517
Processed event: VehicleArriveIntersectionEvent, vehicle_id: 1, road_id: 1000000000000000324 id: 1142
processing event: VehicleEnterNewRoadEvent, vehicle_id: 1, road_id: 1000000000000000326 id: 1192 at time: 865.317
Processed event: VehicleEnterNewRoadEvent, vehicle_id: 1, road_id: 1000000000000000326 id: 1192
processing event: VehicleDepartureEvent, vehicle_id: 1, road_id: 1000000000000000326, offset: 0.000000 id: 1193 at time: 865.317
Processed event: VehicleDepartureEvent, vehicle_id: 1, road_id: 1000000000000000326, offset: 0.000000 id: 1193
Simulator::runFor: now_ = 865.317 target = 870
[progress] simulator time = 870 / 3600
processing event: VehicleArriveIntersectionEvent, vehicle_id: 12, road_id: 1000000000000001062 id: 1117 at time: 877.442
Processed event: VehicleArriveIntersectionEvent, vehicle_id: 12, road_id: 1000000000000001062 id: 1117
processing event: VehicleEnterNewRoadEvent, vehicle_id: 12, road_id: 1000000000000000854 id: 1195 at time: 879.242
Processed event: VehicleEnterNewRoadEvent, vehicle_id: 12, road_id: 1000000000000000854 id: 1195
processing event: VehicleDepartureEvent, vehicle_id: 12, road_id: 1000000000000000854, offset: 0.000000 id: 1196 at time: 879.242
Processed event: VehicleDepartureEvent, vehicle_id: 12, road_id: 1000000000000000854, offset: 0.000000 id: 1196
processing event: VehicleArriveIntersectionEvent, vehicle_id: 2, road_id: 1000000000000000022 id: 1170 at time: 879.266
Processed event: VehicleArriveIntersectionEvent, vehicle_id: 2, road_id: 1000000000000000022 id: 1170
Simulator::runFor: now_ = 879.266 target = 880
[progress] simulator time = 880 / 3600
processing event: VehicleArriveIntersectionEvent, vehicle_id: 6, road_id: 1000000000000000423 id: 1158 at time: 880.194
Processed event: VehicleArriveIntersectionEvent, vehicle_id: 6, road_id: 1000000000000000423 id: 1158
processing event: VehicleEnterNewRoadEvent, vehicle_id: 2, road_id: 1000000000000000306 id: 1198 at time: 881.066
Processed event: VehicleEnterNewRoadEvent, vehicle_id: 2, road_id: 1000000000000000306 id: 1198
processing event: VehicleDepartureEvent, vehicle_id: 2, road_id: 1000000000000000306, offset: 0.000000 id: 1200 at time: 881.066
Processed event: VehicleDepartureEvent, vehicle_id: 2, road_id: 1000000000000000306, offset: 0.000000 id: 1200
processing event: VehicleEnterNewRoadEvent, vehicle_id: 6, road_id: 1000000000000000046 id: 1199 at time: 881.995
Processed event: VehicleEnterNewRoadEvent, vehicle_id: 6, road_id: 1000000000000000046 id: 1199
processing event: VehicleDepartureEvent, vehicle_id: 6, road_id: 1000000000000000046, offset: 0.000000 id: 1202 at time: 881.995
Processed event: VehicleDepartureEvent, vehicle_id: 6, road_id: 1000000000000000046, offset: 0.000000 id: 1202
processing event: VehicleArriveIntersectionEvent, vehicle_id: 6, road_id: 1000000000000000046 id: 1203 at time: 887.575
Processed event: VehicleArriveIntersectionEvent, vehicle_id: 6, road_id: 1000000000000000046 id: 1203
processing event: VehicleEnterNewRoadEvent, vehicle_id: 6, road_id: 1000000000000000650 id: 1204 at time: 889.375
Processed event: VehicleEnterNewRoadEvent, vehicle_id: 6, road_id: 1000000000000000650 id: 1204
processing event: VehicleDepartureEvent, vehicle_id: 6, road_id: 1000000000000000650, offset: 0.000000 id: 1205 at time: 889.375
Processed event: VehicleDepartureEvent, vehicle_id: 6, road_id: 1000000000000000650, offset: 0.000000 id: 1205
processing event: VehicleArriveIntersectionEvent, vehicle_id: 6, road_id: 1000000000000000650 id: 1206 at time: 889.555
Processed event: VehicleArriveIntersectionEvent, vehicle_id: 6, road_id: 1000000000000000650 id: 1206
Simulator::runFor: now_ = 889.555 target = 890
[progress] simulator time = 890 / 3600
processing event: VehicleEnterNewRoadEvent, vehicle_id: 6, road_id: 1000000000000000649 id: 1207 at time: 891.356
Processed event: VehicleEnterNewRoadEvent, vehicle_id: 6, road_id: 1000000000000000649 id: 1207
processing event: VehicleDepartureEvent, vehicle_id: 6, road_id: 1000000000000000649, offset: 0.000000 id: 1208 at time: 891.356
Processed event: VehicleDepartureEvent, vehicle_id: 6, road_id: 1000000000000000649, offset: 0.000000 id: 1208
processing event: BusArrivalEvent, vehicle_id: 20, stop_id: 218 id: 1185 at time: 891.593
Processed event: BusArrivalEvent, vehicle_id: 20, stop_id: 218 id: 1185
processing event: PassengerOnboardEvent, passenger_id: 3 id: 1210 at time: 891.593
Processed event: PassengerOnboardEvent, passenger_id: 3 id: 1210
processing event: VehicleArriveIntersectionEvent, vehicle_id: 6, road_id: 1000000000000000649 id: 1209 at time: 896.576
Processed event: VehicleArriveIntersectionEvent, vehicle_id: 6, road_id: 1000000000000000649 id: 1209
processing event: VehicleDepartureEvent, vehicle_id: 20, road_id: 1000000000000000257, offset: 214.880000 id: 1211 at time: 896.593
Processed event: VehicleDepartureEvent, vehicle_id: 20, road_id: 1000000000000000257, offset: 214.880000 id: 1211
processing event: VehicleEnterNewRoadEvent, vehicle_id: 6, road_id: 1000000000000000371 id: 1212 at time: 898.376
Processed event: VehicleEnterNewRoadEvent, vehicle_id: 6, road_id: 1000000000000000371 id: 1212
processing event: VehicleDepartureEvent, vehicle_id: 6, road_id: 1000000000000000371, offset: 0.000000 id: 1214 at time: 898.376
Processed event: VehicleDepartureEvent, vehicle_id: 6, road_id: 1000000000000000371, offset: 0.000000 id: 1214
processing event: VehicleArriveIntersectionEvent, vehicle_id: 5, road_id: 1000000000000001144 id: 1173 at time: 898.4
Processed event: VehicleArriveIntersectionEvent, vehicle_id: 5, road_id: 1000000000000001144 id: 1173
processing event: VehicleArriveIntersectionEvent, vehicle_id: 17, road_id: 1000000000000000755 id: 1182 at time: 898.724
Processed event: VehicleArriveIntersectionEvent, vehicle_id: 17, road_id: 1000000000000000755 id: 1182
Simulator::runFor: now_ = 898.724 target = 900
[progress] simulator time = 900 / 3600
processing event: VehicleEnterNewRoadEvent, vehicle_id: 5, road_id: 1000000000000001212 id: 1216 at time: 900.2
Processed event: VehicleEnterNewRoadEvent, vehicle_id: 5, road_id: 1000000000000001212 id: 1216
processing event: VehicleDepartureEvent, vehicle_id: 5, road_id: 1000000000000001212, offset: 0.000000 id: 1218 at time: 900.2
Processed event: VehicleDepartureEvent, vehicle_id: 5, road_id: 1000000000000001212, offset: 0.000000 id: 1218
processing event: VehicleEnterNewRoadEvent, vehicle_id: 17, road_id: 1000000000000000756 id: 1217 at time: 900.524
Processed event: VehicleEnterNewRoadEvent, vehicle_id: 17, road_id: 1000000000000000756 id: 1217
processing event: VehicleDepartureEvent, vehicle_id: 17, road_id: 1000000000000000756, offset: 0.000000 id: 1220 at time: 900.524
Processed event: VehicleDepartureEvent, vehicle_id: 17, road_id: 1000000000000000756, offset: 0.000000 id: 1220
processing event: PassengerRouteStartEvent, passenger_id: 18, route_id: 1 id: 17 at time: 901
Processed event: PassengerRouteStartEvent, passenger_id: 18, route_id: 1 id: 17
processing event: OrderCreatedEvent, order_id: 18, available_pickups: 8 , available_dropoffs: 179 , passenger_id: 18, route_id: 1, passenger_num: 0 id: 1222 at time: 901
Processed event: OrderCreatedEvent, order_id: 18, available_pickups: 8 , available_dropoffs: 179 , passenger_id: 18, route_id: 1, passenger_num: 1 id: 1222
processing event: VehicleArriveIntersectionEvent, vehicle_id: 15, road_id: 1000000000000000377 id: 1167 at time: 907.15
Processed event: VehicleArriveIntersectionEvent, vehicle_id: 15, road_id: 1000000000000000377 id: 1167
processing event: VehicleEnterNewRoadEvent, vehicle_id: 15, road_id: 1000000000000000378 id: 1223 at time: 908.95
Processed event: VehicleEnterNewRoadEvent, vehicle_id: 15, road_id: 1000000000000000378 id: 1223
processing event: VehicleDepartureEvent, vehicle_id: 15, road_id: 1000000000000000378, offset: 0.000000 id: 1224 at time: 908.95
Processed event: VehicleDepartureEvent, vehicle_id: 15, road_id: 1000000000000000378, offset: 0.000000 id: 1224
Simulator::runFor: now_ = 908.95 target = 910
[progress] simulator time = 910 / 3600
processing event: OrderMatchedEvent, order_id: 18, vehicle_id: 11 id: 1226 at time: 910
Processed event: OrderMatchedEvent, order_id: 18, vehicle_id: 11 id: 1226
processing event: VehicleDepartureEvent, vehicle_id: 11, road_id: 1000000000000000187, offset: 397.490000 id: 1227 at time: 910
Processed event: VehicleDepartureEvent, vehicle_id: 11, road_id: 1000000000000000187, offset: 397.490000 id: 1227
processing event: PassengerArrivalEvent, passenger_id: 18 id: 1228 at time: 910
Processed event: PassengerArrivalEvent, passenger_id: 18 id: 1228
processing event: VehicleArriveIntersectionEvent, vehicle_id: 5, road_id: 1000000000000001212 id: 1219 at time: 919.462
Processed event: VehicleArriveIntersectionEvent, vehicle_id: 5, road_id: 1000000000000001212 id: 1219
Simulator::runFor: now_ = 919.462 target = 920
[progress] simulator time = 920 / 3600
processing event: VehicleEnterNewRoadEvent, vehicle_id: 5, road_id: 1000000000000001213 id: 1230 at time: 921.262
Processed event: VehicleEnterNewRoadEvent, vehicle_id: 5, road_id: 1000000000000001213 id: 1230
processing event: VehicleDepartureEvent, vehicle_id: 5, road_id: 1000000000000001213, offset: 0.000000 id: 1231 at time: 921.262
Processed event: VehicleDepartureEvent, vehicle_id: 5, road_id: 1000000000000001213, offset: 0.000000 id: 1231
processing event: VehicleArriveIntersectionEvent, vehicle_id: 5, road_id: 1000000000000001213 id: 1232 at time: 922.522
Processed event: VehicleArriveIntersectionEvent, vehicle_id: 5, road_id: 1000000000000001213 id: 1232
processing event: VehicleEnterNewRoadEvent, vehicle_id: 5, road_id: 1000000000000001233 id: 1233 at time: 924.322
Processed event: VehicleEnterNewRoadEvent, vehicle_id: 5, road_id: 1000000000000001233 id: 1233
processing event: VehicleDepartureEvent, vehicle_id: 5, road_id: 1000000000000001233, offset: 0.000000 id: 1234 at time: 924.322
Processed event: VehicleDepartureEvent, vehicle_id: 5, road_id: 1000000000000001233, offset: 0.000000 id: 1234
processing event: VehicleArriveIntersectionEvent, vehicle_id: 1, road_id: 1000000000000000326 id: 1194 at time: 925.803
Processed event: VehicleArriveIntersectionEvent, vehicle_id: 1, road_id: 1000000000000000326 id: 1194
processing event: VehicleArriveIntersectionEvent, vehicle_id: 12, road_id: 1000000000000000854 id: 1197 at time: 927.487
Processed event: VehicleArriveIntersectionEvent, vehicle_id: 12, road_id: 1000000000000000854 id: 1197
processing event: VehicleEnterNewRoadEvent, vehicle_id: 1, road_id: 1000000000000000327 id: 1236 at time: 927.603
Processed event: VehicleEnterNewRoadEvent, vehicle_id: 1, road_id: 1000000000000000327 id: 1236
processing event: VehicleDepartureEvent, vehicle_id: 1, road_id: 1000000000000000327, offset: 0.000000 id: 1238 at time: 927.603
Processed event: VehicleDepartureEvent, vehicle_id: 1, road_id: 1000000000000000327, offset: 0.000000 id: 1238
processing event: VehicleArriveIntersectionEvent, vehicle_id: 20, road_id: 1000000000000000257 id: 1213 at time: 929.018
Processed event: VehicleArriveIntersectionEvent, vehicle_id: 20, road_id: 1000000000000000257 id: 1213
processing event: VehicleEnterNewRoadEvent, vehicle_id: 12, road_id: 1000000000000000299 id: 1237 at time: 929.287
Processed event: VehicleEnterNewRoadEvent, vehicle_id: 12, road_id: 1000000000000000299 id: 1237
processing event: VehicleDepartureEvent, vehicle_id: 12, road_id: 1000000000000000299, offset: 0.000000 id: 1241 at time: 929.287
Processed event: VehicleDepartureEvent, vehicle_id: 12, road_id: 1000000000000000299, offset: 0.000000 id: 1241
processing event: VehicleArriveIntersectionEvent, vehicle_id: 2, road_id: 1000000000000000306 id: 1201 at time: 929.851
Processed event: VehicleArriveIntersectionEvent, vehicle_id: 2, road_id: 1000000000000000306 id: 1201
Simulator::runFor: now_ = 929.851 target = 930
[progress] simulator time = 930 / 3600
processing event: VehicleEnterNewRoadEvent, vehicle_id: 20, road_id: 1000000000000000259 id: 1240 at time: 930.818
Processed event: VehicleEnterNewRoadEvent, vehicle_id: 20, road_id: 1000000000000000259 id: 1240
processing event: VehicleDepartureEvent, vehicle_id: 20, road_id: 1000000000000000259, offset: 0.000000 id: 1244 at time: 930.818
Processed event: VehicleDepartureEvent, vehicle_id: 20, road_id: 1000000000000000259, offset: 0.000000 id: 1244
processing event: VehicleEnterNewRoadEvent, vehicle_id: 2, road_id: 1000000000000000689 id: 1243 at time: 931.651
Processed event: VehicleEnterNewRoadEvent, vehicle_id: 2, road_id: 1000000000000000689 id: 1243
processing event: VehicleDepartureEvent, vehicle_id: 2, road_id: 1000000000000000689, offset: 0.000000 id: 1246 at time: 931.651
Processed event: VehicleDepartureEvent, vehicle_id: 2, road_id: 1000000000000000689, offset: 0.000000 id: 1246
processing event: VehicleArriveIntersectionEvent, vehicle_id: 11, road_id: 1000000000000000187 id: 1229 at time: 932.954
Processed event: VehicleArriveIntersectionEvent, vehicle_id: 11, road_id: 1000000000000000187 id: 1229
processing event: VehicleEnterNewRoadEvent, vehicle_id: 11, road_id: 1000000000000000107 id: 1248 at time: 934.754
Processed event: VehicleEnterNewRoadEvent, vehicle_id: 11, road_id: 1000000000000000107 id: 1248
processing event: VehicleDepartureEvent, vehicle_id: 11, road_id: 1000000000000000107, offset: 0.000000 id: 1249 at time: 934.754
Processed event: VehicleDepartureEvent, vehicle_id: 11, road_id: 1000000000000000107, offset: 0.000000 id: 1249
processing event: VehicleArriveIntersectionEvent, vehicle_id: 10, road_id: 1000000000000000056 id: 1191 at time: 935.032
Processed event: VehicleArriveIntersectionEvent, vehicle_id: 10, road_id: 1000000000000000056 id: 1191
processing event: VehicleEnterNewRoadEvent, vehicle_id: 10, road_id: 1000000000000000423 id: 1251 at time: 936.832
Processed event: VehicleEnterNewRoadEvent, vehicle_id: 10, road_id: 1000000000000000423 id: 1251
processing event: VehicleDepartureEvent, vehicle_id: 10, road_id: 1000000000000000423, offset: 0.000000 id: 1252 at time: 936.832
Processed event: VehicleDepartureEvent, vehicle_id: 10, road_id: 1000000000000000423, offset: 0.000000 id: 1252
processing event: PassengerRouteStartEvent, passenger_id: 19, route_id: 1 id: 18 at time: 938
Processed event: PassengerRouteStartEvent, passenger_id: 19, route_id: 1 id: 18
processing event: OrderCreatedEvent, order_id: 19, available_pickups: 106 , available_dropoffs: 177 , passenger_id: 19, route_id: 1, passenger_num: 0 id: 1254 at time: 938
Processed event: OrderCreatedEvent, order_id: 19, available_pickups: 106 , available_dropoffs: 177 , passenger_id: 19, route_id: 1, passenger_num: 2 id: 1254
Simulator::runFor: now_ = 938 target = 940
[progress] simulator time = 940 / 3600
processing event: OrderMatchedEvent, order_id: 19, vehicle_id: 10 id: 1255 at time: 940
Processed event: OrderMatchedEvent, order_id: 19, vehicle_id: 10 id: 1255
processing event: PassengerArrivalEvent, passenger_id: 19 id: 1257 at time: 940
Processed event: PassengerArrivalEvent, passenger_id: 19 id: 1257
processing event: VehicleArriveIntersectionEvent, vehicle_id: 2, road_id: 1000000000000000689 id: 1247 at time: 942.812
Processed event: VehicleArriveIntersectionEvent, vehicle_id: 2, road_id: 1000000000000000689 id: 1247
processing event: VehicleArriveIntersectionEvent, vehicle_id: 17, road_id: 1000000000000000756 id: 1221 at time: 943.368
Processed event: VehicleArriveIntersectionEvent, vehicle_id: 17, road_id: 1000000000000000756 id: 1221
processing event: VehicleEnterNewRoadEvent, vehicle_id: 2, road_id: 1000000000000000686 id: 1258 at time: 944.612
Processed event: VehicleEnterNewRoadEvent, vehicle_id: 2, road_id: 1000000000000000686 id: 1258
processing event: VehicleDepartureEvent, vehicle_id: 2, road_id: 1000000000000000686, offset: 0.000000 id: 1260 at time: 944.612
Processed event: VehicleDepartureEvent, vehicle_id: 2, road_id: 1000000000000000686, offset: 0.000000 id: 1260
processing event: VehicleEnterNewRoadEvent, vehicle_id: 17, road_id: 1000000000000000634 id: 1259 at time: 945.168
Processed event: VehicleEnterNewRoadEvent, vehicle_id: 17, road_id: 1000000000000000634 id: 1259
processing event: VehicleDepartureEvent, vehicle_id: 17, road_id: 1000000000000000634, offset: 0.000000 id: 1262 at time: 945.168
Processed event: VehicleDepartureEvent, vehicle_id: 17, road_id: 1000000000000000634, offset: 0.000000 id: 1262
processing event: VehicleArriveIntersectionEvent, vehicle_id: 17, road_id: 1000000000000000634 id: 1263 at time: 946.428
Processed event: VehicleArriveIntersectionEvent, vehicle_id: 17, road_id: 1000000000000000634 id: 1263
processing event: VehicleArriveIntersectionEvent, vehicle_id: 7, road_id: 1000000000000000339 id: 1162 at time: 948.197
Processed event: VehicleArriveIntersectionEvent, vehicle_id: 7, road_id: 1000000000000000339 id: 1162
processing event: VehicleEnterNewRoadEvent, vehicle_id: 17, road_id: 1000000000000000629 id: 1264 at time: 948.229
Processed event: VehicleEnterNewRoadEvent, vehicle_id: 17, road_id: 1000000000000000629 id: 1264
processing event: VehicleDepartureEvent, vehicle_id: 17, road_id: 1000000000000000629, offset: 0.000000 id: 1266 at time: 948.229
Processed event: VehicleDepartureEvent, vehicle_id: 17, road_id: 1000000000000000629, offset: 0.000000 id: 1266
processing event: VehicleEnterNewRoadEvent, vehicle_id: 7, road_id: 1000000000000000341 id: 1265 at time: 949.997
Processed event: VehicleEnterNewRoadEvent, vehicle_id: 7, road_id: 1000000000000000341 id: 1265
processing event: VehicleDepartureEvent, vehicle_id: 7, road_id: 1000000000000000341, offset: 0.000000 id: 1268 at time: 949.997
Processed event: VehicleDepartureEvent, vehicle_id: 7, road_id: 1000000000000000341, offset: 0.000000 id: 1268
Simulator::runFor: now_ = 949.997 target = 950
[progress] simulator time = 950 / 3600
processing event: VehicleArriveIntersectionEvent, vehicle_id: 3, road_id: 1000000000000000481 id: 1188 at time: 951.005
Processed event: VehicleArriveIntersectionEvent, vehicle_id: 3, road_id: 1000000000000000481 id: 1188
processing event: VehicleEnterNewRoadEvent, vehicle_id: 3, road_id: 1000000000000000482 id: 1270 at time: 952.805
Processed event: VehicleEnterNewRoadEvent, vehicle_id: 3, road_id: 1000000000000000482 id: 1270
processing event: VehicleDepartureEvent, vehicle_id: 3, road_id: 1000000000000000482, offset: 0.000000 id: 1271 at time: 952.805
Processed event: VehicleDepartureEvent, vehicle_id: 3, road_id: 1000000000000000482, offset: 0.000000 id: 1271
processing event: VehicleArriveIntersectionEvent, vehicle_id: 12, road_id: 1000000000000000299 id: 1242 at time: 957.19
Processed event: VehicleArriveIntersectionEvent, vehicle_id: 12, road_id: 1000000000000000299 id: 1242
processing event: VehicleEnterNewRoadEvent, vehicle_id: 12, road_id: 1000000000000000293 id: 1273 at time: 958.99
Processed event: VehicleEnterNewRoadEvent, vehicle_id: 12, road_id: 1000000000000000293 id: 1273
processing event: VehicleDepartureEvent, vehicle_id: 12, road_id: 1000000000000000293, offset: 0.000000 id: 1274 at time: 958.99
Processed event: VehicleDepartureEvent, vehicle_id: 12, road_id: 1000000000000000293, offset: 0.000000 id: 1274
processing event: VehicleArriveIntersectionEvent, vehicle_id: 6, road_id: 1000000000000000371 id: 1215 at time: 959.582
Processed event: VehicleArriveIntersectionEvent, vehicle_id: 6, road_id: 1000000000000000371 id: 1215
processing event: VehicleArriveIntersectionEvent, vehicle_id: 2, road_id: 1000000000000000686 id: 1261 at time: 959.914
Processed event: VehicleArriveIntersectionEvent, vehicle_id: 2, road_id: 1000000000000000686 id: 1261
processing event: BusArrivalEvent, vehicle_id: 1, stop_id: 156 id: 1239 at time: 959.995
Processed event: BusArrivalEvent, vehicle_id: 1, stop_id: 156 id: 1239
processing event: PassengerRouteEndEvent, passenger_id: 4, route_id: 1 id: 1278 at time: 959.995
Passenger 4 finished all routes
Processed event: PassengerRouteEndEvent, passenger_id: 4, route_id: 1 id: 1278
processing event: PassengerDropoffEvent, passenger_id: 4 id: 1280 at time: 959.995
Processed event: PassengerDropoffEvent, passenger_id: 4 id: 1280
processing event: OrderFinishedEvent, order_id: 4 id: 1281 at time: 959.995
Processed event: OrderFinishedEvent, order_id: 4 id: 1281
Simulator::runFor: now_ = 959.995 target = 960
[progress] simulator time = 960 / 3600
processing event: VehicleEnterNewRoadEvent, vehicle_id: 6, road_id: 1000000000000000619 id: 1276 at time: 961.383
Processed event: VehicleEnterNewRoadEvent, vehicle_id: 6, road_id: 1000000000000000619 id: 1276
processing event: VehicleDepartureEvent, vehicle_id: 6, road_id: 1000000000000000619, offset: 0.000000 id: 1282 at time: 961.383
Processed event: VehicleDepartureEvent, vehicle_id: 6, road_id: 1000000000000000619, offset: 0.000000 id: 1282
processing event: VehicleEnterNewRoadEvent, vehicle_id: 2, road_id: 1000000000000000406 id: 1277 at time: 961.714
Processed event: VehicleEnterNewRoadEvent, vehicle_id: 2, road_id: 1000000000000000406 id: 1277
processing event: VehicleDepartureEvent, vehicle_id: 2, road_id: 1000000000000000406, offset: 0.000000 id: 1284 at time: 961.714
Processed event: VehicleDepartureEvent, vehicle_id: 2, road_id: 1000000000000000406, offset: 0.000000 id: 1284
processing event: BusArrivalEvent, vehicle_id: 11, stop_id: 8 id: 1250 at time: 964.844
Processed event: BusArrivalEvent, vehicle_id: 11, stop_id: 8 id: 1250
processing event: PassengerOnboardEvent, passenger_id: 18 id: 1286 at time: 964.844
Processed event: PassengerOnboardEvent, passenger_id: 18 id: 1286
processing event: VehicleDepartureEvent, vehicle_id: 1, road_id: 1000000000000000327, offset: 179.940000 id: 1279 at time: 964.995
Processed event: VehicleDepartureEvent, vehicle_id: 1, road_id: 1000000000000000327, offset: 179.940000 id: 1279
processing event: VehicleArriveIntersectionEvent, vehicle_id: 12, road_id: 1000000000000000293 id: 1275 at time: 965.651
Processed event: VehicleArriveIntersectionEvent, vehicle_id: 12, road_id: 1000000000000000293 id: 1275
processing event: VehicleArriveIntersectionEvent, vehicle_id: 5, road_id: 1000000000000001233 id: 1235 at time: 967.167
Processed event: VehicleArriveIntersectionEvent, vehicle_id: 5, road_id: 1000000000000001233 id: 1235
processing event: VehicleEnterNewRoadEvent, vehicle_id: 12, road_id: 1000000000000000356 id: 1289 at time: 967.451
Processed event: VehicleEnterNewRoadEvent, vehicle_id: 12, road_id: 1000000000000000356 id: 1289
processing event: VehicleDepartureEvent, vehicle_id: 12, road_id: 1000000000000000356, offset: 0.000000 id: 1291 at time: 967.451
Processed event: VehicleDepartureEvent, vehicle_id: 12, road_id: 1000000000000000356, offset: 0.000000 id: 1291
processing event: VehicleArriveIntersectionEvent, vehicle_id: 17, road_id: 1000000000000000629 id: 1267 at time: 967.491
Processed event: VehicleArriveIntersectionEvent, vehicle_id: 17, road_id: 1000000000000000629 id: 1267
processing event: VehicleEnterNewRoadEvent, vehicle_id: 5, road_id: 1000000000000001232 id: 1290 at time: 968.967
Processed event: VehicleEnterNewRoadEvent, vehicle_id: 5, road_id: 1000000000000001232 id: 1290
processing event: VehicleDepartureEvent, vehicle_id: 5, road_id: 1000000000000001232, offset: 0.000000 id: 1294 at time: 968.967
Processed event: VehicleDepartureEvent, vehicle_id: 5, road_id: 1000000000000001232, offset: 0.000000 id: 1294
processing event: VehicleEnterNewRoadEvent, vehicle_id: 17, road_id: 1000000000000000630 id: 1293 at time: 969.291
Processed event: VehicleEnterNewRoadEvent, vehicle_id: 17, road_id: 1000000000000000630 id: 1293
processing event: VehicleDepartureEvent, vehicle_id: 17, road_id: 1000000000000000630, offset: 0.000000 id: 1296 at time: 969.291
Processed event: VehicleDepartureEvent, vehicle_id: 17, road_id: 1000000000000000630, offset: 0.000000 id: 1296
processing event: VehicleDepartureEvent, vehicle_id: 11, road_id: 1000000000000000107, offset: 167.150000 id: 1287 at time: 969.844
Processed event: VehicleDepartureEvent, vehicle_id: 11, road_id: 1000000000000000107, offset: 167.150000 id: 1287
Simulator::runFor: now_ = 969.844 target = 970
[progress] simulator time = 970 / 3600
Simulator::runFor: now_ = 970 target = 980
[progress] simulator time = 980 / 3600
processing event: VehicleArriveIntersectionEvent, vehicle_id: 15, road_id: 1000000000000000378 id: 1225 at time: 982.398
Processed event: VehicleArriveIntersectionEvent, vehicle_id: 15, road_id: 1000000000000000378 id: 1225
processing event: VehicleEnterNewRoadEvent, vehicle_id: 15, road_id: 1000000000000000496 id: 1299 at time: 984.198
Processed event: VehicleEnterNewRoadEvent, vehicle_id: 15, road_id: 1000000000000000496 id: 1299
processing event: VehicleDepartureEvent, vehicle_id: 15, road_id: 1000000000000000496, offset: 0.000000 id: 1300 at time: 984.198
Processed event: VehicleDepartureEvent, vehicle_id: 15, road_id: 1000000000000000496, offset: 0.000000 id: 1300
processing event: BusArrivalEvent, vehicle_id: 17, stop_id: 220 id: 1297 at time: 988.349
Processed event: BusArrivalEvent, vehicle_id: 17, stop_id: 220 id: 1297
processing event: PassengerOnboardEvent, passenger_id: 9 id: 1302 at time: 988.349
Processed event: PassengerOnboardEvent, passenger_id: 9 id: 1302
Simulator::runFor: now_ = 988.349 target = 990
[progress] simulator time = 990 / 3600
processing event: VehicleDepartureEvent, vehicle_id: 17, road_id: 1000000000000000630, offset: 105.870000 id: 1303 at time: 993.349
Processed event: VehicleDepartureEvent, vehicle_id: 17, road_id: 1000000000000000630, offset: 105.870000 id: 1303
processing event: VehicleArriveIntersectionEvent, vehicle_id: 17, road_id: 1000000000000000630 id: 1304 at time: 997.873
Processed event: VehicleArriveIntersectionEvent, vehicle_id: 17, road_id: 1000000000000000630 id: 1304
processing event: VehicleEnterNewRoadEvent, vehicle_id: 17, road_id: 1000000000000000631 id: 1305 at time: 999.673
Processed event: VehicleEnterNewRoadEvent, vehicle_id: 17, road_id: 1000000000000000631 id: 1305
processing event: VehicleDepartureEvent, vehicle_id: 17, road_id: 1000000000000000631, offset: 0.000000 id: 1306 at time: 999.673
Processed event: VehicleDepartureEvent, vehicle_id: 17, road_id: 1000000000000000631, offset: 0.000000 id: 1306
Simulator::runFor: now_ = 999.673 target = 1000
[progress] simulator time = 1000 / 3600
processing event: VehicleArriveIntersectionEvent, vehicle_id: 7, road_id: 1000000000000000341 id: 1269 at time: 1003.46
Processed event: VehicleArriveIntersectionEvent, vehicle_id: 7, road_id: 1000000000000000341 id: 1269
processing event: VehicleEnterNewRoadEvent, vehicle_id: 7, road_id: 1000000000000000243 id: 1308 at time: 1005.26
Processed event: VehicleEnterNewRoadEvent, vehicle_id: 7, road_id: 1000000000000000243 id: 1308
processing event: VehicleDepartureEvent, vehicle_id: 7, road_id: 1000000000000000243, offset: 0.000000 id: 1309 at time: 1005.26
Processed event: VehicleDepartureEvent, vehicle_id: 7, road_id: 1000000000000000243, offset: 0.000000 id: 1309
processing event: VehicleArriveIntersectionEvent, vehicle_id: 17, road_id: 1000000000000000631 id: 1307 at time: 1007.41
Processed event: VehicleArriveIntersectionEvent, vehicle_id: 17, road_id: 1000000000000000631 id: 1307
Event is not valid: VehicleArriveIntersectionEvent, vehicle_id: 10, road_id: 1000000000000000423 id: 1253 at time: 1008.12
processing event: VehicleArriveIntersectionEvent, vehicle_id: 10, road_id: 1000000000000000423 id: 1256 at time: 1008.12
Processed event: VehicleArriveIntersectionEvent, vehicle_id: 10, road_id: 1000000000000000423 id: 1256
processing event: VehicleArriveIntersectionEvent, vehicle_id: 6, road_id: 1000000000000000619 id: 1283 at time: 1008.91
Processed event: VehicleArriveIntersectionEvent, vehicle_id: 6, road_id: 1000000000000000619 id: 1283
processing event: VehicleEnterNewRoadEvent, vehicle_id: 17, road_id: 1000000000000000632 id: 1311 at time: 1009.21
Processed event: VehicleEnterNewRoadEvent, vehicle_id: 17, road_id: 1000000000000000632 id: 1311
processing event: VehicleDepartureEvent, vehicle_id: 17, road_id: 1000000000000000632, offset: 0.000000 id: 1314 at time: 1009.21
Processed event: VehicleDepartureEvent, vehicle_id: 17, road_id: 1000000000000000632, offset: 0.000000 id: 1314
processing event: VehicleArriveIntersectionEvent, vehicle_id: 15, road_id: 1000000000000000496 id: 1301 at time: 1009.58
Processed event: VehicleArriveIntersectionEvent, vehicle_id: 15, road_id: 1000000000000000496 id: 1301
processing event: VehicleEnterNewRoadEvent, vehicle_id: 10, road_id: 1000000000000000046 id: 1312 at time: 1009.92
Processed event: VehicleEnterNewRoadEvent, vehicle_id: 10, road_id: 1000000000000000046 id: 1312
processing event: VehicleDepartureEvent, vehicle_id: 10, road_id: 1000000000000000046, offset: 0.000000 id: 1317 at time: 1009.92
Processed event: VehicleDepartureEvent, vehicle_id: 10, road_id: 1000000000000000046, offset: 0.000000 id: 1317
Simulator::runFor: now_ = 1009.92 target = 1010
[progress] simulator time = 1010 / 3600
processing event: VehicleEnterNewRoadEvent, vehicle_id: 6, road_id: 1000000000000000587 id: 1313 at time: 1010.71
Processed event: VehicleEnterNewRoadEvent, vehicle_id: 6, road_id: 1000000000000000587 id: 1313
processing event: VehicleDepartureEvent, vehicle_id: 6, road_id: 1000000000000000587, offset: 0.000000 id: 1319 at time: 1010.71
Processed event: VehicleDepartureEvent, vehicle_id: 6, road_id: 1000000000000000587, offset: 0.000000 id: 1319
processing event: VehicleArriveIntersectionEvent, vehicle_id: 11, road_id: 1000000000000000107 id: 1298 at time: 1011.22
Processed event: VehicleArriveIntersectionEvent, vehicle_id: 11, road_id: 1000000000000000107 id: 1298
processing event: VehicleEnterNewRoadEvent, vehicle_id: 15, road_id: 1000000000000000583 id: 1316 at time: 1011.38
Processed event: VehicleEnterNewRoadEvent, vehicle_id: 15, road_id: 1000000000000000583 id: 1316
processing event: VehicleDepartureEvent, vehicle_id: 15, road_id: 1000000000000000583, offset: 0.000000 id: 1322 at time: 1011.38
Processed event: VehicleDepartureEvent, vehicle_id: 15, road_id: 1000000000000000583, offset: 0.000000 id: 1322
processing event: VehicleEnterNewRoadEvent, vehicle_id: 11, road_id: 1000000000000000478 id: 1321 at time: 1013.02
Processed event: VehicleEnterNewRoadEvent, vehicle_id: 11, road_id: 1000000000000000478 id: 1321
processing event: VehicleDepartureEvent, vehicle_id: 11, road_id: 1000000000000000478, offset: 0.000000 id: 1324 at time: 1013.02
Processed event: VehicleDepartureEvent, vehicle_id: 11, road_id: 1000000000000000478, offset: 0.000000 id: 1324
processing event: VehicleArriveIntersectionEvent, vehicle_id: 10, road_id: 1000000000000000046 id: 1318 at time: 1015.5
Processed event: VehicleArriveIntersectionEvent, vehicle_id: 10, road_id: 1000000000000000046 id: 1318
processing event: VehicleArriveIntersectionEvent, vehicle_id: 12, road_id: 1000000000000000356 id: 1292 at time: 1016.24
Processed event: VehicleArriveIntersectionEvent, vehicle_id: 12, road_id: 1000000000000000356 id: 1292
processing event: VehicleEnterNewRoadEvent, vehicle_id: 10, road_id: 1000000000000000650 id: 1326 at time: 1017.3
Processed event: VehicleEnterNewRoadEvent, vehicle_id: 10, road_id: 1000000000000000650 id: 1326
processing event: VehicleDepartureEvent, vehicle_id: 10, road_id: 1000000000000000650, offset: 0.000000 id: 1328 at time: 1017.3
Processed event: VehicleDepartureEvent, vehicle_id: 10, road_id: 1000000000000000650, offset: 0.000000 id: 1328
processing event: VehicleArriveIntersectionEvent, vehicle_id: 10, road_id: 1000000000000000650 id: 1329 at time: 1017.48
Processed event: VehicleArriveIntersectionEvent, vehicle_id: 10, road_id: 1000000000000000650 id: 1329
processing event: VehicleArriveIntersectionEvent, vehicle_id: 5, road_id: 1000000000000001232 id: 1295 at time: 1017.75
Processed event: VehicleArriveIntersectionEvent, vehicle_id: 5, road_id: 1000000000000001232 id: 1295
processing event: VehicleEnterNewRoadEvent, vehicle_id: 12, road_id: 1000000000000000364 id: 1327 at time: 1018.04
Processed event: VehicleEnterNewRoadEvent, vehicle_id: 12, road_id: 1000000000000000364 id: 1327
processing event: VehicleDepartureEvent, vehicle_id: 12, road_id: 1000000000000000364, offset: 0.000000 id: 1332 at time: 1018.04
Processed event: VehicleDepartureEvent, vehicle_id: 12, road_id: 1000000000000000364, offset: 0.000000 id: 1332
processing event: VehicleEnterNewRoadEvent, vehicle_id: 10, road_id: 1000000000000000649 id: 1330 at time: 1019.28
Processed event: VehicleEnterNewRoadEvent, vehicle_id: 10, road_id: 1000000000000000649 id: 1330
processing event: VehicleDepartureEvent, vehicle_id: 10, road_id: 1000000000000000649, offset: 0.000000 id: 1334 at time: 1019.28
Processed event: VehicleDepartureEvent, vehicle_id: 10, road_id: 1000000000000000649, offset: 0.000000 id: 1334
processing event: VehicleEnterNewRoadEvent, vehicle_id: 5, road_id: 1000000000000001234 id: 1331 at time: 1019.55
Processed event: VehicleEnterNewRoadEvent, vehicle_id: 5, road_id: 1000000000000001234 id: 1331
processing event: VehicleDepartureEvent, vehicle_id: 5, road_id: 1000000000000001234, offset: 0.000000 id: 1336 at time: 1019.55
Processed event: VehicleDepartureEvent, vehicle_id: 5, road_id: 1000000000000001234, offset: 0.000000 id: 1336
processing event: VehicleArriveIntersectionEvent, vehicle_id: 20, road_id: 1000000000000000259 id: 1245 at time: 1019.57
Processed event: VehicleArriveIntersectionEvent, vehicle_id: 20, road_id: 1000000000000000259 id: 1245
Simulator::runFor: now_ = 1019.57 target = 1020
[progress] simulator time = 1020 / 3600
processing event: VehicleEnterNewRoadEvent, vehicle_id: 20, road_id: 1000000000000000260 id: 1338 at time: 1021.37
Processed event: VehicleEnterNewRoadEvent, vehicle_id: 20, road_id: 1000000000000000260 id: 1338
processing event: VehicleDepartureEvent, vehicle_id: 20, road_id: 1000000000000000260, offset: 0.000000 id: 1339 at time: 1021.37
Processed event: VehicleDepartureEvent, vehicle_id: 20, road_id: 1000000000000000260, offset: 0.000000 id: 1339
processing event: VehicleArriveIntersectionEvent, vehicle_id: 5, road_id: 1000000000000001234 id: 1337 at time: 1021.71
Processed event: VehicleArriveIntersectionEvent, vehicle_id: 5, road_id: 1000000000000001234 id: 1337
processing event: VehicleEnterNewRoadEvent, vehicle_id: 5, road_id: 1000000000000001242 id: 1341 at time: 1023.51
Processed event: VehicleEnterNewRoadEvent, vehicle_id: 5, road_id: 1000000000000001242 id: 1341
processing event: VehicleDepartureEvent, vehicle_id: 5, road_id: 1000000000000001242, offset: 0.000000 id: 1342 at time: 1023.51
Processed event: VehicleDepartureEvent, vehicle_id: 5, road_id: 1000000000000001242, offset: 0.000000 id: 1342
processing event: VehicleArriveIntersectionEvent, vehicle_id: 5, road_id: 1000000000000001242 id: 1343 at time: 1024.41
Processed event: VehicleArriveIntersectionEvent, vehicle_id: 5, road_id: 1000000000000001242 id: 1343
processing event: VehicleArriveIntersectionEvent, vehicle_id: 10, road_id: 1000000000000000649 id: 1335 at time: 1024.5
Processed event: VehicleArriveIntersectionEvent, vehicle_id: 10, road_id: 1000000000000000649 id: 1335
processing event: VehicleEnterNewRoadEvent, vehicle_id: 5, road_id: 1000000000000001027 id: 1344 at time: 1026.21
Processed event: VehicleEnterNewRoadEvent, vehicle_id: 5, road_id: 1000000000000001027 id: 1344
processing event: VehicleDepartureEvent, vehicle_id: 5, road_id: 1000000000000001027, offset: 0.000000 id: 1346 at time: 1026.21
Processed event: VehicleDepartureEvent, vehicle_id: 5, road_id: 1000000000000001027, offset: 0.000000 id: 1346
processing event: VehicleEnterNewRoadEvent, vehicle_id: 10, road_id: 1000000000000000371 id: 1345 at time: 1026.3
Processed event: VehicleEnterNewRoadEvent, vehicle_id: 10, road_id: 1000000000000000371 id: 1345
processing event: VehicleDepartureEvent, vehicle_id: 10, road_id: 1000000000000000371, offset: 0.000000 id: 1348 at time: 1026.3
Processed event: VehicleDepartureEvent, vehicle_id: 10, road_id: 1000000000000000371, offset: 0.000000 id: 1348
processing event: BusArrivalEvent, vehicle_id: 12, stop_id: 263 id: 1333 at time: 1028.14
Processed event: BusArrivalEvent, vehicle_id: 12, stop_id: 263 id: 1333
processing event: PassengerOnboardEvent, passenger_id: 14 id: 1350 at time: 1028.14
Processed event: PassengerOnboardEvent, passenger_id: 14 id: 1350
processing event: BusArrivalEvent, vehicle_id: 6, stop_id: 55 id: 1320 at time: 1028.16
Processed event: BusArrivalEvent, vehicle_id: 6, stop_id: 55 id: 1320
processing event: PassengerOnboardEvent, passenger_id: 6 id: 1352 at time: 1028.16
Processed event: PassengerOnboardEvent, passenger_id: 6 id: 1352
processing event: PassengerRouteStartEvent, passenger_id: 20, route_id: 1 id: 19 at time: 1029
Processed event: PassengerRouteStartEvent, passenger_id: 20, route_id: 1 id: 19
processing event: OrderCreatedEvent, order_id: 20, available_pickups: 209 , available_dropoffs: 27 , passenger_id: 20, route_id: 1, passenger_num: 0 id: 1354 at time: 1029
Processed event: OrderCreatedEvent, order_id: 20, available_pickups: 209 , available_dropoffs: 27 , passenger_id: 20, route_id: 1, passenger_num: 3 id: 1354
Simulator::runFor: now_ = 1029 target = 1030
[progress] simulator time = 1030 / 3600
processing event: OrderMatchedEvent, order_id: 20, vehicle_id: 7 id: 1355 at time: 1030
Processed event: OrderMatchedEvent, order_id: 20, vehicle_id: 7 id: 1355
processing event: PassengerArrivalEvent, passenger_id: 20 id: 1357 at time: 1030
Processed event: PassengerArrivalEvent, passenger_id: 20 id: 1357
processing event: VehicleDepartureEvent, vehicle_id: 12, road_id: 1000000000000000364, offset: 56.150000 id: 1351 at time: 1033.14
Processed event: VehicleDepartureEvent, vehicle_id: 12, road_id: 1000000000000000364, offset: 56.150000 id: 1351
processing event: VehicleDepartureEvent, vehicle_id: 6, road_id: 1000000000000000587, offset: 96.950000 id: 1353 at time: 1033.16
Processed event: VehicleDepartureEvent, vehicle_id: 6, road_id: 1000000000000000587, offset: 96.950000 id: 1353
processing event: VehicleArriveIntersectionEvent, vehicle_id: 2, road_id: 1000000000000000406 id: 1285 at time: 1033.36
Processed event: VehicleArriveIntersectionEvent, vehicle_id: 2, road_id: 1000000000000000406 id: 1285
processing event: VehicleArriveIntersectionEvent, vehicle_id: 1, road_id: 1000000000000000327 id: 1288 at time: 1033.95
Processed event: VehicleArriveIntersectionEvent, vehicle_id: 1, road_id: 1000000000000000327 id: 1288
processing event: VehicleEnterNewRoadEvent, vehicle_id: 2, road_id: 1000000000000000625 id: 1360 at time: 1035.16
Processed event: VehicleEnterNewRoadEvent, vehicle_id: 2, road_id: 1000000000000000625 id: 1360
processing event: VehicleDepartureEvent, vehicle_id: 2, road_id: 1000000000000000625, offset: 0.000000 id: 1362 at time: 1035.16
Processed event: VehicleDepartureEvent, vehicle_id: 2, road_id: 1000000000000000625, offset: 0.000000 id: 1362
processing event: VehicleEnterNewRoadEvent, vehicle_id: 1, road_id: 1000000000000000192 id: 1361 at time: 1035.75
Processed event: VehicleEnterNewRoadEvent, vehicle_id: 1, road_id: 1000000000000000192 id: 1361
processing event: VehicleDepartureEvent, vehicle_id: 1, road_id: 1000000000000000192, offset: 0.000000 id: 1364 at time: 1035.75
Processed event: VehicleDepartureEvent, vehicle_id: 1, road_id: 1000000000000000192, offset: 0.000000 id: 1364
processing event: VehicleArriveIntersectionEvent, vehicle_id: 2, road_id: 1000000000000000625 id: 1363 at time: 1039.3
Processed event: VehicleArriveIntersectionEvent, vehicle_id: 2, road_id: 1000000000000000625 id: 1363
Simulator::runFor: now_ = 1039.3 target = 1040
[progress] simulator time = 1040 / 3600
processing event: VehicleEnterNewRoadEvent, vehicle_id: 2, road_id: 1000000000000000617 id: 1366 at time: 1041.1
Processed event: VehicleEnterNewRoadEvent, vehicle_id: 2, road_id: 1000000000000000617 id: 1366
processing event: VehicleDepartureEvent, vehicle_id: 2, road_id: 1000000000000000617, offset: 0.000000 id: 1367 at time: 1041.1
Processed event: VehicleDepartureEvent, vehicle_id: 2, road_id: 1000000000000000617, offset: 0.000000 id: 1367
processing event: VehicleArriveIntersectionEvent, vehicle_id: 17, road_id: 1000000000000000632 id: 1315 at time: 1044.32
Processed event: VehicleArriveIntersectionEvent, vehicle_id: 17, road_id: 1000000000000000632 id: 1315
processing event: VehicleEnterNewRoadEvent, vehicle_id: 17, road_id: 1000000000000000053 id: 1369 at time: 1046.12
Processed event: VehicleEnterNewRoadEvent, vehicle_id: 17, road_id: 1000000000000000053 id: 1369
processing event: VehicleDepartureEvent, vehicle_id: 17, road_id: 1000000000000000053, offset: 0.000000 id: 1370 at time: 1046.12
Processed event: VehicleDepartureEvent, vehicle_id: 17, road_id: 1000000000000000053, offset: 0.000000 id: 1370
processing event: BusArrivalEvent, vehicle_id: 20, stop_id: 161 id: 1340 at time: 1046.43
Processed event: BusArrivalEvent, vehicle_id: 20, stop_id: 161 id: 1340
processing event: PassengerRouteEndEvent, passenger_id: 3, route_id: 1 id: 1372 at time: 1046.43
Passenger 3 finished all routes
Processed event: PassengerRouteEndEvent, passenger_id: 3, route_id: 1 id: 1372
processing event: PassengerDropoffEvent, passenger_id: 3 id: 1373 at time: 1046.43
Processed event: PassengerDropoffEvent, passenger_id: 3 id: 1373
processing event: OrderFinishedEvent, order_id: 3 id: 1374 at time: 1046.43
Processed event: OrderFinishedEvent, order_id: 3 id: 1374
processing event: BusArrivalEvent, vehicle_id: 15, stop_id: 75 id: 1323 at time: 1049.08
Processed event: BusArrivalEvent, vehicle_id: 15, stop_id: 75 id: 1323
processing event: PassengerOnboardEvent, passenger_id: 8 id: 1375 at time: 1049.08
Processed event: PassengerOnboardEvent, passenger_id: 8 id: 1375
Simulator::runFor: now_ = 1049.08 target = 1050
[progress] simulator time = 1050 / 3600
processing event: VehicleArriveIntersectionEvent, vehicle_id: 6, road_id: 1000000000000000587 id: 1359 at time: 1053.87
Processed event: VehicleArriveIntersectionEvent, vehicle_id: 6, road_id: 1000000000000000587 id: 1359
processing event: VehicleDepartureEvent, vehicle_id: 15, road_id: 1000000000000000583, offset: 209.420000 id: 1376 at time: 1054.08
Processed event: VehicleDepartureEvent, vehicle_id: 15, road_id: 1000000000000000583, offset: 209.420000 id: 1376
processing event: VehicleArriveIntersectionEvent, vehicle_id: 3, road_id: 1000000000000000482 id: 1272 at time: 1055.59
Processed event: VehicleArriveIntersectionEvent, vehicle_id: 3, road_id: 1000000000000000482 id: 1272
processing event: VehicleEnterNewRoadEvent, vehicle_id: 6, road_id: 1000000000000000172 id: 1377 at time: 1055.67
Processed event: VehicleEnterNewRoadEvent, vehicle_id: 6, road_id: 1000000000000000172 id: 1377
processing event: VehicleDepartureEvent, vehicle_id: 6, road_id: 1000000000000000172, offset: 0.000000 id: 1380 at time: 1055.67
Processed event: VehicleDepartureEvent, vehicle_id: 6, road_id: 1000000000000000172, offset: 0.000000 id: 1380
processing event: VehicleEnterNewRoadEvent, vehicle_id: 3, road_id: 1000000000000000190 id: 1379 at time: 1057.4
Processed event: VehicleEnterNewRoadEvent, vehicle_id: 3, road_id: 1000000000000000190 id: 1379
processing event: VehicleDepartureEvent, vehicle_id: 3, road_id: 1000000000000000190, offset: 0.000000 id: 1382 at time: 1057.4
Processed event: VehicleDepartureEvent, vehicle_id: 3, road_id: 1000000000000000190, offset: 0.000000 id: 1382
Simulator::runFor: now_ = 1057.4 target = 1060
[progress] simulator time = 1060 / 3600
processing event: PassengerRouteStartEvent, passenger_id: 21, route_id: 1 id: 20 at time: 1068
Processed event: PassengerRouteStartEvent, passenger_id: 21, route_id: 1 id: 20
processing event: OrderCreatedEvent, order_id: 21, available_pickups: 277 , available_dropoffs: 134 , passenger_id: 21, route_id: 1, passenger_num: 0 id: 1384 at time: 1068
Processed event: OrderCreatedEvent, order_id: 21, available_pickups: 277 , available_dropoffs: 134 , passenger_id: 21, route_id: 1, passenger_num: 2 id: 1384
Simulator::runFor: now_ = 1068 target = 1070
[progress] simulator time = 1070 / 3600
processing event: OrderMatchedEvent, order_id: 21, vehicle_id: 13 id: 1385 at time: 1070
Processed event: OrderMatchedEvent, order_id: 21, vehicle_id: 13 id: 1385
processing event: VehicleDepartureEvent, vehicle_id: 13, road_id: 1000000000000000187, offset: 106.670000 id: 1386 at time: 1070
Processed event: VehicleDepartureEvent, vehicle_id: 13, road_id: 1000000000000000187, offset: 106.670000 id: 1386
processing event: PassengerArrivalEvent, passenger_id: 21 id: 1387 at time: 1070
Processed event: PassengerArrivalEvent, passenger_id: 21 id: 1387
processing event: VehicleArriveIntersectionEvent, vehicle_id: 5, road_id: 1000000000000001027 id: 1347 at time: 1071.4
Processed event: VehicleArriveIntersectionEvent, vehicle_id: 5, road_id: 1000000000000001027 id: 1347
processing event: VehicleArriveIntersectionEvent, vehicle_id: 12, road_id: 1000000000000000364 id: 1358 at time: 1071.82
Processed event: VehicleArriveIntersectionEvent, vehicle_id: 12, road_id: 1000000000000000364 id: 1358
processing event: VehicleEnterNewRoadEvent, vehicle_id: 5, road_id: 1000000000000001026 id: 1389 at time: 1073.2
Processed event: VehicleEnterNewRoadEvent, vehicle_id: 5, road_id: 1000000000000001026 id: 1389
processing event: VehicleDepartureEvent, vehicle_id: 5, road_id: 1000000000000001026, offset: 0.000000 id: 1391 at time: 1073.2
Processed event: VehicleDepartureEvent, vehicle_id: 5, road_id: 1000000000000001026, offset: 0.000000 id: 1391
processing event: VehicleEnterNewRoadEvent, vehicle_id: 12, road_id: 1000000000000000366 id: 1390 at time: 1073.62
Processed event: VehicleEnterNewRoadEvent, vehicle_id: 12, road_id: 1000000000000000366 id: 1390
processing event: VehicleDepartureEvent, vehicle_id: 12, road_id: 1000000000000000366, offset: 0.000000 id: 1393 at time: 1073.62
Processed event: VehicleDepartureEvent, vehicle_id: 12, road_id: 1000000000000000366, offset: 0.000000 id: 1393
processing event: VehicleArriveIntersectionEvent, vehicle_id: 2, road_id: 1000000000000000617 id: 1368 at time: 1074.05
Processed event: VehicleArriveIntersectionEvent, vehicle_id: 2, road_id: 1000000000000000617 id: 1368
processing event: VehicleEnterNewRoadEvent, vehicle_id: 2, road_id: 1000000000000000619 id: 1395 at time: 1075.85
Processed event: VehicleEnterNewRoadEvent, vehicle_id: 2, road_id: 1000000000000000619 id: 1395
processing event: VehicleDepartureEvent, vehicle_id: 2, road_id: 1000000000000000619, offset: 0.000000 id: 1396 at time: 1075.85
Processed event: VehicleDepartureEvent, vehicle_id: 2, road_id: 1000000000000000619, offset: 0.000000 id: 1396
processing event: VehicleArriveIntersectionEvent, vehicle_id: 6, road_id: 1000000000000000172 id: 1381 at time: 1077.45
Processed event: VehicleArriveIntersectionEvent, vehicle_id: 6, road_id: 1000000000000000172 id: 1381
processing event: VehicleArriveIntersectionEvent, vehicle_id: 15, road_id: 1000000000000000583 id: 1378 at time: 1079.21
Processed event: VehicleArriveIntersectionEvent, vehicle_id: 15, road_id: 1000000000000000583 id: 1378
processing event: VehicleEnterNewRoadEvent, vehicle_id: 6, road_id: 1000000000000000598 id: 1398 at time: 1079.25
Processed event: VehicleEnterNewRoadEvent, vehicle_id: 6, road_id: 1000000000000000598 id: 1398
processing event: VehicleDepartureEvent, vehicle_id: 6, road_id: 1000000000000000598, offset: 0.000000 id: 1400 at time: 1079.25
Processed event: VehicleDepartureEvent, vehicle_id: 6, road_id: 1000000000000000598, offset: 0.000000 id: 1400
Simulator::runFor: now_ = 1079.25 target = 1080
[progress] simulator time = 1080 / 3600
processing event: VehicleEnterNewRoadEvent, vehicle_id: 15, road_id: 1000000000000000706 id: 1399 at time: 1081.01
Processed event: VehicleEnterNewRoadEvent, vehicle_id: 15, road_id: 1000000000000000706 id: 1399
processing event: VehicleDepartureEvent, vehicle_id: 15, road_id: 1000000000000000706, offset: 0.000000 id: 1402 at time: 1081.01
Processed event: VehicleDepartureEvent, vehicle_id: 15, road_id: 1000000000000000706, offset: 0.000000 id: 1402
processing event: VehicleArriveIntersectionEvent, vehicle_id: 15, road_id: 1000000000000000706 id: 1403 at time: 1087.49
Processed event: VehicleArriveIntersectionEvent, vehicle_id: 15, road_id: 1000000000000000706 id: 1403
processing event: VehicleArriveIntersectionEvent, vehicle_id: 10, road_id: 1000000000000000371 id: 1349 at time: 1087.51
Processed event: VehicleArriveIntersectionEvent, vehicle_id: 10, road_id: 1000000000000000371 id: 1349
processing event: VehicleEnterNewRoadEvent, vehicle_id: 15, road_id: 1000000000000000704 id: 1404 at time: 1089.29
Processed event: VehicleEnterNewRoadEvent, vehicle_id: 15, road_id: 1000000000000000704 id: 1404
processing event: VehicleDepartureEvent, vehicle_id: 15, road_id: 1000000000000000704, offset: 0.000000 id: 1406 at time: 1089.29
Processed event: VehicleDepartureEvent, vehicle_id: 15, road_id: 1000000000000000704, offset: 0.000000 id: 1406
processing event: VehicleEnterNewRoadEvent, vehicle_id: 10, road_id: 1000000000000000619 id: 1405 at time: 1089.31
Processed event: VehicleEnterNewRoadEvent, vehicle_id: 10, road_id: 1000000000000000619 id: 1405
processing event: VehicleDepartureEvent, vehicle_id: 10, road_id: 1000000000000000619, offset: 0.000000 id: 1408 at time: 1089.31
Processed event: VehicleDepartureEvent, vehicle_id: 10, road_id: 1000000000000000619, offset: 0.000000 id: 1408
Simulator::runFor: now_ = 1089.31 target = 1090
[progress] simulator time = 1090 / 3600
processing event: VehicleArriveIntersectionEvent, vehicle_id: 15, road_id: 1000000000000000704 id: 1407 at time: 1093.07
Processed event: VehicleArriveIntersectionEvent, vehicle_id: 15, road_id: 1000000000000000704 id: 1407
processing event: VehicleEnterNewRoadEvent, vehicle_id: 15, road_id: 1000000000000000541 id: 1410 at time: 1094.87
Processed event: VehicleEnterNewRoadEvent, vehicle_id: 15, road_id: 1000000000000000541 id: 1410
processing event: VehicleDepartureEvent, vehicle_id: 15, road_id: 1000000000000000541, offset: 0.000000 id: 1411 at time: 1094.87
Processed event: VehicleDepartureEvent, vehicle_id: 15, road_id: 1000000000000000541, offset: 0.000000 id: 1411
processing event: VehicleArriveIntersectionEvent, vehicle_id: 3, road_id: 1000000000000000190 id: 1383 at time: 1095.74
Processed event: VehicleArriveIntersectionEvent, vehicle_id: 3, road_id: 1000000000000000190 id: 1383
processing event: VehicleArriveIntersectionEvent, vehicle_id: 6, road_id: 1000000000000000598 id: 1401 at time: 1096.18
Processed event: VehicleArriveIntersectionEvent, vehicle_id: 6, road_id: 1000000000000000598 id: 1401
Event is not valid: VehicleArriveIntersectionEvent, vehicle_id: 7, road_id: 1000000000000000243 id: 1310 at time: 1097.07
processing event: VehicleArriveIntersectionEvent, vehicle_id: 7, road_id: 1000000000000000243 id: 1356 at time: 1097.07
Processed event: VehicleArriveIntersectionEvent, vehicle_id: 7, road_id: 1000000000000000243 id: 1356
processing event: VehicleEnterNewRoadEvent, vehicle_id: 3, road_id: 1000000000000000191 id: 1413 at time: 1097.54
Processed event: VehicleEnterNewRoadEvent, vehicle_id: 3, road_id: 1000000000000000191 id: 1413
processing event: VehicleDepartureEvent, vehicle_id: 3, road_id: 1000000000000000191, offset: 0.000000 id: 1416 at time: 1097.54
Processed event: VehicleDepartureEvent, vehicle_id: 3, road_id: 1000000000000000191, offset: 0.000000 id: 1416
processing event: VehicleEnterNewRoadEvent, vehicle_id: 6, road_id: 1000000000000000599 id: 1414 at time: 1097.98
Processed event: VehicleEnterNewRoadEvent, vehicle_id: 6, road_id: 1000000000000000599 id: 1414
processing event: VehicleDepartureEvent, vehicle_id: 6, road_id: 1000000000000000599, offset: 0.000000 id: 1418 at time: 1097.98
Processed event: VehicleDepartureEvent, vehicle_id: 6, road_id: 1000000000000000599, offset: 0.000000 id: 1418
processing event: PassengerRouteStartEvent, passenger_id: 22, route_id: 1 id: 21 at time: 1098
Processed event: PassengerRouteStartEvent, passenger_id: 22, route_id: 1 id: 21
processing event: OrderCreatedEvent, order_id: 22, available_pickups: 126 , available_dropoffs: 72 , passenger_id: 22, route_id: 1, passenger_num: 0 id: 1420 at time: 1098
Processed event: OrderCreatedEvent, order_id: 22, available_pickups: 126 , available_dropoffs: 72 , passenger_id: 22, route_id: 1, passenger_num: 2 id: 1420
processing event: VehicleEnterNewRoadEvent, vehicle_id: 7, road_id: 1000000000000000244 id: 1415 at time: 1098.87
Processed event: VehicleEnterNewRoadEvent, vehicle_id: 7, road_id: 1000000000000000244 id: 1415
processing event: VehicleDepartureEvent, vehicle_id: 7, road_id: 1000000000000000244, offset: 0.000000 id: 1421 at time: 1098.87
Processed event: VehicleDepartureEvent, vehicle_id: 7, road_id: 1000000000000000244, offset: 0.000000 id: 1421
Simulator::runFor: now_ = 1098.87 target = 1100
[progress] simulator time = 1100 / 3600
processing event: OrderMatchedEvent, order_id: 22, vehicle_id: 11 id: 1423 at time: 1100
Processed event: OrderMatchedEvent, order_id: 22, vehicle_id: 11 id: 1423
processing event: PassengerArrivalEvent, passenger_id: 22 id: 1425 at time: 1100
Processed event: PassengerArrivalEvent, passenger_id: 22 id: 1425
processing event: VehicleArriveIntersectionEvent, vehicle_id: 5, road_id: 1000000000000001026 id: 1392 at time: 1101.82
Processed event: VehicleArriveIntersectionEvent, vehicle_id: 5, road_id: 1000000000000001026 id: 1392
processing event: VehicleEnterNewRoadEvent, vehicle_id: 5, road_id: 1000000000000000012 id: 1426 at time: 1103.62
Processed event: VehicleEnterNewRoadEvent, vehicle_id: 5, road_id: 1000000000000000012 id: 1426
processing event: VehicleDepartureEvent, vehicle_id: 5, road_id: 1000000000000000012, offset: 0.000000 id: 1427 at time: 1103.62
Processed event: VehicleDepartureEvent, vehicle_id: 5, road_id: 1000000000000000012, offset: 0.000000 id: 1427
Event is not valid: VehicleArriveIntersectionEvent, vehicle_id: 11, road_id: 1000000000000000478 id: 1325 at time: 1106.09
processing event: VehicleArriveIntersectionEvent, vehicle_id: 11, road_id: 1000000000000000478 id: 1424 at time: 1106.09
Processed event: VehicleArriveIntersectionEvent, vehicle_id: 11, road_id: 1000000000000000478 id: 1424
processing event: BusArrivalEvent, vehicle_id: 5, stop_id: 195 id: 1428 at time: 1107.21
Processed event: BusArrivalEvent, vehicle_id: 5, stop_id: 195 id: 1428
processing event: PassengerOnboardEvent, passenger_id: 10 id: 1430 at time: 1107.21
Processed event: PassengerOnboardEvent, passenger_id: 10 id: 1430
processing event: VehicleEnterNewRoadEvent, vehicle_id: 11, road_id: 1000000000000000853 id: 1429 at time: 1107.89
Processed event: VehicleEnterNewRoadEvent, vehicle_id: 11, road_id: 1000000000000000853 id: 1429
processing event: VehicleDepartureEvent, vehicle_id: 11, road_id: 1000000000000000853, offset: 0.000000 id: 1432 at time: 1107.89
Processed event: VehicleDepartureEvent, vehicle_id: 11, road_id: 1000000000000000853, offset: 0.000000 id: 1432
Simulator::runFor: now_ = 1107.89 target = 1110
[progress] simulator time = 1110 / 3600
processing event: VehicleArriveIntersectionEvent, vehicle_id: 15, road_id: 1000000000000000541 id: 1412 at time: 1112.15
Processed event: VehicleArriveIntersectionEvent, vehicle_id: 15, road_id: 1000000000000000541 id: 1412
processing event: VehicleDepartureEvent, vehicle_id: 5, road_id: 1000000000000000012, offset: 19.960000 id: 1431 at time: 1112.21
Processed event: VehicleDepartureEvent, vehicle_id: 5, road_id: 1000000000000000012, offset: 19.960000 id: 1431
processing event: VehicleEnterNewRoadEvent, vehicle_id: 15, road_id: 1000000000000000542 id: 1434 at time: 1113.95
Processed event: VehicleEnterNewRoadEvent, vehicle_id: 15, road_id: 1000000000000000542 id: 1434
processing event: VehicleDepartureEvent, vehicle_id: 15, road_id: 1000000000000000542, offset: 0.000000 id: 1436 at time: 1113.95
Processed event: VehicleDepartureEvent, vehicle_id: 15, road_id: 1000000000000000542, offset: 0.000000 id: 1436
processing event: VehicleArriveIntersectionEvent, vehicle_id: 6, road_id: 1000000000000000599 id: 1419 at time: 1119.94
Processed event: VehicleArriveIntersectionEvent, vehicle_id: 6, road_id: 1000000000000000599 id: 1419
Simulator::runFor: now_ = 1119.94 target = 1120
[progress] simulator time = 1120 / 3600
processing event: VehicleEnterNewRoadEvent, vehicle_id: 6, road_id: 1000000000000000601 id: 1438 at time: 1121.74
Processed event: VehicleEnterNewRoadEvent, vehicle_id: 6, road_id: 1000000000000000601 id: 1438
processing event: VehicleDepartureEvent, vehicle_id: 6, road_id: 1000000000000000601, offset: 0.000000 id: 1439 at time: 1121.74
Processed event: VehicleDepartureEvent, vehicle_id: 6, road_id: 1000000000000000601, offset: 0.000000 id: 1439
processing event: VehicleArriveIntersectionEvent, vehicle_id: 17, road_id: 1000000000000000053 id: 1371 at time: 1122.27
Processed event: VehicleArriveIntersectionEvent, vehicle_id: 17, road_id: 1000000000000000053 id: 1371
Event is not valid: VehicleArriveIntersectionEvent, vehicle_id: 2, road_id: 1000000000000000619 id: 1397 at time: 1123.37
processing event: VehicleArriveIntersectionEvent, vehicle_id: 2, road_id: 1000000000000000619 id: 1409 at time: 1123.37
Processed event: VehicleArriveIntersectionEvent, vehicle_id: 2, road_id: 1000000000000000619 id: 1409
processing event: VehicleEnterNewRoadEvent, vehicle_id: 17, road_id: 1000000000000000698 id: 1441 at time: 1124.07
Processed event: VehicleEnterNewRoadEvent, vehicle_id: 17, road_id: 1000000000000000698 id: 1441
processing event: VehicleDepartureEvent, vehicle_id: 17, road_id: 1000000000000000698, offset: 0.000000 id: 1444 at time: 1124.07
Processed event: VehicleDepartureEvent, vehicle_id: 17, road_id: 1000000000000000698, offset: 0.000000 id: 1444
processing event: PassengerRouteStartEvent, passenger_id: 23, route_id: 1 id: 22 at time: 1125
Processed event: PassengerRouteStartEvent, passenger_id: 23, route_id: 1 id: 22
processing event: PassengerRouteStartEvent, passenger_id: 24, route_id: 1 id: 23 at time: 1125
Processed event: PassengerRouteStartEvent, passenger_id: 24, route_id: 1 id: 23
processing event: OrderCreatedEvent, order_id: 23, available_pickups: 185 , available_dropoffs: 42 , passenger_id: 23, route_id: 1, passenger_num: 0 id: 1446 at time: 1125
Processed event: OrderCreatedEvent, order_id: 23, available_pickups: 185 , available_dropoffs: 42 , passenger_id: 23, route_id: 1, passenger_num: 2 id: 1446
processing event: OrderCreatedEvent, order_id: 24, available_pickups: 223 , available_dropoffs: 183 , passenger_id: 24, route_id: 1, passenger_num: 0 id: 1447 at time: 1125
Processed event: OrderCreatedEvent, order_id: 24, available_pickups: 223 , available_dropoffs: 183 , passenger_id: 24, route_id: 1, passenger_num: 3 id: 1447
processing event: VehicleEnterNewRoadEvent, vehicle_id: 2, road_id: 1000000000000001138 id: 1442 at time: 1125.17
Processed event: VehicleEnterNewRoadEvent, vehicle_id: 2, road_id: 1000000000000001138 id: 1442
processing event: VehicleDepartureEvent, vehicle_id: 2, road_id: 1000000000000001138, offset: 0.000000 id: 1449 at time: 1125.17
Processed event: VehicleDepartureEvent, vehicle_id: 2, road_id: 1000000000000001138, offset: 0.000000 id: 1449
processing event: PassengerRouteStartEvent, passenger_id: 25, route_id: 1 id: 24 at time: 1127
Processed event: PassengerRouteStartEvent, passenger_id: 25, route_id: 1 id: 24
processing event: OrderCreatedEvent, order_id: 25, available_pickups: 201 , available_dropoffs: 138 , passenger_id: 25, route_id: 1, passenger_num: 0 id: 1451 at time: 1127
Processed event: OrderCreatedEvent, order_id: 25, available_pickups: 201 , available_dropoffs: 138 , passenger_id: 25, route_id: 1, passenger_num: 2 id: 1451
Simulator::runFor: now_ = 1127 target = 1130
[progress] simulator time = 1130 / 3600
processing event: OrderMatchedEvent, order_id: 24, vehicle_id: 18 id: 1452 at time: 1130
Processed event: OrderMatchedEvent, order_id: 24, vehicle_id: 18 id: 1452
processing event: VehicleDepartureEvent, vehicle_id: 18, road_id: 1000000000000000584, offset: 133.440000 id: 1453 at time: 1130
Processed event: VehicleDepartureEvent, vehicle_id: 18, road_id: 1000000000000000584, offset: 133.440000 id: 1453
processing event: OrderMatchedEvent, order_id: 23, vehicle_id: 15 id: 1454 at time: 1130
Processed event: OrderMatchedEvent, order_id: 23, vehicle_id: 15 id: 1454
processing event: OrderMatchedEvent, order_id: 25, vehicle_id: 4 id: 1456 at time: 1130
Processed event: OrderMatchedEvent, order_id: 25, vehicle_id: 4 id: 1456
processing event: VehicleDepartureEvent, vehicle_id: 4, road_id: 1000000000000000188, offset: 382.230000 id: 1457 at time: 1130
Processed event: VehicleDepartureEvent, vehicle_id: 4, road_id: 1000000000000000188, offset: 382.230000 id: 1457
processing event: PassengerArrivalEvent, passenger_id: 24 id: 1458 at time: 1130
Processed event: PassengerArrivalEvent, passenger_id: 24 id: 1458
processing event: PassengerArrivalEvent, passenger_id: 23 id: 1460 at time: 1130
Processed event: PassengerArrivalEvent, passenger_id: 23 id: 1460
processing event: PassengerArrivalEvent, passenger_id: 25 id: 1461 at time: 1130
Processed event: PassengerArrivalEvent, passenger_id: 25 id: 1461
processing event: PassengerRouteStartEvent, passenger_id: 26, route_id: 1 id: 25 at time: 1131
Processed event: PassengerRouteStartEvent, passenger_id: 26, route_id: 1 id: 25
processing event: OrderCreatedEvent, order_id: 26, available_pickups: 188 , available_dropoffs: 59 , passenger_id: 26, route_id: 1, passenger_num: 0 id: 1463 at time: 1131
Processed event: OrderCreatedEvent, order_id: 26, available_pickups: 188 , available_dropoffs: 59 , passenger_id: 26, route_id: 1, passenger_num: 2 id: 1463
processing event: VehicleArriveIntersectionEvent, vehicle_id: 18, road_id: 1000000000000000584 id: 1459 at time: 1132.26
Processed event: VehicleArriveIntersectionEvent, vehicle_id: 18, road_id: 1000000000000000584 id: 1459
processing event: VehicleEnterNewRoadEvent, vehicle_id: 18, road_id: 1000000000000001210 id: 1464 at time: 1134.06
Processed event: VehicleEnterNewRoadEvent, vehicle_id: 18, road_id: 1000000000000001210 id: 1464
processing event: VehicleDepartureEvent, vehicle_id: 18, road_id: 1000000000000001210, offset: 0.000000 id: 1465 at time: 1134.06
Processed event: VehicleDepartureEvent, vehicle_id: 18, road_id: 1000000000000001210, offset: 0.000000 id: 1465
Event is not valid: VehicleCheckPointEvent, vehicle_id: 10 id: 1443 at time: 1135.39
processing event: VehicleArriveIntersectionEvent, vehicle_id: 10, road_id: 1000000000000000619 id: 1448 at time: 1136.83
Processed event: VehicleArriveIntersectionEvent, vehicle_id: 10, road_id: 1000000000000000619 id: 1448
processing event: VehicleArriveIntersectionEvent, vehicle_id: 5, road_id: 1000000000000000012 id: 1435 at time: 1137.24
Processed event: VehicleArriveIntersectionEvent, vehicle_id: 5, road_id: 1000000000000000012 id: 1435
processing event: VehicleArriveIntersectionEvent, vehicle_id: 1, road_id: 1000000000000000192 id: 1365 at time: 1137.64
Processed event: VehicleArriveIntersectionEvent, vehicle_id: 1, road_id: 1000000000000000192 id: 1365
processing event: VehicleEnterNewRoadEvent, vehicle_id: 10, road_id: 1000000000000000620 id: 1467 at time: 1138.63
Processed event: VehicleEnterNewRoadEvent, vehicle_id: 10, road_id: 1000000000000000620 id: 1467
processing event: VehicleDepartureEvent, vehicle_id: 10, road_id: 1000000000000000620, offset: 0.000000 id: 1470 at time: 1138.63
Processed event: VehicleDepartureEvent, vehicle_id: 10, road_id: 1000000000000000620, offset: 0.000000 id: 1470
processing event: VehicleEnterNewRoadEvent, vehicle_id: 5, road_id: 1000000000000001026 id: 1468 at time: 1139.04
Processed event: VehicleEnterNewRoadEvent, vehicle_id: 5, road_id: 1000000000000001026 id: 1468
processing event: VehicleDepartureEvent, vehicle_id: 5, road_id: 1000000000000001026, offset: 0.000000 id: 1472 at time: 1139.04
Processed event: VehicleDepartureEvent, vehicle_id: 5, road_id: 1000000000000001026, offset: 0.000000 id: 1472
Event is not valid: VehicleArriveIntersectionEvent, vehicle_id: 15, road_id: 1000000000000000542 id: 1437 at time: 1139.33
processing event: VehicleArriveIntersectionEvent, vehicle_id: 15, road_id: 1000000000000000542 id: 1455 at time: 1139.33
Processed event: VehicleArriveIntersectionEvent, vehicle_id: 15, road_id: 1000000000000000542 id: 1455
processing event: VehicleEnterNewRoadEvent, vehicle_id: 1, road_id: 1000000000000000193 id: 1469 at time: 1139.44
Processed event: VehicleEnterNewRoadEvent, vehicle_id: 1, road_id: 1000000000000000193 id: 1469
processing event: VehicleDepartureEvent, vehicle_id: 1, road_id: 1000000000000000193, offset: 0.000000 id: 1475 at time: 1139.44
Processed event: VehicleDepartureEvent, vehicle_id: 1, road_id: 1000000000000000193, offset: 0.000000 id: 1475
Simulator::runFor: now_ = 1139.44 target = 1140
[progress] simulator time = 1140 / 3600
processing event: OrderMatchedEvent, order_id: 26, vehicle_id: 7 id: 1477 at time: 1140
Processed event: OrderMatchedEvent, order_id: 26, vehicle_id: 7 id: 1477
processing event: PassengerArrivalEvent, passenger_id: 26 id: 1479 at time: 1140
Processed event: PassengerArrivalEvent, passenger_id: 26 id: 1479
processing event: VehicleEnterNewRoadEvent, vehicle_id: 15, road_id: 1000000000000000144 id: 1474 at time: 1141.13
Processed event: VehicleEnterNewRoadEvent, vehicle_id: 15, road_id: 1000000000000000144 id: 1474
processing event: VehicleDepartureEvent, vehicle_id: 15, road_id: 1000000000000000144, offset: 0.000000 id: 1480 at time: 1141.13
Processed event: VehicleDepartureEvent, vehicle_id: 15, road_id: 1000000000000000144, offset: 0.000000 id: 1480
processing event: VehicleArriveIntersectionEvent, vehicle_id: 17, road_id: 1000000000000000698 id: 1445 at time: 1141.71
Processed event: VehicleArriveIntersectionEvent, vehicle_id: 17, road_id: 1000000000000000698 id: 1445
processing event: VehicleArriveIntersectionEvent, vehicle_id: 6, road_id: 1000000000000000601 id: 1440 at time: 1143.34
Processed event: VehicleArriveIntersectionEvent, vehicle_id: 6, road_id: 1000000000000000601 id: 1440
processing event: VehicleEnterNewRoadEvent, vehicle_id: 17, road_id: 1000000000000000699 id: 1482 at time: 1143.51
Processed event: VehicleEnterNewRoadEvent, vehicle_id: 17, road_id: 1000000000000000699 id: 1482
processing event: VehicleDepartureEvent, vehicle_id: 17, road_id: 1000000000000000699, offset: 0.000000 id: 1484 at time: 1143.51
Processed event: VehicleDepartureEvent, vehicle_id: 17, road_id: 1000000000000000699, offset: 0.000000 id: 1484
processing event: VehicleEnterNewRoadEvent, vehicle_id: 6, road_id: 1000000000000000602 id: 1483 at time: 1145.14
Processed event: VehicleEnterNewRoadEvent, vehicle_id: 6, road_id: 1000000000000000602 id: 1483
processing event: VehicleDepartureEvent, vehicle_id: 6, road_id: 1000000000000000602, offset: 0.000000 id: 1486 at time: 1145.14
Processed event: VehicleDepartureEvent, vehicle_id: 6, road_id: 1000000000000000602, offset: 0.000000 id: 1486
processing event: VehicleArriveIntersectionEvent, vehicle_id: 13, road_id: 1000000000000000187 id: 1388 at time: 1145.31
Processed event: VehicleArriveIntersectionEvent, vehicle_id: 13, road_id: 1000000000000000187 id: 1388
processing event: VehicleEnterNewRoadEvent, vehicle_id: 13, road_id: 1000000000000001062 id: 1488 at time: 1147.11
Processed event: VehicleEnterNewRoadEvent, vehicle_id: 13, road_id: 1000000000000001062 id: 1488
processing event: VehicleDepartureEvent, vehicle_id: 13, road_id: 1000000000000001062, offset: 0.000000 id: 1489 at time: 1147.11
Processed event: VehicleDepartureEvent, vehicle_id: 13, road_id: 1000000000000001062, offset: 0.000000 id: 1489
Simulator::runFor: now_ = 1147.11 target = 1150
[progress] simulator time = 1150 / 3600
processing event: PassengerRouteStartEvent, passenger_id: 27, route_id: 1 id: 26 at time: 1151
Processed event: PassengerRouteStartEvent, passenger_id: 27, route_id: 1 id: 26
processing event: OrderCreatedEvent, order_id: 27, available_pickups: 251 , available_dropoffs: 126 , passenger_id: 27, route_id: 1, passenger_num: 0 id: 1491 at time: 1151
Processed event: OrderCreatedEvent, order_id: 27, available_pickups: 251 , available_dropoffs: 126 , passenger_id: 27, route_id: 1, passenger_num: 3 id: 1491
processing event: VehicleArriveIntersectionEvent, vehicle_id: 12, road_id: 1000000000000000366 id: 1394 at time: 1152.83
Processed event: VehicleArriveIntersectionEvent, vehicle_id: 12, road_id: 1000000000000000366 id: 1394
processing event: VehicleArriveIntersectionEvent, vehicle_id: 3, road_id: 1000000000000000191 id: 1417 at time: 1153.7
Processed event: VehicleArriveIntersectionEvent, vehicle_id: 3, road_id: 1000000000000000191 id: 1417
processing event: VehicleArriveIntersectionEvent, vehicle_id: 17, road_id: 1000000000000000699 id: 1485 at time: 1153.77
Processed event: VehicleArriveIntersectionEvent, vehicle_id: 17, road_id: 1000000000000000699 id: 1485
processing event: VehicleEnterNewRoadEvent, vehicle_id: 12, road_id: 1000000000000000052 id: 1492 at time: 1154.63
Processed event: VehicleEnterNewRoadEvent, vehicle_id: 12, road_id: 1000000000000000052 id: 1492
processing event: VehicleDepartureEvent, vehicle_id: 12, road_id: 1000000000000000052, offset: 0.000000 id: 1495 at time: 1154.63
Processed event: VehicleDepartureEvent, vehicle_id: 12, road_id: 1000000000000000052, offset: 0.000000 id: 1495
processing event: VehicleEnterNewRoadEvent, vehicle_id: 3, road_id: 1000000000000000192 id: 1493 at time: 1155.5
Processed event: VehicleEnterNewRoadEvent, vehicle_id: 3, road_id: 1000000000000000192 id: 1493
processing event: VehicleDepartureEvent, vehicle_id: 3, road_id: 1000000000000000192, offset: 0.000000 id: 1497 at time: 1155.5
Processed event: VehicleDepartureEvent, vehicle_id: 3, road_id: 1000000000000000192, offset: 0.000000 id: 1497
processing event: VehicleEnterNewRoadEvent, vehicle_id: 17, road_id: 1000000000000000051 id: 1494 at time: 1155.57
Processed event: VehicleEnterNewRoadEvent, vehicle_id: 17, road_id: 1000000000000000051 id: 1494
processing event: VehicleDepartureEvent, vehicle_id: 17, road_id: 1000000000000000051, offset: 0.000000 id: 1499 at time: 1155.57
Processed event: VehicleDepartureEvent, vehicle_id: 17, road_id: 1000000000000000051, offset: 0.000000 id: 1499
Event is not valid: VehicleArriveIntersectionEvent, vehicle_id: 7, road_id: 1000000000000000244 id: 1422 at time: 1157.74
processing event: VehicleArriveIntersectionEvent, vehicle_id: 7, road_id: 1000000000000000244 id: 1478 at time: 1157.74
Processed event: VehicleArriveIntersectionEvent, vehicle_id: 7, road_id: 1000000000000000244 id: 1478
processing event: VehicleEnterNewRoadEvent, vehicle_id: 7, road_id: 1000000000000000245 id: 1501 at time: 1159.54
Processed event: VehicleEnterNewRoadEvent, vehicle_id: 7, road_id: 1000000000000000245 id: 1501
processing event: VehicleDepartureEvent, vehicle_id: 7, road_id: 1000000000000000245, offset: 0.000000 id: 1502 at time: 1159.54
Processed event: VehicleDepartureEvent, vehicle_id: 7, road_id: 1000000000000000245, offset: 0.000000 id: 1502
Simulator::runFor: now_ = 1159.54 target = 1160
[progress] simulator time = 1160 / 3600
processing event: OrderMatchedEvent, order_id: 27, vehicle_id: 15 id: 1504 at time: 1160
Processed event: OrderMatchedEvent, order_id: 27, vehicle_id: 15 id: 1504
processing event: PassengerArrivalEvent, passenger_id: 27 id: 1506 at time: 1160
Processed event: PassengerArrivalEvent, passenger_id: 27 id: 1506
processing event: VehicleArriveIntersectionEvent, vehicle_id: 2, road_id: 1000000000000001138 id: 1450 at time: 1160.27
Processed event: VehicleArriveIntersectionEvent, vehicle_id: 2, road_id: 1000000000000001138 id: 1450
processing event: VehicleArriveIntersectionEvent, vehicle_id: 18, road_id: 1000000000000001210 id: 1466 at time: 1160.34
Processed event: VehicleArriveIntersectionEvent, vehicle_id: 18, road_id: 1000000000000001210 id: 1466
processing event: VehicleArriveIntersectionEvent, vehicle_id: 4, road_id: 1000000000000000188 id: 1462 at time: 1160.74
Processed event: VehicleArriveIntersectionEvent, vehicle_id: 4, road_id: 1000000000000000188 id: 1462
processing event: VehicleEnterNewRoadEvent, vehicle_id: 2, road_id: 1000000000000000585 id: 1507 at time: 1162.07
Processed event: VehicleEnterNewRoadEvent, vehicle_id: 2, road_id: 1000000000000000585 id: 1507
processing event: VehicleDepartureEvent, vehicle_id: 2, road_id: 1000000000000000585, offset: 0.000000 id: 1510 at time: 1162.07
Processed event: VehicleDepartureEvent, vehicle_id: 2, road_id: 1000000000000000585, offset: 0.000000 id: 1510
processing event: VehicleEnterNewRoadEvent, vehicle_id: 18, road_id: 1000000000000001211 id: 1508 at time: 1162.14
Processed event: VehicleEnterNewRoadEvent, vehicle_id: 18, road_id: 1000000000000001211 id: 1508
processing event: VehicleDepartureEvent, vehicle_id: 18, road_id: 1000000000000001211, offset: 0.000000 id: 1512 at time: 1162.14
Processed event: VehicleDepartureEvent, vehicle_id: 18, road_id: 1000000000000001211, offset: 0.000000 id: 1512
processing event: VehicleEnterNewRoadEvent, vehicle_id: 4, road_id: 1000000000000000074 id: 1509 at time: 1162.54
Processed event: VehicleEnterNewRoadEvent, vehicle_id: 4, road_id: 1000000000000000074 id: 1509
processing event: VehicleDepartureEvent, vehicle_id: 4, road_id: 1000000000000000074, offset: 0.000000 id: 1514 at time: 1162.54
Processed event: VehicleDepartureEvent, vehicle_id: 4, road_id: 1000000000000000074, offset: 0.000000 id: 1514
processing event: VehicleArriveIntersectionEvent, vehicle_id: 10, road_id: 1000000000000000620 id: 1471 at time: 1166.35
Processed event: VehicleArriveIntersectionEvent, vehicle_id: 10, road_id: 1000000000000000620 id: 1471
processing event: VehicleArriveIntersectionEvent, vehicle_id: 5, road_id: 1000000000000001026 id: 1473 at time: 1167.67
Processed event: VehicleArriveIntersectionEvent, vehicle_id: 5, road_id: 1000000000000001026 id: 1473
processing event: VehicleEnterNewRoadEvent, vehicle_id: 10, road_id: 1000000000000000621 id: 1516 at time: 1168.15
Processed event: VehicleEnterNewRoadEvent, vehicle_id: 10, road_id: 1000000000000000621 id: 1516
processing event: VehicleDepartureEvent, vehicle_id: 10, road_id: 1000000000000000621, offset: 0.000000 id: 1518 at time: 1168.15
Processed event: VehicleDepartureEvent, vehicle_id: 10, road_id: 1000000000000000621, offset: 0.000000 id: 1518
processing event: VehicleArriveIntersectionEvent, vehicle_id: 18, road_id: 1000000000000001211 id: 1513 at time: 1168.26
Processed event: VehicleArriveIntersectionEvent, vehicle_id: 18, road_id: 1000000000000001211 id: 1513
processing event: VehicleEnterNewRoadEvent, vehicle_id: 5, road_id: 1000000000000001025 id: 1517 at time: 1169.47
Processed event: VehicleEnterNewRoadEvent, vehicle_id: 5, road_id: 1000000000000001025 id: 1517
processing event: VehicleDepartureEvent, vehicle_id: 5, road_id: 1000000000000001025, offset: 0.000000 id: 1521 at time: 1169.47
Processed event: VehicleDepartureEvent, vehicle_id: 5, road_id: 1000000000000001025, offset: 0.000000 id: 1521
Simulator::runFor: now_ = 1169.47 target = 1170
[progress] simulator time = 1170 / 3600
processing event: VehicleEnterNewRoadEvent, vehicle_id: 18, road_id: 1000000000000001188 id: 1520 at time: 1170.06
Processed event: VehicleEnterNewRoadEvent, vehicle_id: 18, road_id: 1000000000000001188 id: 1520
processing event: VehicleDepartureEvent, vehicle_id: 18, road_id: 1000000000000001188, offset: 0.000000 id: 1523 at time: 1170.06
Processed event: VehicleDepartureEvent, vehicle_id: 18, road_id: 1000000000000001188, offset: 0.000000 id: 1523
processing event: VehicleArriveIntersectionEvent, vehicle_id: 11, road_id: 1000000000000000853 id: 1433 at time: 1171.98
Processed event: VehicleArriveIntersectionEvent, vehicle_id: 11, road_id: 1000000000000000853 id: 1433
processing event: VehicleArriveIntersectionEvent, vehicle_id: 6, road_id: 1000000000000000602 id: 1487 at time: 1173.22
Processed event: VehicleArriveIntersectionEvent, vehicle_id: 6, road_id: 1000000000000000602 id: 1487
processing event: VehicleEnterNewRoadEvent, vehicle_id: 11, road_id: 1000000000000000854 id: 1525 at time: 1173.78
Processed event: VehicleEnterNewRoadEvent, vehicle_id: 11, road_id: 1000000000000000854 id: 1525
processing event: VehicleDepartureEvent, vehicle_id: 11, road_id: 1000000000000000854, offset: 0.000000 id: 1527 at time: 1173.78
Processed event: VehicleDepartureEvent, vehicle_id: 11, road_id: 1000000000000000854, offset: 0.000000 id: 1527
processing event: PassengerRouteStartEvent, passenger_id: 28, route_id: 1 id: 27 at time: 1174
Processed event: PassengerRouteStartEvent, passenger_id: 28, route_id: 1 id: 27
processing event: OrderCreatedEvent, order_id: 28, available_pickups: 185 , available_dropoffs: 237 , passenger_id: 28, route_id: 1, passenger_num: 0 id: 1529 at time: 1174
Processed event: OrderCreatedEvent, order_id: 28, available_pickups: 185 , available_dropoffs: 237 , passenger_id: 28, route_id: 1, passenger_num: 2 id: 1529
processing event: VehicleArriveIntersectionEvent, vehicle_id: 18, road_id: 1000000000000001188 id: 1524 at time: 1174.39
Processed event: VehicleArriveIntersectionEvent, vehicle_id: 18, road_id: 1000000000000001188 id: 1524
processing event: VehicleEnterNewRoadEvent, vehicle_id: 6, road_id: 1000000000000000603 id: 1526 at time: 1175.02
Processed event: VehicleEnterNewRoadEvent, vehicle_id: 6, road_id: 1000000000000000603 id: 1526
processing event: VehicleDepartureEvent, vehicle_id: 6, road_id: 1000000000000000603, offset: 0.000000 id: 1531 at time: 1175.02
Processed event: VehicleDepartureEvent, vehicle_id: 6, road_id: 1000000000000000603, offset: 0.000000 id: 1531
processing event: VehicleEnterNewRoadEvent, vehicle_id: 18, road_id: 1000000000000001056 id: 1530 at time: 1176.19
Processed event: VehicleEnterNewRoadEvent, vehicle_id: 18, road_id: 1000000000000001056 id: 1530
processing event: VehicleDepartureEvent, vehicle_id: 18, road_id: 1000000000000001056, offset: 0.000000 id: 1533 at time: 1176.19
Processed event: VehicleDepartureEvent, vehicle_id: 18, road_id: 1000000000000001056, offset: 0.000000 id: 1533
processing event: VehicleArriveIntersectionEvent, vehicle_id: 17, road_id: 1000000000000000051 id: 1500 at time: 1178.43
Processed event: VehicleArriveIntersectionEvent, vehicle_id: 17, road_id: 1000000000000000051 id: 1500
Simulator::runFor: now_ = 1178.43 target = 1180
[progress] simulator time = 1180 / 3600
processing event: OrderMatchedEvent, order_id: 28, vehicle_id: 9 id: 1536 at time: 1180
Processed event: OrderMatchedEvent, order_id: 28, vehicle_id: 9 id: 1536
processing event: VehicleDepartureEvent, vehicle_id: 9, road_id: 1000000000000000107, offset: 160.740000 id: 1537 at time: 1180
Processed event: VehicleDepartureEvent, vehicle_id: 9, road_id: 1000000000000000107, offset: 160.740000 id: 1537
processing event: PassengerArrivalEvent, passenger_id: 28 id: 1538 at time: 1180
Processed event: PassengerArrivalEvent, passenger_id: 28 id: 1538
processing event: VehicleEnterNewRoadEvent, vehicle_id: 17, road_id: 1000000000000000339 id: 1535 at time: 1180.23
Processed event: VehicleEnterNewRoadEvent, vehicle_id: 17, road_id: 1000000000000000339 id: 1535
processing event: VehicleDepartureEvent, vehicle_id: 17, road_id: 1000000000000000339, offset: 0.000000 id: 1540 at time: 1180.23
Processed event: VehicleDepartureEvent, vehicle_id: 17, road_id: 1000000000000000339, offset: 0.000000 id: 1540
processing event: VehicleArriveIntersectionEvent, vehicle_id: 18, road_id: 1000000000000001056 id: 1534 at time: 1180.33
Processed event: VehicleArriveIntersectionEvent, vehicle_id: 18, road_id: 1000000000000001056 id: 1534
processing event: VehicleEnterNewRoadEvent, vehicle_id: 18, road_id: 1000000000000001055 id: 1542 at time: 1182.13
Processed event: VehicleEnterNewRoadEvent, vehicle_id: 18, road_id: 1000000000000001055 id: 1542
processing event: VehicleDepartureEvent, vehicle_id: 18, road_id: 1000000000000001055, offset: 0.000000 id: 1543 at time: 1182.13
Processed event: VehicleDepartureEvent, vehicle_id: 18, road_id: 1000000000000001055, offset: 0.000000 id: 1543
processing event: BusArrivalEvent, vehicle_id: 2, stop_id: 222 id: 1511 at time: 1188.15
Processed event: BusArrivalEvent, vehicle_id: 2, stop_id: 222 id: 1511
processing event: PassengerOnboardEvent, passenger_id: 5 id: 1545 at time: 1188.15
Processed event: PassengerOnboardEvent, passenger_id: 5 id: 1545
Simulator::runFor: now_ = 1188.15 target = 1190
[progress] simulator time = 1190 / 3600
processing event: VehicleArriveIntersectionEvent, vehicle_id: 10, road_id: 1000000000000000621 id: 1519 at time: 1190.48
Processed event: VehicleArriveIntersectionEvent, vehicle_id: 10, road_id: 1000000000000000621 id: 1519
processing event: VehicleEnterNewRoadEvent, vehicle_id: 10, road_id: 1000000000000000571 id: 1547 at time: 1192.28
Processed event: VehicleEnterNewRoadEvent, vehicle_id: 10, road_id: 1000000000000000571 id: 1547
processing event: VehicleDepartureEvent, vehicle_id: 10, road_id: 1000000000000000571, offset: 0.000000 id: 1548 at time: 1192.28
Processed event: VehicleDepartureEvent, vehicle_id: 10, road_id: 1000000000000000571, offset: 0.000000 id: 1548
processing event: VehicleDepartureEvent, vehicle_id: 2, road_id: 1000000000000000585, offset: 144.870000 id: 1546 at time: 1193.15
Processed event: VehicleDepartureEvent, vehicle_id: 2, road_id: 1000000000000000585, offset: 144.870000 id: 1546
processing event: VehicleArriveIntersectionEvent, vehicle_id: 5, road_id: 1000000000000001025 id: 1522 at time: 1197.19
Processed event: VehicleArriveIntersectionEvent, vehicle_id: 5, road_id: 1000000000000001025 id: 1522
processing event: VehicleEnterNewRoadEvent, vehicle_id: 5, road_id: 1000000000000001024 id: 1551 at time: 1198.99
Processed event: VehicleEnterNewRoadEvent, vehicle_id: 5, road_id: 1000000000000001024 id: 1551
processing event: VehicleDepartureEvent, vehicle_id: 5, road_id: 1000000000000001024, offset: 0.000000 id: 1552 at time: 1198.99
Processed event: VehicleDepartureEvent, vehicle_id: 5, road_id: 1000000000000001024, offset: 0.000000 id: 1552
processing event: VehicleArriveIntersectionEvent, vehicle_id: 7, road_id: 1000000000000000245 id: 1503 at time: 1199.68
Processed event: VehicleArriveIntersectionEvent, vehicle_id: 7, road_id: 1000000000000000245 id: 1503
processing event: VehicleArriveIntersectionEvent, vehicle_id: 1, road_id: 1000000000000000193 id: 1476 at time: 1199.93
Processed event: VehicleArriveIntersectionEvent, vehicle_id: 1, road_id: 1000000000000000193 id: 1476
Simulator::runFor: now_ = 1199.93 target = 1200
[progress] simulator time = 1200 / 3600
processing event: VehicleEnterNewRoadEvent, vehicle_id: 7, road_id: 1000000000000000037 id: 1554 at time: 1201.48
Processed event: VehicleEnterNewRoadEvent, vehicle_id: 7, road_id: 1000000000000000037 id: 1554
processing event: VehicleDepartureEvent, vehicle_id: 7, road_id: 1000000000000000037, offset: 0.000000 id: 1556 at time: 1201.48
Processed event: VehicleDepartureEvent, vehicle_id: 7, road_id: 1000000000000000037, offset: 0.000000 id: 1556
processing event: VehicleEnterNewRoadEvent, vehicle_id: 1, road_id: 1000000000000000334 id: 1555 at time: 1201.73
Processed event: VehicleEnterNewRoadEvent, vehicle_id: 1, road_id: 1000000000000000334 id: 1555
processing event: VehicleDepartureEvent, vehicle_id: 1, road_id: 1000000000000000334, offset: 0.000000 id: 1558 at time: 1201.73
Processed event: VehicleDepartureEvent, vehicle_id: 1, road_id: 1000000000000000334, offset: 0.000000 id: 1558
processing event: VehicleArriveIntersectionEvent, vehicle_id: 2, road_id: 1000000000000000585 id: 1550 at time: 1202.18
Processed event: VehicleArriveIntersectionEvent, vehicle_id: 2, road_id: 1000000000000000585 id: 1550
processing event: VehicleEnterNewRoadEvent, vehicle_id: 2, road_id: 1000000000000000587 id: 1560 at time: 1203.98
Processed event: VehicleEnterNewRoadEvent, vehicle_id: 2, road_id: 1000000000000000587 id: 1560
processing event: VehicleDepartureEvent, vehicle_id: 2, road_id: 1000000000000000587, offset: 0.000000 id: 1561 at time: 1203.98
Processed event: VehicleDepartureEvent, vehicle_id: 2, road_id: 1000000000000000587, offset: 0.000000 id: 1561
processing event: VehicleArriveIntersectionEvent, vehicle_id: 12, road_id: 1000000000000000052 id: 1496 at time: 1204.67
Processed event: VehicleArriveIntersectionEvent, vehicle_id: 12, road_id: 1000000000000000052 id: 1496
processing event: VehicleArriveIntersectionEvent, vehicle_id: 1, road_id: 1000000000000000334 id: 1559 at time: 1206.41
Processed event: VehicleArriveIntersectionEvent, vehicle_id: 1, road_id: 1000000000000000334 id: 1559
processing event: VehicleEnterNewRoadEvent, vehicle_id: 12, road_id: 1000000000000000053 id: 1563 at time: 1206.47
Processed event: VehicleEnterNewRoadEvent, vehicle_id: 12, road_id: 1000000000000000053 id: 1563
processing event: VehicleDepartureEvent, vehicle_id: 12, road_id: 1000000000000000053, offset: 0.000000 id: 1565 at time: 1206.47
Processed event: VehicleDepartureEvent, vehicle_id: 12, road_id: 1000000000000000053, offset: 0.000000 id: 1565
processing event: VehicleEnterNewRoadEvent, vehicle_id: 1, road_id: 1000000000000000089 id: 1564 at time: 1208.21
Processed event: VehicleEnterNewRoadEvent, vehicle_id: 1, road_id: 1000000000000000089 id: 1564
processing event: VehicleDepartureEvent, vehicle_id: 1, road_id: 1000000000000000089, offset: 0.000000 id: 1567 at time: 1208.21
Processed event: VehicleDepartureEvent, vehicle_id: 1, road_id: 1000000000000000089, offset: 0.000000 id: 1567
Simulator::runFor: now_ = 1208.21 target = 1210
[progress] simulator time = 1210 / 3600
processing event: VehicleArriveIntersectionEvent, vehicle_id: 6, road_id: 1000000000000000603 id: 1532 at time: 1211.93
Processed event: VehicleArriveIntersectionEvent, vehicle_id: 6, road_id: 1000000000000000603 id: 1532
processing event: VehicleArriveIntersectionEvent, vehicle_id: 18, road_id: 1000000000000001055 id: 1544 at time: 1213.63
Processed event: VehicleArriveIntersectionEvent, vehicle_id: 18, road_id: 1000000000000001055 id: 1544
processing event: VehicleEnterNewRoadEvent, vehicle_id: 6, road_id: 1000000000000000512 id: 1569 at time: 1213.73
Processed event: VehicleEnterNewRoadEvent, vehicle_id: 6, road_id: 1000000000000000512 id: 1569
processing event: VehicleDepartureEvent, vehicle_id: 6, road_id: 1000000000000000512, offset: 0.000000 id: 1571 at time: 1213.73
Processed event: VehicleDepartureEvent, vehicle_id: 6, road_id: 1000000000000000512, offset: 0.000000 id: 1571
processing event: VehicleEnterNewRoadEvent, vehicle_id: 18, road_id: 1000000000000000078 id: 1570 at time: 1215.43
Processed event: VehicleEnterNewRoadEvent, vehicle_id: 18, road_id: 1000000000000000078 id: 1570
processing event: VehicleDepartureEvent, vehicle_id: 18, road_id: 1000000000000000078, offset: 0.000000 id: 1573 at time: 1215.43
Processed event: VehicleDepartureEvent, vehicle_id: 18, road_id: 1000000000000000078, offset: 0.000000 id: 1573
processing event: VehicleArriveIntersectionEvent, vehicle_id: 10, road_id: 1000000000000000571 id: 1549 at time: 1216.4
Processed event: VehicleArriveIntersectionEvent, vehicle_id: 10, road_id: 1000000000000000571 id: 1549
processing event: VehicleEnterNewRoadEvent, vehicle_id: 10, road_id: 1000000000000000601 id: 1575 at time: 1218.2
Processed event: VehicleEnterNewRoadEvent, vehicle_id: 10, road_id: 1000000000000000601 id: 1575
processing event: VehicleDepartureEvent, vehicle_id: 10, road_id: 1000000000000000601, offset: 0.000000 id: 1576 at time: 1218.2
Processed event: VehicleDepartureEvent, vehicle_id: 10, road_id: 1000000000000000601, offset: 0.000000 id: 1576
processing event: VehicleArriveIntersectionEvent, vehicle_id: 4, road_id: 1000000000000000074 id: 1515 at time: 1219.25
Processed event: VehicleArriveIntersectionEvent, vehicle_id: 4, road_id: 1000000000000000074 id: 1515
Simulator::runFor: now_ = 1219.25 target = 1220
[progress] simulator time = 1220 / 3600
processing event: VehicleEnterNewRoadEvent, vehicle_id: 4, road_id: 1000000000000000701 id: 1578 at time: 1221.05
Processed event: VehicleEnterNewRoadEvent, vehicle_id: 4, road_id: 1000000000000000701 id: 1578
processing event: VehicleDepartureEvent, vehicle_id: 4, road_id: 1000000000000000701, offset: 0.000000 id: 1579 at time: 1221.05
Processed event: VehicleDepartureEvent, vehicle_id: 4, road_id: 1000000000000000701, offset: 0.000000 id: 1579
processing event: VehicleArriveIntersectionEvent, vehicle_id: 11, road_id: 1000000000000000854 id: 1528 at time: 1222.02
Processed event: VehicleArriveIntersectionEvent, vehicle_id: 11, road_id: 1000000000000000854 id: 1528
Event is not valid: VehicleArriveIntersectionEvent, vehicle_id: 15, road_id: 1000000000000000144 id: 1481 at time: 1222.14
processing event: VehicleArriveIntersectionEvent, vehicle_id: 15, road_id: 1000000000000000144 id: 1505 at time: 1222.14
Processed event: VehicleArriveIntersectionEvent, vehicle_id: 15, road_id: 1000000000000000144 id: 1505
processing event: VehicleArriveIntersectionEvent, vehicle_id: 5, road_id: 1000000000000001024 id: 1553 at time: 1222.21
Processed event: VehicleArriveIntersectionEvent, vehicle_id: 5, road_id: 1000000000000001024 id: 1553
processing event: VehicleArriveIntersectionEvent, vehicle_id: 9, road_id: 1000000000000000107 id: 1539 at time: 1222.53
Processed event: VehicleArriveIntersectionEvent, vehicle_id: 9, road_id: 1000000000000000107 id: 1539
processing event: VehicleEnterNewRoadEvent, vehicle_id: 11, road_id: 1000000000000000299 id: 1581 at time: 1223.82
Processed event: VehicleEnterNewRoadEvent, vehicle_id: 11, road_id: 1000000000000000299 id: 1581
processing event: VehicleDepartureEvent, vehicle_id: 11, road_id: 1000000000000000299, offset: 0.000000 id: 1585 at time: 1223.82
Processed event: VehicleDepartureEvent, vehicle_id: 11, road_id: 1000000000000000299, offset: 0.000000 id: 1585
processing event: VehicleEnterNewRoadEvent, vehicle_id: 15, road_id: 1000000000000000146 id: 1582 at time: 1223.94
Processed event: VehicleEnterNewRoadEvent, vehicle_id: 15, road_id: 1000000000000000146 id: 1582
processing event: VehicleDepartureEvent, vehicle_id: 15, road_id: 1000000000000000146, offset: 0.000000 id: 1587 at time: 1223.94
Processed event: VehicleDepartureEvent, vehicle_id: 15, road_id: 1000000000000000146, offset: 0.000000 id: 1587
processing event: VehicleEnterNewRoadEvent, vehicle_id: 5, road_id: 1000000000000000767 id: 1583 at time: 1224.01
Processed event: VehicleEnterNewRoadEvent, vehicle_id: 5, road_id: 1000000000000000767 id: 1583
processing event: VehicleDepartureEvent, vehicle_id: 5, road_id: 1000000000000000767, offset: 0.000000 id: 1589 at time: 1224.01
Processed event: VehicleDepartureEvent, vehicle_id: 5, road_id: 1000000000000000767, offset: 0.000000 id: 1589
processing event: VehicleEnterNewRoadEvent, vehicle_id: 9, road_id: 1000000000000000478 id: 1584 at time: 1224.33
Processed event: VehicleEnterNewRoadEvent, vehicle_id: 9, road_id: 1000000000000000478 id: 1584
processing event: VehicleDepartureEvent, vehicle_id: 9, road_id: 1000000000000000478, offset: 0.000000 id: 1591 at time: 1224.33
Processed event: VehicleDepartureEvent, vehicle_id: 9, road_id: 1000000000000000478, offset: 0.000000 id: 1591
processing event: VehicleArriveIntersectionEvent, vehicle_id: 6, road_id: 1000000000000000512 id: 1572 at time: 1225.79
Processed event: VehicleArriveIntersectionEvent, vehicle_id: 6, road_id: 1000000000000000512 id: 1572
processing event: VehicleEnterNewRoadEvent, vehicle_id: 6, road_id: 1000000000000000513 id: 1593 at time: 1227.59
Processed event: VehicleEnterNewRoadEvent, vehicle_id: 6, road_id: 1000000000000000513 id: 1593
processing event: VehicleDepartureEvent, vehicle_id: 6, road_id: 1000000000000000513, offset: 0.000000 id: 1594 at time: 1227.59
Processed event: VehicleDepartureEvent, vehicle_id: 6, road_id: 1000000000000000513, offset: 0.000000 id: 1594
processing event: VehicleArriveIntersectionEvent, vehicle_id: 4, road_id: 1000000000000000701 id: 1580 at time: 1229.51
Processed event: VehicleArriveIntersectionEvent, vehicle_id: 4, road_id: 1000000000000000701 id: 1580
Simulator::runFor: now_ = 1229.51 target = 1230
[progress] simulator time = 1230 / 3600
processing event: VehicleEnterNewRoadEvent, vehicle_id: 4, road_id: 1000000000000000700 id: 1596 at time: 1231.31
Processed event: VehicleEnterNewRoadEvent, vehicle_id: 4, road_id: 1000000000000000700 id: 1596
processing event: VehicleDepartureEvent, vehicle_id: 4, road_id: 1000000000000000700, offset: 0.000000 id: 1597 at time: 1231.31
Processed event: VehicleDepartureEvent, vehicle_id: 4, road_id: 1000000000000000700, offset: 0.000000 id: 1597
processing event: VehicleArriveIntersectionEvent, vehicle_id: 18, road_id: 1000000000000000078 id: 1574 at time: 1236.67
Processed event: VehicleArriveIntersectionEvent, vehicle_id: 18, road_id: 1000000000000000078 id: 1574
processing event: VehicleEnterNewRoadEvent, vehicle_id: 18, road_id: 1000000000000000727 id: 1599 at time: 1238.47
Processed event: VehicleEnterNewRoadEvent, vehicle_id: 18, road_id: 1000000000000000727 id: 1599
processing event: VehicleDepartureEvent, vehicle_id: 18, road_id: 1000000000000000727, offset: 0.000000 id: 1600 at time: 1238.47
Processed event: VehicleDepartureEvent, vehicle_id: 18, road_id: 1000000000000000727, offset: 0.000000 id: 1600
processing event: BusArrivalEvent, vehicle_id: 6, stop_id: 36 id: 1595 at time: 1238.85
Processed event: BusArrivalEvent, vehicle_id: 6, stop_id: 36 id: 1595
processing event: PassengerRouteEndEvent, passenger_id: 6, route_id: 1 id: 1602 at time: 1238.85
Passenger 6 finished all routes
Processed event: PassengerRouteEndEvent, passenger_id: 6, route_id: 1 id: 1602
processing event: PassengerDropoffEvent, passenger_id: 6 id: 1603 at time: 1238.85
Processed event: PassengerDropoffEvent, passenger_id: 6 id: 1603
processing event: OrderFinishedEvent, order_id: 6 id: 1604 at time: 1238.85
Processed event: OrderFinishedEvent, order_id: 6 id: 1604
processing event: VehicleArriveIntersectionEvent, vehicle_id: 18, road_id: 1000000000000000727 id: 1601 at time: 1239.73
Processed event: VehicleArriveIntersectionEvent, vehicle_id: 18, road_id: 1000000000000000727 id: 1601
processing event: VehicleArriveIntersectionEvent, vehicle_id: 10, road_id: 1000000000000000601 id: 1577 at time: 1239.8
Processed event: VehicleArriveIntersectionEvent, vehicle_id: 10, road_id: 1000000000000000601 id: 1577
Simulator::runFor: now_ = 1239.8 target = 1240
[progress] simulator time = 1240 / 3600
processing event: VehicleEnterNewRoadEvent, vehicle_id: 18, road_id: 1000000000000000725 id: 1605 at time: 1241.53
Processed event: VehicleEnterNewRoadEvent, vehicle_id: 18, road_id: 1000000000000000725 id: 1605
processing event: VehicleDepartureEvent, vehicle_id: 18, road_id: 1000000000000000725, offset: 0.000000 id: 1607 at time: 1241.53
Processed event: VehicleDepartureEvent, vehicle_id: 18, road_id: 1000000000000000725, offset: 0.000000 id: 1607
processing event: VehicleEnterNewRoadEvent, vehicle_id: 10, road_id: 1000000000000000602 id: 1606 at time: 1241.6
Processed event: VehicleEnterNewRoadEvent, vehicle_id: 10, road_id: 1000000000000000602 id: 1606
processing event: VehicleDepartureEvent, vehicle_id: 10, road_id: 1000000000000000602, offset: 0.000000 id: 1609 at time: 1241.6
Processed event: VehicleDepartureEvent, vehicle_id: 10, road_id: 1000000000000000602, offset: 0.000000 id: 1609
processing event: VehicleArriveIntersectionEvent, vehicle_id: 13, road_id: 1000000000000001062 id: 1490 at time: 1241.62
Processed event: VehicleArriveIntersectionEvent, vehicle_id: 13, road_id: 1000000000000001062 id: 1490
processing event: VehicleArriveIntersectionEvent, vehicle_id: 2, road_id: 1000000000000000587 id: 1562 at time: 1242.14
Processed event: VehicleArriveIntersectionEvent, vehicle_id: 2, road_id: 1000000000000000587 id: 1562
processing event: VehicleEnterNewRoadEvent, vehicle_id: 13, road_id: 1000000000000000854 id: 1611 at time: 1243.42
Processed event: VehicleEnterNewRoadEvent, vehicle_id: 13, road_id: 1000000000000000854 id: 1611
processing event: VehicleDepartureEvent, vehicle_id: 13, road_id: 1000000000000000854, offset: 0.000000 id: 1613 at time: 1243.42
Processed event: VehicleDepartureEvent, vehicle_id: 13, road_id: 1000000000000000854, offset: 0.000000 id: 1613
processing event: VehicleEnterNewRoadEvent, vehicle_id: 2, road_id: 1000000000000001059 id: 1612 at time: 1243.94
Processed event: VehicleEnterNewRoadEvent, vehicle_id: 2, road_id: 1000000000000001059 id: 1612
processing event: VehicleDepartureEvent, vehicle_id: 2, road_id: 1000000000000001059, offset: 0.000000 id: 1615 at time: 1243.94
Processed event: VehicleDepartureEvent, vehicle_id: 2, road_id: 1000000000000001059, offset: 0.000000 id: 1615
processing event: VehicleArriveIntersectionEvent, vehicle_id: 7, road_id: 1000000000000000037 id: 1557 at time: 1243.97
Processed event: VehicleArriveIntersectionEvent, vehicle_id: 7, road_id: 1000000000000000037 id: 1557
processing event: PassengerRouteStartEvent, passenger_id: 29, route_id: 1 id: 28 at time: 1244
Processed event: PassengerRouteStartEvent, passenger_id: 29, route_id: 1 id: 28
processing event: OrderCreatedEvent, order_id: 29, available_pickups: 97 , available_dropoffs: 292 , passenger_id: 29, route_id: 1, passenger_num: 0 id: 1618 at time: 1244
Processed event: OrderCreatedEvent, order_id: 29, available_pickups: 97 , available_dropoffs: 292 , passenger_id: 29, route_id: 1, passenger_num: 2 id: 1618
processing event: VehicleEnterNewRoadEvent, vehicle_id: 7, road_id: 1000000000000000038 id: 1617 at time: 1245.77
Processed event: VehicleEnterNewRoadEvent, vehicle_id: 7, road_id: 1000000000000000038 id: 1617
processing event: VehicleDepartureEvent, vehicle_id: 7, road_id: 1000000000000000038, offset: 0.000000 id: 1619 at time: 1245.77
Processed event: VehicleDepartureEvent, vehicle_id: 7, road_id: 1000000000000000038, offset: 0.000000 id: 1619
processing event: BusArrivalEvent, vehicle_id: 7, stop_id: 58 id: 1620 at time: 1247.23
Processed event: BusArrivalEvent, vehicle_id: 7, stop_id: 58 id: 1620
processing event: PassengerRouteEndEvent, passenger_id: 2, route_id: 1 id: 1621 at time: 1247.23
Passenger 2 finished all routes
Processed event: PassengerRouteEndEvent, passenger_id: 2, route_id: 1 id: 1621
processing event: PassengerDropoffEvent, passenger_id: 2 id: 1623 at time: 1247.23
Processed event: PassengerDropoffEvent, passenger_id: 2 id: 1623
processing event: OrderFinishedEvent, order_id: 2 id: 1624 at time: 1247.23
Processed event: OrderFinishedEvent, order_id: 2 id: 1624
Simulator::runFor: now_ = 1247.23 target = 1250
[progress] simulator time = 1250 / 3600
processing event: OrderMatchedEvent, order_id: 29, vehicle_id: 11 id: 1625 at time: 1250
Processed event: OrderMatchedEvent, order_id: 29, vehicle_id: 11 id: 1625
processing event: PassengerArrivalEvent, passenger_id: 29 id: 1627 at time: 1250
Processed event: PassengerArrivalEvent, passenger_id: 29 id: 1627
Event is not valid: VehicleArriveIntersectionEvent, vehicle_id: 11, road_id: 1000000000000000299 id: 1586 at time: 1251.73
processing event: VehicleArriveIntersectionEvent, vehicle_id: 11, road_id: 1000000000000000299 id: 1626 at time: 1251.73
Processed event: VehicleArriveIntersectionEvent, vehicle_id: 11, road_id: 1000000000000000299 id: 1626
processing event: VehicleDepartureEvent, vehicle_id: 7, road_id: 1000000000000000038, offset: 8.120000 id: 1622 at time: 1252.23
Processed event: VehicleDepartureEvent, vehicle_id: 7, road_id: 1000000000000000038, offset: 8.120000 id: 1622
processing event: VehicleEnterNewRoadEvent, vehicle_id: 11, road_id: 1000000000000000293 id: 1628 at time: 1253.53
Processed event: VehicleEnterNewRoadEvent, vehicle_id: 11, road_id: 1000000000000000293 id: 1628
processing event: VehicleDepartureEvent, vehicle_id: 11, road_id: 1000000000000000293, offset: 0.000000 id: 1630 at time: 1253.53
Processed event: VehicleDepartureEvent, vehicle_id: 11, road_id: 1000000000000000293, offset: 0.000000 id: 1630
processing event: VehicleArriveIntersectionEvent, vehicle_id: 4, road_id: 1000000000000000700 id: 1598 at time: 1253.63
Processed event: VehicleArriveIntersectionEvent, vehicle_id: 4, road_id: 1000000000000000700 id: 1598
processing event: VehicleEnterNewRoadEvent, vehicle_id: 4, road_id: 1000000000000000698 id: 1632 at time: 1255.43
Processed event: VehicleEnterNewRoadEvent, vehicle_id: 4, road_id: 1000000000000000698 id: 1632
processing event: VehicleDepartureEvent, vehicle_id: 4, road_id: 1000000000000000698, offset: 0.000000 id: 1633 at time: 1255.43
Processed event: VehicleDepartureEvent, vehicle_id: 4, road_id: 1000000000000000698, offset: 0.000000 id: 1633
processing event: VehicleArriveIntersectionEvent, vehicle_id: 3, road_id: 1000000000000000192 id: 1498 at time: 1257.4
Processed event: VehicleArriveIntersectionEvent, vehicle_id: 3, road_id: 1000000000000000192 id: 1498
processing event: VehicleEnterNewRoadEvent, vehicle_id: 3, road_id: 1000000000000000193 id: 1635 at time: 1259.2
Processed event: VehicleEnterNewRoadEvent, vehicle_id: 3, road_id: 1000000000000000193 id: 1635
processing event: VehicleDepartureEvent, vehicle_id: 3, road_id: 1000000000000000193, offset: 0.000000 id: 1636 at time: 1259.2
Processed event: VehicleDepartureEvent, vehicle_id: 3, road_id: 1000000000000000193, offset: 0.000000 id: 1636
Simulator::runFor: now_ = 1259.2 target = 1260
[progress] simulator time = 1260 / 3600
processing event: VehicleArriveIntersectionEvent, vehicle_id: 11, road_id: 1000000000000000293 id: 1631 at time: 1260.19
Processed event: VehicleArriveIntersectionEvent, vehicle_id: 11, road_id: 1000000000000000293 id: 1631
processing event: VehicleArriveIntersectionEvent, vehicle_id: 15, road_id: 1000000000000000146 id: 1588 at time: 1261.39
Processed event: VehicleArriveIntersectionEvent, vehicle_id: 15, road_id: 1000000000000000146 id: 1588
processing event: VehicleEnterNewRoadEvent, vehicle_id: 11, road_id: 1000000000000000295 id: 1638 at time: 1261.99
Processed event: VehicleEnterNewRoadEvent, vehicle_id: 11, road_id: 1000000000000000295 id: 1638
processing event: VehicleDepartureEvent, vehicle_id: 11, road_id: 1000000000000000295, offset: 0.000000 id: 1640 at time: 1261.99
Processed event: VehicleDepartureEvent, vehicle_id: 11, road_id: 1000000000000000295, offset: 0.000000 id: 1640
processing event: VehicleEnterNewRoadEvent, vehicle_id: 15, road_id: 1000000000000000147 id: 1639 at time: 1263.19
Processed event: VehicleEnterNewRoadEvent, vehicle_id: 15, road_id: 1000000000000000147 id: 1639
processing event: VehicleDepartureEvent, vehicle_id: 15, road_id: 1000000000000000147, offset: 0.000000 id: 1642 at time: 1263.19
Processed event: VehicleDepartureEvent, vehicle_id: 15, road_id: 1000000000000000147, offset: 0.000000 id: 1642
processing event: VehicleArriveIntersectionEvent, vehicle_id: 10, road_id: 1000000000000000602 id: 1610 at time: 1269.68
Processed event: VehicleArriveIntersectionEvent, vehicle_id: 10, road_id: 1000000000000000602 id: 1610
Simulator::runFor: now_ = 1269.68 target = 1270
[progress] simulator time = 1270 / 3600
processing event: VehicleEnterNewRoadEvent, vehicle_id: 10, road_id: 1000000000000000603 id: 1644 at time: 1271.49
Processed event: VehicleEnterNewRoadEvent, vehicle_id: 10, road_id: 1000000000000000603 id: 1644
processing event: VehicleDepartureEvent, vehicle_id: 10, road_id: 1000000000000000603, offset: 0.000000 id: 1645 at time: 1271.49
Processed event: VehicleDepartureEvent, vehicle_id: 10, road_id: 1000000000000000603, offset: 0.000000 id: 1645
processing event: VehicleArriveIntersectionEvent, vehicle_id: 4, road_id: 1000000000000000698 id: 1634 at time: 1273.07
Processed event: VehicleArriveIntersectionEvent, vehicle_id: 4, road_id: 1000000000000000698 id: 1634
processing event: VehicleArriveIntersectionEvent, vehicle_id: 5, road_id: 1000000000000000767 id: 1590 at time: 1273.88
Processed event: VehicleArriveIntersectionEvent, vehicle_id: 5, road_id: 1000000000000000767 id: 1590
processing event: VehicleEnterNewRoadEvent, vehicle_id: 4, road_id: 1000000000000000699 id: 1647 at time: 1274.87
Processed event: VehicleEnterNewRoadEvent, vehicle_id: 4, road_id: 1000000000000000699 id: 1647
processing event: VehicleDepartureEvent, vehicle_id: 4, road_id: 1000000000000000699, offset: 0.000000 id: 1649 at time: 1274.87
Processed event: VehicleDepartureEvent, vehicle_id: 4, road_id: 1000000000000000699, offset: 0.000000 id: 1649
processing event: VehicleEnterNewRoadEvent, vehicle_id: 5, road_id: 1000000000000000026 id: 1648 at time: 1275.68
Processed event: VehicleEnterNewRoadEvent, vehicle_id: 5, road_id: 1000000000000000026 id: 1648
processing event: VehicleDepartureEvent, vehicle_id: 5, road_id: 1000000000000000026, offset: 0.000000 id: 1651 at time: 1275.68
Processed event: VehicleDepartureEvent, vehicle_id: 5, road_id: 1000000000000000026, offset: 0.000000 id: 1651
processing event: VehicleArriveIntersectionEvent, vehicle_id: 18, road_id: 1000000000000000725 id: 1608 at time: 1279.88
Processed event: VehicleArriveIntersectionEvent, vehicle_id: 18, road_id: 1000000000000000725 id: 1608
Simulator::runFor: now_ = 1279.88 target = 1280
[progress] simulator time = 1280 / 3600
processing event: VehicleEnterNewRoadEvent, vehicle_id: 18, road_id: 1000000000000000122 id: 1653 at time: 1281.68
Processed event: VehicleEnterNewRoadEvent, vehicle_id: 18, road_id: 1000000000000000122 id: 1653
processing event: VehicleDepartureEvent, vehicle_id: 18, road_id: 1000000000000000122, offset: 0.000000 id: 1654 at time: 1281.68
Processed event: VehicleDepartureEvent, vehicle_id: 18, road_id: 1000000000000000122, offset: 0.000000 id: 1654
processing event: VehicleArriveIntersectionEvent, vehicle_id: 2, road_id: 1000000000000001059 id: 1616 at time: 1281.75
Processed event: VehicleArriveIntersectionEvent, vehicle_id: 2, road_id: 1000000000000001059 id: 1616
processing event: VehicleArriveIntersectionEvent, vehicle_id: 12, road_id: 1000000000000000053 id: 1566 at time: 1282.62
Processed event: VehicleArriveIntersectionEvent, vehicle_id: 12, road_id: 1000000000000000053 id: 1566
processing event: VehicleEnterNewRoadEvent, vehicle_id: 2, road_id: 1000000000000000374 id: 1656 at time: 1283.55
Processed event: VehicleEnterNewRoadEvent, vehicle_id: 2, road_id: 1000000000000000374 id: 1656
processing event: VehicleDepartureEvent, vehicle_id: 2, road_id: 1000000000000000374, offset: 0.000000 id: 1658 at time: 1283.55
Processed event: VehicleDepartureEvent, vehicle_id: 2, road_id: 1000000000000000374, offset: 0.000000 id: 1658
processing event: VehicleEnterNewRoadEvent, vehicle_id: 12, road_id: 1000000000000000209 id: 1657 at time: 1284.42
Processed event: VehicleEnterNewRoadEvent, vehicle_id: 12, road_id: 1000000000000000209 id: 1657
processing event: VehicleDepartureEvent, vehicle_id: 12, road_id: 1000000000000000209, offset: 0.000000 id: 1660 at time: 1284.42
Processed event: VehicleDepartureEvent, vehicle_id: 12, road_id: 1000000000000000209, offset: 0.000000 id: 1660
processing event: VehicleArriveIntersectionEvent, vehicle_id: 4, road_id: 1000000000000000699 id: 1650 at time: 1285.13
Processed event: VehicleArriveIntersectionEvent, vehicle_id: 4, road_id: 1000000000000000699 id: 1650
processing event: VehicleEnterNewRoadEvent, vehicle_id: 4, road_id: 1000000000000000051 id: 1662 at time: 1286.93
Processed event: VehicleEnterNewRoadEvent, vehicle_id: 4, road_id: 1000000000000000051 id: 1662
processing event: VehicleDepartureEvent, vehicle_id: 4, road_id: 1000000000000000051, offset: 0.000000 id: 1663 at time: 1286.93
Processed event: VehicleDepartureEvent, vehicle_id: 4, road_id: 1000000000000000051, offset: 0.000000 id: 1663
processing event: VehicleArriveIntersectionEvent, vehicle_id: 15, road_id: 1000000000000000147 id: 1643 at time: 1287.85
Processed event: VehicleArriveIntersectionEvent, vehicle_id: 15, road_id: 1000000000000000147 id: 1643
processing event: VehicleEnterNewRoadEvent, vehicle_id: 15, road_id: 1000000000000000148 id: 1665 at time: 1289.65
Processed event: VehicleEnterNewRoadEvent, vehicle_id: 15, road_id: 1000000000000000148 id: 1665
processing event: VehicleDepartureEvent, vehicle_id: 15, road_id: 1000000000000000148, offset: 0.000000 id: 1666 at time: 1289.65
Processed event: VehicleDepartureEvent, vehicle_id: 15, road_id: 1000000000000000148, offset: 0.000000 id: 1666
Simulator::runFor: now_ = 1289.65 target = 1290
[progress] simulator time = 1290 / 3600
processing event: VehicleArriveIntersectionEvent, vehicle_id: 13, road_id: 1000000000000000854 id: 1614 at time: 1291.66
Processed event: VehicleArriveIntersectionEvent, vehicle_id: 13, road_id: 1000000000000000854 id: 1614
processing event: VehicleEnterNewRoadEvent, vehicle_id: 13, road_id: 1000000000000000299 id: 1668 at time: 1293.46
Processed event: VehicleEnterNewRoadEvent, vehicle_id: 13, road_id: 1000000000000000299 id: 1668
processing event: VehicleDepartureEvent, vehicle_id: 13, road_id: 1000000000000000299, offset: 0.000000 id: 1669 at time: 1293.46
Processed event: VehicleDepartureEvent, vehicle_id: 13, road_id: 1000000000000000299, offset: 0.000000 id: 1669
processing event: VehicleArriveIntersectionEvent, vehicle_id: 11, road_id: 1000000000000000295 id: 1641 at time: 1294.93
Processed event: VehicleArriveIntersectionEvent, vehicle_id: 11, road_id: 1000000000000000295 id: 1641
processing event: VehicleEnterNewRoadEvent, vehicle_id: 11, road_id: 1000000000000000296 id: 1671 at time: 1296.73
Processed event: VehicleEnterNewRoadEvent, vehicle_id: 11, road_id: 1000000000000000296 id: 1671
processing event: VehicleDepartureEvent, vehicle_id: 11, road_id: 1000000000000000296, offset: 0.000000 id: 1672 at time: 1296.73
Processed event: VehicleDepartureEvent, vehicle_id: 11, road_id: 1000000000000000296, offset: 0.000000 id: 1672
processing event: VehicleArriveIntersectionEvent, vehicle_id: 7, road_id: 1000000000000000038 id: 1629 at time: 1296.85
Processed event: VehicleArriveIntersectionEvent, vehicle_id: 7, road_id: 1000000000000000038 id: 1629
processing event: VehicleEnterNewRoadEvent, vehicle_id: 7, road_id: 1000000000000000040 id: 1674 at time: 1298.65
Processed event: VehicleEnterNewRoadEvent, vehicle_id: 7, road_id: 1000000000000000040 id: 1674
processing event: VehicleDepartureEvent, vehicle_id: 7, road_id: 1000000000000000040, offset: 0.000000 id: 1675 at time: 1298.65
Processed event: VehicleDepartureEvent, vehicle_id: 7, road_id: 1000000000000000040, offset: 0.000000 id: 1675
Simulator::runFor: now_ = 1298.65 target = 1300
[progress] simulator time = 1300 / 3600
processing event: VehicleArriveIntersectionEvent, vehicle_id: 1, road_id: 1000000000000000089 id: 1568 at time: 1301.64
Processed event: VehicleArriveIntersectionEvent, vehicle_id: 1, road_id: 1000000000000000089 id: 1568
processing event: VehicleArriveIntersectionEvent, vehicle_id: 18, road_id: 1000000000000000122 id: 1655 at time: 1301.84
Processed event: VehicleArriveIntersectionEvent, vehicle_id: 18, road_id: 1000000000000000122 id: 1655
processing event: VehicleEnterNewRoadEvent, vehicle_id: 1, road_id: 1000000000000001096 id: 1677 at time: 1303.44
Processed event: VehicleEnterNewRoadEvent, vehicle_id: 1, road_id: 1000000000000001096 id: 1677
processing event: VehicleDepartureEvent, vehicle_id: 1, road_id: 1000000000000001096, offset: 0.000000 id: 1679 at time: 1303.44
Processed event: VehicleDepartureEvent, vehicle_id: 1, road_id: 1000000000000001096, offset: 0.000000 id: 1679
processing event: VehicleEnterNewRoadEvent, vehicle_id: 18, road_id: 1000000000000000123 id: 1678 at time: 1303.64
Processed event: VehicleEnterNewRoadEvent, vehicle_id: 18, road_id: 1000000000000000123 id: 1678
processing event: VehicleDepartureEvent, vehicle_id: 18, road_id: 1000000000000000123, offset: 0.000000 id: 1681 at time: 1303.64
Processed event: VehicleDepartureEvent, vehicle_id: 18, road_id: 1000000000000000123, offset: 0.000000 id: 1681
processing event: VehicleArriveIntersectionEvent, vehicle_id: 10, road_id: 1000000000000000603 id: 1646 at time: 1308.39
Processed event: VehicleArriveIntersectionEvent, vehicle_id: 10, road_id: 1000000000000000603 id: 1646
processing event: VehicleArriveIntersectionEvent, vehicle_id: 4, road_id: 1000000000000000051 id: 1664 at time: 1309.8
Processed event: VehicleArriveIntersectionEvent, vehicle_id: 4, road_id: 1000000000000000051 id: 1664
processing event: PassengerRouteStartEvent, passenger_id: 30, route_id: 1 id: 29 at time: 1310
Processed event: PassengerRouteStartEvent, passenger_id: 30, route_id: 1 id: 29
processing event: OrderCreatedEvent, order_id: 30, available_pickups: 78 , available_dropoffs: 28 , passenger_id: 30, route_id: 1, passenger_num: 0 id: 1685 at time: 1310
Processed event: OrderCreatedEvent, order_id: 30, available_pickups: 78 , available_dropoffs: 28 , passenger_id: 30, route_id: 1, passenger_num: 1 id: 1685
Simulator::runFor: now_ = 1310 target = 1310
[progress] simulator time = 1310 / 3600
processing event: OrderMatchedEvent, order_id: 30, vehicle_id: 6 id: 1686 at time: 1310
Processed event: OrderMatchedEvent, order_id: 30, vehicle_id: 6 id: 1686
processing event: VehicleDepartureEvent, vehicle_id: 6, road_id: 1000000000000000513, offset: 62.570000 id: 1687 at time: 1310
Processed event: VehicleDepartureEvent, vehicle_id: 6, road_id: 1000000000000000513, offset: 62.570000 id: 1687
processing event: PassengerArrivalEvent, passenger_id: 30 id: 1688 at time: 1310
Processed event: PassengerArrivalEvent, passenger_id: 30 id: 1688
processing event: VehicleEnterNewRoadEvent, vehicle_id: 10, road_id: 1000000000000000512 id: 1683 at time: 1310.19
Processed event: VehicleEnterNewRoadEvent, vehicle_id: 10, road_id: 1000000000000000512 id: 1683
processing event: VehicleDepartureEvent, vehicle_id: 10, road_id: 1000000000000000512, offset: 0.000000 id: 1690 at time: 1310.19
Processed event: VehicleDepartureEvent, vehicle_id: 10, road_id: 1000000000000000512, offset: 0.000000 id: 1690
processing event: VehicleEnterNewRoadEvent, vehicle_id: 4, road_id: 1000000000000000339 id: 1684 at time: 1311.6
Processed event: VehicleEnterNewRoadEvent, vehicle_id: 4, road_id: 1000000000000000339 id: 1684
processing event: VehicleDepartureEvent, vehicle_id: 4, road_id: 1000000000000000339, offset: 0.000000 id: 1692 at time: 1311.6
Processed event: VehicleDepartureEvent, vehicle_id: 4, road_id: 1000000000000000339, offset: 0.000000 id: 1692
Event is not valid: VehicleArriveIntersectionEvent, vehicle_id: 17, road_id: 1000000000000000339 id: 1541 at time: 1313.62
processing event: VehicleArriveIntersectionEvent, vehicle_id: 17, road_id: 1000000000000000339 id: 1693 at time: 1313.62
Processed event: VehicleArriveIntersectionEvent, vehicle_id: 17, road_id: 1000000000000000339 id: 1693
processing event: VehicleEnterNewRoadEvent, vehicle_id: 17, road_id: 1000000000000000326 id: 1694 at time: 1315.42
Processed event: VehicleEnterNewRoadEvent, vehicle_id: 17, road_id: 1000000000000000326 id: 1694
processing event: VehicleDepartureEvent, vehicle_id: 17, road_id: 1000000000000000326, offset: 0.000000 id: 1697 at time: 1315.42
Processed event: VehicleDepartureEvent, vehicle_id: 17, road_id: 1000000000000000326, offset: 0.000000 id: 1697
processing event: VehicleArriveIntersectionEvent, vehicle_id: 9, road_id: 1000000000000000478 id: 1592 at time: 1317.4
Processed event: VehicleArriveIntersectionEvent, vehicle_id: 9, road_id: 1000000000000000478 id: 1592
processing event: VehicleEnterNewRoadEvent, vehicle_id: 9, road_id: 1000000000000000853 id: 1699 at time: 1319.2
Processed event: VehicleEnterNewRoadEvent, vehicle_id: 9, road_id: 1000000000000000853 id: 1699
processing event: VehicleDepartureEvent, vehicle_id: 9, road_id: 1000000000000000853, offset: 0.000000 id: 1700 at time: 1319.2
Processed event: VehicleDepartureEvent, vehicle_id: 9, road_id: 1000000000000000853, offset: 0.000000 id: 1700
processing event: VehicleArriveIntersectionEvent, vehicle_id: 3, road_id: 1000000000000000193 id: 1637 at time: 1319.68
Processed event: VehicleArriveIntersectionEvent, vehicle_id: 3, road_id: 1000000000000000193 id: 1637
Simulator::runFor: now_ = 1319.68 target = 1320
[progress] simulator time = 1320 / 3600
processing event: VehicleArriveIntersectionEvent, vehicle_id: 13, road_id: 1000000000000000299 id: 1670 at time: 1321.36
Processed event: VehicleArriveIntersectionEvent, vehicle_id: 13, road_id: 1000000000000000299 id: 1670
processing event: VehicleEnterNewRoadEvent, vehicle_id: 3, road_id: 1000000000000000341 id: 1702 at time: 1321.48
Processed event: VehicleEnterNewRoadEvent, vehicle_id: 3, road_id: 1000000000000000341 id: 1702
processing event: VehicleDepartureEvent, vehicle_id: 3, road_id: 1000000000000000341, offset: 0.000000 id: 1704 at time: 1321.48
Processed event: VehicleDepartureEvent, vehicle_id: 3, road_id: 1000000000000000341, offset: 0.000000 id: 1704
processing event: VehicleArriveIntersectionEvent, vehicle_id: 10, road_id: 1000000000000000512 id: 1691 at time: 1322.25
Processed event: VehicleArriveIntersectionEvent, vehicle_id: 10, road_id: 1000000000000000512 id: 1691
processing event: VehicleEnterNewRoadEvent, vehicle_id: 13, road_id: 1000000000000000293 id: 1703 at time: 1323.16
Processed event: VehicleEnterNewRoadEvent, vehicle_id: 13, road_id: 1000000000000000293 id: 1703
processing event: VehicleDepartureEvent, vehicle_id: 13, road_id: 1000000000000000293, offset: 0.000000 id: 1707 at time: 1323.16
Processed event: VehicleDepartureEvent, vehicle_id: 13, road_id: 1000000000000000293, offset: 0.000000 id: 1707
processing event: VehicleEnterNewRoadEvent, vehicle_id: 10, road_id: 1000000000000000513 id: 1706 at time: 1324.05
Processed event: VehicleEnterNewRoadEvent, vehicle_id: 10, road_id: 1000000000000000513 id: 1706
processing event: VehicleDepartureEvent, vehicle_id: 10, road_id: 1000000000000000513, offset: 0.000000 id: 1709 at time: 1324.05
Processed event: VehicleDepartureEvent, vehicle_id: 10, road_id: 1000000000000000513, offset: 0.000000 id: 1709
processing event: VehicleArriveIntersectionEvent, vehicle_id: 11, road_id: 1000000000000000296 id: 1673 at time: 1328.41
Processed event: VehicleArriveIntersectionEvent, vehicle_id: 11, road_id: 1000000000000000296 id: 1673
processing event: VehicleArriveIntersectionEvent, vehicle_id: 13, road_id: 1000000000000000293 id: 1708 at time: 1329.83
Processed event: VehicleArriveIntersectionEvent, vehicle_id: 13, road_id: 1000000000000000293 id: 1708
Simulator::runFor: now_ = 1329.83 target = 1330
[progress] simulator time = 1330 / 3600
processing event: VehicleEnterNewRoadEvent, vehicle_id: 11, road_id: 1000000000000000297 id: 1711 at time: 1330.21
Processed event: VehicleEnterNewRoadEvent, vehicle_id: 11, road_id: 1000000000000000297 id: 1711
processing event: VehicleDepartureEvent, vehicle_id: 11, road_id: 1000000000000000297, offset: 0.000000 id: 1713 at time: 1330.21
Processed event: VehicleDepartureEvent, vehicle_id: 11, road_id: 1000000000000000297, offset: 0.000000 id: 1713
processing event: VehicleArriveIntersectionEvent, vehicle_id: 2, road_id: 1000000000000000374 id: 1659 at time: 1330.71
Processed event: VehicleArriveIntersectionEvent, vehicle_id: 2, road_id: 1000000000000000374 id: 1659
processing event: VehicleEnterNewRoadEvent, vehicle_id: 13, road_id: 1000000000000000295 id: 1712 at time: 1331.63
Processed event: VehicleEnterNewRoadEvent, vehicle_id: 13, road_id: 1000000000000000295 id: 1712
processing event: VehicleDepartureEvent, vehicle_id: 13, road_id: 1000000000000000295, offset: 0.000000 id: 1716 at time: 1331.63
Processed event: VehicleDepartureEvent, vehicle_id: 13, road_id: 1000000000000000295, offset: 0.000000 id: 1716
processing event: VehicleEnterNewRoadEvent, vehicle_id: 2, road_id: 1000000000000000375 id: 1715 at time: 1332.51
Processed event: VehicleEnterNewRoadEvent, vehicle_id: 2, road_id: 1000000000000000375 id: 1715
processing event: VehicleDepartureEvent, vehicle_id: 2, road_id: 1000000000000000375, offset: 0.000000 id: 1718 at time: 1332.51
Processed event: VehicleDepartureEvent, vehicle_id: 2, road_id: 1000000000000000375, offset: 0.000000 id: 1718
processing event: BusArrivalEvent, vehicle_id: 10, stop_id: 36 id: 1710 at time: 1335.31
Processed event: BusArrivalEvent, vehicle_id: 10, stop_id: 36 id: 1710
processing event: PassengerOnboardEvent, passenger_id: 7 id: 1721 at time: 1335.31
Processed event: PassengerOnboardEvent, passenger_id: 7 id: 1721
processing event: VehicleArriveIntersectionEvent, vehicle_id: 15, road_id: 1000000000000000148 id: 1667 at time: 1336.81
Processed event: VehicleArriveIntersectionEvent, vehicle_id: 15, road_id: 1000000000000000148 id: 1667
processing event: VehicleEnterNewRoadEvent, vehicle_id: 15, road_id: 1000000000000000171 id: 1723 at time: 1338.61
Processed event: VehicleEnterNewRoadEvent, vehicle_id: 15, road_id: 1000000000000000171 id: 1723
processing event: VehicleDepartureEvent, vehicle_id: 15, road_id: 1000000000000000171, offset: 0.000000 id: 1724 at time: 1338.61
Processed event: VehicleDepartureEvent, vehicle_id: 15, road_id: 1000000000000000171, offset: 0.000000 id: 1724
Event is not valid: VehicleArriveIntersectionEvent, vehicle_id: 6, road_id: 1000000000000000513 id: 1689 at time: 1339.96
processing event: VehicleArriveIntersectionEvent, vehicle_id: 6, road_id: 1000000000000000513 id: 1720 at time: 1339.96
Processed event: VehicleArriveIntersectionEvent, vehicle_id: 6, road_id: 1000000000000000513 id: 1720
Simulator::runFor: now_ = 1339.96 target = 1340
[progress] simulator time = 1340 / 3600
processing event: VehicleDepartureEvent, vehicle_id: 10, road_id: 1000000000000000513, offset: 62.570000 id: 1722 at time: 1340.31
Processed event: VehicleDepartureEvent, vehicle_id: 10, road_id: 1000000000000000513, offset: 62.570000 id: 1722
processing event: VehicleEnterNewRoadEvent, vehicle_id: 6, road_id: 1000000000000000439 id: 1726 at time: 1341.76
Processed event: VehicleEnterNewRoadEvent, vehicle_id: 6, road_id: 1000000000000000439 id: 1726
processing event: VehicleDepartureEvent, vehicle_id: 6, road_id: 1000000000000000439, offset: 0.000000 id: 1729 at time: 1341.76
Processed event: VehicleDepartureEvent, vehicle_id: 6, road_id: 1000000000000000439, offset: 0.000000 id: 1729
processing event: VehicleArriveIntersectionEvent, vehicle_id: 5, road_id: 1000000000000000026 id: 1652 at time: 1343.72
Processed event: VehicleArriveIntersectionEvent, vehicle_id: 5, road_id: 1000000000000000026 id: 1652
processing event: VehicleEnterNewRoadEvent, vehicle_id: 5, road_id: 1000000000000000027 id: 1731 at time: 1345.52
Processed event: VehicleEnterNewRoadEvent, vehicle_id: 5, road_id: 1000000000000000027 id: 1731
processing event: VehicleDepartureEvent, vehicle_id: 5, road_id: 1000000000000000027, offset: 0.000000 id: 1732 at time: 1345.52
Processed event: VehicleDepartureEvent, vehicle_id: 5, road_id: 1000000000000000027, offset: 0.000000 id: 1732
Simulator::runFor: now_ = 1345.52 target = 1350
[progress] simulator time = 1350 / 3600
processing event: VehicleArriveIntersectionEvent, vehicle_id: 12, road_id: 1000000000000000209 id: 1661 at time: 1353.19
Processed event: VehicleArriveIntersectionEvent, vehicle_id: 12, road_id: 1000000000000000209 id: 1661
processing event: VehicleArriveIntersectionEvent, vehicle_id: 11, road_id: 1000000000000000297 id: 1714 at time: 1354.52
Processed event: VehicleArriveIntersectionEvent, vehicle_id: 11, road_id: 1000000000000000297 id: 1714
processing event: VehicleEnterNewRoadEvent, vehicle_id: 12, road_id: 1000000000000000210 id: 1734 at time: 1354.99
Processed event: VehicleEnterNewRoadEvent, vehicle_id: 12, road_id: 1000000000000000210 id: 1734
processing event: VehicleDepartureEvent, vehicle_id: 12, road_id: 1000000000000000210, offset: 0.000000 id: 1736 at time: 1354.99
Processed event: VehicleDepartureEvent, vehicle_id: 12, road_id: 1000000000000000210, offset: 0.000000 id: 1736
processing event: VehicleArriveIntersectionEvent, vehicle_id: 18, road_id: 1000000000000000123 id: 1682 at time: 1355.66
Processed event: VehicleArriveIntersectionEvent, vehicle_id: 18, road_id: 1000000000000000123 id: 1682
processing event: VehicleEnterNewRoadEvent, vehicle_id: 11, road_id: 1000000000000000298 id: 1735 at time: 1356.32
Processed event: VehicleEnterNewRoadEvent, vehicle_id: 11, road_id: 1000000000000000298 id: 1735
processing event: VehicleDepartureEvent, vehicle_id: 11, road_id: 1000000000000000298, offset: 0.000000 id: 1739 at time: 1356.32
Processed event: VehicleDepartureEvent, vehicle_id: 11, road_id: 1000000000000000298, offset: 0.000000 id: 1739
processing event: VehicleEnterNewRoadEvent, vehicle_id: 18, road_id: 1000000000000000777 id: 1738 at time: 1357.46
Processed event: VehicleEnterNewRoadEvent, vehicle_id: 18, road_id: 1000000000000000777 id: 1738
processing event: VehicleDepartureEvent, vehicle_id: 18, road_id: 1000000000000000777, offset: 0.000000 id: 1741 at time: 1357.46
Processed event: VehicleDepartureEvent, vehicle_id: 18, road_id: 1000000000000000777, offset: 0.000000 id: 1741
processing event: VehicleArriveIntersectionEvent, vehicle_id: 6, road_id: 1000000000000000439 id: 1730 at time: 1358.68
Processed event: VehicleArriveIntersectionEvent, vehicle_id: 6, road_id: 1000000000000000439 id: 1730
Simulator::runFor: now_ = 1358.68 target = 1360
[progress] simulator time = 1360 / 3600
processing event: VehicleEnterNewRoadEvent, vehicle_id: 6, road_id: 1000000000000000503 id: 1743 at time: 1360.48
Processed event: VehicleEnterNewRoadEvent, vehicle_id: 6, road_id: 1000000000000000503 id: 1743
processing event: VehicleDepartureEvent, vehicle_id: 6, road_id: 1000000000000000503, offset: 0.000000 id: 1744 at time: 1360.48
Processed event: VehicleDepartureEvent, vehicle_id: 6, road_id: 1000000000000000503, offset: 0.000000 id: 1744
processing event: VehicleArriveIntersectionEvent, vehicle_id: 13, road_id: 1000000000000000295 id: 1717 at time: 1364.57
Processed event: VehicleArriveIntersectionEvent, vehicle_id: 13, road_id: 1000000000000000295 id: 1717
processing event: VehicleEnterNewRoadEvent, vehicle_id: 13, road_id: 1000000000000000296 id: 1746 at time: 1366.37
Processed event: VehicleEnterNewRoadEvent, vehicle_id: 13, road_id: 1000000000000000296 id: 1746
processing event: VehicleDepartureEvent, vehicle_id: 13, road_id: 1000000000000000296, offset: 0.000000 id: 1747 at time: 1366.37
Processed event: VehicleDepartureEvent, vehicle_id: 13, road_id: 1000000000000000296, offset: 0.000000 id: 1747
processing event: VehicleArriveIntersectionEvent, vehicle_id: 7, road_id: 1000000000000000040 id: 1676 at time: 1366.7
Processed event: VehicleArriveIntersectionEvent, vehicle_id: 7, road_id: 1000000000000000040 id: 1676
processing event: VehicleEnterNewRoadEvent, vehicle_id: 7, road_id: 1000000000000000220 id: 1749 at time: 1368.5
Processed event: VehicleEnterNewRoadEvent, vehicle_id: 7, road_id: 1000000000000000220 id: 1749
processing event: VehicleDepartureEvent, vehicle_id: 7, road_id: 1000000000000000220, offset: 0.000000 id: 1750 at time: 1368.5
Processed event: VehicleDepartureEvent, vehicle_id: 7, road_id: 1000000000000000220, offset: 0.000000 id: 1750
Event is not valid: VehicleCheckPointEvent, vehicle_id: 10 id: 1727 at time: 1368.83
processing event: VehicleArriveIntersectionEvent, vehicle_id: 1, road_id: 1000000000000001096 id: 1680 at time: 1369.15
Processed event: VehicleArriveIntersectionEvent, vehicle_id: 1, road_id: 1000000000000001096 id: 1680
Simulator::runFor: now_ = 1369.15 target = 1370
[progress] simulator time = 1370 / 3600
processing event: VehicleArriveIntersectionEvent, vehicle_id: 10, road_id: 1000000000000000513 id: 1728 at time: 1370.27
Processed event: VehicleArriveIntersectionEvent, vehicle_id: 10, road_id: 1000000000000000513 id: 1728
processing event: VehicleEnterNewRoadEvent, vehicle_id: 1, road_id: 1000000000000000020 id: 1752 at time: 1370.95
Processed event: VehicleEnterNewRoadEvent, vehicle_id: 1, road_id: 1000000000000000020 id: 1752
processing event: VehicleDepartureEvent, vehicle_id: 1, road_id: 1000000000000000020, offset: 0.000000 id: 1754 at time: 1370.95
Processed event: VehicleDepartureEvent, vehicle_id: 1, road_id: 1000000000000000020, offset: 0.000000 id: 1754
processing event: VehicleEnterNewRoadEvent, vehicle_id: 10, road_id: 1000000000000000439 id: 1753 at time: 1372.07
Processed event: VehicleEnterNewRoadEvent, vehicle_id: 10, road_id: 1000000000000000439 id: 1753
processing event: VehicleDepartureEvent, vehicle_id: 10, road_id: 1000000000000000439, offset: 0.000000 id: 1756 at time: 1372.07
Processed event: VehicleDepartureEvent, vehicle_id: 10, road_id: 1000000000000000439, offset: 0.000000 id: 1756
processing event: VehicleArriveIntersectionEvent, vehicle_id: 3, road_id: 1000000000000000341 id: 1705 at time: 1374.95
Processed event: VehicleArriveIntersectionEvent, vehicle_id: 3, road_id: 1000000000000000341 id: 1705
processing event: VehicleArriveIntersectionEvent, vehicle_id: 17, road_id: 1000000000000000326 id: 1698 at time: 1375.91
Processed event: VehicleArriveIntersectionEvent, vehicle_id: 17, road_id: 1000000000000000326 id: 1698
processing event: VehicleArriveIntersectionEvent, vehicle_id: 15, road_id: 1000000000000000171 id: 1725 at time: 1376.42
Processed event: VehicleArriveIntersectionEvent, vehicle_id: 15, road_id: 1000000000000000171 id: 1725
processing event: VehicleEnterNewRoadEvent, vehicle_id: 3, road_id: 1000000000000000243 id: 1758 at time: 1376.75
Processed event: VehicleEnterNewRoadEvent, vehicle_id: 3, road_id: 1000000000000000243 id: 1758
processing event: VehicleDepartureEvent, vehicle_id: 3, road_id: 1000000000000000243, offset: 0.000000 id: 1761 at time: 1376.75
Processed event: VehicleDepartureEvent, vehicle_id: 3, road_id: 1000000000000000243, offset: 0.000000 id: 1761
processing event: VehicleArriveIntersectionEvent, vehicle_id: 5, road_id: 1000000000000000027 id: 1733 at time: 1377.21
Processed event: VehicleArriveIntersectionEvent, vehicle_id: 5, road_id: 1000000000000000027 id: 1733
processing event: VehicleEnterNewRoadEvent, vehicle_id: 17, road_id: 1000000000000000193 id: 1759 at time: 1377.71
Processed event: VehicleEnterNewRoadEvent, vehicle_id: 17, road_id: 1000000000000000193 id: 1759
processing event: VehicleDepartureEvent, vehicle_id: 17, road_id: 1000000000000000193, offset: 0.000000 id: 1764 at time: 1377.71
Processed event: VehicleDepartureEvent, vehicle_id: 17, road_id: 1000000000000000193, offset: 0.000000 id: 1764
processing event: VehicleEnterNewRoadEvent, vehicle_id: 15, road_id: 1000000000000001139 id: 1760 at time: 1378.22
Processed event: VehicleEnterNewRoadEvent, vehicle_id: 15, road_id: 1000000000000001139 id: 1760
processing event: VehicleDepartureEvent, vehicle_id: 15, road_id: 1000000000000001139, offset: 0.000000 id: 1766 at time: 1378.22
Processed event: VehicleDepartureEvent, vehicle_id: 15, road_id: 1000000000000001139, offset: 0.000000 id: 1766
processing event: VehicleEnterNewRoadEvent, vehicle_id: 5, road_id: 1000000000000000028 id: 1763 at time: 1379.01
Processed event: VehicleEnterNewRoadEvent, vehicle_id: 5, road_id: 1000000000000000028 id: 1763
processing event: VehicleDepartureEvent, vehicle_id: 5, road_id: 1000000000000000028, offset: 0.000000 id: 1768 at time: 1379.01
Processed event: VehicleDepartureEvent, vehicle_id: 5, road_id: 1000000000000000028, offset: 0.000000 id: 1768
processing event: VehicleArriveIntersectionEvent, vehicle_id: 6, road_id: 1000000000000000503 id: 1745 at time: 1379.74
Processed event: VehicleArriveIntersectionEvent, vehicle_id: 6, road_id: 1000000000000000503 id: 1745
Simulator::runFor: now_ = 1379.74 target = 1380
[progress] simulator time = 1380 / 3600
processing event: VehicleEnterNewRoadEvent, vehicle_id: 6, road_id: 1000000000000000504 id: 1770 at time: 1381.54
Processed event: VehicleEnterNewRoadEvent, vehicle_id: 6, road_id: 1000000000000000504 id: 1770
processing event: VehicleDepartureEvent, vehicle_id: 6, road_id: 1000000000000000504, offset: 0.000000 id: 1771 at time: 1381.54
Processed event: VehicleDepartureEvent, vehicle_id: 6, road_id: 1000000000000000504, offset: 0.000000 id: 1771
processing event: VehicleArriveIntersectionEvent, vehicle_id: 9, road_id: 1000000000000000853 id: 1701 at time: 1383.29
Processed event: VehicleArriveIntersectionEvent, vehicle_id: 9, road_id: 1000000000000000853 id: 1701
processing event: VehicleEnterNewRoadEvent, vehicle_id: 9, road_id: 1000000000000000854 id: 1773 at time: 1385.09
Processed event: VehicleEnterNewRoadEvent, vehicle_id: 9, road_id: 1000000000000000854 id: 1773
processing event: VehicleDepartureEvent, vehicle_id: 9, road_id: 1000000000000000854, offset: 0.000000 id: 1774 at time: 1385.09
Processed event: VehicleDepartureEvent, vehicle_id: 9, road_id: 1000000000000000854, offset: 0.000000 id: 1774
processing event: VehicleArriveIntersectionEvent, vehicle_id: 10, road_id: 1000000000000000439 id: 1757 at time: 1389
Processed event: VehicleArriveIntersectionEvent, vehicle_id: 10, road_id: 1000000000000000439 id: 1757
Simulator::runFor: now_ = 1389 target = 1390
[progress] simulator time = 1390 / 3600
processing event: VehicleEnterNewRoadEvent, vehicle_id: 10, road_id: 1000000000000000503 id: 1776 at time: 1390.8
Processed event: VehicleEnterNewRoadEvent, vehicle_id: 10, road_id: 1000000000000000503 id: 1776
processing event: VehicleDepartureEvent, vehicle_id: 10, road_id: 1000000000000000503, offset: 0.000000 id: 1777 at time: 1390.8
Processed event: VehicleDepartureEvent, vehicle_id: 10, road_id: 1000000000000000503, offset: 0.000000 id: 1777
processing event: VehicleArriveIntersectionEvent, vehicle_id: 18, road_id: 1000000000000000777 id: 1742 at time: 1393.29
Processed event: VehicleArriveIntersectionEvent, vehicle_id: 18, road_id: 1000000000000000777 id: 1742
processing event: VehicleArriveIntersectionEvent, vehicle_id: 2, road_id: 1000000000000000375 id: 1719 at time: 1393.36
Processed event: VehicleArriveIntersectionEvent, vehicle_id: 2, road_id: 1000000000000000375 id: 1719
processing event: VehicleEnterNewRoadEvent, vehicle_id: 18, road_id: 1000000000000000778 id: 1779 at time: 1395.09
Processed event: VehicleEnterNewRoadEvent, vehicle_id: 18, road_id: 1000000000000000778 id: 1779
processing event: VehicleDepartureEvent, vehicle_id: 18, road_id: 1000000000000000778, offset: 0.000000 id: 1781 at time: 1395.09
Processed event: VehicleDepartureEvent, vehicle_id: 18, road_id: 1000000000000000778, offset: 0.000000 id: 1781
processing event: VehicleEnterNewRoadEvent, vehicle_id: 2, road_id: 1000000000000000308 id: 1780 at time: 1395.16
Processed event: VehicleEnterNewRoadEvent, vehicle_id: 2, road_id: 1000000000000000308 id: 1780
processing event: VehicleDepartureEvent, vehicle_id: 2, road_id: 1000000000000000308, offset: 0.000000 id: 1783 at time: 1395.16
Processed event: VehicleDepartureEvent, vehicle_id: 2, road_id: 1000000000000000308, offset: 0.000000 id: 1783
processing event: PassengerRouteStartEvent, passenger_id: 31, route_id: 1 id: 30 at time: 1396
Processed event: PassengerRouteStartEvent, passenger_id: 31, route_id: 1 id: 30
processing event: OrderCreatedEvent, order_id: 31, available_pickups: 156 , available_dropoffs: 64 , passenger_id: 31, route_id: 1, passenger_num: 0 id: 1785 at time: 1396
Processed event: OrderCreatedEvent, order_id: 31, available_pickups: 156 , available_dropoffs: 64 , passenger_id: 31, route_id: 1, passenger_num: 3 id: 1785
processing event: BusArrivalEvent, vehicle_id: 17, stop_id: 242 id: 1765 at time: 1398.01
Processed event: BusArrivalEvent, vehicle_id: 17, stop_id: 242 id: 1765
processing event: PassengerRouteEndEvent, passenger_id: 9, route_id: 1 id: 1786 at time: 1398.01
Passenger 9 finished all routes
Processed event: PassengerRouteEndEvent, passenger_id: 9, route_id: 1 id: 1786
processing event: PassengerDropoffEvent, passenger_id: 9 id: 1788 at time: 1398.01
Processed event: PassengerDropoffEvent, passenger_id: 9 id: 1788
processing event: OrderFinishedEvent, order_id: 9 id: 1789 at time: 1398.01
Processed event: OrderFinishedEvent, order_id: 9 id: 1789
processing event: VehicleArriveIntersectionEvent, vehicle_id: 13, road_id: 1000000000000000296 id: 1748 at time: 1398.05
Processed event: VehicleArriveIntersectionEvent, vehicle_id: 13, road_id: 1000000000000000296 id: 1748
processing event: VehicleArriveIntersectionEvent, vehicle_id: 18, road_id: 1000000000000000778 id: 1782 at time: 1398.33
Processed event: VehicleArriveIntersectionEvent, vehicle_id: 18, road_id: 1000000000000000778 id: 1782
processing event: VehicleEnterNewRoadEvent, vehicle_id: 13, road_id: 1000000000000000297 id: 1790 at time: 1399.85
Processed event: VehicleEnterNewRoadEvent, vehicle_id: 13, road_id: 1000000000000000297 id: 1790
processing event: VehicleDepartureEvent, vehicle_id: 13, road_id: 1000000000000000297, offset: 0.000000 id: 1792 at time: 1399.85
Processed event: VehicleDepartureEvent, vehicle_id: 13, road_id: 1000000000000000297, offset: 0.000000 id: 1792
processing event: VehicleArriveIntersectionEvent, vehicle_id: 11, road_id: 1000000000000000298 id: 1740 at time: 1399.88
Processed event: VehicleArriveIntersectionEvent, vehicle_id: 11, road_id: 1000000000000000298 id: 1740
Simulator::runFor: now_ = 1399.88 target = 1400
[progress] simulator time = 1400 / 3600
processing event: OrderMatchedEvent, order_id: 31, vehicle_id: 18 id: 1795 at time: 1400
Processed event: OrderMatchedEvent, order_id: 31, vehicle_id: 18 id: 1795
processing event: PassengerArrivalEvent, passenger_id: 31 id: 1796 at time: 1400
Processed event: PassengerArrivalEvent, passenger_id: 31 id: 1796
processing event: VehicleEnterNewRoadEvent, vehicle_id: 18, road_id: 1000000000000000416 id: 1791 at time: 1400.13
Processed event: VehicleEnterNewRoadEvent, vehicle_id: 18, road_id: 1000000000000000416 id: 1791
processing event: VehicleDepartureEvent, vehicle_id: 18, road_id: 1000000000000000416, offset: 0.000000 id: 1797 at time: 1400.13
Processed event: VehicleDepartureEvent, vehicle_id: 18, road_id: 1000000000000000416, offset: 0.000000 id: 1797
processing event: VehicleEnterNewRoadEvent, vehicle_id: 11, road_id: 1000000000000000769 id: 1794 at time: 1401.68
Processed event: VehicleEnterNewRoadEvent, vehicle_id: 11, road_id: 1000000000000000769 id: 1794
processing event: VehicleDepartureEvent, vehicle_id: 11, road_id: 1000000000000000769, offset: 0.000000 id: 1799 at time: 1401.68
Processed event: VehicleDepartureEvent, vehicle_id: 11, road_id: 1000000000000000769, offset: 0.000000 id: 1799
processing event: VehicleArriveIntersectionEvent, vehicle_id: 1, road_id: 1000000000000000020 id: 1755 at time: 1402.81
Processed event: VehicleArriveIntersectionEvent, vehicle_id: 1, road_id: 1000000000000000020 id: 1755
processing event: VehicleDepartureEvent, vehicle_id: 17, road_id: 1000000000000000193, offset: 112.780000 id: 1787 at time: 1403.01
Processed event: VehicleDepartureEvent, vehicle_id: 17, road_id: 1000000000000000193, offset: 112.780000 id: 1787
processing event: VehicleEnterNewRoadEvent, vehicle_id: 1, road_id: 1000000000000000021 id: 1801 at time: 1404.61
Processed event: VehicleEnterNewRoadEvent, vehicle_id: 1, road_id: 1000000000000000021 id: 1801
processing event: VehicleDepartureEvent, vehicle_id: 1, road_id: 1000000000000000021, offset: 0.000000 id: 1803 at time: 1404.61
Processed event: VehicleDepartureEvent, vehicle_id: 1, road_id: 1000000000000000021, offset: 0.000000 id: 1803
processing event: BusArrivalEvent, vehicle_id: 7, stop_id: 209 id: 1751 at time: 1404.87
Processed event: BusArrivalEvent, vehicle_id: 7, stop_id: 209 id: 1751
processing event: PassengerOnboardEvent, passenger_id: 20 id: 1805 at time: 1404.87
Processed event: PassengerOnboardEvent, passenger_id: 20 id: 1805
processing event: VehicleDepartureEvent, vehicle_id: 7, road_id: 1000000000000000220, offset: 202.070000 id: 1806 at time: 1409.87
Processed event: VehicleDepartureEvent, vehicle_id: 7, road_id: 1000000000000000220, offset: 202.070000 id: 1806
Simulator::runFor: now_ = 1409.87 target = 1410
[progress] simulator time = 1410 / 3600
processing event: VehicleArriveIntersectionEvent, vehicle_id: 10, road_id: 1000000000000000503 id: 1778 at time: 1410.06
Processed event: VehicleArriveIntersectionEvent, vehicle_id: 10, road_id: 1000000000000000503 id: 1778
processing event: VehicleArriveIntersectionEvent, vehicle_id: 5, road_id: 1000000000000000028 id: 1769 at time: 1411.77
Processed event: VehicleArriveIntersectionEvent, vehicle_id: 5, road_id: 1000000000000000028 id: 1769
processing event: VehicleEnterNewRoadEvent, vehicle_id: 10, road_id: 1000000000000000504 id: 1808 at time: 1411.86
Processed event: VehicleEnterNewRoadEvent, vehicle_id: 10, road_id: 1000000000000000504 id: 1808
processing event: VehicleDepartureEvent, vehicle_id: 10, road_id: 1000000000000000504, offset: 0.000000 id: 1810 at time: 1411.86
Processed event: VehicleDepartureEvent, vehicle_id: 10, road_id: 1000000000000000504, offset: 0.000000 id: 1810
Event is not valid: VehicleArriveIntersectionEvent, vehicle_id: 6, road_id: 1000000000000000504 id: 1772 at time: 1413.23
processing event: VehicleArriveIntersectionEvent, vehicle_id: 6, road_id: 1000000000000000504 id: 1811 at time: 1413.23
Processed event: VehicleArriveIntersectionEvent, vehicle_id: 6, road_id: 1000000000000000504 id: 1811
processing event: VehicleEnterNewRoadEvent, vehicle_id: 5, road_id: 1000000000000000030 id: 1809 at time: 1413.57
Processed event: VehicleEnterNewRoadEvent, vehicle_id: 5, road_id: 1000000000000000030 id: 1809
processing event: VehicleDepartureEvent, vehicle_id: 5, road_id: 1000000000000000030, offset: 0.000000 id: 1814 at time: 1413.57
Processed event: VehicleDepartureEvent, vehicle_id: 5, road_id: 1000000000000000030, offset: 0.000000 id: 1814
processing event: PassengerRouteStartEvent, passenger_id: 32, route_id: 1 id: 31 at time: 1415
Processed event: PassengerRouteStartEvent, passenger_id: 32, route_id: 1 id: 31
processing event: OrderCreatedEvent, order_id: 32, available_pickups: 201 , available_dropoffs: 30 , passenger_id: 32, route_id: 1, passenger_num: 0 id: 1816 at time: 1415
Processed event: OrderCreatedEvent, order_id: 32, available_pickups: 201 , available_dropoffs: 30 , passenger_id: 32, route_id: 1, passenger_num: 2 id: 1816
processing event: VehicleEnterNewRoadEvent, vehicle_id: 6, road_id: 1000000000000000505 id: 1812 at time: 1415.03
Processed event: VehicleEnterNewRoadEvent, vehicle_id: 6, road_id: 1000000000000000505 id: 1812
processing event: VehicleDepartureEvent, vehicle_id: 6, road_id: 1000000000000000505, offset: 0.000000 id: 1818 at time: 1415.03
Processed event: VehicleDepartureEvent, vehicle_id: 6, road_id: 1000000000000000505, offset: 0.000000 id: 1818
processing event: VehicleArriveIntersectionEvent, vehicle_id: 12, road_id: 1000000000000000210 id: 1737 at time: 1415.48
Processed event: VehicleArriveIntersectionEvent, vehicle_id: 12, road_id: 1000000000000000210 id: 1737
processing event: VehicleArriveIntersectionEvent, vehicle_id: 15, road_id: 1000000000000001139 id: 1767 at time: 1416.38
Processed event: VehicleArriveIntersectionEvent, vehicle_id: 15, road_id: 1000000000000001139 id: 1767
processing event: VehicleArriveIntersectionEvent, vehicle_id: 7, road_id: 1000000000000000220 id: 1807 at time: 1416.88
Processed event: VehicleArriveIntersectionEvent, vehicle_id: 7, road_id: 1000000000000000220 id: 1807
processing event: VehicleEnterNewRoadEvent, vehicle_id: 12, road_id: 1000000000000000157 id: 1820 at time: 1417.28
Processed event: VehicleEnterNewRoadEvent, vehicle_id: 12, road_id: 1000000000000000157 id: 1820
processing event: VehicleDepartureEvent, vehicle_id: 12, road_id: 1000000000000000157, offset: 0.000000 id: 1823 at time: 1417.28
Processed event: VehicleDepartureEvent, vehicle_id: 12, road_id: 1000000000000000157, offset: 0.000000 id: 1823
processing event: VehicleEnterNewRoadEvent, vehicle_id: 15, road_id: 1000000000000001138 id: 1821 at time: 1418.18
Processed event: VehicleEnterNewRoadEvent, vehicle_id: 15, road_id: 1000000000000001138 id: 1821
processing event: VehicleDepartureEvent, vehicle_id: 15, road_id: 1000000000000001138, offset: 0.000000 id: 1825 at time: 1418.18
Processed event: VehicleDepartureEvent, vehicle_id: 15, road_id: 1000000000000001138, offset: 0.000000 id: 1825
processing event: VehicleEnterNewRoadEvent, vehicle_id: 7, road_id: 1000000000000000473 id: 1822 at time: 1418.68
Processed event: VehicleEnterNewRoadEvent, vehicle_id: 7, road_id: 1000000000000000473 id: 1822
processing event: VehicleDepartureEvent, vehicle_id: 7, road_id: 1000000000000000473, offset: 0.000000 id: 1827 at time: 1418.68
Processed event: VehicleDepartureEvent, vehicle_id: 7, road_id: 1000000000000000473, offset: 0.000000 id: 1827
Simulator::runFor: now_ = 1418.68 target = 1420
[progress] simulator time = 1420 / 3600
processing event: OrderMatchedEvent, order_id: 32, vehicle_id: 17 id: 1829 at time: 1420
Processed event: OrderMatchedEvent, order_id: 32, vehicle_id: 17 id: 1829
processing event: PassengerArrivalEvent, passenger_id: 32 id: 1831 at time: 1420
Processed event: PassengerArrivalEvent, passenger_id: 32 id: 1831
processing event: VehicleArriveIntersectionEvent, vehicle_id: 6, road_id: 1000000000000000505 id: 1819 at time: 1420.25
Processed event: VehicleArriveIntersectionEvent, vehicle_id: 6, road_id: 1000000000000000505 id: 1819
processing event: VehicleArriveIntersectionEvent, vehicle_id: 5, road_id: 1000000000000000030 id: 1815 at time: 1420.41
Processed event: VehicleArriveIntersectionEvent, vehicle_id: 5, road_id: 1000000000000000030 id: 1815
processing event: VehicleArriveIntersectionEvent, vehicle_id: 12, road_id: 1000000000000000157 id: 1824 at time: 1421.96
Processed event: VehicleArriveIntersectionEvent, vehicle_id: 12, road_id: 1000000000000000157 id: 1824
processing event: VehicleEnterNewRoadEvent, vehicle_id: 6, road_id: 1000000000000000506 id: 1832 at time: 1422.05
Processed event: VehicleEnterNewRoadEvent, vehicle_id: 6, road_id: 1000000000000000506 id: 1832
processing event: VehicleDepartureEvent, vehicle_id: 6, road_id: 1000000000000000506, offset: 0.000000 id: 1835 at time: 1422.05
Processed event: VehicleDepartureEvent, vehicle_id: 6, road_id: 1000000000000000506, offset: 0.000000 id: 1835
processing event: VehicleEnterNewRoadEvent, vehicle_id: 5, road_id: 1000000000000000178 id: 1833 at time: 1422.21
Processed event: VehicleEnterNewRoadEvent, vehicle_id: 5, road_id: 1000000000000000178 id: 1833
processing event: VehicleDepartureEvent, vehicle_id: 5, road_id: 1000000000000000178, offset: 0.000000 id: 1837 at time: 1422.21
Processed event: VehicleDepartureEvent, vehicle_id: 5, road_id: 1000000000000000178, offset: 0.000000 id: 1837
processing event: VehicleEnterNewRoadEvent, vehicle_id: 12, road_id: 1000000000000000163 id: 1834 at time: 1423.76
Processed event: VehicleEnterNewRoadEvent, vehicle_id: 12, road_id: 1000000000000000163 id: 1834
processing event: VehicleDepartureEvent, vehicle_id: 12, road_id: 1000000000000000163, offset: 0.000000 id: 1839 at time: 1423.76
Processed event: VehicleDepartureEvent, vehicle_id: 12, road_id: 1000000000000000163, offset: 0.000000 id: 1839
processing event: VehicleArriveIntersectionEvent, vehicle_id: 13, road_id: 1000000000000000297 id: 1793 at time: 1424.15
Processed event: VehicleArriveIntersectionEvent, vehicle_id: 13, road_id: 1000000000000000297 id: 1793
processing event: PassengerRouteStartEvent, passenger_id: 33, route_id: 1 id: 32 at time: 1425
Processed event: PassengerRouteStartEvent, passenger_id: 33, route_id: 1 id: 32
processing event: OrderCreatedEvent, order_id: 33, available_pickups: 102 , available_dropoffs: 125 , passenger_id: 33, route_id: 1, passenger_num: 0 id: 1842 at time: 1425
Processed event: OrderCreatedEvent, order_id: 33, available_pickups: 102 , available_dropoffs: 125 , passenger_id: 33, route_id: 1, passenger_num: 2 id: 1842
processing event: VehicleArriveIntersectionEvent, vehicle_id: 12, road_id: 1000000000000000163 id: 1840 at time: 1425.2
Processed event: VehicleArriveIntersectionEvent, vehicle_id: 12, road_id: 1000000000000000163 id: 1840
processing event: VehicleEnterNewRoadEvent, vehicle_id: 13, road_id: 1000000000000000298 id: 1841 at time: 1425.95
Processed event: VehicleEnterNewRoadEvent, vehicle_id: 13, road_id: 1000000000000000298 id: 1841
processing event: VehicleDepartureEvent, vehicle_id: 13, road_id: 1000000000000000298, offset: 0.000000 id: 1844 at time: 1425.95
Processed event: VehicleDepartureEvent, vehicle_id: 13, road_id: 1000000000000000298, offset: 0.000000 id: 1844
processing event: VehicleEnterNewRoadEvent, vehicle_id: 12, road_id: 1000000000000000153 id: 1843 at time: 1427
Processed event: VehicleEnterNewRoadEvent, vehicle_id: 12, road_id: 1000000000000000153 id: 1843
processing event: VehicleDepartureEvent, vehicle_id: 12, road_id: 1000000000000000153, offset: 0.000000 id: 1846 at time: 1427
Processed event: VehicleDepartureEvent, vehicle_id: 12, road_id: 1000000000000000153, offset: 0.000000 id: 1846
Simulator::runFor: now_ = 1427 target = 1430
[progress] simulator time = 1430 / 3600
processing event: OrderMatchedEvent, order_id: 33, vehicle_id: 19 id: 1848 at time: 1430
Processed event: OrderMatchedEvent, order_id: 33, vehicle_id: 19 id: 1848
processing event: VehicleDepartureEvent, vehicle_id: 19, road_id: 1000000000000000584, offset: 136.190000 id: 1849 at time: 1430
Processed event: VehicleDepartureEvent, vehicle_id: 19, road_id: 1000000000000000584, offset: 136.190000 id: 1849
processing event: PassengerArrivalEvent, passenger_id: 33 id: 1850 at time: 1430
Processed event: PassengerArrivalEvent, passenger_id: 33 id: 1850
processing event: VehicleArriveIntersectionEvent, vehicle_id: 18, road_id: 1000000000000000416 id: 1798 at time: 1430.37
Processed event: VehicleArriveIntersectionEvent, vehicle_id: 18, road_id: 1000000000000000416 id: 1798
processing event: VehicleArriveIntersectionEvent, vehicle_id: 19, road_id: 1000000000000000584 id: 1851 at time: 1431.77
Processed event: VehicleArriveIntersectionEvent, vehicle_id: 19, road_id: 1000000000000000584 id: 1851
processing event: VehicleEnterNewRoadEvent, vehicle_id: 18, road_id: 1000000000000000421 id: 1852 at time: 1432.17
Processed event: VehicleEnterNewRoadEvent, vehicle_id: 18, road_id: 1000000000000000421 id: 1852
processing event: VehicleDepartureEvent, vehicle_id: 18, road_id: 1000000000000000421, offset: 0.000000 id: 1854 at time: 1432.17
Processed event: VehicleDepartureEvent, vehicle_id: 18, road_id: 1000000000000000421, offset: 0.000000 id: 1854
processing event: VehicleArriveIntersectionEvent, vehicle_id: 9, road_id: 1000000000000000854 id: 1775 at time: 1433.33
Processed event: VehicleArriveIntersectionEvent, vehicle_id: 9, road_id: 1000000000000000854 id: 1775
processing event: VehicleArriveIntersectionEvent, vehicle_id: 12, road_id: 1000000000000000153 id: 1847 at time: 1433.48
Processed event: VehicleArriveIntersectionEvent, vehicle_id: 12, road_id: 1000000000000000153 id: 1847
processing event: VehicleEnterNewRoadEvent, vehicle_id: 19, road_id: 1000000000000000585 id: 1853 at time: 1433.57
Processed event: VehicleEnterNewRoadEvent, vehicle_id: 19, road_id: 1000000000000000585 id: 1853
processing event: VehicleDepartureEvent, vehicle_id: 19, road_id: 1000000000000000585, offset: 0.000000 id: 1858 at time: 1433.57
Processed event: VehicleDepartureEvent, vehicle_id: 19, road_id: 1000000000000000585, offset: 0.000000 id: 1858
processing event: VehicleEnterNewRoadEvent, vehicle_id: 9, road_id: 1000000000000000299 id: 1856 at time: 1435.13
Processed event: VehicleEnterNewRoadEvent, vehicle_id: 9, road_id: 1000000000000000299 id: 1856
processing event: VehicleDepartureEvent, vehicle_id: 9, road_id: 1000000000000000299, offset: 0.000000 id: 1860 at time: 1435.13
Processed event: VehicleDepartureEvent, vehicle_id: 9, road_id: 1000000000000000299, offset: 0.000000 id: 1860
processing event: VehicleEnterNewRoadEvent, vehicle_id: 12, road_id: 1000000000000001192 id: 1857 at time: 1435.28
Processed event: VehicleEnterNewRoadEvent, vehicle_id: 12, road_id: 1000000000000001192 id: 1857
processing event: VehicleDepartureEvent, vehicle_id: 12, road_id: 1000000000000001192, offset: 0.000000 id: 1862 at time: 1435.28
Processed event: VehicleDepartureEvent, vehicle_id: 12, road_id: 1000000000000001192, offset: 0.000000 id: 1862
Simulator::runFor: now_ = 1435.28 target = 1440
[progress] simulator time = 1440 / 3600
Event is not valid: VehicleCheckPointEvent, vehicle_id: 10 id: 1813 at time: 1442.1
Event is not valid: VehicleArriveIntersectionEvent, vehicle_id: 17, road_id: 1000000000000000193 id: 1802 at time: 1443.2
processing event: VehicleArriveIntersectionEvent, vehicle_id: 17, road_id: 1000000000000000193 id: 1830 at time: 1443.2
Processed event: VehicleArriveIntersectionEvent, vehicle_id: 17, road_id: 1000000000000000193 id: 1830
processing event: VehicleArriveIntersectionEvent, vehicle_id: 10, road_id: 1000000000000000504 id: 1817 at time: 1443.54
Processed event: VehicleArriveIntersectionEvent, vehicle_id: 10, road_id: 1000000000000000504 id: 1817
Event is not valid: VehicleCheckPointEvent, vehicle_id: 4 id: 1695 at time: 1443.55
processing event: VehicleArriveIntersectionEvent, vehicle_id: 1, road_id: 1000000000000000021 id: 1804 at time: 1444.75
Processed event: VehicleArriveIntersectionEvent, vehicle_id: 1, road_id: 1000000000000000021 id: 1804
processing event: VehicleArriveIntersectionEvent, vehicle_id: 4, road_id: 1000000000000000339 id: 1696 at time: 1444.99
Processed event: VehicleArriveIntersectionEvent, vehicle_id: 4, road_id: 1000000000000000339 id: 1696
processing event: VehicleEnterNewRoadEvent, vehicle_id: 17, road_id: 1000000000000000085 id: 1864 at time: 1445
Processed event: VehicleEnterNewRoadEvent, vehicle_id: 17, road_id: 1000000000000000085 id: 1864
processing event: VehicleDepartureEvent, vehicle_id: 17, road_id: 1000000000000000085, offset: 0.000000 id: 1868 at time: 1445
Processed event: VehicleDepartureEvent, vehicle_id: 17, road_id: 1000000000000000085, offset: 0.000000 id: 1868
processing event: VehicleEnterNewRoadEvent, vehicle_id: 10, road_id: 1000000000000000534 id: 1865 at time: 1445.34
Processed event: VehicleEnterNewRoadEvent, vehicle_id: 10, road_id: 1000000000000000534 id: 1865
processing event: VehicleDepartureEvent, vehicle_id: 10, road_id: 1000000000000000534, offset: 0.000000 id: 1870 at time: 1445.34
Processed event: VehicleDepartureEvent, vehicle_id: 10, road_id: 1000000000000000534, offset: 0.000000 id: 1870
processing event: BusArrivalEvent, vehicle_id: 18, stop_id: 223 id: 1855 at time: 1445.73
Processed event: BusArrivalEvent, vehicle_id: 18, stop_id: 223 id: 1855
processing event: PassengerOnboardEvent, passenger_id: 24 id: 1872 at time: 1445.73
Processed event: PassengerOnboardEvent, passenger_id: 24 id: 1872
processing event: VehicleEnterNewRoadEvent, vehicle_id: 1, road_id: 1000000000000000022 id: 1866 at time: 1446.55
Processed event: VehicleEnterNewRoadEvent, vehicle_id: 1, road_id: 1000000000000000022 id: 1866
processing event: VehicleDepartureEvent, vehicle_id: 1, road_id: 1000000000000000022, offset: 0.000000 id: 1874 at time: 1446.55
Processed event: VehicleDepartureEvent, vehicle_id: 1, road_id: 1000000000000000022, offset: 0.000000 id: 1874
processing event: VehicleEnterNewRoadEvent, vehicle_id: 4, road_id: 1000000000000000326 id: 1867 at time: 1446.79
Processed event: VehicleEnterNewRoadEvent, vehicle_id: 4, road_id: 1000000000000000326 id: 1867
processing event: VehicleDepartureEvent, vehicle_id: 4, road_id: 1000000000000000326, offset: 0.000000 id: 1876 at time: 1446.79
Processed event: VehicleDepartureEvent, vehicle_id: 4, road_id: 1000000000000000326, offset: 0.000000 id: 1876
Simulator::runFor: now_ = 1446.79 target = 1450
[progress] simulator time = 1450 / 3600
processing event: VehicleArriveIntersectionEvent, vehicle_id: 5, road_id: 1000000000000000178 id: 1838 at time: 1450.11
Processed event: VehicleArriveIntersectionEvent, vehicle_id: 5, road_id: 1000000000000000178 id: 1838
processing event: VehicleDepartureEvent, vehicle_id: 18, road_id: 1000000000000000421, offset: 75.320000 id: 1873 at time: 1450.73
Processed event: VehicleDepartureEvent, vehicle_id: 18, road_id: 1000000000000000421, offset: 75.320000 id: 1873
processing event: VehicleArriveIntersectionEvent, vehicle_id: 11, road_id: 1000000000000000769 id: 1800 at time: 1451.37
Processed event: VehicleArriveIntersectionEvent, vehicle_id: 11, road_id: 1000000000000000769 id: 1800
processing event: VehicleEnterNewRoadEvent, vehicle_id: 5, road_id: 1000000000000000179 id: 1878 at time: 1451.91
Processed event: VehicleEnterNewRoadEvent, vehicle_id: 5, road_id: 1000000000000000179 id: 1878
processing event: VehicleDepartureEvent, vehicle_id: 5, road_id: 1000000000000000179, offset: 0.000000 id: 1881 at time: 1451.91
Processed event: VehicleDepartureEvent, vehicle_id: 5, road_id: 1000000000000000179, offset: 0.000000 id: 1881
processing event: VehicleEnterNewRoadEvent, vehicle_id: 11, road_id: 1000000000000000010 id: 1880 at time: 1453.17
Processed event: VehicleEnterNewRoadEvent, vehicle_id: 11, road_id: 1000000000000000010 id: 1880
processing event: VehicleDepartureEvent, vehicle_id: 11, road_id: 1000000000000000010, offset: 0.000000 id: 1883 at time: 1453.17
Processed event: VehicleDepartureEvent, vehicle_id: 11, road_id: 1000000000000000010, offset: 0.000000 id: 1883
processing event: VehicleArriveIntersectionEvent, vehicle_id: 15, road_id: 1000000000000001138 id: 1826 at time: 1453.28
Processed event: VehicleArriveIntersectionEvent, vehicle_id: 15, road_id: 1000000000000001138 id: 1826
processing event: VehicleEnterNewRoadEvent, vehicle_id: 15, road_id: 1000000000000001210 id: 1885 at time: 1455.08
Processed event: VehicleEnterNewRoadEvent, vehicle_id: 15, road_id: 1000000000000001210 id: 1885
processing event: VehicleDepartureEvent, vehicle_id: 15, road_id: 1000000000000001210, offset: 0.000000 id: 1886 at time: 1455.08
Processed event: VehicleDepartureEvent, vehicle_id: 15, road_id: 1000000000000001210, offset: 0.000000 id: 1886
Simulator::runFor: now_ = 1455.08 target = 1460
[progress] simulator time = 1460 / 3600
processing event: VehicleArriveIntersectionEvent, vehicle_id: 10, road_id: 1000000000000000534 id: 1871 at time: 1461
Processed event: VehicleArriveIntersectionEvent, vehicle_id: 10, road_id: 1000000000000000534 id: 1871
processing event: VehicleArriveIntersectionEvent, vehicle_id: 2, road_id: 1000000000000000308 id: 1784 at time: 1461.94
Processed event: VehicleArriveIntersectionEvent, vehicle_id: 2, road_id: 1000000000000000308 id: 1784
processing event: VehicleEnterNewRoadEvent, vehicle_id: 10, road_id: 1000000000000000535 id: 1888 at time: 1462.8
Processed event: VehicleEnterNewRoadEvent, vehicle_id: 10, road_id: 1000000000000000535 id: 1888
processing event: VehicleDepartureEvent, vehicle_id: 10, road_id: 1000000000000000535, offset: 0.000000 id: 1890 at time: 1462.8
Processed event: VehicleDepartureEvent, vehicle_id: 10, road_id: 1000000000000000535, offset: 0.000000 id: 1890
processing event: VehicleArriveIntersectionEvent, vehicle_id: 9, road_id: 1000000000000000299 id: 1861 at time: 1463.04
Processed event: VehicleArriveIntersectionEvent, vehicle_id: 9, road_id: 1000000000000000299 id: 1861
processing event: VehicleEnterNewRoadEvent, vehicle_id: 2, road_id: 1000000000000001081 id: 1889 at time: 1463.74
Processed event: VehicleEnterNewRoadEvent, vehicle_id: 2, road_id: 1000000000000001081 id: 1889
processing event: VehicleDepartureEvent, vehicle_id: 2, road_id: 1000000000000001081, offset: 0.000000 id: 1893 at time: 1463.74
Processed event: VehicleDepartureEvent, vehicle_id: 2, road_id: 1000000000000001081, offset: 0.000000 id: 1893
processing event: VehicleEnterNewRoadEvent, vehicle_id: 9, road_id: 1000000000000000293 id: 1892 at time: 1464.84
Processed event: VehicleEnterNewRoadEvent, vehicle_id: 9, road_id: 1000000000000000293 id: 1892
processing event: VehicleDepartureEvent, vehicle_id: 9, road_id: 1000000000000000293, offset: 0.000000 id: 1895 at time: 1464.84
Processed event: VehicleDepartureEvent, vehicle_id: 9, road_id: 1000000000000000293, offset: 0.000000 id: 1895
processing event: VehicleArriveIntersectionEvent, vehicle_id: 12, road_id: 1000000000000001192 id: 1863 at time: 1465.16
Processed event: VehicleArriveIntersectionEvent, vehicle_id: 12, road_id: 1000000000000001192 id: 1863
processing event: VehicleEnterNewRoadEvent, vehicle_id: 12, road_id: 1000000000000001194 id: 1897 at time: 1466.96
Processed event: VehicleEnterNewRoadEvent, vehicle_id: 12, road_id: 1000000000000001194 id: 1897
processing event: VehicleDepartureEvent, vehicle_id: 12, road_id: 1000000000000001194, offset: 0.000000 id: 1898 at time: 1466.96
Processed event: VehicleDepartureEvent, vehicle_id: 12, road_id: 1000000000000001194, offset: 0.000000 id: 1898
processing event: VehicleArriveIntersectionEvent, vehicle_id: 18, road_id: 1000000000000000421 id: 1879 at time: 1468.13
Processed event: VehicleArriveIntersectionEvent, vehicle_id: 18, road_id: 1000000000000000421 id: 1879
processing event: VehicleArriveIntersectionEvent, vehicle_id: 3, road_id: 1000000000000000243 id: 1762 at time: 1468.56
Processed event: VehicleArriveIntersectionEvent, vehicle_id: 3, road_id: 1000000000000000243 id: 1762
processing event: VehicleArriveIntersectionEvent, vehicle_id: 19, road_id: 1000000000000000585 id: 1859 at time: 1468.67
Processed event: VehicleArriveIntersectionEvent, vehicle_id: 19, road_id: 1000000000000000585 id: 1859
processing event: VehicleArriveIntersectionEvent, vehicle_id: 13, road_id: 1000000000000000298 id: 1845 at time: 1469.52
Processed event: VehicleArriveIntersectionEvent, vehicle_id: 13, road_id: 1000000000000000298 id: 1845
processing event: VehicleEnterNewRoadEvent, vehicle_id: 18, road_id: 1000000000000000780 id: 1900 at time: 1469.93
Processed event: VehicleEnterNewRoadEvent, vehicle_id: 18, road_id: 1000000000000000780 id: 1900
processing event: VehicleDepartureEvent, vehicle_id: 18, road_id: 1000000000000000780, offset: 0.000000 id: 1904 at time: 1469.93
Processed event: VehicleDepartureEvent, vehicle_id: 18, road_id: 1000000000000000780, offset: 0.000000 id: 1904
Simulator::runFor: now_ = 1469.93 target = 1470
[progress] simulator time = 1470 / 3600
processing event: VehicleEnterNewRoadEvent, vehicle_id: 3, road_id: 1000000000000000244 id: 1901 at time: 1470.36
Processed event: VehicleEnterNewRoadEvent, vehicle_id: 3, road_id: 1000000000000000244 id: 1901
processing event: VehicleDepartureEvent, vehicle_id: 3, road_id: 1000000000000000244, offset: 0.000000 id: 1906 at time: 1470.36
Processed event: VehicleDepartureEvent, vehicle_id: 3, road_id: 1000000000000000244, offset: 0.000000 id: 1906
processing event: VehicleEnterNewRoadEvent, vehicle_id: 19, road_id: 1000000000000000587 id: 1902 at time: 1470.47
Processed event: VehicleEnterNewRoadEvent, vehicle_id: 19, road_id: 1000000000000000587 id: 1902
processing event: VehicleDepartureEvent, vehicle_id: 19, road_id: 1000000000000000587, offset: 0.000000 id: 1908 at time: 1470.47
Processed event: VehicleDepartureEvent, vehicle_id: 19, road_id: 1000000000000000587, offset: 0.000000 id: 1908
processing event: VehicleEnterNewRoadEvent, vehicle_id: 13, road_id: 1000000000000000769 id: 1903 at time: 1471.32
Processed event: VehicleEnterNewRoadEvent, vehicle_id: 13, road_id: 1000000000000000769 id: 1903
processing event: VehicleDepartureEvent, vehicle_id: 13, road_id: 1000000000000000769, offset: 0.000000 id: 1910 at time: 1471.32
Processed event: VehicleDepartureEvent, vehicle_id: 13, road_id: 1000000000000000769, offset: 0.000000 id: 1910
processing event: VehicleArriveIntersectionEvent, vehicle_id: 9, road_id: 1000000000000000293 id: 1896 at time: 1471.5
Processed event: VehicleArriveIntersectionEvent, vehicle_id: 9, road_id: 1000000000000000293 id: 1896
processing event: VehicleArriveIntersectionEvent, vehicle_id: 18, road_id: 1000000000000000780 id: 1905 at time: 1472.81
Processed event: VehicleArriveIntersectionEvent, vehicle_id: 18, road_id: 1000000000000000780 id: 1905
processing event: VehicleEnterNewRoadEvent, vehicle_id: 9, road_id: 1000000000000000295 id: 1912 at time: 1473.3
Processed event: VehicleEnterNewRoadEvent, vehicle_id: 9, road_id: 1000000000000000295 id: 1912
processing event: VehicleDepartureEvent, vehicle_id: 9, road_id: 1000000000000000295, offset: 0.000000 id: 1914 at time: 1473.3
Processed event: VehicleDepartureEvent, vehicle_id: 9, road_id: 1000000000000000295, offset: 0.000000 id: 1914
processing event: VehicleEnterNewRoadEvent, vehicle_id: 18, road_id: 1000000000000000779 id: 1913 at time: 1474.61
Processed event: VehicleEnterNewRoadEvent, vehicle_id: 18, road_id: 1000000000000000779 id: 1913
processing event: VehicleDepartureEvent, vehicle_id: 18, road_id: 1000000000000000779, offset: 0.000000 id: 1916 at time: 1474.61
Processed event: VehicleDepartureEvent, vehicle_id: 18, road_id: 1000000000000000779, offset: 0.000000 id: 1916
processing event: VehicleArriveIntersectionEvent, vehicle_id: 11, road_id: 1000000000000000010 id: 1884 at time: 1476.39
Processed event: VehicleArriveIntersectionEvent, vehicle_id: 11, road_id: 1000000000000000010 id: 1884
processing event: VehicleEnterNewRoadEvent, vehicle_id: 11, road_id: 1000000000000000011 id: 1918 at time: 1478.19
Processed event: VehicleEnterNewRoadEvent, vehicle_id: 11, road_id: 1000000000000000011 id: 1918
processing event: VehicleDepartureEvent, vehicle_id: 11, road_id: 1000000000000000011, offset: 0.000000 id: 1919 at time: 1478.19
Processed event: VehicleDepartureEvent, vehicle_id: 11, road_id: 1000000000000000011, offset: 0.000000 id: 1919
processing event: BusArrivalEvent, vehicle_id: 4, stop_id: 201 id: 1877 at time: 1478.73
Processed event: BusArrivalEvent, vehicle_id: 4, stop_id: 201 id: 1877
processing event: PassengerOnboardEvent, passenger_id: 25 id: 1921 at time: 1478.73
Processed event: PassengerOnboardEvent, passenger_id: 25 id: 1921
Simulator::runFor: now_ = 1478.73 target = 1480
[progress] simulator time = 1480 / 3600
processing event: VehicleArriveIntersectionEvent, vehicle_id: 15, road_id: 1000000000000001210 id: 1887 at time: 1481.37
Processed event: VehicleArriveIntersectionEvent, vehicle_id: 15, road_id: 1000000000000001210 id: 1887
processing event: VehicleEnterNewRoadEvent, vehicle_id: 15, road_id: 1000000000000001211 id: 1923 at time: 1483.17
Processed event: VehicleEnterNewRoadEvent, vehicle_id: 15, road_id: 1000000000000001211 id: 1923
processing event: VehicleDepartureEvent, vehicle_id: 15, road_id: 1000000000000001211, offset: 0.000000 id: 1924 at time: 1483.17
Processed event: VehicleDepartureEvent, vehicle_id: 15, road_id: 1000000000000001211, offset: 0.000000 id: 1924
processing event: VehicleDepartureEvent, vehicle_id: 4, road_id: 1000000000000000326, offset: 177.410000 id: 1922 at time: 1483.73
Processed event: VehicleDepartureEvent, vehicle_id: 4, road_id: 1000000000000000326, offset: 177.410000 id: 1922
processing event: VehicleArriveIntersectionEvent, vehicle_id: 7, road_id: 1000000000000000473 id: 1828 at time: 1485.65
Processed event: VehicleArriveIntersectionEvent, vehicle_id: 7, road_id: 1000000000000000473 id: 1828
processing event: VehicleArriveIntersectionEvent, vehicle_id: 12, road_id: 1000000000000001194 id: 1899 at time: 1486.58
Processed event: VehicleArriveIntersectionEvent, vehicle_id: 12, road_id: 1000000000000001194 id: 1899
processing event: VehicleEnterNewRoadEvent, vehicle_id: 7, road_id: 1000000000000000316 id: 1927 at time: 1487.45
Processed event: VehicleEnterNewRoadEvent, vehicle_id: 7, road_id: 1000000000000000316 id: 1927
processing event: VehicleDepartureEvent, vehicle_id: 7, road_id: 1000000000000000316, offset: 0.000000 id: 1929 at time: 1487.45
Processed event: VehicleDepartureEvent, vehicle_id: 7, road_id: 1000000000000000316, offset: 0.000000 id: 1929
processing event: VehicleEnterNewRoadEvent, vehicle_id: 12, road_id: 1000000000000001193 id: 1928 at time: 1488.38
Processed event: VehicleEnterNewRoadEvent, vehicle_id: 12, road_id: 1000000000000001193 id: 1928
processing event: VehicleDepartureEvent, vehicle_id: 12, road_id: 1000000000000001193, offset: 0.000000 id: 1931 at time: 1488.38
Processed event: VehicleDepartureEvent, vehicle_id: 12, road_id: 1000000000000001193, offset: 0.000000 id: 1931
processing event: VehicleArriveIntersectionEvent, vehicle_id: 15, road_id: 1000000000000001211 id: 1925 at time: 1489.29
Processed event: VehicleArriveIntersectionEvent, vehicle_id: 15, road_id: 1000000000000001211 id: 1925
processing event: VehicleArriveIntersectionEvent, vehicle_id: 6, road_id: 1000000000000000506 id: 1836 at time: 1489.74
Processed event: VehicleArriveIntersectionEvent, vehicle_id: 6, road_id: 1000000000000000506 id: 1836
Simulator::runFor: now_ = 1489.74 target = 1490
[progress] simulator time = 1490 / 3600
processing event: VehicleEnterNewRoadEvent, vehicle_id: 15, road_id: 1000000000000001188 id: 1933 at time: 1491.09
Processed event: VehicleEnterNewRoadEvent, vehicle_id: 15, road_id: 1000000000000001188 id: 1933
processing event: VehicleDepartureEvent, vehicle_id: 15, road_id: 1000000000000001188, offset: 0.000000 id: 1935 at time: 1491.09
Processed event: VehicleDepartureEvent, vehicle_id: 15, road_id: 1000000000000001188, offset: 0.000000 id: 1935
processing event: VehicleArriveIntersectionEvent, vehicle_id: 1, road_id: 1000000000000000022 id: 1875 at time: 1491.38
Processed event: VehicleArriveIntersectionEvent, vehicle_id: 1, road_id: 1000000000000000022 id: 1875
processing event: VehicleEnterNewRoadEvent, vehicle_id: 6, road_id: 1000000000000000507 id: 1934 at time: 1491.54
Processed event: VehicleEnterNewRoadEvent, vehicle_id: 6, road_id: 1000000000000000507 id: 1934
processing event: VehicleDepartureEvent, vehicle_id: 6, road_id: 1000000000000000507, offset: 0.000000 id: 1938 at time: 1491.54
Processed event: VehicleDepartureEvent, vehicle_id: 6, road_id: 1000000000000000507, offset: 0.000000 id: 1938
processing event: VehicleEnterNewRoadEvent, vehicle_id: 1, road_id: 1000000000000000306 id: 1937 at time: 1493.18
Processed event: VehicleEnterNewRoadEvent, vehicle_id: 1, road_id: 1000000000000000306 id: 1937
processing event: VehicleDepartureEvent, vehicle_id: 1, road_id: 1000000000000000306, offset: 0.000000 id: 1940 at time: 1493.18
Processed event: VehicleDepartureEvent, vehicle_id: 1, road_id: 1000000000000000306, offset: 0.000000 id: 1940
processing event: VehicleArriveIntersectionEvent, vehicle_id: 15, road_id: 1000000000000001188 id: 1936 at time: 1495.41
Processed event: VehicleArriveIntersectionEvent, vehicle_id: 15, road_id: 1000000000000001188 id: 1936
processing event: VehicleEnterNewRoadEvent, vehicle_id: 15, road_id: 1000000000000001056 id: 1942 at time: 1497.21
Processed event: VehicleEnterNewRoadEvent, vehicle_id: 15, road_id: 1000000000000001056 id: 1942
processing event: VehicleDepartureEvent, vehicle_id: 15, road_id: 1000000000000001056, offset: 0.000000 id: 1943 at time: 1497.21
Processed event: VehicleDepartureEvent, vehicle_id: 15, road_id: 1000000000000001056, offset: 0.000000 id: 1943
processing event: VehicleArriveIntersectionEvent, vehicle_id: 10, road_id: 1000000000000000535 id: 1891 at time: 1497.55
Processed event: VehicleArriveIntersectionEvent, vehicle_id: 10, road_id: 1000000000000000535 id: 1891
processing event: VehicleEnterNewRoadEvent, vehicle_id: 10, road_id: 1000000000000000527 id: 1945 at time: 1499.35
Processed event: VehicleEnterNewRoadEvent, vehicle_id: 10, road_id: 1000000000000000527 id: 1945
processing event: VehicleDepartureEvent, vehicle_id: 10, road_id: 1000000000000000527, offset: 0.000000 id: 1946 at time: 1499.35
Processed event: VehicleDepartureEvent, vehicle_id: 10, road_id: 1000000000000000527, offset: 0.000000 id: 1946
processing event: VehicleArriveIntersectionEvent, vehicle_id: 17, road_id: 1000000000000000085 id: 1869 at time: 1499.72
Processed event: VehicleArriveIntersectionEvent, vehicle_id: 17, road_id: 1000000000000000085 id: 1869
Simulator::runFor: now_ = 1499.72 target = 1500
[progress] simulator time = 1500 / 3600
processing event: VehicleArriveIntersectionEvent, vehicle_id: 5, road_id: 1000000000000000179 id: 1882 at time: 1500.34
Processed event: VehicleArriveIntersectionEvent, vehicle_id: 5, road_id: 1000000000000000179 id: 1882
processing event: VehicleArriveIntersectionEvent, vehicle_id: 15, road_id: 1000000000000001056 id: 1944 at time: 1501.35
Processed event: VehicleArriveIntersectionEvent, vehicle_id: 15, road_id: 1000000000000001056 id: 1944
processing event: VehicleEnterNewRoadEvent, vehicle_id: 17, road_id: 1000000000000000086 id: 1948 at time: 1501.52
Processed event: VehicleEnterNewRoadEvent, vehicle_id: 17, road_id: 1000000000000000086 id: 1948
processing event: VehicleDepartureEvent, vehicle_id: 17, road_id: 1000000000000000086, offset: 0.000000 id: 1951 at time: 1501.52
Processed event: VehicleDepartureEvent, vehicle_id: 17, road_id: 1000000000000000086, offset: 0.000000 id: 1951
processing event: VehicleEnterNewRoadEvent, vehicle_id: 5, road_id: 1000000000000000187 id: 1949 at time: 1502.14
Processed event: VehicleEnterNewRoadEvent, vehicle_id: 5, road_id: 1000000000000000187 id: 1949
processing event: VehicleDepartureEvent, vehicle_id: 5, road_id: 1000000000000000187, offset: 0.000000 id: 1953 at time: 1502.14
Processed event: VehicleDepartureEvent, vehicle_id: 5, road_id: 1000000000000000187, offset: 0.000000 id: 1953
processing event: VehicleEnterNewRoadEvent, vehicle_id: 15, road_id: 1000000000000001055 id: 1950 at time: 1503.15
Processed event: VehicleEnterNewRoadEvent, vehicle_id: 15, road_id: 1000000000000001055 id: 1950
processing event: VehicleDepartureEvent, vehicle_id: 15, road_id: 1000000000000001055, offset: 0.000000 id: 1955 at time: 1503.15
Processed event: VehicleDepartureEvent, vehicle_id: 15, road_id: 1000000000000001055, offset: 0.000000 id: 1955
processing event: VehicleArriveIntersectionEvent, vehicle_id: 12, road_id: 1000000000000001193 id: 1932 at time: 1505.3
Processed event: VehicleArriveIntersectionEvent, vehicle_id: 12, road_id: 1000000000000001193 id: 1932
processing event: VehicleArriveIntersectionEvent, vehicle_id: 11, road_id: 1000000000000000011 id: 1920 at time: 1505.91
Processed event: VehicleArriveIntersectionEvent, vehicle_id: 11, road_id: 1000000000000000011 id: 1920
processing event: VehicleArriveIntersectionEvent, vehicle_id: 9, road_id: 1000000000000000295 id: 1915 at time: 1506.24
Processed event: VehicleArriveIntersectionEvent, vehicle_id: 9, road_id: 1000000000000000295 id: 1915
processing event: VehicleEnterNewRoadEvent, vehicle_id: 12, road_id: 1000000000000001181 id: 1957 at time: 1507.1
Processed event: VehicleEnterNewRoadEvent, vehicle_id: 12, road_id: 1000000000000001181 id: 1957
processing event: VehicleDepartureEvent, vehicle_id: 12, road_id: 1000000000000001181, offset: 0.000000 id: 1960 at time: 1507.1
Processed event: VehicleDepartureEvent, vehicle_id: 12, road_id: 1000000000000001181, offset: 0.000000 id: 1960
processing event: VehicleEnterNewRoadEvent, vehicle_id: 11, road_id: 1000000000000000012 id: 1958 at time: 1507.71
Processed event: VehicleEnterNewRoadEvent, vehicle_id: 11, road_id: 1000000000000000012 id: 1958
processing event: VehicleDepartureEvent, vehicle_id: 11, road_id: 1000000000000000012, offset: 0.000000 id: 1962 at time: 1507.71
Processed event: VehicleDepartureEvent, vehicle_id: 11, road_id: 1000000000000000012, offset: 0.000000 id: 1962
processing event: VehicleEnterNewRoadEvent, vehicle_id: 9, road_id: 1000000000000000216 id: 1959 at time: 1508.04
Processed event: VehicleEnterNewRoadEvent, vehicle_id: 9, road_id: 1000000000000000216 id: 1959
processing event: VehicleDepartureEvent, vehicle_id: 9, road_id: 1000000000000000216, offset: 0.000000 id: 1964 at time: 1508.04
Processed event: VehicleDepartureEvent, vehicle_id: 9, road_id: 1000000000000000216, offset: 0.000000 id: 1964
processing event: VehicleArriveIntersectionEvent, vehicle_id: 19, road_id: 1000000000000000587 id: 1909 at time: 1508.63
Processed event: VehicleArriveIntersectionEvent, vehicle_id: 19, road_id: 1000000000000000587 id: 1909
Simulator::runFor: now_ = 1508.63 target = 1510
[progress] simulator time = 1510 / 3600
processing event: VehicleArriveIntersectionEvent, vehicle_id: 18, road_id: 1000000000000000779 id: 1917 at time: 1510.08
Processed event: VehicleArriveIntersectionEvent, vehicle_id: 18, road_id: 1000000000000000779 id: 1917
processing event: VehicleEnterNewRoadEvent, vehicle_id: 19, road_id: 1000000000000001059 id: 1966 at time: 1510.43
Processed event: VehicleEnterNewRoadEvent, vehicle_id: 19, road_id: 1000000000000001059 id: 1966
processing event: VehicleDepartureEvent, vehicle_id: 19, road_id: 1000000000000001059, offset: 0.000000 id: 1968 at time: 1510.43
Processed event: VehicleDepartureEvent, vehicle_id: 19, road_id: 1000000000000001059, offset: 0.000000 id: 1968
processing event: VehicleEnterNewRoadEvent, vehicle_id: 18, road_id: 1000000000000000385 id: 1967 at time: 1511.88
Processed event: VehicleEnterNewRoadEvent, vehicle_id: 18, road_id: 1000000000000000385 id: 1967
processing event: VehicleDepartureEvent, vehicle_id: 18, road_id: 1000000000000000385, offset: 0.000000 id: 1970 at time: 1511.88
Processed event: VehicleDepartureEvent, vehicle_id: 18, road_id: 1000000000000000385, offset: 0.000000 id: 1970
processing event: VehicleArriveIntersectionEvent, vehicle_id: 4, road_id: 1000000000000000326 id: 1926 at time: 1512.28
Processed event: VehicleArriveIntersectionEvent, vehicle_id: 4, road_id: 1000000000000000326 id: 1926
processing event: VehicleEnterNewRoadEvent, vehicle_id: 4, road_id: 1000000000000000193 id: 1972 at time: 1514.08
Processed event: VehicleEnterNewRoadEvent, vehicle_id: 4, road_id: 1000000000000000193 id: 1972
processing event: VehicleDepartureEvent, vehicle_id: 4, road_id: 1000000000000000193, offset: 0.000000 id: 1973 at time: 1514.08
Processed event: VehicleDepartureEvent, vehicle_id: 4, road_id: 1000000000000000193, offset: 0.000000 id: 1973
processing event: VehicleArriveIntersectionEvent, vehicle_id: 10, road_id: 1000000000000000527 id: 1947 at time: 1515.91
Processed event: VehicleArriveIntersectionEvent, vehicle_id: 10, road_id: 1000000000000000527 id: 1947
processing event: VehicleEnterNewRoadEvent, vehicle_id: 10, road_id: 1000000000000000529 id: 1975 at time: 1517.71
Processed event: VehicleEnterNewRoadEvent, vehicle_id: 10, road_id: 1000000000000000529 id: 1975
processing event: VehicleDepartureEvent, vehicle_id: 10, road_id: 1000000000000000529, offset: 0.000000 id: 1976 at time: 1517.71
Processed event: VehicleDepartureEvent, vehicle_id: 10, road_id: 1000000000000000529, offset: 0.000000 id: 1976
Simulator::runFor: now_ = 1517.71 target = 1520
[progress] simulator time = 1520 / 3600
processing event: VehicleArriveIntersectionEvent, vehicle_id: 13, road_id: 1000000000000000769 id: 1911 at time: 1521
Processed event: VehicleArriveIntersectionEvent, vehicle_id: 13, road_id: 1000000000000000769 id: 1911
processing event: BusArrivalEvent, vehicle_id: 5, stop_id: 13 id: 1954 at time: 1521.52
Processed event: BusArrivalEvent, vehicle_id: 5, stop_id: 13 id: 1954
processing event: PassengerRouteEndEvent, passenger_id: 10, route_id: 1 id: 1979 at time: 1521.52
Passenger 10 finished all routes
Processed event: PassengerRouteEndEvent, passenger_id: 10, route_id: 1 id: 1979
processing event: PassengerDropoffEvent, passenger_id: 10 id: 1981 at time: 1521.52
Processed event: PassengerDropoffEvent, passenger_id: 10 id: 1981
processing event: OrderFinishedEvent, order_id: 10 id: 1982 at time: 1521.52
Processed event: OrderFinishedEvent, order_id: 10 id: 1982
processing event: BusArrivalEvent, vehicle_id: 11, stop_id: 179 id: 1963 at time: 1521.94
Processed event: BusArrivalEvent, vehicle_id: 11, stop_id: 179 id: 1963
processing event: PassengerRouteEndEvent, passenger_id: 18, route_id: 1 id: 1983 at time: 1521.94
Passenger 18 finished all routes
Processed event: PassengerRouteEndEvent, passenger_id: 18, route_id: 1 id: 1983
processing event: PassengerDropoffEvent, passenger_id: 18 id: 1985 at time: 1521.94
Processed event: PassengerDropoffEvent, passenger_id: 18 id: 1985
processing event: OrderFinishedEvent, order_id: 18 id: 1986 at time: 1521.94
Processed event: OrderFinishedEvent, order_id: 18 id: 1986
processing event: VehicleEnterNewRoadEvent, vehicle_id: 13, road_id: 1000000000000000770 id: 1978 at time: 1522.8
Processed event: VehicleEnterNewRoadEvent, vehicle_id: 13, road_id: 1000000000000000770 id: 1978
processing event: VehicleDepartureEvent, vehicle_id: 13, road_id: 1000000000000000770, offset: 0.000000 id: 1987 at time: 1522.8
Processed event: VehicleDepartureEvent, vehicle_id: 13, road_id: 1000000000000000770, offset: 0.000000 id: 1987
processing event: VehicleArriveIntersectionEvent, vehicle_id: 12, road_id: 1000000000000001181 id: 1961 at time: 1526.19
Processed event: VehicleArriveIntersectionEvent, vehicle_id: 12, road_id: 1000000000000001181 id: 1961
processing event: VehicleDepartureEvent, vehicle_id: 5, road_id: 1000000000000000187, offset: 107.670000 id: 1980 at time: 1526.52
Processed event: VehicleDepartureEvent, vehicle_id: 5, road_id: 1000000000000000187, offset: 107.670000 id: 1980
processing event: VehicleDepartureEvent, vehicle_id: 11, road_id: 1000000000000000012, offset: 79.020000 id: 1984 at time: 1526.94
Processed event: VehicleDepartureEvent, vehicle_id: 11, road_id: 1000000000000000012, offset: 79.020000 id: 1984
processing event: VehicleEnterNewRoadEvent, vehicle_id: 12, road_id: 1000000000000001049 id: 1989 at time: 1527.99
Processed event: VehicleEnterNewRoadEvent, vehicle_id: 12, road_id: 1000000000000001049 id: 1989
processing event: VehicleDepartureEvent, vehicle_id: 12, road_id: 1000000000000001049, offset: 0.000000 id: 1992 at time: 1527.99
Processed event: VehicleDepartureEvent, vehicle_id: 12, road_id: 1000000000000001049, offset: 0.000000 id: 1992
processing event: VehicleArriveIntersectionEvent, vehicle_id: 3, road_id: 1000000000000000244 id: 1907 at time: 1529.22
Processed event: VehicleArriveIntersectionEvent, vehicle_id: 3, road_id: 1000000000000000244 id: 1907
Simulator::runFor: now_ = 1529.22 target = 1530
[progress] simulator time = 1530 / 3600
processing event: VehicleArriveIntersectionEvent, vehicle_id: 7, road_id: 1000000000000000316 id: 1930 at time: 1530.83
Processed event: VehicleArriveIntersectionEvent, vehicle_id: 7, road_id: 1000000000000000316 id: 1930
processing event: VehicleEnterNewRoadEvent, vehicle_id: 3, road_id: 1000000000000000245 id: 1994 at time: 1531.02
Processed event: VehicleEnterNewRoadEvent, vehicle_id: 3, road_id: 1000000000000000245 id: 1994
processing event: VehicleDepartureEvent, vehicle_id: 3, road_id: 1000000000000000245, offset: 0.000000 id: 1996 at time: 1531.02
Processed event: VehicleDepartureEvent, vehicle_id: 3, road_id: 1000000000000000245, offset: 0.000000 id: 1996
processing event: VehicleEnterNewRoadEvent, vehicle_id: 7, road_id: 1000000000000000317 id: 1995 at time: 1532.63
Processed event: VehicleEnterNewRoadEvent, vehicle_id: 7, road_id: 1000000000000000317 id: 1995
processing event: VehicleDepartureEvent, vehicle_id: 7, road_id: 1000000000000000317, offset: 0.000000 id: 1998 at time: 1532.63
Processed event: VehicleDepartureEvent, vehicle_id: 7, road_id: 1000000000000000317, offset: 0.000000 id: 1998
processing event: VehicleArriveIntersectionEvent, vehicle_id: 15, road_id: 1000000000000001055 id: 1956 at time: 1534.65
Processed event: VehicleArriveIntersectionEvent, vehicle_id: 15, road_id: 1000000000000001055 id: 1956
processing event: VehicleEnterNewRoadEvent, vehicle_id: 15, road_id: 1000000000000000078 id: 2000 at time: 1536.45
Processed event: VehicleEnterNewRoadEvent, vehicle_id: 15, road_id: 1000000000000000078 id: 2000
processing event: VehicleDepartureEvent, vehicle_id: 15, road_id: 1000000000000000078, offset: 0.000000 id: 2001 at time: 1536.45
Processed event: VehicleDepartureEvent, vehicle_id: 15, road_id: 1000000000000000078, offset: 0.000000 id: 2001
processing event: VehicleArriveIntersectionEvent, vehicle_id: 10, road_id: 1000000000000000529 id: 1977 at time: 1539.13
Processed event: VehicleArriveIntersectionEvent, vehicle_id: 10, road_id: 1000000000000000529 id: 1977
Simulator::runFor: now_ = 1539.13 target = 1540
[progress] simulator time = 1540 / 3600
processing event: VehicleEnterNewRoadEvent, vehicle_id: 10, road_id: 1000000000000000530 id: 2003 at time: 1540.93
Processed event: VehicleEnterNewRoadEvent, vehicle_id: 10, road_id: 1000000000000000530 id: 2003
processing event: VehicleDepartureEvent, vehicle_id: 10, road_id: 1000000000000000530, offset: 0.000000 id: 2004 at time: 1540.93
Processed event: VehicleDepartureEvent, vehicle_id: 10, road_id: 1000000000000000530, offset: 0.000000 id: 2004
processing event: VehicleArriveIntersectionEvent, vehicle_id: 11, road_id: 1000000000000000012 id: 1991 at time: 1541.33
Processed event: VehicleArriveIntersectionEvent, vehicle_id: 11, road_id: 1000000000000000012 id: 1991
processing event: VehicleArriveIntersectionEvent, vehicle_id: 1, road_id: 1000000000000000306 id: 1941 at time: 1541.96
Processed event: VehicleArriveIntersectionEvent, vehicle_id: 1, road_id: 1000000000000000306 id: 1941
processing event: VehicleArriveIntersectionEvent, vehicle_id: 9, road_id: 1000000000000000216 id: 1965 at time: 1542.78
Processed event: VehicleArriveIntersectionEvent, vehicle_id: 9, road_id: 1000000000000000216 id: 1965
processing event: VehicleEnterNewRoadEvent, vehicle_id: 11, road_id: 1000000000000000013 id: 2006 at time: 1543.13
Processed event: VehicleEnterNewRoadEvent, vehicle_id: 11, road_id: 1000000000000000013 id: 2006
processing event: VehicleDepartureEvent, vehicle_id: 11, road_id: 1000000000000000013, offset: 0.000000 id: 2009 at time: 1543.13
Processed event: VehicleDepartureEvent, vehicle_id: 11, road_id: 1000000000000000013, offset: 0.000000 id: 2009
processing event: VehicleEnterNewRoadEvent, vehicle_id: 1, road_id: 1000000000000000689 id: 2007 at time: 1543.76
Processed event: VehicleEnterNewRoadEvent, vehicle_id: 1, road_id: 1000000000000000689 id: 2007
processing event: VehicleDepartureEvent, vehicle_id: 1, road_id: 1000000000000000689, offset: 0.000000 id: 2011 at time: 1543.76
Processed event: VehicleDepartureEvent, vehicle_id: 1, road_id: 1000000000000000689, offset: 0.000000 id: 2011
processing event: VehicleEnterNewRoadEvent, vehicle_id: 9, road_id: 1000000000000001109 id: 2008 at time: 1544.58
Processed event: VehicleEnterNewRoadEvent, vehicle_id: 9, road_id: 1000000000000001109 id: 2008
processing event: VehicleDepartureEvent, vehicle_id: 9, road_id: 1000000000000001109, offset: 0.000000 id: 2013 at time: 1544.58
Processed event: VehicleDepartureEvent, vehicle_id: 9, road_id: 1000000000000001109, offset: 0.000000 id: 2013
processing event: VehicleArriveIntersectionEvent, vehicle_id: 19, road_id: 1000000000000001059 id: 1969 at time: 1548.24
Processed event: VehicleArriveIntersectionEvent, vehicle_id: 19, road_id: 1000000000000001059 id: 1969
Simulator::runFor: now_ = 1548.24 target = 1550
[progress] simulator time = 1550 / 3600
processing event: VehicleEnterNewRoadEvent, vehicle_id: 19, road_id: 1000000000000000374 id: 2015 at time: 1550.04
Processed event: VehicleEnterNewRoadEvent, vehicle_id: 19, road_id: 1000000000000000374 id: 2015
processing event: VehicleDepartureEvent, vehicle_id: 19, road_id: 1000000000000000374, offset: 0.000000 id: 2016 at time: 1550.04
Processed event: VehicleDepartureEvent, vehicle_id: 19, road_id: 1000000000000000374, offset: 0.000000 id: 2016
processing event: VehicleArriveIntersectionEvent, vehicle_id: 2, road_id: 1000000000000001081 id: 1894 at time: 1551.23
Processed event: VehicleArriveIntersectionEvent, vehicle_id: 2, road_id: 1000000000000001081 id: 1894
processing event: VehicleEnterNewRoadEvent, vehicle_id: 2, road_id: 1000000000000001095 id: 2018 at time: 1553.03
Processed event: VehicleEnterNewRoadEvent, vehicle_id: 2, road_id: 1000000000000001095 id: 2018
processing event: VehicleDepartureEvent, vehicle_id: 2, road_id: 1000000000000001095, offset: 0.000000 id: 2019 at time: 1553.03
Processed event: VehicleDepartureEvent, vehicle_id: 2, road_id: 1000000000000001095, offset: 0.000000 id: 2019
processing event: VehicleArriveIntersectionEvent, vehicle_id: 1, road_id: 1000000000000000689 id: 2012 at time: 1554.93
Processed event: VehicleArriveIntersectionEvent, vehicle_id: 1, road_id: 1000000000000000689 id: 2012
processing event: VehicleEnterNewRoadEvent, vehicle_id: 1, road_id: 1000000000000000686 id: 2021 at time: 1556.73
Processed event: VehicleEnterNewRoadEvent, vehicle_id: 1, road_id: 1000000000000000686 id: 2021
processing event: VehicleDepartureEvent, vehicle_id: 1, road_id: 1000000000000000686, offset: 0.000000 id: 2022 at time: 1556.73
Processed event: VehicleDepartureEvent, vehicle_id: 1, road_id: 1000000000000000686, offset: 0.000000 id: 2022
processing event: VehicleArriveIntersectionEvent, vehicle_id: 15, road_id: 1000000000000000078 id: 2002 at time: 1557.69
Processed event: VehicleArriveIntersectionEvent, vehicle_id: 15, road_id: 1000000000000000078 id: 2002
processing event: VehicleEnterNewRoadEvent, vehicle_id: 15, road_id: 1000000000000000727 id: 2024 at time: 1559.5
Processed event: VehicleEnterNewRoadEvent, vehicle_id: 15, road_id: 1000000000000000727 id: 2024
processing event: VehicleDepartureEvent, vehicle_id: 15, road_id: 1000000000000000727, offset: 0.000000 id: 2025 at time: 1559.5
Processed event: VehicleDepartureEvent, vehicle_id: 15, road_id: 1000000000000000727, offset: 0.000000 id: 2025
Simulator::runFor: now_ = 1559.5 target = 1560
[progress] simulator time = 1560 / 3600
processing event: VehicleArriveIntersectionEvent, vehicle_id: 15, road_id: 1000000000000000727 id: 2026 at time: 1560.76
Processed event: VehicleArriveIntersectionEvent, vehicle_id: 15, road_id: 1000000000000000727 id: 2026
processing event: VehicleEnterNewRoadEvent, vehicle_id: 15, road_id: 1000000000000000725 id: 2027 at time: 1562.56
Processed event: VehicleEnterNewRoadEvent, vehicle_id: 15, road_id: 1000000000000000725 id: 2027
processing event: VehicleDepartureEvent, vehicle_id: 15, road_id: 1000000000000000725, offset: 0.000000 id: 2028 at time: 1562.56
Processed event: VehicleDepartureEvent, vehicle_id: 15, road_id: 1000000000000000725, offset: 0.000000 id: 2028
processing event: VehicleArriveIntersectionEvent, vehicle_id: 13, road_id: 1000000000000000770 id: 1988 at time: 1562.59
Processed event: VehicleArriveIntersectionEvent, vehicle_id: 13, road_id: 1000000000000000770 id: 1988
processing event: VehicleEnterNewRoadEvent, vehicle_id: 13, road_id: 1000000000000000771 id: 2030 at time: 1564.39
Processed event: VehicleEnterNewRoadEvent, vehicle_id: 13, road_id: 1000000000000000771 id: 2030
processing event: VehicleDepartureEvent, vehicle_id: 13, road_id: 1000000000000000771, offset: 0.000000 id: 2031 at time: 1564.39
Processed event: VehicleDepartureEvent, vehicle_id: 13, road_id: 1000000000000000771, offset: 0.000000 id: 2031
processing event: VehicleArriveIntersectionEvent, vehicle_id: 13, road_id: 1000000000000000771 id: 2032 at time: 1565.83
Processed event: VehicleArriveIntersectionEvent, vehicle_id: 13, road_id: 1000000000000000771 id: 2032
processing event: VehicleEnterNewRoadEvent, vehicle_id: 13, road_id: 1000000000000000432 id: 2033 at time: 1567.63
Processed event: VehicleEnterNewRoadEvent, vehicle_id: 13, road_id: 1000000000000000432 id: 2033
processing event: VehicleDepartureEvent, vehicle_id: 13, road_id: 1000000000000000432, offset: 0.000000 id: 2034 at time: 1567.63
Processed event: VehicleDepartureEvent, vehicle_id: 13, road_id: 1000000000000000432, offset: 0.000000 id: 2034
processing event: VehicleArriveIntersectionEvent, vehicle_id: 13, road_id: 1000000000000000432 id: 2035 at time: 1568.53
Processed event: VehicleArriveIntersectionEvent, vehicle_id: 13, road_id: 1000000000000000432 id: 2035
Simulator::runFor: now_ = 1568.53 target = 1570
[progress] simulator time = 1570 / 3600
processing event: VehicleEnterNewRoadEvent, vehicle_id: 13, road_id: 1000000000000000433 id: 2036 at time: 1570.33
Processed event: VehicleEnterNewRoadEvent, vehicle_id: 13, road_id: 1000000000000000433 id: 2036
processing event: VehicleDepartureEvent, vehicle_id: 13, road_id: 1000000000000000433, offset: 0.000000 id: 2037 at time: 1570.33
Processed event: VehicleDepartureEvent, vehicle_id: 13, road_id: 1000000000000000433, offset: 0.000000 id: 2037
processing event: VehicleArriveIntersectionEvent, vehicle_id: 18, road_id: 1000000000000000385 id: 1971 at time: 1570.38
Processed event: VehicleArriveIntersectionEvent, vehicle_id: 18, road_id: 1000000000000000385 id: 1971
processing event: VehicleArriveIntersectionEvent, vehicle_id: 3, road_id: 1000000000000000245 id: 1997 at time: 1571.17
Processed event: VehicleArriveIntersectionEvent, vehicle_id: 3, road_id: 1000000000000000245 id: 1997
processing event: VehicleArriveIntersectionEvent, vehicle_id: 1, road_id: 1000000000000000686 id: 2023 at time: 1572.03
Processed event: VehicleArriveIntersectionEvent, vehicle_id: 1, road_id: 1000000000000000686 id: 2023
processing event: VehicleEnterNewRoadEvent, vehicle_id: 18, road_id: 1000000000000000430 id: 2039 at time: 1572.18
Processed event: VehicleEnterNewRoadEvent, vehicle_id: 18, road_id: 1000000000000000430 id: 2039
processing event: VehicleDepartureEvent, vehicle_id: 18, road_id: 1000000000000000430, offset: 0.000000 id: 2042 at time: 1572.18
Processed event: VehicleDepartureEvent, vehicle_id: 18, road_id: 1000000000000000430, offset: 0.000000 id: 2042
processing event: VehicleArriveIntersectionEvent, vehicle_id: 7, road_id: 1000000000000000317 id: 1999 at time: 1572.6
Processed event: VehicleArriveIntersectionEvent, vehicle_id: 7, road_id: 1000000000000000317 id: 1999
processing event: VehicleEnterNewRoadEvent, vehicle_id: 3, road_id: 1000000000000000246 id: 2040 at time: 1572.97
Processed event: VehicleEnterNewRoadEvent, vehicle_id: 3, road_id: 1000000000000000246 id: 2040
processing event: VehicleDepartureEvent, vehicle_id: 3, road_id: 1000000000000000246, offset: 0.000000 id: 2045 at time: 1572.97
Processed event: VehicleDepartureEvent, vehicle_id: 3, road_id: 1000000000000000246, offset: 0.000000 id: 2045
processing event: VehicleEnterNewRoadEvent, vehicle_id: 1, road_id: 1000000000000000406 id: 2041 at time: 1573.83
Processed event: VehicleEnterNewRoadEvent, vehicle_id: 1, road_id: 1000000000000000406 id: 2041
processing event: VehicleDepartureEvent, vehicle_id: 1, road_id: 1000000000000000406, offset: 0.000000 id: 2047 at time: 1573.83
Processed event: VehicleDepartureEvent, vehicle_id: 1, road_id: 1000000000000000406, offset: 0.000000 id: 2047
processing event: VehicleEnterNewRoadEvent, vehicle_id: 7, road_id: 1000000000000000318 id: 2044 at time: 1574.4
Processed event: VehicleEnterNewRoadEvent, vehicle_id: 7, road_id: 1000000000000000318 id: 2044
processing event: VehicleDepartureEvent, vehicle_id: 7, road_id: 1000000000000000318, offset: 0.000000 id: 2049 at time: 1574.4
Processed event: VehicleDepartureEvent, vehicle_id: 7, road_id: 1000000000000000318, offset: 0.000000 id: 2049
processing event: VehicleArriveIntersectionEvent, vehicle_id: 4, road_id: 1000000000000000193 id: 1974 at time: 1574.56
Processed event: VehicleArriveIntersectionEvent, vehicle_id: 4, road_id: 1000000000000000193 id: 1974
processing event: VehicleArriveIntersectionEvent, vehicle_id: 9, road_id: 1000000000000001109 id: 2014 at time: 1575.01
Processed event: VehicleArriveIntersectionEvent, vehicle_id: 9, road_id: 1000000000000001109 id: 2014
processing event: VehicleEnterNewRoadEvent, vehicle_id: 4, road_id: 1000000000000000341 id: 2051 at time: 1576.36
Processed event: VehicleEnterNewRoadEvent, vehicle_id: 4, road_id: 1000000000000000341 id: 2051
processing event: VehicleDepartureEvent, vehicle_id: 4, road_id: 1000000000000000341, offset: 0.000000 id: 2053 at time: 1576.36
Processed event: VehicleDepartureEvent, vehicle_id: 4, road_id: 1000000000000000341, offset: 0.000000 id: 2053
processing event: VehicleEnterNewRoadEvent, vehicle_id: 9, road_id: 1000000000000000119 id: 2052 at time: 1576.81
Processed event: VehicleEnterNewRoadEvent, vehicle_id: 9, road_id: 1000000000000000119 id: 2052
processing event: VehicleDepartureEvent, vehicle_id: 9, road_id: 1000000000000000119, offset: 0.000000 id: 2055 at time: 1576.81
Processed event: VehicleDepartureEvent, vehicle_id: 9, road_id: 1000000000000000119, offset: 0.000000 id: 2055
processing event: VehicleArriveIntersectionEvent, vehicle_id: 12, road_id: 1000000000000001049 id: 1993 at time: 1577.13
Processed event: VehicleArriveIntersectionEvent, vehicle_id: 12, road_id: 1000000000000001049 id: 1993
processing event: VehicleEnterNewRoadEvent, vehicle_id: 12, road_id: 1000000000000000099 id: 2057 at time: 1578.93
Processed event: VehicleEnterNewRoadEvent, vehicle_id: 12, road_id: 1000000000000000099 id: 2057
processing event: VehicleDepartureEvent, vehicle_id: 12, road_id: 1000000000000000099, offset: 0.000000 id: 2058 at time: 1578.93
Processed event: VehicleDepartureEvent, vehicle_id: 12, road_id: 1000000000000000099, offset: 0.000000 id: 2058
processing event: VehicleArriveIntersectionEvent, vehicle_id: 17, road_id: 1000000000000000086 id: 1952 at time: 1579.83
Processed event: VehicleArriveIntersectionEvent, vehicle_id: 17, road_id: 1000000000000000086 id: 1952
Simulator::runFor: now_ = 1579.83 target = 1580
[progress] simulator time = 1580 / 3600
processing event: VehicleEnterNewRoadEvent, vehicle_id: 17, road_id: 1000000000000000335 id: 2060 at time: 1581.63
Processed event: VehicleEnterNewRoadEvent, vehicle_id: 17, road_id: 1000000000000000335 id: 2060
processing event: VehicleDepartureEvent, vehicle_id: 17, road_id: 1000000000000000335, offset: 0.000000 id: 2061 at time: 1581.63
Processed event: VehicleDepartureEvent, vehicle_id: 17, road_id: 1000000000000000335, offset: 0.000000 id: 2061
processing event: VehicleArriveIntersectionEvent, vehicle_id: 10, road_id: 1000000000000000530 id: 2005 at time: 1582.52
Processed event: VehicleArriveIntersectionEvent, vehicle_id: 10, road_id: 1000000000000000530 id: 2005
processing event: VehicleEnterNewRoadEvent, vehicle_id: 10, road_id: 1000000000000000308 id: 2063 at time: 1584.32
Processed event: VehicleEnterNewRoadEvent, vehicle_id: 10, road_id: 1000000000000000308 id: 2063
processing event: VehicleDepartureEvent, vehicle_id: 10, road_id: 1000000000000000308, offset: 0.000000 id: 2064 at time: 1584.32
Processed event: VehicleDepartureEvent, vehicle_id: 10, road_id: 1000000000000000308, offset: 0.000000 id: 2064
processing event: PassengerRouteStartEvent, passenger_id: 34, route_id: 1 id: 33 at time: 1586
Processed event: PassengerRouteStartEvent, passenger_id: 34, route_id: 1 id: 33
processing event: OrderCreatedEvent, order_id: 34, available_pickups: 275 , available_dropoffs: 124 , passenger_id: 34, route_id: 1, passenger_num: 0 id: 2066 at time: 1586
Processed event: OrderCreatedEvent, order_id: 34, available_pickups: 275 , available_dropoffs: 124 , passenger_id: 34, route_id: 1, passenger_num: 2 id: 2066
processing event: VehicleArriveIntersectionEvent, vehicle_id: 11, road_id: 1000000000000000013 id: 2010 at time: 1588.32
Processed event: VehicleArriveIntersectionEvent, vehicle_id: 11, road_id: 1000000000000000013 id: 2010
processing event: VehicleArriveIntersectionEvent, vehicle_id: 6, road_id: 1000000000000000507 id: 1939 at time: 1589.47
Processed event: VehicleArriveIntersectionEvent, vehicle_id: 6, road_id: 1000000000000000507 id: 1939
Simulator::runFor: now_ = 1589.47 target = 1590
[progress] simulator time = 1590 / 3600
processing event: OrderMatchedEvent, order_id: 34, vehicle_id: 8 id: 2069 at time: 1590
Processed event: OrderMatchedEvent, order_id: 34, vehicle_id: 8 id: 2069
processing event: VehicleDepartureEvent, vehicle_id: 8, road_id: 1000000000000000107, offset: 166.150000 id: 2070 at time: 1590
Processed event: VehicleDepartureEvent, vehicle_id: 8, road_id: 1000000000000000107, offset: 166.150000 id: 2070
processing event: PassengerArrivalEvent, passenger_id: 34 id: 2071 at time: 1590
Processed event: PassengerArrivalEvent, passenger_id: 34 id: 2071
processing event: VehicleEnterNewRoadEvent, vehicle_id: 11, road_id: 1000000000000000773 id: 2067 at time: 1590.12
Processed event: VehicleEnterNewRoadEvent, vehicle_id: 11, road_id: 1000000000000000773 id: 2067
processing event: VehicleDepartureEvent, vehicle_id: 11, road_id: 1000000000000000773, offset: 0.000000 id: 2073 at time: 1590.12
Processed event: VehicleDepartureEvent, vehicle_id: 11, road_id: 1000000000000000773, offset: 0.000000 id: 2073
processing event: VehicleArriveIntersectionEvent, vehicle_id: 11, road_id: 1000000000000000773 id: 2074 at time: 1591.02
Processed event: VehicleArriveIntersectionEvent, vehicle_id: 11, road_id: 1000000000000000773 id: 2074
processing event: VehicleEnterNewRoadEvent, vehicle_id: 6, road_id: 1000000000000000436 id: 2068 at time: 1591.27
Processed event: VehicleEnterNewRoadEvent, vehicle_id: 6, road_id: 1000000000000000436 id: 2068
processing event: VehicleDepartureEvent, vehicle_id: 6, road_id: 1000000000000000436, offset: 0.000000 id: 2076 at time: 1591.27
Processed event: VehicleDepartureEvent, vehicle_id: 6, road_id: 1000000000000000436, offset: 0.000000 id: 2076
processing event: VehicleEnterNewRoadEvent, vehicle_id: 11, road_id: 1000000000000000757 id: 2075 at time: 1592.82
Processed event: VehicleEnterNewRoadEvent, vehicle_id: 11, road_id: 1000000000000000757 id: 2075
processing event: VehicleDepartureEvent, vehicle_id: 11, road_id: 1000000000000000757, offset: 0.000000 id: 2078 at time: 1592.82
Processed event: VehicleDepartureEvent, vehicle_id: 11, road_id: 1000000000000000757, offset: 0.000000 id: 2078
processing event: BusArrivalEvent, vehicle_id: 9, stop_id: 185 id: 2056 at time: 1593.18
Processed event: BusArrivalEvent, vehicle_id: 9, stop_id: 185 id: 2056
processing event: PassengerOnboardEvent, passenger_id: 28 id: 2080 at time: 1593.18
Processed event: PassengerOnboardEvent, passenger_id: 28 id: 2080
processing event: PassengerRouteStartEvent, passenger_id: 35, route_id: 1 id: 34 at time: 1594
Processed event: PassengerRouteStartEvent, passenger_id: 35, route_id: 1 id: 34
processing event: OrderCreatedEvent, order_id: 35, available_pickups: 120 , available_dropoffs: 294 , passenger_id: 35, route_id: 1, passenger_num: 0 id: 2082 at time: 1594
Processed event: OrderCreatedEvent, order_id: 35, available_pickups: 120 , available_dropoffs: 294 , passenger_id: 35, route_id: 1, passenger_num: 2 id: 2082
processing event: VehicleArriveIntersectionEvent, vehicle_id: 11, road_id: 1000000000000000757 id: 2079 at time: 1594.98
Processed event: VehicleArriveIntersectionEvent, vehicle_id: 11, road_id: 1000000000000000757 id: 2079
processing event: BusArrivalEvent, vehicle_id: 15, stop_id: 108 id: 2029 at time: 1595
Processed event: BusArrivalEvent, vehicle_id: 15, stop_id: 108 id: 2029
processing event: PassengerRouteEndEvent, passenger_id: 8, route_id: 1 id: 2084 at time: 1595
Passenger 8 finished all routes
Processed event: PassengerRouteEndEvent, passenger_id: 8, route_id: 1 id: 2084
processing event: PassengerDropoffEvent, passenger_id: 8 id: 2086 at time: 1595
Processed event: PassengerDropoffEvent, passenger_id: 8 id: 2086
processing event: OrderFinishedEvent, order_id: 8 id: 2087 at time: 1595
Processed event: OrderFinishedEvent, order_id: 8 id: 2087
processing event: VehicleEnterNewRoadEvent, vehicle_id: 11, road_id: 1000000000000000755 id: 2083 at time: 1596.78
Processed event: VehicleEnterNewRoadEvent, vehicle_id: 11, road_id: 1000000000000000755 id: 2083
processing event: VehicleDepartureEvent, vehicle_id: 11, road_id: 1000000000000000755, offset: 0.000000 id: 2088 at time: 1596.78
Processed event: VehicleDepartureEvent, vehicle_id: 11, road_id: 1000000000000000755, offset: 0.000000 id: 2088
processing event: VehicleArriveIntersectionEvent, vehicle_id: 19, road_id: 1000000000000000374 id: 2017 at time: 1597.2
Processed event: VehicleArriveIntersectionEvent, vehicle_id: 19, road_id: 1000000000000000374 id: 2017
processing event: VehicleArriveIntersectionEvent, vehicle_id: 2, road_id: 1000000000000001095 id: 2020 at time: 1597.5
Processed event: VehicleArriveIntersectionEvent, vehicle_id: 2, road_id: 1000000000000001095 id: 2020
processing event: VehicleDepartureEvent, vehicle_id: 9, road_id: 1000000000000000119, offset: 90.970000 id: 2081 at time: 1598.18
Processed event: VehicleDepartureEvent, vehicle_id: 9, road_id: 1000000000000000119, offset: 90.970000 id: 2081
processing event: VehicleArriveIntersectionEvent, vehicle_id: 6, road_id: 1000000000000000436 id: 2077 at time: 1598.65
Processed event: VehicleArriveIntersectionEvent, vehicle_id: 6, road_id: 1000000000000000436 id: 2077
processing event: VehicleEnterNewRoadEvent, vehicle_id: 19, road_id: 1000000000000000375 id: 2090 at time: 1599
Processed event: VehicleEnterNewRoadEvent, vehicle_id: 19, road_id: 1000000000000000375 id: 2090
processing event: VehicleDepartureEvent, vehicle_id: 19, road_id: 1000000000000000375, offset: 0.000000 id: 2094 at time: 1599
Processed event: VehicleDepartureEvent, vehicle_id: 19, road_id: 1000000000000000375, offset: 0.000000 id: 2094
processing event: VehicleEnterNewRoadEvent, vehicle_id: 2, road_id: 1000000000000000234 id: 2091 at time: 1599.3
Processed event: VehicleEnterNewRoadEvent, vehicle_id: 2, road_id: 1000000000000000234 id: 2091
processing event: VehicleDepartureEvent, vehicle_id: 2, road_id: 1000000000000000234, offset: 0.000000 id: 2096 at time: 1599.3
Processed event: VehicleDepartureEvent, vehicle_id: 2, road_id: 1000000000000000234, offset: 0.000000 id: 2096
Simulator::runFor: now_ = 1599.3 target = 1600
[progress] simulator time = 1600 / 3600
processing event: OrderMatchedEvent, order_id: 35, vehicle_id: 12 id: 2098 at time: 1600
Processed event: OrderMatchedEvent, order_id: 35, vehicle_id: 12 id: 2098
processing event: PassengerArrivalEvent, passenger_id: 35 id: 2100 at time: 1600
Processed event: PassengerArrivalEvent, passenger_id: 35 id: 2100
processing event: VehicleDepartureEvent, vehicle_id: 15, road_id: 1000000000000000725, offset: 180.240000 id: 2085 at time: 1600
Processed event: VehicleDepartureEvent, vehicle_id: 15, road_id: 1000000000000000725, offset: 180.240000 id: 2085
processing event: VehicleEnterNewRoadEvent, vehicle_id: 6, road_id: 1000000000000000498 id: 2093 at time: 1600.45
Processed event: VehicleEnterNewRoadEvent, vehicle_id: 6, road_id: 1000000000000000498 id: 2093
processing event: VehicleDepartureEvent, vehicle_id: 6, road_id: 1000000000000000498, offset: 0.000000 id: 2102 at time: 1600.45
Processed event: VehicleDepartureEvent, vehicle_id: 6, road_id: 1000000000000000498, offset: 0.000000 id: 2102
processing event: VehicleArriveIntersectionEvent, vehicle_id: 5, road_id: 1000000000000000187 id: 1990 at time: 1601.65
Processed event: VehicleArriveIntersectionEvent, vehicle_id: 5, road_id: 1000000000000000187 id: 1990
processing event: VehicleEnterNewRoadEvent, vehicle_id: 5, road_id: 1000000000000000188 id: 2104 at time: 1603.45
Processed event: VehicleEnterNewRoadEvent, vehicle_id: 5, road_id: 1000000000000000188 id: 2104
processing event: VehicleDepartureEvent, vehicle_id: 5, road_id: 1000000000000000188, offset: 0.000000 id: 2105 at time: 1603.45
Processed event: VehicleDepartureEvent, vehicle_id: 5, road_id: 1000000000000000188, offset: 0.000000 id: 2105
processing event: VehicleArriveIntersectionEvent, vehicle_id: 17, road_id: 1000000000000000335 id: 2062 at time: 1604.31
Processed event: VehicleArriveIntersectionEvent, vehicle_id: 17, road_id: 1000000000000000335 id: 2062
processing event: VehicleArriveIntersectionEvent, vehicle_id: 9, road_id: 1000000000000000119 id: 2092 at time: 1604.67
Processed event: VehicleArriveIntersectionEvent, vehicle_id: 9, road_id: 1000000000000000119 id: 2092
processing event: VehicleArriveIntersectionEvent, vehicle_id: 15, road_id: 1000000000000000725 id: 2101 at time: 1605.9
Processed event: VehicleArriveIntersectionEvent, vehicle_id: 15, road_id: 1000000000000000725 id: 2101
processing event: VehicleEnterNewRoadEvent, vehicle_id: 17, road_id: 1000000000000000697 id: 2107 at time: 1606.11
Processed event: VehicleEnterNewRoadEvent, vehicle_id: 17, road_id: 1000000000000000697 id: 2107
processing event: VehicleDepartureEvent, vehicle_id: 17, road_id: 1000000000000000697, offset: 0.000000 id: 2110 at time: 1606.11
Processed event: VehicleDepartureEvent, vehicle_id: 17, road_id: 1000000000000000697, offset: 0.000000 id: 2110
processing event: VehicleEnterNewRoadEvent, vehicle_id: 9, road_id: 1000000000000000635 id: 2108 at time: 1606.47
Processed event: VehicleEnterNewRoadEvent, vehicle_id: 9, road_id: 1000000000000000635 id: 2108
processing event: VehicleDepartureEvent, vehicle_id: 9, road_id: 1000000000000000635, offset: 0.000000 id: 2112 at time: 1606.47
Processed event: VehicleDepartureEvent, vehicle_id: 9, road_id: 1000000000000000635, offset: 0.000000 id: 2112
processing event: VehicleEnterNewRoadEvent, vehicle_id: 15, road_id: 1000000000000000122 id: 2109 at time: 1607.7
Processed event: VehicleEnterNewRoadEvent, vehicle_id: 15, road_id: 1000000000000000122 id: 2109
processing event: VehicleDepartureEvent, vehicle_id: 15, road_id: 1000000000000000122, offset: 0.000000 id: 2114 at time: 1607.7
Processed event: VehicleDepartureEvent, vehicle_id: 15, road_id: 1000000000000000122, offset: 0.000000 id: 2114
processing event: VehicleArriveIntersectionEvent, vehicle_id: 9, road_id: 1000000000000000635 id: 2113 at time: 1609.35
Processed event: VehicleArriveIntersectionEvent, vehicle_id: 9, road_id: 1000000000000000635 id: 2113
Simulator::runFor: now_ = 1609.35 target = 1610
[progress] simulator time = 1610 / 3600
processing event: VehicleEnterNewRoadEvent, vehicle_id: 9, road_id: 1000000000000000636 id: 2116 at time: 1611.15
Processed event: VehicleEnterNewRoadEvent, vehicle_id: 9, road_id: 1000000000000000636 id: 2116
processing event: VehicleDepartureEvent, vehicle_id: 9, road_id: 1000000000000000636, offset: 0.000000 id: 2117 at time: 1611.15
Processed event: VehicleDepartureEvent, vehicle_id: 9, road_id: 1000000000000000636, offset: 0.000000 id: 2117
processing event: VehicleArriveIntersectionEvent, vehicle_id: 13, road_id: 1000000000000000433 id: 2038 at time: 1615.15
Processed event: VehicleArriveIntersectionEvent, vehicle_id: 13, road_id: 1000000000000000433 id: 2038
processing event: VehicleArriveIntersectionEvent, vehicle_id: 17, road_id: 1000000000000000697 id: 2111 at time: 1616.55
Processed event: VehicleArriveIntersectionEvent, vehicle_id: 17, road_id: 1000000000000000697 id: 2111
processing event: VehicleEnterNewRoadEvent, vehicle_id: 13, road_id: 1000000000000000424 id: 2119 at time: 1616.95
Processed event: VehicleEnterNewRoadEvent, vehicle_id: 13, road_id: 1000000000000000424 id: 2119
processing event: VehicleDepartureEvent, vehicle_id: 13, road_id: 1000000000000000424, offset: 0.000000 id: 2121 at time: 1616.95
Processed event: VehicleDepartureEvent, vehicle_id: 13, road_id: 1000000000000000424, offset: 0.000000 id: 2121
processing event: VehicleArriveIntersectionEvent, vehicle_id: 3, road_id: 1000000000000000246 id: 2046 at time: 1617.07
Processed event: VehicleArriveIntersectionEvent, vehicle_id: 3, road_id: 1000000000000000246 id: 2046
processing event: VehicleEnterNewRoadEvent, vehicle_id: 17, road_id: 1000000000000000696 id: 2120 at time: 1618.35
Processed event: VehicleEnterNewRoadEvent, vehicle_id: 17, road_id: 1000000000000000696 id: 2120
processing event: VehicleDepartureEvent, vehicle_id: 17, road_id: 1000000000000000696, offset: 0.000000 id: 2124 at time: 1618.35
Processed event: VehicleDepartureEvent, vehicle_id: 17, road_id: 1000000000000000696, offset: 0.000000 id: 2124
processing event: VehicleEnterNewRoadEvent, vehicle_id: 3, road_id: 1000000000000000248 id: 2123 at time: 1618.87
Processed event: VehicleEnterNewRoadEvent, vehicle_id: 3, road_id: 1000000000000000248 id: 2123
processing event: VehicleDepartureEvent, vehicle_id: 3, road_id: 1000000000000000248, offset: 0.000000 id: 2126 at time: 1618.87
Processed event: VehicleDepartureEvent, vehicle_id: 3, road_id: 1000000000000000248, offset: 0.000000 id: 2126
Event is not valid: BusArrivalEvent, vehicle_id: 12, stop_id: 256 id: 2059 at time: 1619.39
processing event: BusArrivalEvent, vehicle_id: 12, stop_id: 256 id: 2099 at time: 1619.39
Processed event: BusArrivalEvent, vehicle_id: 12, stop_id: 256 id: 2099
processing event: PassengerRouteEndEvent, passenger_id: 14, route_id: 1 id: 2128 at time: 1619.39
Passenger 14 finished all routes
Processed event: PassengerRouteEndEvent, passenger_id: 14, route_id: 1 id: 2128
processing event: PassengerDropoffEvent, passenger_id: 14 id: 2130 at time: 1619.39
Processed event: PassengerDropoffEvent, passenger_id: 14 id: 2130
processing event: OrderFinishedEvent, order_id: 14 id: 2131 at time: 1619.39
Processed event: OrderFinishedEvent, order_id: 14 id: 2131
Simulator::runFor: now_ = 1619.39 target = 1620
[progress] simulator time = 1620 / 3600
processing event: VehicleDepartureEvent, vehicle_id: 12, road_id: 1000000000000000099, offset: 224.760000 id: 2129 at time: 1624.39
Processed event: VehicleDepartureEvent, vehicle_id: 12, road_id: 1000000000000000099, offset: 224.760000 id: 2129
processing event: VehicleArriveIntersectionEvent, vehicle_id: 15, road_id: 1000000000000000122 id: 2115 at time: 1627.86
Processed event: VehicleArriveIntersectionEvent, vehicle_id: 15, road_id: 1000000000000000122 id: 2115
processing event: VehicleEnterNewRoadEvent, vehicle_id: 15, road_id: 1000000000000000123 id: 2133 at time: 1629.66
Processed event: VehicleEnterNewRoadEvent, vehicle_id: 15, road_id: 1000000000000000123 id: 2133
processing event: VehicleDepartureEvent, vehicle_id: 15, road_id: 1000000000000000123, offset: 0.000000 id: 2134 at time: 1629.66
Processed event: VehicleDepartureEvent, vehicle_id: 15, road_id: 1000000000000000123, offset: 0.000000 id: 2134
processing event: VehicleArriveIntersectionEvent, vehicle_id: 4, road_id: 1000000000000000341 id: 2054 at time: 1629.83
Processed event: VehicleArriveIntersectionEvent, vehicle_id: 4, road_id: 1000000000000000341 id: 2054
Simulator::runFor: now_ = 1629.83 target = 1630
[progress] simulator time = 1630 / 3600
processing event: VehicleArriveIntersectionEvent, vehicle_id: 8, road_id: 1000000000000000107 id: 2072 at time: 1631.56
Processed event: VehicleArriveIntersectionEvent, vehicle_id: 8, road_id: 1000000000000000107 id: 2072
processing event: VehicleEnterNewRoadEvent, vehicle_id: 4, road_id: 1000000000000000342 id: 2136 at time: 1631.63
Processed event: VehicleEnterNewRoadEvent, vehicle_id: 4, road_id: 1000000000000000342 id: 2136
processing event: VehicleDepartureEvent, vehicle_id: 4, road_id: 1000000000000000342, offset: 0.000000 id: 2138 at time: 1631.63
Processed event: VehicleDepartureEvent, vehicle_id: 4, road_id: 1000000000000000342, offset: 0.000000 id: 2138
processing event: VehicleArriveIntersectionEvent, vehicle_id: 12, road_id: 1000000000000000099 id: 2132 at time: 1633.08
Processed event: VehicleArriveIntersectionEvent, vehicle_id: 12, road_id: 1000000000000000099 id: 2132
processing event: VehicleArriveIntersectionEvent, vehicle_id: 7, road_id: 1000000000000000318 id: 2050 at time: 1633.26
Processed event: VehicleArriveIntersectionEvent, vehicle_id: 7, road_id: 1000000000000000318 id: 2050
processing event: VehicleEnterNewRoadEvent, vehicle_id: 8, road_id: 1000000000000000482 id: 2137 at time: 1633.36
Processed event: VehicleEnterNewRoadEvent, vehicle_id: 8, road_id: 1000000000000000482 id: 2137
processing event: VehicleDepartureEvent, vehicle_id: 8, road_id: 1000000000000000482, offset: 0.000000 id: 2142 at time: 1633.36
Processed event: VehicleDepartureEvent, vehicle_id: 8, road_id: 1000000000000000482, offset: 0.000000 id: 2142
processing event: BusArrivalEvent, vehicle_id: 13, stop_id: 277 id: 2122 at time: 1633.89
Processed event: BusArrivalEvent, vehicle_id: 13, stop_id: 277 id: 2122
processing event: PassengerOnboardEvent, passenger_id: 21 id: 2144 at time: 1633.89
Processed event: PassengerOnboardEvent, passenger_id: 21 id: 2144
processing event: VehicleEnterNewRoadEvent, vehicle_id: 12, road_id: 1000000000000000100 id: 2140 at time: 1634.88
Processed event: VehicleEnterNewRoadEvent, vehicle_id: 12, road_id: 1000000000000000100 id: 2140
processing event: VehicleDepartureEvent, vehicle_id: 12, road_id: 1000000000000000100, offset: 0.000000 id: 2146 at time: 1634.88
Processed event: VehicleDepartureEvent, vehicle_id: 12, road_id: 1000000000000000100, offset: 0.000000 id: 2146
processing event: VehicleArriveIntersectionEvent, vehicle_id: 17, road_id: 1000000000000000696 id: 2125 at time: 1634.92
Processed event: VehicleArriveIntersectionEvent, vehicle_id: 17, road_id: 1000000000000000696 id: 2125
processing event: VehicleEnterNewRoadEvent, vehicle_id: 7, road_id: 1000000000000001101 id: 2141 at time: 1635.06
Processed event: VehicleEnterNewRoadEvent, vehicle_id: 7, road_id: 1000000000000001101 id: 2141
processing event: VehicleDepartureEvent, vehicle_id: 7, road_id: 1000000000000001101, offset: 0.000000 id: 2149 at time: 1635.06
Processed event: VehicleDepartureEvent, vehicle_id: 7, road_id: 1000000000000001101, offset: 0.000000 id: 2149
processing event: BusArrivalEvent, vehicle_id: 6, stop_id: 78 id: 2103 at time: 1635.19
Processed event: BusArrivalEvent, vehicle_id: 6, stop_id: 78 id: 2103
processing event: PassengerOnboardEvent, passenger_id: 30 id: 2151 at time: 1635.19
Processed event: PassengerOnboardEvent, passenger_id: 30 id: 2151
processing event: VehicleEnterNewRoadEvent, vehicle_id: 17, road_id: 1000000000000000367 id: 2148 at time: 1636.72
Processed event: VehicleEnterNewRoadEvent, vehicle_id: 17, road_id: 1000000000000000367 id: 2148
processing event: VehicleDepartureEvent, vehicle_id: 17, road_id: 1000000000000000367, offset: 0.000000 id: 2153 at time: 1636.72
Processed event: VehicleDepartureEvent, vehicle_id: 17, road_id: 1000000000000000367, offset: 0.000000 id: 2153
processing event: VehicleArriveIntersectionEvent, vehicle_id: 17, road_id: 1000000000000000367 id: 2154 at time: 1638.34
Processed event: VehicleArriveIntersectionEvent, vehicle_id: 17, road_id: 1000000000000000367 id: 2154
processing event: VehicleDepartureEvent, vehicle_id: 13, road_id: 1000000000000000424, offset: 94.090000 id: 2145 at time: 1638.89
Processed event: VehicleDepartureEvent, vehicle_id: 13, road_id: 1000000000000000424, offset: 94.090000 id: 2145
Simulator::runFor: now_ = 1638.89 target = 1640
[progress] simulator time = 1640 / 3600
processing event: VehicleEnterNewRoadEvent, vehicle_id: 17, road_id: 1000000000000000698 id: 2155 at time: 1640.14
Processed event: VehicleEnterNewRoadEvent, vehicle_id: 17, road_id: 1000000000000000698 id: 2155
processing event: VehicleDepartureEvent, vehicle_id: 17, road_id: 1000000000000000698, offset: 0.000000 id: 2157 at time: 1640.14
Processed event: VehicleDepartureEvent, vehicle_id: 17, road_id: 1000000000000000698, offset: 0.000000 id: 2157
processing event: VehicleDepartureEvent, vehicle_id: 6, road_id: 1000000000000000498, offset: 192.990000 id: 2152 at time: 1640.19
Processed event: VehicleDepartureEvent, vehicle_id: 6, road_id: 1000000000000000498, offset: 192.990000 id: 2152
processing event: VehicleArriveIntersectionEvent, vehicle_id: 9, road_id: 1000000000000000636 id: 2118 at time: 1641.75
Processed event: VehicleArriveIntersectionEvent, vehicle_id: 9, road_id: 1000000000000000636 id: 2118
processing event: VehicleEnterNewRoadEvent, vehicle_id: 9, road_id: 1000000000000000637 id: 2160 at time: 1643.55
Processed event: VehicleEnterNewRoadEvent, vehicle_id: 9, road_id: 1000000000000000637 id: 2160
processing event: VehicleDepartureEvent, vehicle_id: 9, road_id: 1000000000000000637, offset: 0.000000 id: 2161 at time: 1643.55
Processed event: VehicleDepartureEvent, vehicle_id: 9, road_id: 1000000000000000637, offset: 0.000000 id: 2161
processing event: VehicleArriveIntersectionEvent, vehicle_id: 18, road_id: 1000000000000000430 id: 2043 at time: 1645.45
Processed event: VehicleArriveIntersectionEvent, vehicle_id: 18, road_id: 1000000000000000430 id: 2043
processing event: VehicleArriveIntersectionEvent, vehicle_id: 1, road_id: 1000000000000000406 id: 2048 at time: 1645.47
Processed event: VehicleArriveIntersectionEvent, vehicle_id: 1, road_id: 1000000000000000406 id: 2048
processing event: VehicleArriveIntersectionEvent, vehicle_id: 11, road_id: 1000000000000000755 id: 2089 at time: 1645.56
Processed event: VehicleArriveIntersectionEvent, vehicle_id: 11, road_id: 1000000000000000755 id: 2089
processing event: VehicleEnterNewRoadEvent, vehicle_id: 18, road_id: 1000000000000000694 id: 2163 at time: 1647.25
Processed event: VehicleEnterNewRoadEvent, vehicle_id: 18, road_id: 1000000000000000694 id: 2163
processing event: VehicleDepartureEvent, vehicle_id: 18, road_id: 1000000000000000694, offset: 0.000000 id: 2166 at time: 1647.25
Processed event: VehicleDepartureEvent, vehicle_id: 18, road_id: 1000000000000000694, offset: 0.000000 id: 2166
processing event: VehicleEnterNewRoadEvent, vehicle_id: 1, road_id: 1000000000000000625 id: 2164 at time: 1647.27
Processed event: VehicleEnterNewRoadEvent, vehicle_id: 1, road_id: 1000000000000000625 id: 2164
processing event: VehicleDepartureEvent, vehicle_id: 1, road_id: 1000000000000000625, offset: 0.000000 id: 2168 at time: 1647.27
Processed event: VehicleDepartureEvent, vehicle_id: 1, road_id: 1000000000000000625, offset: 0.000000 id: 2168
processing event: VehicleEnterNewRoadEvent, vehicle_id: 11, road_id: 1000000000000001064 id: 2165 at time: 1647.36
Processed event: VehicleEnterNewRoadEvent, vehicle_id: 11, road_id: 1000000000000001064 id: 2165
processing event: VehicleDepartureEvent, vehicle_id: 11, road_id: 1000000000000001064, offset: 0.000000 id: 2170 at time: 1647.36
Processed event: VehicleDepartureEvent, vehicle_id: 11, road_id: 1000000000000001064, offset: 0.000000 id: 2170
Simulator::runFor: now_ = 1647.36 target = 1650
[progress] simulator time = 1650 / 3600
processing event: VehicleArriveIntersectionEvent, vehicle_id: 10, road_id: 1000000000000000308 id: 2065 at time: 1651.1
Processed event: VehicleArriveIntersectionEvent, vehicle_id: 10, road_id: 1000000000000000308 id: 2065
processing event: VehicleArriveIntersectionEvent, vehicle_id: 1, road_id: 1000000000000000625 id: 2169 at time: 1651.41
Processed event: VehicleArriveIntersectionEvent, vehicle_id: 1, road_id: 1000000000000000625 id: 2169
processing event: VehicleEnterNewRoadEvent, vehicle_id: 10, road_id: 1000000000000001036 id: 2172 at time: 1652.9
Processed event: VehicleEnterNewRoadEvent, vehicle_id: 10, road_id: 1000000000000001036 id: 2172
processing event: VehicleDepartureEvent, vehicle_id: 10, road_id: 1000000000000001036, offset: 0.000000 id: 2174 at time: 1652.9
Processed event: VehicleDepartureEvent, vehicle_id: 10, road_id: 1000000000000001036, offset: 0.000000 id: 2174
processing event: VehicleEnterNewRoadEvent, vehicle_id: 1, road_id: 1000000000000000617 id: 2173 at time: 1653.22
Processed event: VehicleEnterNewRoadEvent, vehicle_id: 1, road_id: 1000000000000000617 id: 2173
processing event: VehicleDepartureEvent, vehicle_id: 1, road_id: 1000000000000000617, offset: 0.000000 id: 2176 at time: 1653.22
Processed event: VehicleDepartureEvent, vehicle_id: 1, road_id: 1000000000000000617, offset: 0.000000 id: 2176
processing event: VehicleArriveIntersectionEvent, vehicle_id: 12, road_id: 1000000000000000100 id: 2147 at time: 1653.96
Processed event: VehicleArriveIntersectionEvent, vehicle_id: 12, road_id: 1000000000000000100 id: 2147
processing event: VehicleArriveIntersectionEvent, vehicle_id: 13, road_id: 1000000000000000424 id: 2156 at time: 1654.36
Processed event: VehicleArriveIntersectionEvent, vehicle_id: 13, road_id: 1000000000000000424 id: 2156
processing event: VehicleEnterNewRoadEvent, vehicle_id: 12, road_id: 1000000000000000197 id: 2178 at time: 1655.76
Processed event: VehicleEnterNewRoadEvent, vehicle_id: 12, road_id: 1000000000000000197 id: 2178
processing event: VehicleDepartureEvent, vehicle_id: 12, road_id: 1000000000000000197, offset: 0.000000 id: 2180 at time: 1655.76
Processed event: VehicleDepartureEvent, vehicle_id: 12, road_id: 1000000000000000197, offset: 0.000000 id: 2180
processing event: VehicleEnterNewRoadEvent, vehicle_id: 13, road_id: 1000000000000000106 id: 2179 at time: 1656.16
Processed event: VehicleEnterNewRoadEvent, vehicle_id: 13, road_id: 1000000000000000106 id: 2179
processing event: VehicleDepartureEvent, vehicle_id: 13, road_id: 1000000000000000106, offset: 0.000000 id: 2182 at time: 1656.16
Processed event: VehicleDepartureEvent, vehicle_id: 13, road_id: 1000000000000000106, offset: 0.000000 id: 2182
processing event: VehicleArriveIntersectionEvent, vehicle_id: 17, road_id: 1000000000000000698 id: 2158 at time: 1657.78
Processed event: VehicleArriveIntersectionEvent, vehicle_id: 17, road_id: 1000000000000000698 id: 2158
processing event: VehicleEnterNewRoadEvent, vehicle_id: 17, road_id: 1000000000000000699 id: 2184 at time: 1659.58
Processed event: VehicleEnterNewRoadEvent, vehicle_id: 17, road_id: 1000000000000000699 id: 2184
processing event: VehicleDepartureEvent, vehicle_id: 17, road_id: 1000000000000000699, offset: 0.000000 id: 2185 at time: 1659.58
Processed event: VehicleDepartureEvent, vehicle_id: 17, road_id: 1000000000000000699, offset: 0.000000 id: 2185
processing event: VehicleArriveIntersectionEvent, vehicle_id: 19, road_id: 1000000000000000375 id: 2095 at time: 1659.85
Processed event: VehicleArriveIntersectionEvent, vehicle_id: 19, road_id: 1000000000000000375 id: 2095
Simulator::runFor: now_ = 1659.85 target = 1660
[progress] simulator time = 1660 / 3600
processing event: VehicleArriveIntersectionEvent, vehicle_id: 3, road_id: 1000000000000000248 id: 2127 at time: 1661.18
Processed event: VehicleArriveIntersectionEvent, vehicle_id: 3, road_id: 1000000000000000248 id: 2127
processing event: VehicleEnterNewRoadEvent, vehicle_id: 19, road_id: 1000000000000000308 id: 2187 at time: 1661.65
Processed event: VehicleEnterNewRoadEvent, vehicle_id: 19, road_id: 1000000000000000308 id: 2187
processing event: VehicleDepartureEvent, vehicle_id: 19, road_id: 1000000000000000308, offset: 0.000000 id: 2189 at time: 1661.65
Processed event: VehicleDepartureEvent, vehicle_id: 19, road_id: 1000000000000000308, offset: 0.000000 id: 2189
processing event: VehicleEnterNewRoadEvent, vehicle_id: 3, road_id: 1000000000000000234 id: 2188 at time: 1662.98
Processed event: VehicleEnterNewRoadEvent, vehicle_id: 3, road_id: 1000000000000000234 id: 2188
processing event: VehicleDepartureEvent, vehicle_id: 3, road_id: 1000000000000000234, offset: 0.000000 id: 2191 at time: 1662.98
Processed event: VehicleDepartureEvent, vehicle_id: 3, road_id: 1000000000000000234, offset: 0.000000 id: 2191
Event is not valid: BusArrivalEvent, vehicle_id: 2, stop_id: 68 id: 2097 at time: 1668.42
processing event: BusArrivalEvent, vehicle_id: 2, stop_id: 68 id: 2192 at time: 1668.42
Processed event: BusArrivalEvent, vehicle_id: 2, stop_id: 68 id: 2192
processing event: PassengerRouteEndEvent, passenger_id: 5, route_id: 1 id: 2194 at time: 1668.42
Passenger 5 finished all routes
Processed event: PassengerRouteEndEvent, passenger_id: 5, route_id: 1 id: 2194
processing event: PassengerDropoffEvent, passenger_id: 5 id: 2195 at time: 1668.42
Processed event: PassengerDropoffEvent, passenger_id: 5 id: 2195
processing event: OrderFinishedEvent, order_id: 5 id: 2196 at time: 1668.42
Processed event: OrderFinishedEvent, order_id: 5 id: 2196
processing event: VehicleArriveIntersectionEvent, vehicle_id: 17, road_id: 1000000000000000699 id: 2186 at time: 1669.84
Processed event: VehicleArriveIntersectionEvent, vehicle_id: 17, road_id: 1000000000000000699 id: 2186
Simulator::runFor: now_ = 1669.84 target = 1670
[progress] simulator time = 1670 / 3600
processing event: VehicleEnterNewRoadEvent, vehicle_id: 17, road_id: 1000000000000000051 id: 2197 at time: 1671.64
Processed event: VehicleEnterNewRoadEvent, vehicle_id: 17, road_id: 1000000000000000051 id: 2197
processing event: VehicleDepartureEvent, vehicle_id: 17, road_id: 1000000000000000051, offset: 0.000000 id: 2198 at time: 1671.64
Processed event: VehicleDepartureEvent, vehicle_id: 17, road_id: 1000000000000000051, offset: 0.000000 id: 2198
processing event: VehicleArriveIntersectionEvent, vehicle_id: 12, road_id: 1000000000000000197 id: 2181 at time: 1672.68
Processed event: VehicleArriveIntersectionEvent, vehicle_id: 12, road_id: 1000000000000000197 id: 2181
processing event: VehicleEnterNewRoadEvent, vehicle_id: 12, road_id: 1000000000000000198 id: 2200 at time: 1674.48
Processed event: VehicleEnterNewRoadEvent, vehicle_id: 12, road_id: 1000000000000000198 id: 2200
processing event: VehicleDepartureEvent, vehicle_id: 12, road_id: 1000000000000000198, offset: 0.000000 id: 2201 at time: 1674.48
Processed event: VehicleDepartureEvent, vehicle_id: 12, road_id: 1000000000000000198, offset: 0.000000 id: 2201
processing event: VehicleArriveIntersectionEvent, vehicle_id: 11, road_id: 1000000000000001064 id: 2171 at time: 1675.81
Processed event: VehicleArriveIntersectionEvent, vehicle_id: 11, road_id: 1000000000000001064 id: 2171
processing event: VehicleEnterNewRoadEvent, vehicle_id: 11, road_id: 1000000000000000168 id: 2203 at time: 1677.61
Processed event: VehicleEnterNewRoadEvent, vehicle_id: 11, road_id: 1000000000000000168 id: 2203
processing event: VehicleDepartureEvent, vehicle_id: 11, road_id: 1000000000000000168, offset: 0.000000 id: 2204 at time: 1677.61
Processed event: VehicleDepartureEvent, vehicle_id: 11, road_id: 1000000000000000168, offset: 0.000000 id: 2204
Simulator::runFor: now_ = 1677.61 target = 1680
[progress] simulator time = 1680 / 3600
processing event: VehicleArriveIntersectionEvent, vehicle_id: 9, road_id: 1000000000000000637 id: 2162 at time: 1680.28
Processed event: VehicleArriveIntersectionEvent, vehicle_id: 9, road_id: 1000000000000000637 id: 2162
processing event: VehicleArriveIntersectionEvent, vehicle_id: 15, road_id: 1000000000000000123 id: 2135 at time: 1681.69
Processed event: VehicleArriveIntersectionEvent, vehicle_id: 15, road_id: 1000000000000000123 id: 2135
processing event: VehicleEnterNewRoadEvent, vehicle_id: 9, road_id: 1000000000000000638 id: 2206 at time: 1682.08
Processed event: VehicleEnterNewRoadEvent, vehicle_id: 9, road_id: 1000000000000000638 id: 2206
processing event: VehicleDepartureEvent, vehicle_id: 9, road_id: 1000000000000000638, offset: 0.000000 id: 2208 at time: 1682.08
Processed event: VehicleDepartureEvent, vehicle_id: 9, road_id: 1000000000000000638, offset: 0.000000 id: 2208
processing event: VehicleEnterNewRoadEvent, vehicle_id: 15, road_id: 1000000000000000125 id: 2207 at time: 1683.49
Processed event: VehicleEnterNewRoadEvent, vehicle_id: 15, road_id: 1000000000000000125 id: 2207
processing event: VehicleDepartureEvent, vehicle_id: 15, road_id: 1000000000000000125, offset: 0.000000 id: 2210 at time: 1683.49
Processed event: VehicleDepartureEvent, vehicle_id: 15, road_id: 1000000000000000125, offset: 0.000000 id: 2210
processing event: VehicleArriveIntersectionEvent, vehicle_id: 18, road_id: 1000000000000000694 id: 2167 at time: 1683.62
Processed event: VehicleArriveIntersectionEvent, vehicle_id: 18, road_id: 1000000000000000694 id: 2167
processing event: VehicleArriveIntersectionEvent, vehicle_id: 11, road_id: 1000000000000000168 id: 2205 at time: 1685.17
Processed event: VehicleArriveIntersectionEvent, vehicle_id: 11, road_id: 1000000000000000168 id: 2205
processing event: VehicleEnterNewRoadEvent, vehicle_id: 18, road_id: 1000000000000000695 id: 2212 at time: 1685.42
Processed event: VehicleEnterNewRoadEvent, vehicle_id: 18, road_id: 1000000000000000695 id: 2212
processing event: VehicleDepartureEvent, vehicle_id: 18, road_id: 1000000000000000695, offset: 0.000000 id: 2214 at time: 1685.42
Processed event: VehicleDepartureEvent, vehicle_id: 18, road_id: 1000000000000000695, offset: 0.000000 id: 2214
processing event: VehicleArriveIntersectionEvent, vehicle_id: 1, road_id: 1000000000000000617 id: 2177 at time: 1686.16
Processed event: VehicleArriveIntersectionEvent, vehicle_id: 1, road_id: 1000000000000000617 id: 2177
processing event: VehicleEnterNewRoadEvent, vehicle_id: 11, road_id: 1000000000000000161 id: 2213 at time: 1686.97
Processed event: VehicleEnterNewRoadEvent, vehicle_id: 11, road_id: 1000000000000000161 id: 2213
processing event: VehicleDepartureEvent, vehicle_id: 11, road_id: 1000000000000000161, offset: 0.000000 id: 2217 at time: 1686.97
Processed event: VehicleDepartureEvent, vehicle_id: 11, road_id: 1000000000000000161, offset: 0.000000 id: 2217
processing event: VehicleEnterNewRoadEvent, vehicle_id: 1, road_id: 1000000000000000619 id: 2216 at time: 1687.96
Processed event: VehicleEnterNewRoadEvent, vehicle_id: 1, road_id: 1000000000000000619 id: 2216
processing event: VehicleDepartureEvent, vehicle_id: 1, road_id: 1000000000000000619, offset: 0.000000 id: 2219 at time: 1687.96
Processed event: VehicleDepartureEvent, vehicle_id: 1, road_id: 1000000000000000619, offset: 0.000000 id: 2219
processing event: VehicleArriveIntersectionEvent, vehicle_id: 13, road_id: 1000000000000000106 id: 2183 at time: 1688.02
Processed event: VehicleArriveIntersectionEvent, vehicle_id: 13, road_id: 1000000000000000106 id: 2183
processing event: VehicleArriveIntersectionEvent, vehicle_id: 11, road_id: 1000000000000000161 id: 2218 at time: 1688.41
Processed event: VehicleArriveIntersectionEvent, vehicle_id: 11, road_id: 1000000000000000161 id: 2218
processing event: VehicleEnterNewRoadEvent, vehicle_id: 13, road_id: 1000000000000000420 id: 2221 at time: 1689.82
Processed event: VehicleEnterNewRoadEvent, vehicle_id: 13, road_id: 1000000000000000420 id: 2221
processing event: VehicleDepartureEvent, vehicle_id: 13, road_id: 1000000000000000420, offset: 0.000000 id: 2223 at time: 1689.82
Processed event: VehicleDepartureEvent, vehicle_id: 13, road_id: 1000000000000000420, offset: 0.000000 id: 2223
Simulator::runFor: now_ = 1689.82 target = 1690
[progress] simulator time = 1690 / 3600
processing event: VehicleEnterNewRoadEvent, vehicle_id: 11, road_id: 1000000000000000156 id: 2222 at time: 1690.21
Processed event: VehicleEnterNewRoadEvent, vehicle_id: 11, road_id: 1000000000000000156 id: 2222
processing event: VehicleDepartureEvent, vehicle_id: 11, road_id: 1000000000000000156, offset: 0.000000 id: 2225 at time: 1690.21
Processed event: VehicleDepartureEvent, vehicle_id: 11, road_id: 1000000000000000156, offset: 0.000000 id: 2225
processing event: VehicleArriveIntersectionEvent, vehicle_id: 12, road_id: 1000000000000000198 id: 2202 at time: 1694.1
Processed event: VehicleArriveIntersectionEvent, vehicle_id: 12, road_id: 1000000000000000198 id: 2202
processing event: VehicleArriveIntersectionEvent, vehicle_id: 17, road_id: 1000000000000000051 id: 2199 at time: 1694.5
Processed event: VehicleArriveIntersectionEvent, vehicle_id: 17, road_id: 1000000000000000051 id: 2199
processing event: VehicleArriveIntersectionEvent, vehicle_id: 18, road_id: 1000000000000000695 id: 2215 at time: 1695.5
Processed event: VehicleArriveIntersectionEvent, vehicle_id: 18, road_id: 1000000000000000695 id: 2215
processing event: VehicleArriveIntersectionEvent, vehicle_id: 11, road_id: 1000000000000000156 id: 2226 at time: 1695.61
Processed event: VehicleArriveIntersectionEvent, vehicle_id: 11, road_id: 1000000000000000156 id: 2226
processing event: VehicleEnterNewRoadEvent, vehicle_id: 12, road_id: 1000000000000000196 id: 2227 at time: 1695.9
Processed event: VehicleEnterNewRoadEvent, vehicle_id: 12, road_id: 1000000000000000196 id: 2227
processing event: VehicleDepartureEvent, vehicle_id: 12, road_id: 1000000000000000196, offset: 0.000000 id: 2231 at time: 1695.9
Processed event: VehicleDepartureEvent, vehicle_id: 12, road_id: 1000000000000000196, offset: 0.000000 id: 2231
processing event: VehicleEnterNewRoadEvent, vehicle_id: 17, road_id: 1000000000000000339 id: 2228 at time: 1696.3
Processed event: VehicleEnterNewRoadEvent, vehicle_id: 17, road_id: 1000000000000000339 id: 2228
processing event: VehicleDepartureEvent, vehicle_id: 17, road_id: 1000000000000000339, offset: 0.000000 id: 2233 at time: 1696.3
Processed event: VehicleDepartureEvent, vehicle_id: 17, road_id: 1000000000000000339, offset: 0.000000 id: 2233
processing event: VehicleEnterNewRoadEvent, vehicle_id: 18, road_id: 1000000000000000031 id: 2229 at time: 1697.3
Processed event: VehicleEnterNewRoadEvent, vehicle_id: 18, road_id: 1000000000000000031 id: 2229
processing event: VehicleDepartureEvent, vehicle_id: 18, road_id: 1000000000000000031, offset: 0.000000 id: 2235 at time: 1697.3
Processed event: VehicleDepartureEvent, vehicle_id: 18, road_id: 1000000000000000031, offset: 0.000000 id: 2235
processing event: VehicleEnterNewRoadEvent, vehicle_id: 11, road_id: 1000000000000000330 id: 2230 at time: 1697.41
Processed event: VehicleEnterNewRoadEvent, vehicle_id: 11, road_id: 1000000000000000330 id: 2230
processing event: VehicleDepartureEvent, vehicle_id: 11, road_id: 1000000000000000330, offset: 0.000000 id: 2237 at time: 1697.41
Processed event: VehicleDepartureEvent, vehicle_id: 11, road_id: 1000000000000000330, offset: 0.000000 id: 2237
Simulator::runFor: now_ = 1697.41 target = 1700
[progress] simulator time = 1700 / 3600
processing event: VehicleArriveIntersectionEvent, vehicle_id: 5, road_id: 1000000000000000188 id: 2106 at time: 1703
Processed event: VehicleArriveIntersectionEvent, vehicle_id: 5, road_id: 1000000000000000188 id: 2106
processing event: VehicleEnterNewRoadEvent, vehicle_id: 5, road_id: 1000000000000000074 id: 2239 at time: 1704.8
Processed event: VehicleEnterNewRoadEvent, vehicle_id: 5, road_id: 1000000000000000074 id: 2239
processing event: VehicleDepartureEvent, vehicle_id: 5, road_id: 1000000000000000074, offset: 0.000000 id: 2240 at time: 1704.8
Processed event: VehicleDepartureEvent, vehicle_id: 5, road_id: 1000000000000000074, offset: 0.000000 id: 2240
processing event: VehicleArriveIntersectionEvent, vehicle_id: 7, road_id: 1000000000000001101 id: 2150 at time: 1706.17
Processed event: VehicleArriveIntersectionEvent, vehicle_id: 7, road_id: 1000000000000001101 id: 2150
processing event: VehicleArriveIntersectionEvent, vehicle_id: 15, road_id: 1000000000000000125 id: 2211 at time: 1707.43
Processed event: VehicleArriveIntersectionEvent, vehicle_id: 15, road_id: 1000000000000000125 id: 2211
processing event: VehicleEnterNewRoadEvent, vehicle_id: 7, road_id: 1000000000000000320 id: 2242 at time: 1707.97
Processed event: VehicleEnterNewRoadEvent, vehicle_id: 7, road_id: 1000000000000000320 id: 2242
processing event: VehicleDepartureEvent, vehicle_id: 7, road_id: 1000000000000000320, offset: 0.000000 id: 2244 at time: 1707.97
Processed event: VehicleDepartureEvent, vehicle_id: 7, road_id: 1000000000000000320, offset: 0.000000 id: 2244
processing event: BusArrivalEvent, vehicle_id: 17, stop_id: 128 id: 2234 at time: 1708
Processed event: BusArrivalEvent, vehicle_id: 17, stop_id: 128 id: 2234
processing event: PassengerOnboardEvent, passenger_id: 15 id: 2246 at time: 1708
Processed event: PassengerOnboardEvent, passenger_id: 15 id: 2246
processing event: VehicleEnterNewRoadEvent, vehicle_id: 15, road_id: 1000000000000000776 id: 2243 at time: 1709.23
Processed event: VehicleEnterNewRoadEvent, vehicle_id: 15, road_id: 1000000000000000776 id: 2243
processing event: VehicleDepartureEvent, vehicle_id: 15, road_id: 1000000000000000776, offset: 0.000000 id: 2248 at time: 1709.23
Processed event: VehicleDepartureEvent, vehicle_id: 15, road_id: 1000000000000000776, offset: 0.000000 id: 2248
Simulator::runFor: now_ = 1709.23 target = 1710
[progress] simulator time = 1710 / 3600
processing event: VehicleArriveIntersectionEvent, vehicle_id: 15, road_id: 1000000000000000776 id: 2249 at time: 1710.85
Processed event: VehicleArriveIntersectionEvent, vehicle_id: 15, road_id: 1000000000000000776 id: 2249
processing event: VehicleArriveIntersectionEvent, vehicle_id: 6, road_id: 1000000000000000498 id: 2159 at time: 1712.38
Processed event: VehicleArriveIntersectionEvent, vehicle_id: 6, road_id: 1000000000000000498 id: 2159
processing event: VehicleEnterNewRoadEvent, vehicle_id: 15, road_id: 1000000000000000775 id: 2250 at time: 1712.65
Processed event: VehicleEnterNewRoadEvent, vehicle_id: 15, road_id: 1000000000000000775 id: 2250
processing event: VehicleDepartureEvent, vehicle_id: 15, road_id: 1000000000000000775, offset: 0.000000 id: 2252 at time: 1712.65
Processed event: VehicleDepartureEvent, vehicle_id: 15, road_id: 1000000000000000775, offset: 0.000000 id: 2252
processing event: VehicleDepartureEvent, vehicle_id: 17, road_id: 1000000000000000339, offset: 64.970000 id: 2247 at time: 1713
Processed event: VehicleDepartureEvent, vehicle_id: 17, road_id: 1000000000000000339, offset: 64.970000 id: 2247
processing event: VehicleEnterNewRoadEvent, vehicle_id: 6, road_id: 1000000000000000507 id: 2251 at time: 1714.18
Processed event: VehicleEnterNewRoadEvent, vehicle_id: 6, road_id: 1000000000000000507 id: 2251
processing event: VehicleDepartureEvent, vehicle_id: 6, road_id: 1000000000000000507, offset: 0.000000 id: 2255 at time: 1714.18
Processed event: VehicleDepartureEvent, vehicle_id: 6, road_id: 1000000000000000507, offset: 0.000000 id: 2255
Simulator::runFor: now_ = 1714.18 target = 1720
[progress] simulator time = 1720 / 3600
processing event: VehicleArriveIntersectionEvent, vehicle_id: 4, road_id: 1000000000000000342 id: 2139 at time: 1720.74
Processed event: VehicleArriveIntersectionEvent, vehicle_id: 4, road_id: 1000000000000000342 id: 2139
processing event: VehicleEnterNewRoadEvent, vehicle_id: 4, road_id: 1000000000000000344 id: 2257 at time: 1722.54
Processed event: VehicleEnterNewRoadEvent, vehicle_id: 4, road_id: 1000000000000000344 id: 2257
processing event: VehicleDepartureEvent, vehicle_id: 4, road_id: 1000000000000000344, offset: 0.000000 id: 2258 at time: 1722.54
Processed event: VehicleDepartureEvent, vehicle_id: 4, road_id: 1000000000000000344, offset: 0.000000 id: 2258
processing event: VehicleArriveIntersectionEvent, vehicle_id: 12, road_id: 1000000000000000196 id: 2232 at time: 1725.79
Processed event: VehicleArriveIntersectionEvent, vehicle_id: 12, road_id: 1000000000000000196 id: 2232
processing event: VehicleEnterNewRoadEvent, vehicle_id: 12, road_id: 1000000000000000155 id: 2260 at time: 1727.59
Processed event: VehicleEnterNewRoadEvent, vehicle_id: 12, road_id: 1000000000000000155 id: 2260
processing event: VehicleDepartureEvent, vehicle_id: 12, road_id: 1000000000000000155, offset: 0.000000 id: 2261 at time: 1727.59
Processed event: VehicleDepartureEvent, vehicle_id: 12, road_id: 1000000000000000155, offset: 0.000000 id: 2261
processing event: VehicleArriveIntersectionEvent, vehicle_id: 19, road_id: 1000000000000000308 id: 2190 at time: 1728.44
Processed event: VehicleArriveIntersectionEvent, vehicle_id: 19, road_id: 1000000000000000308 id: 2190
processing event: VehicleArriveIntersectionEvent, vehicle_id: 15, road_id: 1000000000000000775 id: 2253 at time: 1728.85
Processed event: VehicleArriveIntersectionEvent, vehicle_id: 15, road_id: 1000000000000000775 id: 2253
Simulator::runFor: now_ = 1728.85 target = 1730
[progress] simulator time = 1730 / 3600
processing event: VehicleEnterNewRoadEvent, vehicle_id: 19, road_id: 1000000000000000309 id: 2263 at time: 1730.24
Processed event: VehicleEnterNewRoadEvent, vehicle_id: 19, road_id: 1000000000000000309 id: 2263
processing event: VehicleDepartureEvent, vehicle_id: 19, road_id: 1000000000000000309, offset: 0.000000 id: 2265 at time: 1730.24
Processed event: VehicleDepartureEvent, vehicle_id: 19, road_id: 1000000000000000309, offset: 0.000000 id: 2265
processing event: VehicleEnterNewRoadEvent, vehicle_id: 15, road_id: 1000000000000000774 id: 2264 at time: 1730.65
Processed event: VehicleEnterNewRoadEvent, vehicle_id: 15, road_id: 1000000000000000774 id: 2264
processing event: VehicleDepartureEvent, vehicle_id: 15, road_id: 1000000000000000774, offset: 0.000000 id: 2267 at time: 1730.65
Processed event: VehicleDepartureEvent, vehicle_id: 15, road_id: 1000000000000000774, offset: 0.000000 id: 2267
processing event: VehicleArriveIntersectionEvent, vehicle_id: 15, road_id: 1000000000000000774 id: 2268 at time: 1732.09
Processed event: VehicleArriveIntersectionEvent, vehicle_id: 15, road_id: 1000000000000000774 id: 2268
processing event: BusArrivalEvent, vehicle_id: 3, stop_id: 68 id: 2193 at time: 1732.1
Processed event: BusArrivalEvent, vehicle_id: 3, stop_id: 68 id: 2193
processing event: PassengerOnboardEvent, passenger_id: 17 id: 2270 at time: 1732.1
Processed event: PassengerOnboardEvent, passenger_id: 17 id: 2270
processing event: VehicleEnterNewRoadEvent, vehicle_id: 15, road_id: 1000000000000000772 id: 2269 at time: 1733.89
Processed event: VehicleEnterNewRoadEvent, vehicle_id: 15, road_id: 1000000000000000772 id: 2269
processing event: VehicleDepartureEvent, vehicle_id: 15, road_id: 1000000000000000772, offset: 0.000000 id: 2272 at time: 1733.89
Processed event: VehicleDepartureEvent, vehicle_id: 15, road_id: 1000000000000000772, offset: 0.000000 id: 2272
processing event: VehicleArriveIntersectionEvent, vehicle_id: 12, road_id: 1000000000000000155 id: 2262 at time: 1734.43
Processed event: VehicleArriveIntersectionEvent, vehicle_id: 12, road_id: 1000000000000000155 id: 2262
processing event: VehicleArriveIntersectionEvent, vehicle_id: 1, road_id: 1000000000000000619 id: 2220 at time: 1735.48
Processed event: VehicleArriveIntersectionEvent, vehicle_id: 1, road_id: 1000000000000000619 id: 2220
processing event: VehicleArriveIntersectionEvent, vehicle_id: 8, road_id: 1000000000000000482 id: 2143 at time: 1736.15
Processed event: VehicleArriveIntersectionEvent, vehicle_id: 8, road_id: 1000000000000000482 id: 2143
processing event: VehicleEnterNewRoadEvent, vehicle_id: 12, road_id: 1000000000000000165 id: 2274 at time: 1736.23
Processed event: VehicleEnterNewRoadEvent, vehicle_id: 12, road_id: 1000000000000000165 id: 2274
processing event: VehicleDepartureEvent, vehicle_id: 12, road_id: 1000000000000000165, offset: 0.000000 id: 2277 at time: 1736.23
Processed event: VehicleDepartureEvent, vehicle_id: 12, road_id: 1000000000000000165, offset: 0.000000 id: 2277
processing event: VehicleDepartureEvent, vehicle_id: 3, road_id: 1000000000000000234, offset: 383.960000 id: 2271 at time: 1737.1
Processed event: VehicleDepartureEvent, vehicle_id: 3, road_id: 1000000000000000234, offset: 383.960000 id: 2271
processing event: VehicleEnterNewRoadEvent, vehicle_id: 1, road_id: 1000000000000001138 id: 2275 at time: 1737.28
Processed event: VehicleEnterNewRoadEvent, vehicle_id: 1, road_id: 1000000000000001138 id: 2275
processing event: VehicleDepartureEvent, vehicle_id: 1, road_id: 1000000000000001138, offset: 0.000000 id: 2280 at time: 1737.28
Processed event: VehicleDepartureEvent, vehicle_id: 1, road_id: 1000000000000001138, offset: 0.000000 id: 2280
processing event: VehicleArriveIntersectionEvent, vehicle_id: 13, road_id: 1000000000000000420 id: 2224 at time: 1737.35
Processed event: VehicleArriveIntersectionEvent, vehicle_id: 13, road_id: 1000000000000000420 id: 2224
processing event: VehicleArriveIntersectionEvent, vehicle_id: 12, road_id: 1000000000000000165 id: 2278 at time: 1737.49
Processed event: VehicleArriveIntersectionEvent, vehicle_id: 12, road_id: 1000000000000000165 id: 2278
processing event: VehicleEnterNewRoadEvent, vehicle_id: 8, road_id: 1000000000000000073 id: 2276 at time: 1737.95
Processed event: VehicleEnterNewRoadEvent, vehicle_id: 8, road_id: 1000000000000000073 id: 2276
processing event: VehicleDepartureEvent, vehicle_id: 8, road_id: 1000000000000000073, offset: 0.000000 id: 2284 at time: 1737.95
Processed event: VehicleDepartureEvent, vehicle_id: 8, road_id: 1000000000000000073, offset: 0.000000 id: 2284
processing event: VehicleEnterNewRoadEvent, vehicle_id: 13, road_id: 1000000000000000421 id: 2282 at time: 1739.15
Processed event: VehicleEnterNewRoadEvent, vehicle_id: 13, road_id: 1000000000000000421 id: 2282
processing event: VehicleDepartureEvent, vehicle_id: 13, road_id: 1000000000000000421, offset: 0.000000 id: 2286 at time: 1739.15
Processed event: VehicleDepartureEvent, vehicle_id: 13, road_id: 1000000000000000421, offset: 0.000000 id: 2286
processing event: VehicleEnterNewRoadEvent, vehicle_id: 12, road_id: 1000000000000000158 id: 2283 at time: 1739.29
Processed event: VehicleEnterNewRoadEvent, vehicle_id: 12, road_id: 1000000000000000158 id: 2283
processing event: VehicleDepartureEvent, vehicle_id: 12, road_id: 1000000000000000158, offset: 0.000000 id: 2288 at time: 1739.29
Processed event: VehicleDepartureEvent, vehicle_id: 12, road_id: 1000000000000000158, offset: 0.000000 id: 2288
processing event: VehicleArriveIntersectionEvent, vehicle_id: 18, road_id: 1000000000000000031 id: 2236 at time: 1739.78
Processed event: VehicleArriveIntersectionEvent, vehicle_id: 18, road_id: 1000000000000000031 id: 2236
Simulator::runFor: now_ = 1739.78 target = 1740
[progress] simulator time = 1740 / 3600
processing event: BusArrivalEvent, vehicle_id: 11, stop_id: 126 id: 2238 at time: 1741.37
Processed event: BusArrivalEvent, vehicle_id: 11, stop_id: 126 id: 2238
processing event: PassengerOnboardEvent, passenger_id: 22 id: 2291 at time: 1741.37
Processed event: PassengerOnboardEvent, passenger_id: 22 id: 2291
processing event: VehicleEnterNewRoadEvent, vehicle_id: 18, road_id: 1000000000000000032 id: 2290 at time: 1741.58
Processed event: VehicleEnterNewRoadEvent, vehicle_id: 18, road_id: 1000000000000000032 id: 2290
processing event: VehicleDepartureEvent, vehicle_id: 18, road_id: 1000000000000000032, offset: 0.000000 id: 2293 at time: 1741.58
Processed event: VehicleDepartureEvent, vehicle_id: 18, road_id: 1000000000000000032, offset: 0.000000 id: 2293
processing event: VehicleArriveIntersectionEvent, vehicle_id: 9, road_id: 1000000000000000638 id: 2209 at time: 1743.28
Processed event: VehicleArriveIntersectionEvent, vehicle_id: 9, road_id: 1000000000000000638 id: 2209
processing event: VehicleEnterNewRoadEvent, vehicle_id: 9, road_id: 1000000000000000210 id: 2295 at time: 1745.08
Processed event: VehicleEnterNewRoadEvent, vehicle_id: 9, road_id: 1000000000000000210 id: 2295
processing event: VehicleDepartureEvent, vehicle_id: 9, road_id: 1000000000000000210, offset: 0.000000 id: 2296 at time: 1745.08
Processed event: VehicleDepartureEvent, vehicle_id: 9, road_id: 1000000000000000210, offset: 0.000000 id: 2296
processing event: VehicleArriveIntersectionEvent, vehicle_id: 12, road_id: 1000000000000000158 id: 2289 at time: 1745.95
Processed event: VehicleArriveIntersectionEvent, vehicle_id: 12, road_id: 1000000000000000158 id: 2289
processing event: VehicleDepartureEvent, vehicle_id: 11, road_id: 1000000000000000330, offset: 244.180000 id: 2292 at time: 1746.37
Processed event: VehicleDepartureEvent, vehicle_id: 11, road_id: 1000000000000000330, offset: 244.180000 id: 2292
processing event: VehicleEnterNewRoadEvent, vehicle_id: 12, road_id: 1000000000000000159 id: 2298 at time: 1747.75
Processed event: VehicleEnterNewRoadEvent, vehicle_id: 12, road_id: 1000000000000000159 id: 2298
processing event: VehicleDepartureEvent, vehicle_id: 12, road_id: 1000000000000000159, offset: 0.000000 id: 2300 at time: 1747.75
Processed event: VehicleDepartureEvent, vehicle_id: 12, road_id: 1000000000000000159, offset: 0.000000 id: 2300
processing event: VehicleArriveIntersectionEvent, vehicle_id: 12, road_id: 1000000000000000159 id: 2301 at time: 1749.01
Processed event: VehicleArriveIntersectionEvent, vehicle_id: 12, road_id: 1000000000000000159 id: 2301
processing event: VehicleArriveIntersectionEvent, vehicle_id: 3, road_id: 1000000000000000234 id: 2279 at time: 1749.34
Processed event: VehicleArriveIntersectionEvent, vehicle_id: 3, road_id: 1000000000000000234 id: 2279
Simulator::runFor: now_ = 1749.34 target = 1750
[progress] simulator time = 1750 / 3600
processing event: VehicleEnterNewRoadEvent, vehicle_id: 12, road_id: 1000000000000000169 id: 2302 at time: 1750.81
Processed event: VehicleEnterNewRoadEvent, vehicle_id: 12, road_id: 1000000000000000169 id: 2302
processing event: VehicleDepartureEvent, vehicle_id: 12, road_id: 1000000000000000169, offset: 0.000000 id: 2304 at time: 1750.81
Processed event: VehicleDepartureEvent, vehicle_id: 12, road_id: 1000000000000000169, offset: 0.000000 id: 2304
processing event: VehicleEnterNewRoadEvent, vehicle_id: 3, road_id: 1000000000000000060 id: 2303 at time: 1751.14
Processed event: VehicleEnterNewRoadEvent, vehicle_id: 3, road_id: 1000000000000000060 id: 2303
processing event: VehicleDepartureEvent, vehicle_id: 3, road_id: 1000000000000000060, offset: 0.000000 id: 2306 at time: 1751.14
Processed event: VehicleDepartureEvent, vehicle_id: 3, road_id: 1000000000000000060, offset: 0.000000 id: 2306
processing event: VehicleArriveIntersectionEvent, vehicle_id: 7, road_id: 1000000000000000320 id: 2245 at time: 1751.54
Processed event: VehicleArriveIntersectionEvent, vehicle_id: 7, road_id: 1000000000000000320 id: 2245
processing event: VehicleEnterNewRoadEvent, vehicle_id: 7, road_id: 1000000000000000321 id: 2308 at time: 1753.34
Processed event: VehicleEnterNewRoadEvent, vehicle_id: 7, road_id: 1000000000000000321 id: 2308
processing event: VehicleDepartureEvent, vehicle_id: 7, road_id: 1000000000000000321, offset: 0.000000 id: 2309 at time: 1753.34
Processed event: VehicleDepartureEvent, vehicle_id: 7, road_id: 1000000000000000321, offset: 0.000000 id: 2309
processing event: PassengerRouteStartEvent, passenger_id: 36, route_id: 1 id: 35 at time: 1754
Processed event: PassengerRouteStartEvent, passenger_id: 36, route_id: 1 id: 35
processing event: OrderCreatedEvent, order_id: 36, available_pickups: 15 , available_dropoffs: 113 , passenger_id: 36, route_id: 1, passenger_num: 0 id: 2311 at time: 1754
Processed event: OrderCreatedEvent, order_id: 36, available_pickups: 15 , available_dropoffs: 113 , passenger_id: 36, route_id: 1, passenger_num: 1 id: 2311
processing event: VehicleArriveIntersectionEvent, vehicle_id: 12, road_id: 1000000000000000169 id: 2305 at time: 1757.11
Processed event: VehicleArriveIntersectionEvent, vehicle_id: 12, road_id: 1000000000000000169 id: 2305
processing event: VehicleEnterNewRoadEvent, vehicle_id: 12, road_id: 1000000000000000199 id: 2312 at time: 1758.91
Processed event: VehicleEnterNewRoadEvent, vehicle_id: 12, road_id: 1000000000000000199 id: 2312
processing event: VehicleDepartureEvent, vehicle_id: 12, road_id: 1000000000000000199, offset: 0.000000 id: 2313 at time: 1758.91
Processed event: VehicleDepartureEvent, vehicle_id: 12, road_id: 1000000000000000199, offset: 0.000000 id: 2313
Simulator::runFor: now_ = 1758.91 target = 1760
[progress] simulator time = 1760 / 3600
processing event: OrderMatchedEvent, order_id: 36, vehicle_id: 4 id: 2315 at time: 1760
Processed event: OrderMatchedEvent, order_id: 36, vehicle_id: 4 id: 2315
processing event: PassengerArrivalEvent, passenger_id: 36 id: 2317 at time: 1760
Processed event: PassengerArrivalEvent, passenger_id: 36 id: 2317
processing event: VehicleArriveIntersectionEvent, vehicle_id: 5, road_id: 1000000000000000074 id: 2241 at time: 1761.5
Processed event: VehicleArriveIntersectionEvent, vehicle_id: 5, road_id: 1000000000000000074 id: 2241
processing event: VehicleArriveIntersectionEvent, vehicle_id: 11, road_id: 1000000000000000330 id: 2299 at time: 1761.82
Processed event: VehicleArriveIntersectionEvent, vehicle_id: 11, road_id: 1000000000000000330 id: 2299
processing event: BusArrivalEvent, vehicle_id: 7, stop_id: 27 id: 2310 at time: 1762.87
Processed event: BusArrivalEvent, vehicle_id: 7, stop_id: 27 id: 2310
processing event: PassengerRouteEndEvent, passenger_id: 20, route_id: 1 id: 2320 at time: 1762.87
Passenger 20 finished all routes
Processed event: PassengerRouteEndEvent, passenger_id: 20, route_id: 1 id: 2320
processing event: PassengerDropoffEvent, passenger_id: 20 id: 2322 at time: 1762.87
Processed event: PassengerDropoffEvent, passenger_id: 20 id: 2322
processing event: OrderFinishedEvent, order_id: 20 id: 2323 at time: 1762.87
Processed event: OrderFinishedEvent, order_id: 20 id: 2323
processing event: VehicleEnterNewRoadEvent, vehicle_id: 5, road_id: 1000000000000000701 id: 2318 at time: 1763.31
Processed event: VehicleEnterNewRoadEvent, vehicle_id: 5, road_id: 1000000000000000701 id: 2318
processing event: VehicleDepartureEvent, vehicle_id: 5, road_id: 1000000000000000701, offset: 0.000000 id: 2324 at time: 1763.31
Processed event: VehicleDepartureEvent, vehicle_id: 5, road_id: 1000000000000000701, offset: 0.000000 id: 2324
processing event: VehicleEnterNewRoadEvent, vehicle_id: 11, road_id: 1000000000000000210 id: 2319 at time: 1763.62
Processed event: VehicleEnterNewRoadEvent, vehicle_id: 11, road_id: 1000000000000000210 id: 2319
processing event: VehicleDepartureEvent, vehicle_id: 11, road_id: 1000000000000000210, offset: 0.000000 id: 2326 at time: 1763.62
Processed event: VehicleDepartureEvent, vehicle_id: 11, road_id: 1000000000000000210, offset: 0.000000 id: 2326
processing event: VehicleArriveIntersectionEvent, vehicle_id: 10, road_id: 1000000000000001036 id: 2175 at time: 1764.33
Processed event: VehicleArriveIntersectionEvent, vehicle_id: 10, road_id: 1000000000000001036 id: 2175
processing event: VehicleEnterNewRoadEvent, vehicle_id: 10, road_id: 1000000000000001035 id: 2328 at time: 1766.13
Processed event: VehicleEnterNewRoadEvent, vehicle_id: 10, road_id: 1000000000000001035 id: 2328
processing event: VehicleDepartureEvent, vehicle_id: 10, road_id: 1000000000000001035, offset: 0.000000 id: 2329 at time: 1766.13
Processed event: VehicleDepartureEvent, vehicle_id: 10, road_id: 1000000000000001035, offset: 0.000000 id: 2329
processing event: VehicleDepartureEvent, vehicle_id: 7, road_id: 1000000000000000321, offset: 52.960000 id: 2321 at time: 1767.87
Processed event: VehicleDepartureEvent, vehicle_id: 7, road_id: 1000000000000000321, offset: 52.960000 id: 2321
processing event: VehicleArriveIntersectionEvent, vehicle_id: 15, road_id: 1000000000000000772 id: 2273 at time: 1769.36
Processed event: VehicleArriveIntersectionEvent, vehicle_id: 15, road_id: 1000000000000000772 id: 2273
Simulator::runFor: now_ = 1769.36 target = 1770
[progress] simulator time = 1770 / 3600
processing event: VehicleArriveIntersectionEvent, vehicle_id: 13, road_id: 1000000000000000421 id: 2287 at time: 1770.11
Processed event: VehicleArriveIntersectionEvent, vehicle_id: 13, road_id: 1000000000000000421 id: 2287
processing event: VehicleEnterNewRoadEvent, vehicle_id: 15, road_id: 1000000000000000773 id: 2332 at time: 1771.16
Processed event: VehicleEnterNewRoadEvent, vehicle_id: 15, road_id: 1000000000000000773 id: 2332
processing event: VehicleDepartureEvent, vehicle_id: 15, road_id: 1000000000000000773, offset: 0.000000 id: 2334 at time: 1771.16
Processed event: VehicleDepartureEvent, vehicle_id: 15, road_id: 1000000000000000773, offset: 0.000000 id: 2334
processing event: VehicleArriveIntersectionEvent, vehicle_id: 5, road_id: 1000000000000000701 id: 2325 at time: 1771.77
Processed event: VehicleArriveIntersectionEvent, vehicle_id: 5, road_id: 1000000000000000701 id: 2325
processing event: VehicleEnterNewRoadEvent, vehicle_id: 13, road_id: 1000000000000000780 id: 2333 at time: 1771.91
Processed event: VehicleEnterNewRoadEvent, vehicle_id: 13, road_id: 1000000000000000780 id: 2333
processing event: VehicleDepartureEvent, vehicle_id: 13, road_id: 1000000000000000780, offset: 0.000000 id: 2337 at time: 1771.91
Processed event: VehicleDepartureEvent, vehicle_id: 13, road_id: 1000000000000000780, offset: 0.000000 id: 2337
processing event: VehicleArriveIntersectionEvent, vehicle_id: 15, road_id: 1000000000000000773 id: 2335 at time: 1772.06
Processed event: VehicleArriveIntersectionEvent, vehicle_id: 15, road_id: 1000000000000000773 id: 2335
processing event: VehicleArriveIntersectionEvent, vehicle_id: 1, road_id: 1000000000000001138 id: 2281 at time: 1772.39
Processed event: VehicleArriveIntersectionEvent, vehicle_id: 1, road_id: 1000000000000001138 id: 2281
processing event: VehicleEnterNewRoadEvent, vehicle_id: 5, road_id: 1000000000000000700 id: 2336 at time: 1773.57
Processed event: VehicleEnterNewRoadEvent, vehicle_id: 5, road_id: 1000000000000000700 id: 2336
processing event: VehicleDepartureEvent, vehicle_id: 5, road_id: 1000000000000000700, offset: 0.000000 id: 2341 at time: 1773.57
Processed event: VehicleDepartureEvent, vehicle_id: 5, road_id: 1000000000000000700, offset: 0.000000 id: 2341
processing event: VehicleEnterNewRoadEvent, vehicle_id: 15, road_id: 1000000000000000757 id: 2339 at time: 1773.86
Processed event: VehicleEnterNewRoadEvent, vehicle_id: 15, road_id: 1000000000000000757 id: 2339
processing event: VehicleDepartureEvent, vehicle_id: 15, road_id: 1000000000000000757, offset: 0.000000 id: 2343 at time: 1773.86
Processed event: VehicleDepartureEvent, vehicle_id: 15, road_id: 1000000000000000757, offset: 0.000000 id: 2343
processing event: VehicleEnterNewRoadEvent, vehicle_id: 1, road_id: 1000000000000001210 id: 2340 at time: 1774.19
Processed event: VehicleEnterNewRoadEvent, vehicle_id: 1, road_id: 1000000000000001210 id: 2340
processing event: VehicleDepartureEvent, vehicle_id: 1, road_id: 1000000000000001210, offset: 0.000000 id: 2345 at time: 1774.19
Processed event: VehicleDepartureEvent, vehicle_id: 1, road_id: 1000000000000001210, offset: 0.000000 id: 2345
processing event: VehicleArriveIntersectionEvent, vehicle_id: 13, road_id: 1000000000000000780 id: 2338 at time: 1774.79
Processed event: VehicleArriveIntersectionEvent, vehicle_id: 13, road_id: 1000000000000000780 id: 2338
processing event: VehicleArriveIntersectionEvent, vehicle_id: 15, road_id: 1000000000000000757 id: 2344 at time: 1776.02
Processed event: VehicleArriveIntersectionEvent, vehicle_id: 15, road_id: 1000000000000000757 id: 2344
processing event: VehicleEnterNewRoadEvent, vehicle_id: 13, road_id: 1000000000000000779 id: 2347 at time: 1776.59
Processed event: VehicleEnterNewRoadEvent, vehicle_id: 13, road_id: 1000000000000000779 id: 2347
processing event: VehicleDepartureEvent, vehicle_id: 13, road_id: 1000000000000000779, offset: 0.000000 id: 2349 at time: 1776.59
Processed event: VehicleDepartureEvent, vehicle_id: 13, road_id: 1000000000000000779, offset: 0.000000 id: 2349
processing event: VehicleEnterNewRoadEvent, vehicle_id: 15, road_id: 1000000000000000755 id: 2348 at time: 1777.82
Processed event: VehicleEnterNewRoadEvent, vehicle_id: 15, road_id: 1000000000000000755 id: 2348
processing event: VehicleDepartureEvent, vehicle_id: 15, road_id: 1000000000000000755, offset: 0.000000 id: 2351 at time: 1777.82
Processed event: VehicleDepartureEvent, vehicle_id: 15, road_id: 1000000000000000755, offset: 0.000000 id: 2351
Simulator::runFor: now_ = 1777.82 target = 1780
[progress] simulator time = 1780 / 3600
processing event: VehicleArriveIntersectionEvent, vehicle_id: 7, road_id: 1000000000000000321 id: 2331 at time: 1786.96
Processed event: VehicleArriveIntersectionEvent, vehicle_id: 7, road_id: 1000000000000000321 id: 2331
processing event: VehicleArriveIntersectionEvent, vehicle_id: 12, road_id: 1000000000000000199 id: 2314 at time: 1787.35
Processed event: VehicleArriveIntersectionEvent, vehicle_id: 12, road_id: 1000000000000000199 id: 2314
processing event: VehicleArriveIntersectionEvent, vehicle_id: 18, road_id: 1000000000000000032 id: 2294 at time: 1788.21
Processed event: VehicleArriveIntersectionEvent, vehicle_id: 18, road_id: 1000000000000000032 id: 2294
processing event: VehicleEnterNewRoadEvent, vehicle_id: 7, road_id: 1000000000000000457 id: 2353 at time: 1788.76
Processed event: VehicleEnterNewRoadEvent, vehicle_id: 7, road_id: 1000000000000000457 id: 2353
processing event: VehicleDepartureEvent, vehicle_id: 7, road_id: 1000000000000000457, offset: 0.000000 id: 2356 at time: 1788.76
Processed event: VehicleDepartureEvent, vehicle_id: 7, road_id: 1000000000000000457, offset: 0.000000 id: 2356
processing event: VehicleEnterNewRoadEvent, vehicle_id: 12, road_id: 1000000000000000200 id: 2354 at time: 1789.15
Processed event: VehicleEnterNewRoadEvent, vehicle_id: 12, road_id: 1000000000000000200 id: 2354
processing event: VehicleDepartureEvent, vehicle_id: 12, road_id: 1000000000000000200, offset: 0.000000 id: 2358 at time: 1789.15
Processed event: VehicleDepartureEvent, vehicle_id: 12, road_id: 1000000000000000200, offset: 0.000000 id: 2358
Simulator::runFor: now_ = 1789.15 target = 1790
[progress] simulator time = 1790 / 3600
processing event: VehicleEnterNewRoadEvent, vehicle_id: 18, road_id: 1000000000000001034 id: 2355 at time: 1790.01
Processed event: VehicleEnterNewRoadEvent, vehicle_id: 18, road_id: 1000000000000001034 id: 2355
processing event: VehicleDepartureEvent, vehicle_id: 18, road_id: 1000000000000001034, offset: 0.000000 id: 2360 at time: 1790.01
Processed event: VehicleDepartureEvent, vehicle_id: 18, road_id: 1000000000000001034, offset: 0.000000 id: 2360
processing event: VehicleArriveIntersectionEvent, vehicle_id: 7, road_id: 1000000000000000457 id: 2357 at time: 1790.92
Processed event: VehicleArriveIntersectionEvent, vehicle_id: 7, road_id: 1000000000000000457 id: 2357
processing event: VehicleEnterNewRoadEvent, vehicle_id: 7, road_id: 1000000000000000259 id: 2362 at time: 1792.72
Processed event: VehicleEnterNewRoadEvent, vehicle_id: 7, road_id: 1000000000000000259 id: 2362
processing event: VehicleDepartureEvent, vehicle_id: 7, road_id: 1000000000000000259, offset: 0.000000 id: 2363 at time: 1792.72
Processed event: VehicleDepartureEvent, vehicle_id: 7, road_id: 1000000000000000259, offset: 0.000000 id: 2363
processing event: VehicleArriveIntersectionEvent, vehicle_id: 3, road_id: 1000000000000000060 id: 2307 at time: 1793.99
Processed event: VehicleArriveIntersectionEvent, vehicle_id: 3, road_id: 1000000000000000060 id: 2307
processing event: VehicleEnterNewRoadEvent, vehicle_id: 3, road_id: 1000000000000000309 id: 2365 at time: 1795.79
Processed event: VehicleEnterNewRoadEvent, vehicle_id: 3, road_id: 1000000000000000309 id: 2365
processing event: VehicleDepartureEvent, vehicle_id: 3, road_id: 1000000000000000309, offset: 0.000000 id: 2366 at time: 1795.79
Processed event: VehicleDepartureEvent, vehicle_id: 3, road_id: 1000000000000000309, offset: 0.000000 id: 2366
processing event: VehicleArriveIntersectionEvent, vehicle_id: 5, road_id: 1000000000000000700 id: 2342 at time: 1795.89
Processed event: VehicleArriveIntersectionEvent, vehicle_id: 5, road_id: 1000000000000000700 id: 2342
processing event: VehicleEnterNewRoadEvent, vehicle_id: 5, road_id: 1000000000000000209 id: 2368 at time: 1797.69
Processed event: VehicleEnterNewRoadEvent, vehicle_id: 5, road_id: 1000000000000000209 id: 2368
processing event: VehicleDepartureEvent, vehicle_id: 5, road_id: 1000000000000000209, offset: 0.000000 id: 2369 at time: 1797.69
Processed event: VehicleDepartureEvent, vehicle_id: 5, road_id: 1000000000000000209, offset: 0.000000 id: 2369
Simulator::runFor: now_ = 1797.69 target = 1800
[progress] simulator time = 1800 / 3600
processing event: VehicleArriveIntersectionEvent, vehicle_id: 1, road_id: 1000000000000001210 id: 2346 at time: 1800.47
Processed event: VehicleArriveIntersectionEvent, vehicle_id: 1, road_id: 1000000000000001210 id: 2346
processing event: VehicleEnterNewRoadEvent, vehicle_id: 1, road_id: 1000000000000000584 id: 2371 at time: 1802.27
Processed event: VehicleEnterNewRoadEvent, vehicle_id: 1, road_id: 1000000000000000584 id: 2371
processing event: VehicleDepartureEvent, vehicle_id: 1, road_id: 1000000000000000584, offset: 0.000000 id: 2372 at time: 1802.27
Processed event: VehicleDepartureEvent, vehicle_id: 1, road_id: 1000000000000000584, offset: 0.000000 id: 2372
processing event: VehicleArriveIntersectionEvent, vehicle_id: 8, road_id: 1000000000000000073 id: 2285 at time: 1803.65
Processed event: VehicleArriveIntersectionEvent, vehicle_id: 8, road_id: 1000000000000000073 id: 2285
processing event: VehicleEnterNewRoadEvent, vehicle_id: 8, road_id: 1000000000000000074 id: 2374 at time: 1805.45
Processed event: VehicleEnterNewRoadEvent, vehicle_id: 8, road_id: 1000000000000000074 id: 2374
processing event: VehicleDepartureEvent, vehicle_id: 8, road_id: 1000000000000000074, offset: 0.000000 id: 2375 at time: 1805.45
Processed event: VehicleDepartureEvent, vehicle_id: 8, road_id: 1000000000000000074, offset: 0.000000 id: 2375
Event is not valid: VehicleArriveIntersectionEvent, vehicle_id: 9, road_id: 1000000000000000210 id: 2297 at time: 1805.57
processing event: VehicleArriveIntersectionEvent, vehicle_id: 9, road_id: 1000000000000000210 id: 2327 at time: 1805.57
Processed event: VehicleArriveIntersectionEvent, vehicle_id: 9, road_id: 1000000000000000210 id: 2327
processing event: VehicleEnterNewRoadEvent, vehicle_id: 9, road_id: 1000000000000000157 id: 2377 at time: 1807.37
Processed event: VehicleEnterNewRoadEvent, vehicle_id: 9, road_id: 1000000000000000157 id: 2377
processing event: VehicleDepartureEvent, vehicle_id: 9, road_id: 1000000000000000157, offset: 0.000000 id: 2380 at time: 1807.37
Processed event: VehicleDepartureEvent, vehicle_id: 9, road_id: 1000000000000000157, offset: 0.000000 id: 2380
Simulator::runFor: now_ = 1807.37 target = 1810
[progress] simulator time = 1810 / 3600
processing event: VehicleArriveIntersectionEvent, vehicle_id: 10, road_id: 1000000000000001035 id: 2330 at time: 1810.96
Processed event: VehicleArriveIntersectionEvent, vehicle_id: 10, road_id: 1000000000000001035 id: 2330
processing event: VehicleArriveIntersectionEvent, vehicle_id: 9, road_id: 1000000000000000157 id: 2381 at time: 1812.05
Processed event: VehicleArriveIntersectionEvent, vehicle_id: 9, road_id: 1000000000000000157 id: 2381
processing event: VehicleArriveIntersectionEvent, vehicle_id: 13, road_id: 1000000000000000779 id: 2350 at time: 1812.05
Processed event: VehicleArriveIntersectionEvent, vehicle_id: 13, road_id: 1000000000000000779 id: 2350
processing event: VehicleArriveIntersectionEvent, vehicle_id: 6, road_id: 1000000000000000507 id: 2256 at time: 1812.11
Processed event: VehicleArriveIntersectionEvent, vehicle_id: 6, road_id: 1000000000000000507 id: 2256
processing event: VehicleEnterNewRoadEvent, vehicle_id: 10, road_id: 1000000000000001037 id: 2382 at time: 1812.76
Processed event: VehicleEnterNewRoadEvent, vehicle_id: 10, road_id: 1000000000000001037 id: 2382
processing event: VehicleDepartureEvent, vehicle_id: 10, road_id: 1000000000000001037, offset: 0.000000 id: 2386 at time: 1812.76
Processed event: VehicleDepartureEvent, vehicle_id: 10, road_id: 1000000000000001037, offset: 0.000000 id: 2386
processing event: VehicleEnterNewRoadEvent, vehicle_id: 9, road_id: 1000000000000000163 id: 2383 at time: 1813.85
Processed event: VehicleEnterNewRoadEvent, vehicle_id: 9, road_id: 1000000000000000163 id: 2383
processing event: VehicleDepartureEvent, vehicle_id: 9, road_id: 1000000000000000163, offset: 0.000000 id: 2388 at time: 1813.85
Processed event: VehicleDepartureEvent, vehicle_id: 9, road_id: 1000000000000000163, offset: 0.000000 id: 2388
processing event: VehicleEnterNewRoadEvent, vehicle_id: 13, road_id: 1000000000000000385 id: 2384 at time: 1813.85
Processed event: VehicleEnterNewRoadEvent, vehicle_id: 13, road_id: 1000000000000000385 id: 2384
processing event: VehicleDepartureEvent, vehicle_id: 13, road_id: 1000000000000000385, offset: 0.000000 id: 2390 at time: 1813.85
Processed event: VehicleDepartureEvent, vehicle_id: 13, road_id: 1000000000000000385, offset: 0.000000 id: 2390
processing event: VehicleEnterNewRoadEvent, vehicle_id: 6, road_id: 1000000000000000436 id: 2385 at time: 1813.91
Processed event: VehicleEnterNewRoadEvent, vehicle_id: 6, road_id: 1000000000000000436 id: 2385
processing event: VehicleDepartureEvent, vehicle_id: 6, road_id: 1000000000000000436, offset: 0.000000 id: 2392 at time: 1813.91
Processed event: VehicleDepartureEvent, vehicle_id: 6, road_id: 1000000000000000436, offset: 0.000000 id: 2392
Event is not valid: VehicleArriveIntersectionEvent, vehicle_id: 19, road_id: 1000000000000000309 id: 2266 at time: 1814.48
processing event: VehicleArriveIntersectionEvent, vehicle_id: 19, road_id: 1000000000000000309 id: 2367 at time: 1814.48
Processed event: VehicleArriveIntersectionEvent, vehicle_id: 19, road_id: 1000000000000000309 id: 2367
processing event: VehicleArriveIntersectionEvent, vehicle_id: 9, road_id: 1000000000000000163 id: 2389 at time: 1815.29
Processed event: VehicleArriveIntersectionEvent, vehicle_id: 9, road_id: 1000000000000000163 id: 2389
processing event: VehicleEnterNewRoadEvent, vehicle_id: 19, road_id: 1000000000000000311 id: 2394 at time: 1816.28
Processed event: VehicleEnterNewRoadEvent, vehicle_id: 19, road_id: 1000000000000000311 id: 2394
processing event: VehicleDepartureEvent, vehicle_id: 19, road_id: 1000000000000000311, offset: 0.000000 id: 2398 at time: 1816.28
Processed event: VehicleDepartureEvent, vehicle_id: 19, road_id: 1000000000000000311, offset: 0.000000 id: 2398
processing event: VehicleEnterNewRoadEvent, vehicle_id: 9, road_id: 1000000000000000153 id: 2396 at time: 1817.09
Processed event: VehicleEnterNewRoadEvent, vehicle_id: 9, road_id: 1000000000000000153 id: 2396
processing event: VehicleDepartureEvent, vehicle_id: 9, road_id: 1000000000000000153, offset: 0.000000 id: 2400 at time: 1817.09
Processed event: VehicleDepartureEvent, vehicle_id: 9, road_id: 1000000000000000153, offset: 0.000000 id: 2400
Simulator::runFor: now_ = 1817.09 target = 1820
[progress] simulator time = 1820 / 3600
processing event: VehicleArriveIntersectionEvent, vehicle_id: 6, road_id: 1000000000000000436 id: 2393 at time: 1821.29
Processed event: VehicleArriveIntersectionEvent, vehicle_id: 6, road_id: 1000000000000000436 id: 2393
Event is not valid: VehicleCheckPointEvent, vehicle_id: 11 id: 2378 at time: 1822.66
processing event: VehicleEnterNewRoadEvent, vehicle_id: 6, road_id: 1000000000000000438 id: 2402 at time: 1823.09
Processed event: VehicleEnterNewRoadEvent, vehicle_id: 6, road_id: 1000000000000000438 id: 2402
processing event: VehicleDepartureEvent, vehicle_id: 6, road_id: 1000000000000000438, offset: 0.000000 id: 2403 at time: 1823.09
Processed event: VehicleDepartureEvent, vehicle_id: 6, road_id: 1000000000000000438, offset: 0.000000 id: 2403
processing event: VehicleArriveIntersectionEvent, vehicle_id: 9, road_id: 1000000000000000153 id: 2401 at time: 1823.57
Processed event: VehicleArriveIntersectionEvent, vehicle_id: 9, road_id: 1000000000000000153 id: 2401
processing event: VehicleArriveIntersectionEvent, vehicle_id: 11, road_id: 1000000000000000210 id: 2379 at time: 1824.1
Processed event: VehicleArriveIntersectionEvent, vehicle_id: 11, road_id: 1000000000000000210 id: 2379
processing event: VehicleEnterNewRoadEvent, vehicle_id: 9, road_id: 1000000000000001192 id: 2405 at time: 1825.37
Processed event: VehicleEnterNewRoadEvent, vehicle_id: 9, road_id: 1000000000000001192 id: 2405
processing event: VehicleDepartureEvent, vehicle_id: 9, road_id: 1000000000000001192, offset: 0.000000 id: 2407 at time: 1825.37
Processed event: VehicleDepartureEvent, vehicle_id: 9, road_id: 1000000000000001192, offset: 0.000000 id: 2407
processing event: VehicleEnterNewRoadEvent, vehicle_id: 11, road_id: 1000000000000000157 id: 2406 at time: 1825.9
Processed event: VehicleEnterNewRoadEvent, vehicle_id: 11, road_id: 1000000000000000157 id: 2406
processing event: VehicleDepartureEvent, vehicle_id: 11, road_id: 1000000000000000157, offset: 0.000000 id: 2409 at time: 1825.9
Processed event: VehicleDepartureEvent, vehicle_id: 11, road_id: 1000000000000000157, offset: 0.000000 id: 2409
processing event: VehicleArriveIntersectionEvent, vehicle_id: 15, road_id: 1000000000000000755 id: 2352 at time: 1826.6
Processed event: VehicleArriveIntersectionEvent, vehicle_id: 15, road_id: 1000000000000000755 id: 2352
processing event: BusArrivalEvent, vehicle_id: 1, stop_id: 19 id: 2373 at time: 1826.97
Processed event: BusArrivalEvent, vehicle_id: 1, stop_id: 19 id: 2373
processing event: PassengerOnboardEvent, passenger_id: 12 id: 2412 at time: 1826.97
Processed event: PassengerOnboardEvent, passenger_id: 12 id: 2412
processing event: VehicleEnterNewRoadEvent, vehicle_id: 15, road_id: 1000000000000000200 id: 2411 at time: 1828.4
Processed event: VehicleEnterNewRoadEvent, vehicle_id: 15, road_id: 1000000000000000200 id: 2411
processing event: VehicleDepartureEvent, vehicle_id: 15, road_id: 1000000000000000200, offset: 0.000000 id: 2414 at time: 1828.4
Processed event: VehicleDepartureEvent, vehicle_id: 15, road_id: 1000000000000000200, offset: 0.000000 id: 2414
Simulator::runFor: now_ = 1828.4 target = 1830
[progress] simulator time = 1830 / 3600
processing event: VehicleArriveIntersectionEvent, vehicle_id: 18, road_id: 1000000000000001034 id: 2361 at time: 1830.15
Processed event: VehicleArriveIntersectionEvent, vehicle_id: 18, road_id: 1000000000000001034 id: 2361
processing event: VehicleArriveIntersectionEvent, vehicle_id: 11, road_id: 1000000000000000157 id: 2410 at time: 1830.58
Processed event: VehicleArriveIntersectionEvent, vehicle_id: 11, road_id: 1000000000000000157 id: 2410
processing event: VehicleEnterNewRoadEvent, vehicle_id: 18, road_id: 1000000000000000021 id: 2416 at time: 1831.95
Processed event: VehicleEnterNewRoadEvent, vehicle_id: 18, road_id: 1000000000000000021 id: 2416
processing event: VehicleDepartureEvent, vehicle_id: 18, road_id: 1000000000000000021, offset: 0.000000 id: 2418 at time: 1831.95
Processed event: VehicleDepartureEvent, vehicle_id: 18, road_id: 1000000000000000021, offset: 0.000000 id: 2418
processing event: VehicleDepartureEvent, vehicle_id: 1, road_id: 1000000000000000584, offset: 137.190000 id: 2413 at time: 1831.97
Processed event: VehicleDepartureEvent, vehicle_id: 1, road_id: 1000000000000000584, offset: 137.190000 id: 2413
processing event: VehicleEnterNewRoadEvent, vehicle_id: 11, road_id: 1000000000000000163 id: 2417 at time: 1832.38
Processed event: VehicleEnterNewRoadEvent, vehicle_id: 11, road_id: 1000000000000000163 id: 2417
processing event: VehicleDepartureEvent, vehicle_id: 11, road_id: 1000000000000000163, offset: 0.000000 id: 2421 at time: 1832.38
Processed event: VehicleDepartureEvent, vehicle_id: 11, road_id: 1000000000000000163, offset: 0.000000 id: 2421
processing event: VehicleArriveIntersectionEvent, vehicle_id: 1, road_id: 1000000000000000584 id: 2420 at time: 1833.55
Processed event: VehicleArriveIntersectionEvent, vehicle_id: 1, road_id: 1000000000000000584 id: 2420
processing event: VehicleArriveIntersectionEvent, vehicle_id: 11, road_id: 1000000000000000163 id: 2422 at time: 1833.82
Processed event: VehicleArriveIntersectionEvent, vehicle_id: 11, road_id: 1000000000000000163 id: 2422
processing event: VehicleArriveIntersectionEvent, vehicle_id: 17, road_id: 1000000000000000339 id: 2254 at time: 1834.7
Processed event: VehicleArriveIntersectionEvent, vehicle_id: 17, road_id: 1000000000000000339 id: 2254
processing event: VehicleEnterNewRoadEvent, vehicle_id: 1, road_id: 1000000000000000585 id: 2423 at time: 1835.35
Processed event: VehicleEnterNewRoadEvent, vehicle_id: 1, road_id: 1000000000000000585 id: 2423
processing event: VehicleDepartureEvent, vehicle_id: 1, road_id: 1000000000000000585, offset: 0.000000 id: 2426 at time: 1835.35
Processed event: VehicleDepartureEvent, vehicle_id: 1, road_id: 1000000000000000585, offset: 0.000000 id: 2426
processing event: VehicleEnterNewRoadEvent, vehicle_id: 11, road_id: 1000000000000000153 id: 2424 at time: 1835.62
Processed event: VehicleEnterNewRoadEvent, vehicle_id: 11, road_id: 1000000000000000153 id: 2424
processing event: VehicleDepartureEvent, vehicle_id: 11, road_id: 1000000000000000153, offset: 0.000000 id: 2428 at time: 1835.62
Processed event: VehicleDepartureEvent, vehicle_id: 11, road_id: 1000000000000000153, offset: 0.000000 id: 2428
processing event: VehicleEnterNewRoadEvent, vehicle_id: 17, road_id: 1000000000000000341 id: 2425 at time: 1836.5
Processed event: VehicleEnterNewRoadEvent, vehicle_id: 17, road_id: 1000000000000000341 id: 2425
processing event: VehicleDepartureEvent, vehicle_id: 17, road_id: 1000000000000000341, offset: 0.000000 id: 2430 at time: 1836.5
Processed event: VehicleDepartureEvent, vehicle_id: 17, road_id: 1000000000000000341, offset: 0.000000 id: 2430
Simulator::runFor: now_ = 1836.5 target = 1840
[progress] simulator time = 1840 / 3600
Event is not valid: VehicleArriveIntersectionEvent, vehicle_id: 4, road_id: 1000000000000000344 id: 2259 at time: 1840.63
processing event: VehicleArriveIntersectionEvent, vehicle_id: 4, road_id: 1000000000000000344 id: 2316 at time: 1840.63
Processed event: VehicleArriveIntersectionEvent, vehicle_id: 4, road_id: 1000000000000000344 id: 2316
processing event: PassengerRouteStartEvent, passenger_id: 37, route_id: 1 id: 36 at time: 1842
Processed event: PassengerRouteStartEvent, passenger_id: 37, route_id: 1 id: 36
processing event: OrderCreatedEvent, order_id: 37, available_pickups: 113 , available_dropoffs: 153 , passenger_id: 37, route_id: 1, passenger_num: 0 id: 2433 at time: 1842
Processed event: OrderCreatedEvent, order_id: 37, available_pickups: 113 , available_dropoffs: 153 , passenger_id: 37, route_id: 1, passenger_num: 1 id: 2433
processing event: VehicleArriveIntersectionEvent, vehicle_id: 11, road_id: 1000000000000000153 id: 2429 at time: 1842.1
Processed event: VehicleArriveIntersectionEvent, vehicle_id: 11, road_id: 1000000000000000153 id: 2429
processing event: VehicleEnterNewRoadEvent, vehicle_id: 4, road_id: 1000000000000000345 id: 2432 at time: 1842.43
Processed event: VehicleEnterNewRoadEvent, vehicle_id: 4, road_id: 1000000000000000345 id: 2432
processing event: VehicleDepartureEvent, vehicle_id: 4, road_id: 1000000000000000345, offset: 0.000000 id: 2435 at time: 1842.43
Processed event: VehicleDepartureEvent, vehicle_id: 4, road_id: 1000000000000000345, offset: 0.000000 id: 2435
processing event: VehicleEnterNewRoadEvent, vehicle_id: 11, road_id: 1000000000000001192 id: 2434 at time: 1843.9
Processed event: VehicleEnterNewRoadEvent, vehicle_id: 11, road_id: 1000000000000001192 id: 2434
processing event: VehicleDepartureEvent, vehicle_id: 11, road_id: 1000000000000001192, offset: 0.000000 id: 2437 at time: 1843.9
Processed event: VehicleDepartureEvent, vehicle_id: 11, road_id: 1000000000000001192, offset: 0.000000 id: 2437
processing event: VehicleArriveIntersectionEvent, vehicle_id: 6, road_id: 1000000000000000438 id: 2404 at time: 1848.65
Processed event: VehicleArriveIntersectionEvent, vehicle_id: 6, road_id: 1000000000000000438 id: 2404
Simulator::runFor: now_ = 1848.65 target = 1850
[progress] simulator time = 1850 / 3600
processing event: OrderMatchedEvent, order_id: 37, vehicle_id: 14 id: 2440 at time: 1850
Processed event: OrderMatchedEvent, order_id: 37, vehicle_id: 14 id: 2440
processing event: VehicleDepartureEvent, vehicle_id: 14, road_id: 1000000000000000518, offset: 10.520000 id: 2441 at time: 1850
Processed event: VehicleDepartureEvent, vehicle_id: 14, road_id: 1000000000000000518, offset: 10.520000 id: 2441
processing event: PassengerArrivalEvent, passenger_id: 37 id: 2442 at time: 1850
Processed event: PassengerArrivalEvent, passenger_id: 37 id: 2442
processing event: VehicleEnterNewRoadEvent, vehicle_id: 6, road_id: 1000000000000000786 id: 2439 at time: 1850.45
Processed event: VehicleEnterNewRoadEvent, vehicle_id: 6, road_id: 1000000000000000786 id: 2439
processing event: VehicleDepartureEvent, vehicle_id: 6, road_id: 1000000000000000786, offset: 0.000000 id: 2444 at time: 1850.45
Processed event: VehicleDepartureEvent, vehicle_id: 6, road_id: 1000000000000000786, offset: 0.000000 id: 2444
processing event: BusArrivalEvent, vehicle_id: 18, stop_id: 183 id: 2419 at time: 1851.44
Processed event: BusArrivalEvent, vehicle_id: 18, stop_id: 183 id: 2419
processing event: PassengerRouteEndEvent, passenger_id: 24, route_id: 1 id: 2446 at time: 1851.44
Passenger 24 finished all routes
Processed event: PassengerRouteEndEvent, passenger_id: 24, route_id: 1 id: 2446
processing event: PassengerDropoffEvent, passenger_id: 24 id: 2448 at time: 1851.44
Processed event: PassengerDropoffEvent, passenger_id: 24 id: 2448
processing event: OrderFinishedEvent, order_id: 24 id: 2449 at time: 1851.44
Processed event: OrderFinishedEvent, order_id: 24 id: 2449
Event is not valid: VehicleArriveIntersectionEvent, vehicle_id: 9, road_id: 1000000000000001192 id: 2408 at time: 1855.25
processing event: VehicleArriveIntersectionEvent, vehicle_id: 9, road_id: 1000000000000001192 id: 2438 at time: 1855.25
Processed event: VehicleArriveIntersectionEvent, vehicle_id: 9, road_id: 1000000000000001192 id: 2438
processing event: VehicleDepartureEvent, vehicle_id: 18, road_id: 1000000000000000021, offset: 108.260000 id: 2447 at time: 1856.44
Processed event: VehicleDepartureEvent, vehicle_id: 18, road_id: 1000000000000000021, offset: 108.260000 id: 2447
processing event: VehicleEnterNewRoadEvent, vehicle_id: 9, road_id: 1000000000000001194 id: 2450 at time: 1857.05
Processed event: VehicleEnterNewRoadEvent, vehicle_id: 9, road_id: 1000000000000001194 id: 2450
processing event: VehicleDepartureEvent, vehicle_id: 9, road_id: 1000000000000001194, offset: 0.000000 id: 2454 at time: 1857.05
Processed event: VehicleDepartureEvent, vehicle_id: 9, road_id: 1000000000000001194, offset: 0.000000 id: 2454
processing event: VehicleArriveIntersectionEvent, vehicle_id: 10, road_id: 1000000000000001037 id: 2387 at time: 1859.38
Processed event: VehicleArriveIntersectionEvent, vehicle_id: 10, road_id: 1000000000000001037 id: 2387
Simulator::runFor: now_ = 1859.38 target = 1860
[progress] simulator time = 1860 / 3600
processing event: VehicleArriveIntersectionEvent, vehicle_id: 19, road_id: 1000000000000000311 id: 2399 at time: 1860.21
Processed event: VehicleArriveIntersectionEvent, vehicle_id: 19, road_id: 1000000000000000311 id: 2399
processing event: VehicleEnterNewRoadEvent, vehicle_id: 10, road_id: 1000000000000000032 id: 2456 at time: 1861.18
Processed event: VehicleEnterNewRoadEvent, vehicle_id: 10, road_id: 1000000000000000032 id: 2456
processing event: VehicleDepartureEvent, vehicle_id: 10, road_id: 1000000000000000032, offset: 0.000000 id: 2458 at time: 1861.18
Processed event: VehicleDepartureEvent, vehicle_id: 10, road_id: 1000000000000000032, offset: 0.000000 id: 2458
processing event: VehicleEnterNewRoadEvent, vehicle_id: 19, road_id: 1000000000000000322 id: 2457 at time: 1862.01
Processed event: VehicleEnterNewRoadEvent, vehicle_id: 19, road_id: 1000000000000000322 id: 2457
processing event: VehicleDepartureEvent, vehicle_id: 19, road_id: 1000000000000000322, offset: 0.000000 id: 2460 at time: 1862.01
Processed event: VehicleDepartureEvent, vehicle_id: 19, road_id: 1000000000000000322, offset: 0.000000 id: 2460
processing event: VehicleArriveIntersectionEvent, vehicle_id: 8, road_id: 1000000000000000074 id: 2376 at time: 1862.16
Processed event: VehicleArriveIntersectionEvent, vehicle_id: 8, road_id: 1000000000000000074 id: 2376
processing event: VehicleEnterNewRoadEvent, vehicle_id: 8, road_id: 1000000000000000701 id: 2462 at time: 1863.96
Processed event: VehicleEnterNewRoadEvent, vehicle_id: 8, road_id: 1000000000000000701 id: 2462
processing event: VehicleDepartureEvent, vehicle_id: 8, road_id: 1000000000000000701, offset: 0.000000 id: 2463 at time: 1863.96
Processed event: VehicleDepartureEvent, vehicle_id: 8, road_id: 1000000000000000701, offset: 0.000000 id: 2463
processing event: VehicleArriveIntersectionEvent, vehicle_id: 5, road_id: 1000000000000000209 id: 2370 at time: 1866.46
Processed event: VehicleArriveIntersectionEvent, vehicle_id: 5, road_id: 1000000000000000209 id: 2370
processing event: VehicleEnterNewRoadEvent, vehicle_id: 5, road_id: 1000000000000000210 id: 2465 at time: 1868.26
Processed event: VehicleEnterNewRoadEvent, vehicle_id: 5, road_id: 1000000000000000210 id: 2465
processing event: VehicleDepartureEvent, vehicle_id: 5, road_id: 1000000000000000210, offset: 0.000000 id: 2466 at time: 1868.26
Processed event: VehicleDepartureEvent, vehicle_id: 5, road_id: 1000000000000000210, offset: 0.000000 id: 2466
processing event: VehicleArriveIntersectionEvent, vehicle_id: 4, road_id: 1000000000000000345 id: 2436 at time: 1869.97
Processed event: VehicleArriveIntersectionEvent, vehicle_id: 4, road_id: 1000000000000000345 id: 2436
Simulator::runFor: now_ = 1869.97 target = 1870
[progress] simulator time = 1870 / 3600
processing event: VehicleArriveIntersectionEvent, vehicle_id: 1, road_id: 1000000000000000585 id: 2427 at time: 1870.46
Processed event: VehicleArriveIntersectionEvent, vehicle_id: 1, road_id: 1000000000000000585 id: 2427
processing event: VehicleArriveIntersectionEvent, vehicle_id: 14, road_id: 1000000000000000518 id: 2443 at time: 1870.79
Processed event: VehicleArriveIntersectionEvent, vehicle_id: 14, road_id: 1000000000000000518 id: 2443
processing event: BusArrivalEvent, vehicle_id: 10, stop_id: 206 id: 2459 at time: 1871.1
Processed event: BusArrivalEvent, vehicle_id: 10, stop_id: 206 id: 2459
processing event: PassengerRouteEndEvent, passenger_id: 7, route_id: 1 id: 2471 at time: 1871.1
Passenger 7 finished all routes
Processed event: PassengerRouteEndEvent, passenger_id: 7, route_id: 1 id: 2471
processing event: PassengerDropoffEvent, passenger_id: 7 id: 2473 at time: 1871.1
Processed event: PassengerDropoffEvent, passenger_id: 7 id: 2473
processing event: OrderFinishedEvent, order_id: 7 id: 2474 at time: 1871.1
Processed event: OrderFinishedEvent, order_id: 7 id: 2474
processing event: VehicleEnterNewRoadEvent, vehicle_id: 4, road_id: 1000000000000000818 id: 2468 at time: 1871.77
Processed event: VehicleEnterNewRoadEvent, vehicle_id: 4, road_id: 1000000000000000818 id: 2468
processing event: VehicleDepartureEvent, vehicle_id: 4, road_id: 1000000000000000818, offset: 0.000000 id: 2475 at time: 1871.77
Processed event: VehicleDepartureEvent, vehicle_id: 4, road_id: 1000000000000000818, offset: 0.000000 id: 2475
processing event: VehicleArriveIntersectionEvent, vehicle_id: 6, road_id: 1000000000000000786 id: 2445 at time: 1872.05
Processed event: VehicleArriveIntersectionEvent, vehicle_id: 6, road_id: 1000000000000000786 id: 2445
processing event: VehicleEnterNewRoadEvent, vehicle_id: 1, road_id: 1000000000000000587 id: 2469 at time: 1872.26
Processed event: VehicleEnterNewRoadEvent, vehicle_id: 1, road_id: 1000000000000000587 id: 2469
processing event: VehicleDepartureEvent, vehicle_id: 1, road_id: 1000000000000000587, offset: 0.000000 id: 2478 at time: 1872.26
Processed event: VehicleDepartureEvent, vehicle_id: 1, road_id: 1000000000000000587, offset: 0.000000 id: 2478
Event is not valid: VehicleCheckPointEvent, vehicle_id: 11 id: 2451 at time: 1872.35
processing event: VehicleArriveIntersectionEvent, vehicle_id: 13, road_id: 1000000000000000385 id: 2391 at time: 1872.36
Processed event: VehicleArriveIntersectionEvent, vehicle_id: 13, road_id: 1000000000000000385 id: 2391
processing event: VehicleArriveIntersectionEvent, vehicle_id: 8, road_id: 1000000000000000701 id: 2464 at time: 1872.42
Processed event: VehicleArriveIntersectionEvent, vehicle_id: 8, road_id: 1000000000000000701 id: 2464
processing event: VehicleEnterNewRoadEvent, vehicle_id: 14, road_id: 1000000000000000520 id: 2470 at time: 1872.59
Processed event: VehicleEnterNewRoadEvent, vehicle_id: 14, road_id: 1000000000000000520 id: 2470
processing event: VehicleDepartureEvent, vehicle_id: 14, road_id: 1000000000000000520, offset: 0.000000 id: 2482 at time: 1872.59
Processed event: VehicleDepartureEvent, vehicle_id: 14, road_id: 1000000000000000520, offset: 0.000000 id: 2482
processing event: VehicleArriveIntersectionEvent, vehicle_id: 11, road_id: 1000000000000001192 id: 2453 at time: 1873.79
Processed event: VehicleArriveIntersectionEvent, vehicle_id: 11, road_id: 1000000000000001192 id: 2453
processing event: VehicleEnterNewRoadEvent, vehicle_id: 6, road_id: 1000000000000000787 id: 2477 at time: 1873.85
Processed event: VehicleEnterNewRoadEvent, vehicle_id: 6, road_id: 1000000000000000787 id: 2477
processing event: VehicleDepartureEvent, vehicle_id: 6, road_id: 1000000000000000787, offset: 0.000000 id: 2485 at time: 1873.85
Processed event: VehicleDepartureEvent, vehicle_id: 6, road_id: 1000000000000000787, offset: 0.000000 id: 2485
processing event: VehicleEnterNewRoadEvent, vehicle_id: 13, road_id: 1000000000000000430 id: 2480 at time: 1874.16
Processed event: VehicleEnterNewRoadEvent, vehicle_id: 13, road_id: 1000000000000000430 id: 2480
processing event: VehicleDepartureEvent, vehicle_id: 13, road_id: 1000000000000000430, offset: 0.000000 id: 2487 at time: 1874.16
Processed event: VehicleDepartureEvent, vehicle_id: 13, road_id: 1000000000000000430, offset: 0.000000 id: 2487
processing event: VehicleEnterNewRoadEvent, vehicle_id: 8, road_id: 1000000000000000700 id: 2481 at time: 1874.22
Processed event: VehicleEnterNewRoadEvent, vehicle_id: 8, road_id: 1000000000000000700 id: 2481
processing event: VehicleDepartureEvent, vehicle_id: 8, road_id: 1000000000000000700, offset: 0.000000 id: 2489 at time: 1874.22
Processed event: VehicleDepartureEvent, vehicle_id: 8, road_id: 1000000000000000700, offset: 0.000000 id: 2489
processing event: VehicleEnterNewRoadEvent, vehicle_id: 11, road_id: 1000000000000001194 id: 2484 at time: 1875.59
Processed event: VehicleEnterNewRoadEvent, vehicle_id: 11, road_id: 1000000000000001194 id: 2484
processing event: VehicleDepartureEvent, vehicle_id: 11, road_id: 1000000000000001194, offset: 0.000000 id: 2491 at time: 1875.59
Processed event: VehicleDepartureEvent, vehicle_id: 11, road_id: 1000000000000001194, offset: 0.000000 id: 2491
processing event: VehicleDepartureEvent, vehicle_id: 10, road_id: 1000000000000000032, offset: 55.060000 id: 2472 at time: 1876.1
Processed event: VehicleDepartureEvent, vehicle_id: 10, road_id: 1000000000000000032, offset: 55.060000 id: 2472
Event is not valid: VehicleArriveIntersectionEvent, vehicle_id: 9, road_id: 1000000000000001194 id: 2455 at time: 1876.68
processing event: VehicleArriveIntersectionEvent, vehicle_id: 9, road_id: 1000000000000001194 id: 2492 at time: 1876.68
Processed event: VehicleArriveIntersectionEvent, vehicle_id: 9, road_id: 1000000000000001194 id: 2492
processing event: VehicleArriveIntersectionEvent, vehicle_id: 18, road_id: 1000000000000000021 id: 2452 at time: 1877.09
Processed event: VehicleArriveIntersectionEvent, vehicle_id: 18, road_id: 1000000000000000021 id: 2452
processing event: VehicleEnterNewRoadEvent, vehicle_id: 9, road_id: 1000000000000001193 id: 2494 at time: 1878.48
Processed event: VehicleEnterNewRoadEvent, vehicle_id: 9, road_id: 1000000000000001193 id: 2494
processing event: VehicleDepartureEvent, vehicle_id: 9, road_id: 1000000000000001193, offset: 0.000000 id: 2498 at time: 1878.48
Processed event: VehicleDepartureEvent, vehicle_id: 9, road_id: 1000000000000001193, offset: 0.000000 id: 2498
Event is not valid: VehicleCheckPointEvent, vehicle_id: 3 id: 2395 at time: 1878.6
processing event: VehicleEnterNewRoadEvent, vehicle_id: 18, road_id: 1000000000000001034 id: 2496 at time: 1878.89
Processed event: VehicleEnterNewRoadEvent, vehicle_id: 18, road_id: 1000000000000001034 id: 2496
processing event: VehicleDepartureEvent, vehicle_id: 18, road_id: 1000000000000001034, offset: 0.000000 id: 2500 at time: 1878.89
Processed event: VehicleDepartureEvent, vehicle_id: 18, road_id: 1000000000000001034, offset: 0.000000 id: 2500
processing event: VehicleArriveIntersectionEvent, vehicle_id: 6, road_id: 1000000000000000787 id: 2486 at time: 1879.07
Processed event: VehicleArriveIntersectionEvent, vehicle_id: 6, road_id: 1000000000000000787 id: 2486
Simulator::runFor: now_ = 1879.07 target = 1880
[progress] simulator time = 1880 / 3600
processing event: VehicleArriveIntersectionEvent, vehicle_id: 3, road_id: 1000000000000000309 id: 2397 at time: 1880.04
Processed event: VehicleArriveIntersectionEvent, vehicle_id: 3, road_id: 1000000000000000309 id: 2397
processing event: VehicleEnterNewRoadEvent, vehicle_id: 6, road_id: 1000000000000000312 id: 2502 at time: 1880.87
Processed event: VehicleEnterNewRoadEvent, vehicle_id: 6, road_id: 1000000000000000312 id: 2502
processing event: VehicleDepartureEvent, vehicle_id: 6, road_id: 1000000000000000312, offset: 0.000000 id: 2504 at time: 1880.87
Processed event: VehicleDepartureEvent, vehicle_id: 6, road_id: 1000000000000000312, offset: 0.000000 id: 2504
processing event: VehicleArriveIntersectionEvent, vehicle_id: 7, road_id: 1000000000000000259 id: 2364 at time: 1881.47
Processed event: VehicleArriveIntersectionEvent, vehicle_id: 7, road_id: 1000000000000000259 id: 2364
processing event: VehicleEnterNewRoadEvent, vehicle_id: 3, road_id: 1000000000000000311 id: 2503 at time: 1881.84
Processed event: VehicleEnterNewRoadEvent, vehicle_id: 3, road_id: 1000000000000000311 id: 2503
processing event: VehicleDepartureEvent, vehicle_id: 3, road_id: 1000000000000000311, offset: 0.000000 id: 2507 at time: 1881.84
Processed event: VehicleDepartureEvent, vehicle_id: 3, road_id: 1000000000000000311, offset: 0.000000 id: 2507
processing event: VehicleArriveIntersectionEvent, vehicle_id: 4, road_id: 1000000000000000818 id: 2476 at time: 1882.39
Processed event: VehicleArriveIntersectionEvent, vehicle_id: 4, road_id: 1000000000000000818 id: 2476
processing event: VehicleEnterNewRoadEvent, vehicle_id: 7, road_id: 1000000000000001090 id: 2506 at time: 1883.27
Processed event: VehicleEnterNewRoadEvent, vehicle_id: 7, road_id: 1000000000000001090 id: 2506
processing event: VehicleDepartureEvent, vehicle_id: 7, road_id: 1000000000000001090, offset: 0.000000 id: 2510 at time: 1883.27
Processed event: VehicleDepartureEvent, vehicle_id: 7, road_id: 1000000000000001090, offset: 0.000000 id: 2510
processing event: VehicleEnterNewRoadEvent, vehicle_id: 4, road_id: 1000000000000000819 id: 2509 at time: 1884.19
Processed event: VehicleEnterNewRoadEvent, vehicle_id: 4, road_id: 1000000000000000819 id: 2509
processing event: VehicleDepartureEvent, vehicle_id: 4, road_id: 1000000000000000819, offset: 0.000000 id: 2512 at time: 1884.19
Processed event: VehicleDepartureEvent, vehicle_id: 4, road_id: 1000000000000000819, offset: 0.000000 id: 2512
processing event: VehicleArriveIntersectionEvent, vehicle_id: 17, road_id: 1000000000000000341 id: 2431 at time: 1889.96
Processed event: VehicleArriveIntersectionEvent, vehicle_id: 17, road_id: 1000000000000000341 id: 2431
Simulator::runFor: now_ = 1889.96 target = 1890
[progress] simulator time = 1890 / 3600
processing event: PassengerRouteStartEvent, passenger_id: 38, route_id: 1 id: 37 at time: 1891
Processed event: PassengerRouteStartEvent, passenger_id: 38, route_id: 1 id: 37
processing event: OrderCreatedEvent, order_id: 38, available_pickups: 151 , available_dropoffs: 286 , passenger_id: 38, route_id: 1, passenger_num: 0 id: 2515 at time: 1891
Processed event: OrderCreatedEvent, order_id: 38, available_pickups: 151 , available_dropoffs: 286 , passenger_id: 38, route_id: 1, passenger_num: 1 id: 2515
processing event: VehicleEnterNewRoadEvent, vehicle_id: 17, road_id: 1000000000000000243 id: 2514 at time: 1891.76
Processed event: VehicleEnterNewRoadEvent, vehicle_id: 17, road_id: 1000000000000000243 id: 2514
processing event: VehicleDepartureEvent, vehicle_id: 17, road_id: 1000000000000000243, offset: 0.000000 id: 2516 at time: 1891.76
Processed event: VehicleDepartureEvent, vehicle_id: 17, road_id: 1000000000000000243, offset: 0.000000 id: 2516
Event is not valid: VehicleCheckPointEvent, vehicle_id: 11 id: 2495 at time: 1893.77
processing event: VehicleArriveIntersectionEvent, vehicle_id: 4, road_id: 1000000000000000819 id: 2513 at time: 1894.81
Processed event: VehicleArriveIntersectionEvent, vehicle_id: 4, road_id: 1000000000000000819 id: 2513
processing event: VehicleArriveIntersectionEvent, vehicle_id: 11, road_id: 1000000000000001194 id: 2497 at time: 1895.21
Processed event: VehicleArriveIntersectionEvent, vehicle_id: 11, road_id: 1000000000000001194 id: 2497
processing event: VehicleArriveIntersectionEvent, vehicle_id: 9, road_id: 1000000000000001193 id: 2499 at time: 1895.4
Processed event: VehicleArriveIntersectionEvent, vehicle_id: 9, road_id: 1000000000000001193 id: 2499
processing event: VehicleArriveIntersectionEvent, vehicle_id: 14, road_id: 1000000000000000520 id: 2483 at time: 1895.99
Processed event: VehicleArriveIntersectionEvent, vehicle_id: 14, road_id: 1000000000000000520 id: 2483
processing event: VehicleArriveIntersectionEvent, vehicle_id: 8, road_id: 1000000000000000700 id: 2490 at time: 1896.54
Processed event: VehicleArriveIntersectionEvent, vehicle_id: 8, road_id: 1000000000000000700 id: 2490
processing event: VehicleEnterNewRoadEvent, vehicle_id: 4, road_id: 1000000000000000822 id: 2518 at time: 1896.61
Processed event: VehicleEnterNewRoadEvent, vehicle_id: 4, road_id: 1000000000000000822 id: 2518
processing event: VehicleDepartureEvent, vehicle_id: 4, road_id: 1000000000000000822, offset: 0.000000 id: 2523 at time: 1896.61
Processed event: VehicleDepartureEvent, vehicle_id: 4, road_id: 1000000000000000822, offset: 0.000000 id: 2523
processing event: VehicleEnterNewRoadEvent, vehicle_id: 11, road_id: 1000000000000001193 id: 2519 at time: 1897.01
Processed event: VehicleEnterNewRoadEvent, vehicle_id: 11, road_id: 1000000000000001193 id: 2519
processing event: VehicleDepartureEvent, vehicle_id: 11, road_id: 1000000000000001193, offset: 0.000000 id: 2525 at time: 1897.01
Processed event: VehicleDepartureEvent, vehicle_id: 11, road_id: 1000000000000001193, offset: 0.000000 id: 2525
processing event: VehicleEnterNewRoadEvent, vehicle_id: 9, road_id: 1000000000000001181 id: 2520 at time: 1897.2
Processed event: VehicleEnterNewRoadEvent, vehicle_id: 9, road_id: 1000000000000001181 id: 2520
processing event: VehicleDepartureEvent, vehicle_id: 9, road_id: 1000000000000001181, offset: 0.000000 id: 2528 at time: 1897.2
Processed event: VehicleDepartureEvent, vehicle_id: 9, road_id: 1000000000000001181, offset: 0.000000 id: 2528
processing event: VehicleEnterNewRoadEvent, vehicle_id: 14, road_id: 1000000000000000521 id: 2521 at time: 1897.79
Processed event: VehicleEnterNewRoadEvent, vehicle_id: 14, road_id: 1000000000000000521 id: 2521
processing event: VehicleDepartureEvent, vehicle_id: 14, road_id: 1000000000000000521, offset: 0.000000 id: 2530 at time: 1897.79
Processed event: VehicleDepartureEvent, vehicle_id: 14, road_id: 1000000000000000521, offset: 0.000000 id: 2530
processing event: VehicleEnterNewRoadEvent, vehicle_id: 8, road_id: 1000000000000000209 id: 2522 at time: 1898.34
Processed event: VehicleEnterNewRoadEvent, vehicle_id: 8, road_id: 1000000000000000209 id: 2522
processing event: VehicleDepartureEvent, vehicle_id: 8, road_id: 1000000000000000209, offset: 0.000000 id: 2532 at time: 1898.34
Processed event: VehicleDepartureEvent, vehicle_id: 8, road_id: 1000000000000000209, offset: 0.000000 id: 2532
Simulator::runFor: now_ = 1898.34 target = 1900
[progress] simulator time = 1900 / 3600
processing event: OrderMatchedEvent, order_id: 38, vehicle_id: 10 id: 2534 at time: 1900
Processed event: OrderMatchedEvent, order_id: 38, vehicle_id: 10 id: 2534
processing event: PassengerArrivalEvent, passenger_id: 38 id: 2536 at time: 1900
Processed event: PassengerArrivalEvent, passenger_id: 38 id: 2536
processing event: VehicleArriveIntersectionEvent, vehicle_id: 19, road_id: 1000000000000000322 id: 2461 at time: 1901.97
Processed event: VehicleArriveIntersectionEvent, vehicle_id: 19, road_id: 1000000000000000322 id: 2461
processing event: VehicleEnterNewRoadEvent, vehicle_id: 19, road_id: 1000000000000000323 id: 2537 at time: 1903.77
Processed event: VehicleEnterNewRoadEvent, vehicle_id: 19, road_id: 1000000000000000323 id: 2537
processing event: VehicleDepartureEvent, vehicle_id: 19, road_id: 1000000000000000323, offset: 0.000000 id: 2538 at time: 1903.77
Processed event: VehicleDepartureEvent, vehicle_id: 19, road_id: 1000000000000000323, offset: 0.000000 id: 2538
processing event: BusArrivalEvent, vehicle_id: 4, stop_id: 138 id: 2524 at time: 1905.01
Processed event: BusArrivalEvent, vehicle_id: 4, stop_id: 138 id: 2524
processing event: PassengerRouteEndEvent, passenger_id: 25, route_id: 1 id: 2540 at time: 1905.01
Passenger 25 finished all routes
Processed event: PassengerRouteEndEvent, passenger_id: 25, route_id: 1 id: 2540
processing event: PassengerDropoffEvent, passenger_id: 25 id: 2542 at time: 1905.01
Processed event: PassengerDropoffEvent, passenger_id: 25 id: 2542
processing event: OrderFinishedEvent, order_id: 25 id: 2543 at time: 1905.01
Processed event: OrderFinishedEvent, order_id: 25 id: 2543
Simulator::runFor: now_ = 1905.01 target = 1910
[progress] simulator time = 1910 / 3600
processing event: VehicleDepartureEvent, vehicle_id: 4, road_id: 1000000000000000822, offset: 46.660000 id: 2541 at time: 1910.01
Processed event: VehicleDepartureEvent, vehicle_id: 4, road_id: 1000000000000000822, offset: 46.660000 id: 2541
processing event: VehicleArriveIntersectionEvent, vehicle_id: 1, road_id: 1000000000000000587 id: 2479 at time: 1910.42
Processed event: VehicleArriveIntersectionEvent, vehicle_id: 1, road_id: 1000000000000000587 id: 2479
processing event: VehicleEnterNewRoadEvent, vehicle_id: 1, road_id: 1000000000000001059 id: 2545 at time: 1912.22
Processed event: VehicleEnterNewRoadEvent, vehicle_id: 1, road_id: 1000000000000001059 id: 2545
processing event: VehicleDepartureEvent, vehicle_id: 1, road_id: 1000000000000001059, offset: 0.000000 id: 2546 at time: 1912.22
Processed event: VehicleDepartureEvent, vehicle_id: 1, road_id: 1000000000000001059, offset: 0.000000 id: 2546
Event is not valid: VehicleCheckPointEvent, vehicle_id: 11 id: 2526 at time: 1912.49
processing event: VehicleArriveIntersectionEvent, vehicle_id: 4, road_id: 1000000000000000822 id: 2544 at time: 1912.6
Processed event: VehicleArriveIntersectionEvent, vehicle_id: 4, road_id: 1000000000000000822 id: 2544
Event is not valid: VehicleArriveIntersectionEvent, vehicle_id: 10, road_id: 1000000000000000032 id: 2493 at time: 1912.81
processing event: VehicleArriveIntersectionEvent, vehicle_id: 10, road_id: 1000000000000000032 id: 2535 at time: 1912.81
Processed event: VehicleArriveIntersectionEvent, vehicle_id: 10, road_id: 1000000000000000032 id: 2535
processing event: VehicleArriveIntersectionEvent, vehicle_id: 11, road_id: 1000000000000001193 id: 2527 at time: 1913.93
Processed event: VehicleArriveIntersectionEvent, vehicle_id: 11, road_id: 1000000000000001193 id: 2527
processing event: VehicleEnterNewRoadEvent, vehicle_id: 4, road_id: 1000000000000000817 id: 2548 at time: 1914.4
Processed event: VehicleEnterNewRoadEvent, vehicle_id: 4, road_id: 1000000000000000817 id: 2548
processing event: VehicleDepartureEvent, vehicle_id: 4, road_id: 1000000000000000817, offset: 0.000000 id: 2551 at time: 1914.4
Processed event: VehicleDepartureEvent, vehicle_id: 4, road_id: 1000000000000000817, offset: 0.000000 id: 2551
processing event: VehicleEnterNewRoadEvent, vehicle_id: 10, road_id: 1000000000000001037 id: 2549 at time: 1914.61
Processed event: VehicleEnterNewRoadEvent, vehicle_id: 10, road_id: 1000000000000001037 id: 2549
processing event: VehicleDepartureEvent, vehicle_id: 10, road_id: 1000000000000001037, offset: 0.000000 id: 2553 at time: 1914.61
Processed event: VehicleDepartureEvent, vehicle_id: 10, road_id: 1000000000000001037, offset: 0.000000 id: 2553
processing event: VehicleEnterNewRoadEvent, vehicle_id: 11, road_id: 1000000000000001181 id: 2550 at time: 1915.73
Processed event: VehicleEnterNewRoadEvent, vehicle_id: 11, road_id: 1000000000000001181 id: 2550
processing event: VehicleDepartureEvent, vehicle_id: 11, road_id: 1000000000000001181, offset: 0.000000 id: 2555 at time: 1915.73
Processed event: VehicleDepartureEvent, vehicle_id: 11, road_id: 1000000000000001181, offset: 0.000000 id: 2555
processing event: VehicleArriveIntersectionEvent, vehicle_id: 9, road_id: 1000000000000001181 id: 2529 at time: 1916.28
Processed event: VehicleArriveIntersectionEvent, vehicle_id: 9, road_id: 1000000000000001181 id: 2529
processing event: VehicleArriveIntersectionEvent, vehicle_id: 12, road_id: 1000000000000000200 id: 2359 at time: 1917.32
Processed event: VehicleArriveIntersectionEvent, vehicle_id: 12, road_id: 1000000000000000200 id: 2359
processing event: VehicleEnterNewRoadEvent, vehicle_id: 9, road_id: 1000000000000001049 id: 2557 at time: 1918.08
Processed event: VehicleEnterNewRoadEvent, vehicle_id: 9, road_id: 1000000000000001049 id: 2557
processing event: VehicleDepartureEvent, vehicle_id: 9, road_id: 1000000000000001049, offset: 0.000000 id: 2559 at time: 1918.08
Processed event: VehicleDepartureEvent, vehicle_id: 9, road_id: 1000000000000001049, offset: 0.000000 id: 2559
processing event: VehicleArriveIntersectionEvent, vehicle_id: 18, road_id: 1000000000000001034 id: 2501 at time: 1919.04
Processed event: VehicleArriveIntersectionEvent, vehicle_id: 18, road_id: 1000000000000001034 id: 2501
processing event: VehicleEnterNewRoadEvent, vehicle_id: 12, road_id: 1000000000000000202 id: 2558 at time: 1919.13
Processed event: VehicleEnterNewRoadEvent, vehicle_id: 12, road_id: 1000000000000000202 id: 2558
processing event: VehicleDepartureEvent, vehicle_id: 12, road_id: 1000000000000000202, offset: 0.000000 id: 2562 at time: 1919.13
Processed event: VehicleDepartureEvent, vehicle_id: 12, road_id: 1000000000000000202, offset: 0.000000 id: 2562
Simulator::runFor: now_ = 1919.13 target = 1920
[progress] simulator time = 1920 / 3600
processing event: VehicleArriveIntersectionEvent, vehicle_id: 14, road_id: 1000000000000000521 id: 2531 at time: 1920.29
Processed event: VehicleArriveIntersectionEvent, vehicle_id: 14, road_id: 1000000000000000521 id: 2531
processing event: VehicleEnterNewRoadEvent, vehicle_id: 18, road_id: 1000000000000001033 id: 2561 at time: 1920.84
Processed event: VehicleEnterNewRoadEvent, vehicle_id: 18, road_id: 1000000000000001033 id: 2561
processing event: VehicleDepartureEvent, vehicle_id: 18, road_id: 1000000000000001033, offset: 0.000000 id: 2565 at time: 1920.84
Processed event: VehicleDepartureEvent, vehicle_id: 18, road_id: 1000000000000001033, offset: 0.000000 id: 2565
processing event: PassengerRouteStartEvent, passenger_id: 39, route_id: 1 id: 38 at time: 1922
Processed event: PassengerRouteStartEvent, passenger_id: 39, route_id: 1 id: 38
processing event: OrderCreatedEvent, order_id: 39, available_pickups: 215 , available_dropoffs: 52 , passenger_id: 39, route_id: 1, passenger_num: 0 id: 2567 at time: 1922
Processed event: OrderCreatedEvent, order_id: 39, available_pickups: 215 , available_dropoffs: 52 , passenger_id: 39, route_id: 1, passenger_num: 3 id: 2567
processing event: VehicleEnterNewRoadEvent, vehicle_id: 14, road_id: 1000000000000000195 id: 2564 at time: 1922.09
Processed event: VehicleEnterNewRoadEvent, vehicle_id: 14, road_id: 1000000000000000195 id: 2564
processing event: VehicleDepartureEvent, vehicle_id: 14, road_id: 1000000000000000195, offset: 0.000000 id: 2568 at time: 1922.09
Processed event: VehicleDepartureEvent, vehicle_id: 14, road_id: 1000000000000000195, offset: 0.000000 id: 2568
processing event: VehicleArriveIntersectionEvent, vehicle_id: 4, road_id: 1000000000000000817 id: 2552 at time: 1925.02
Processed event: VehicleArriveIntersectionEvent, vehicle_id: 4, road_id: 1000000000000000817 id: 2552
processing event: VehicleArriveIntersectionEvent, vehicle_id: 3, road_id: 1000000000000000311 id: 2508 at time: 1925.76
Processed event: VehicleArriveIntersectionEvent, vehicle_id: 3, road_id: 1000000000000000311 id: 2508
processing event: VehicleEnterNewRoadEvent, vehicle_id: 4, road_id: 1000000000000000079 id: 2570 at time: 1926.82
Processed event: VehicleEnterNewRoadEvent, vehicle_id: 4, road_id: 1000000000000000079 id: 2570
processing event: VehicleDepartureEvent, vehicle_id: 4, road_id: 1000000000000000079, offset: 0.000000 id: 2572 at time: 1926.82
Processed event: VehicleDepartureEvent, vehicle_id: 4, road_id: 1000000000000000079, offset: 0.000000 id: 2572
processing event: VehicleEnterNewRoadEvent, vehicle_id: 3, road_id: 1000000000000000322 id: 2571 at time: 1927.56
Processed event: VehicleEnterNewRoadEvent, vehicle_id: 3, road_id: 1000000000000000322 id: 2571
processing event: VehicleDepartureEvent, vehicle_id: 3, road_id: 1000000000000000322, offset: 0.000000 id: 2574 at time: 1927.56
Processed event: VehicleDepartureEvent, vehicle_id: 3, road_id: 1000000000000000322, offset: 0.000000 id: 2574
processing event: VehicleArriveIntersectionEvent, vehicle_id: 5, road_id: 1000000000000000210 id: 2467 at time: 1928.74
Processed event: VehicleArriveIntersectionEvent, vehicle_id: 5, road_id: 1000000000000000210 id: 2467
Simulator::runFor: now_ = 1928.74 target = 1930
[progress] simulator time = 1930 / 3600
processing event: OrderMatchedEvent, order_id: 39, vehicle_id: 4 id: 2577 at time: 1930
Processed event: OrderMatchedEvent, order_id: 39, vehicle_id: 4 id: 2577
processing event: PassengerArrivalEvent, passenger_id: 39 id: 2579 at time: 1930
Processed event: PassengerArrivalEvent, passenger_id: 39 id: 2579
processing event: VehicleEnterNewRoadEvent, vehicle_id: 5, road_id: 1000000000000000157 id: 2576 at time: 1930.54
Processed event: VehicleEnterNewRoadEvent, vehicle_id: 5, road_id: 1000000000000000157 id: 2576
processing event: VehicleDepartureEvent, vehicle_id: 5, road_id: 1000000000000000157, offset: 0.000000 id: 2580 at time: 1930.54
Processed event: VehicleDepartureEvent, vehicle_id: 5, road_id: 1000000000000000157, offset: 0.000000 id: 2580
processing event: VehicleArriveIntersectionEvent, vehicle_id: 11, road_id: 1000000000000001181 id: 2556 at time: 1934.81
Processed event: VehicleArriveIntersectionEvent, vehicle_id: 11, road_id: 1000000000000001181 id: 2556
processing event: VehicleArriveIntersectionEvent, vehicle_id: 5, road_id: 1000000000000000157 id: 2581 at time: 1935.22
Processed event: VehicleArriveIntersectionEvent, vehicle_id: 5, road_id: 1000000000000000157 id: 2581
processing event: VehicleEnterNewRoadEvent, vehicle_id: 11, road_id: 1000000000000001088 id: 2582 at time: 1936.61
Processed event: VehicleEnterNewRoadEvent, vehicle_id: 11, road_id: 1000000000000001088 id: 2582
processing event: VehicleDepartureEvent, vehicle_id: 11, road_id: 1000000000000001088, offset: 0.000000 id: 2584 at time: 1936.61
Processed event: VehicleDepartureEvent, vehicle_id: 11, road_id: 1000000000000001088, offset: 0.000000 id: 2584
processing event: VehicleEnterNewRoadEvent, vehicle_id: 5, road_id: 1000000000000000163 id: 2583 at time: 1937.02
Processed event: VehicleEnterNewRoadEvent, vehicle_id: 5, road_id: 1000000000000000163 id: 2583
processing event: VehicleDepartureEvent, vehicle_id: 5, road_id: 1000000000000000163, offset: 0.000000 id: 2586 at time: 1937.02
Processed event: VehicleDepartureEvent, vehicle_id: 5, road_id: 1000000000000000163, offset: 0.000000 id: 2586
processing event: VehicleArriveIntersectionEvent, vehicle_id: 5, road_id: 1000000000000000163 id: 2587 at time: 1938.46
Processed event: VehicleArriveIntersectionEvent, vehicle_id: 5, road_id: 1000000000000000163 id: 2587
processing event: VehicleArriveIntersectionEvent, vehicle_id: 14, road_id: 1000000000000000195 id: 2569 at time: 1939.92
Processed event: VehicleArriveIntersectionEvent, vehicle_id: 14, road_id: 1000000000000000195 id: 2569
Simulator::runFor: now_ = 1939.92 target = 1940
[progress] simulator time = 1940 / 3600
processing event: VehicleEnterNewRoadEvent, vehicle_id: 5, road_id: 1000000000000000153 id: 2588 at time: 1940.26
Processed event: VehicleEnterNewRoadEvent, vehicle_id: 5, road_id: 1000000000000000153 id: 2588
processing event: VehicleDepartureEvent, vehicle_id: 5, road_id: 1000000000000000153, offset: 0.000000 id: 2590 at time: 1940.26
Processed event: VehicleDepartureEvent, vehicle_id: 5, road_id: 1000000000000000153, offset: 0.000000 id: 2590
processing event: VehicleEnterNewRoadEvent, vehicle_id: 14, road_id: 1000000000000000479 id: 2589 at time: 1941.72
Processed event: VehicleEnterNewRoadEvent, vehicle_id: 14, road_id: 1000000000000000479 id: 2589
processing event: VehicleDepartureEvent, vehicle_id: 14, road_id: 1000000000000000479, offset: 0.000000 id: 2592 at time: 1941.72
Processed event: VehicleDepartureEvent, vehicle_id: 14, road_id: 1000000000000000479, offset: 0.000000 id: 2592
processing event: VehicleArriveIntersectionEvent, vehicle_id: 5, road_id: 1000000000000000153 id: 2591 at time: 1946.74
Processed event: VehicleArriveIntersectionEvent, vehicle_id: 5, road_id: 1000000000000000153 id: 2591
processing event: VehicleArriveIntersectionEvent, vehicle_id: 13, road_id: 1000000000000000430 id: 2488 at time: 1947.43
Processed event: VehicleArriveIntersectionEvent, vehicle_id: 13, road_id: 1000000000000000430 id: 2488
processing event: VehicleArriveIntersectionEvent, vehicle_id: 6, road_id: 1000000000000000312 id: 2505 at time: 1947.84
Processed event: VehicleArriveIntersectionEvent, vehicle_id: 6, road_id: 1000000000000000312 id: 2505
processing event: VehicleEnterNewRoadEvent, vehicle_id: 5, road_id: 1000000000000001192 id: 2594 at time: 1948.54
Processed event: VehicleEnterNewRoadEvent, vehicle_id: 5, road_id: 1000000000000001192 id: 2594
processing event: VehicleDepartureEvent, vehicle_id: 5, road_id: 1000000000000001192, offset: 0.000000 id: 2597 at time: 1948.54
Processed event: VehicleDepartureEvent, vehicle_id: 5, road_id: 1000000000000001192, offset: 0.000000 id: 2597
processing event: VehicleEnterNewRoadEvent, vehicle_id: 13, road_id: 1000000000000000694 id: 2595 at time: 1949.23
Processed event: VehicleEnterNewRoadEvent, vehicle_id: 13, road_id: 1000000000000000694 id: 2595
processing event: VehicleDepartureEvent, vehicle_id: 13, road_id: 1000000000000000694, offset: 0.000000 id: 2599 at time: 1949.23
Processed event: VehicleDepartureEvent, vehicle_id: 13, road_id: 1000000000000000694, offset: 0.000000 id: 2599
processing event: VehicleEnterNewRoadEvent, vehicle_id: 6, road_id: 1000000000000000313 id: 2596 at time: 1949.64
Processed event: VehicleEnterNewRoadEvent, vehicle_id: 6, road_id: 1000000000000000313 id: 2596
processing event: VehicleDepartureEvent, vehicle_id: 6, road_id: 1000000000000000313, offset: 0.000000 id: 2601 at time: 1949.64
Processed event: VehicleDepartureEvent, vehicle_id: 6, road_id: 1000000000000000313, offset: 0.000000 id: 2601
Simulator::runFor: now_ = 1949.64 target = 1950
[progress] simulator time = 1950 / 3600
processing event: VehicleArriveIntersectionEvent, vehicle_id: 1, road_id: 1000000000000001059 id: 2547 at time: 1950.02
Processed event: VehicleArriveIntersectionEvent, vehicle_id: 1, road_id: 1000000000000001059 id: 2547
processing event: VehicleEnterNewRoadEvent, vehicle_id: 1, road_id: 1000000000000000374 id: 2603 at time: 1951.82
Processed event: VehicleEnterNewRoadEvent, vehicle_id: 1, road_id: 1000000000000000374 id: 2603
processing event: VehicleDepartureEvent, vehicle_id: 1, road_id: 1000000000000000374, offset: 0.000000 id: 2604 at time: 1951.82
Processed event: VehicleDepartureEvent, vehicle_id: 1, road_id: 1000000000000000374, offset: 0.000000 id: 2604
processing event: VehicleArriveIntersectionEvent, vehicle_id: 18, road_id: 1000000000000001033 id: 2566 at time: 1952.7
Processed event: VehicleArriveIntersectionEvent, vehicle_id: 18, road_id: 1000000000000001033 id: 2566
Event is not valid: VehicleArriveIntersectionEvent, vehicle_id: 4, road_id: 1000000000000000079 id: 2573 at time: 1954.18
processing event: VehicleArriveIntersectionEvent, vehicle_id: 4, road_id: 1000000000000000079 id: 2578 at time: 1954.18
Processed event: VehicleArriveIntersectionEvent, vehicle_id: 4, road_id: 1000000000000000079 id: 2578
processing event: VehicleEnterNewRoadEvent, vehicle_id: 18, road_id: 1000000000000000250 id: 2606 at time: 1954.5
Processed event: VehicleEnterNewRoadEvent, vehicle_id: 18, road_id: 1000000000000000250 id: 2606
processing event: VehicleDepartureEvent, vehicle_id: 18, road_id: 1000000000000000250, offset: 0.000000 id: 2608 at time: 1954.5
Processed event: VehicleDepartureEvent, vehicle_id: 18, road_id: 1000000000000000250, offset: 0.000000 id: 2608
processing event: VehicleEnterNewRoadEvent, vehicle_id: 4, road_id: 1000000000000000080 id: 2607 at time: 1955.98
Processed event: VehicleEnterNewRoadEvent, vehicle_id: 4, road_id: 1000000000000000080 id: 2607
processing event: VehicleDepartureEvent, vehicle_id: 4, road_id: 1000000000000000080, offset: 0.000000 id: 2610 at time: 1955.98
Processed event: VehicleDepartureEvent, vehicle_id: 4, road_id: 1000000000000000080, offset: 0.000000 id: 2610
processing event: VehicleArriveIntersectionEvent, vehicle_id: 15, road_id: 1000000000000000200 id: 2415 at time: 1956.57
Processed event: VehicleArriveIntersectionEvent, vehicle_id: 15, road_id: 1000000000000000200 id: 2415
processing event: VehicleEnterNewRoadEvent, vehicle_id: 15, road_id: 1000000000000000026 id: 2612 at time: 1958.37
Processed event: VehicleEnterNewRoadEvent, vehicle_id: 15, road_id: 1000000000000000026 id: 2612
processing event: VehicleDepartureEvent, vehicle_id: 15, road_id: 1000000000000000026, offset: 0.000000 id: 2613 at time: 1958.37
Processed event: VehicleDepartureEvent, vehicle_id: 15, road_id: 1000000000000000026, offset: 0.000000 id: 2613
Simulator::runFor: now_ = 1958.37 target = 1960
[progress] simulator time = 1960 / 3600
processing event: VehicleArriveIntersectionEvent, vehicle_id: 10, road_id: 1000000000000001037 id: 2554 at time: 1961.23
Processed event: VehicleArriveIntersectionEvent, vehicle_id: 10, road_id: 1000000000000001037 id: 2554
processing event: VehicleEnterNewRoadEvent, vehicle_id: 10, road_id: 1000000000000001178 id: 2615 at time: 1963.03
Processed event: VehicleEnterNewRoadEvent, vehicle_id: 10, road_id: 1000000000000001178 id: 2615
processing event: VehicleDepartureEvent, vehicle_id: 10, road_id: 1000000000000001178, offset: 0.000000 id: 2616 at time: 1963.03
Processed event: VehicleDepartureEvent, vehicle_id: 10, road_id: 1000000000000001178, offset: 0.000000 id: 2616
processing event: VehicleArriveIntersectionEvent, vehicle_id: 19, road_id: 1000000000000000323 id: 2539 at time: 1963.36
Processed event: VehicleArriveIntersectionEvent, vehicle_id: 19, road_id: 1000000000000000323 id: 2539
processing event: VehicleEnterNewRoadEvent, vehicle_id: 19, road_id: 1000000000000000324 id: 2618 at time: 1965.16
Processed event: VehicleEnterNewRoadEvent, vehicle_id: 19, road_id: 1000000000000000324 id: 2618
processing event: VehicleDepartureEvent, vehicle_id: 19, road_id: 1000000000000000324, offset: 0.000000 id: 2619 at time: 1965.16
Processed event: VehicleDepartureEvent, vehicle_id: 19, road_id: 1000000000000000324, offset: 0.000000 id: 2619
processing event: VehicleArriveIntersectionEvent, vehicle_id: 8, road_id: 1000000000000000209 id: 2533 at time: 1967.11
Processed event: VehicleArriveIntersectionEvent, vehicle_id: 8, road_id: 1000000000000000209 id: 2533
processing event: VehicleArriveIntersectionEvent, vehicle_id: 9, road_id: 1000000000000001049 id: 2560 at time: 1967.23
Processed event: VehicleArriveIntersectionEvent, vehicle_id: 9, road_id: 1000000000000001049 id: 2560
processing event: VehicleArriveIntersectionEvent, vehicle_id: 3, road_id: 1000000000000000322 id: 2575 at time: 1967.53
Processed event: VehicleArriveIntersectionEvent, vehicle_id: 3, road_id: 1000000000000000322 id: 2575
processing event: VehicleEnterNewRoadEvent, vehicle_id: 8, road_id: 1000000000000000210 id: 2621 at time: 1968.91
Processed event: VehicleEnterNewRoadEvent, vehicle_id: 8, road_id: 1000000000000000210 id: 2621
processing event: VehicleDepartureEvent, vehicle_id: 8, road_id: 1000000000000000210, offset: 0.000000 id: 2624 at time: 1968.91
Processed event: VehicleDepartureEvent, vehicle_id: 8, road_id: 1000000000000000210, offset: 0.000000 id: 2624
processing event: VehicleEnterNewRoadEvent, vehicle_id: 9, road_id: 1000000000000001048 id: 2622 at time: 1969.03
Processed event: VehicleEnterNewRoadEvent, vehicle_id: 9, road_id: 1000000000000001048 id: 2622
processing event: VehicleDepartureEvent, vehicle_id: 9, road_id: 1000000000000001048, offset: 0.000000 id: 2626 at time: 1969.03
Processed event: VehicleDepartureEvent, vehicle_id: 9, road_id: 1000000000000001048, offset: 0.000000 id: 2626
processing event: VehicleEnterNewRoadEvent, vehicle_id: 3, road_id: 1000000000000000323 id: 2623 at time: 1969.33
Processed event: VehicleEnterNewRoadEvent, vehicle_id: 3, road_id: 1000000000000000323 id: 2623
processing event: VehicleDepartureEvent, vehicle_id: 3, road_id: 1000000000000000323, offset: 0.000000 id: 2628 at time: 1969.33
Processed event: VehicleDepartureEvent, vehicle_id: 3, road_id: 1000000000000000323, offset: 0.000000 id: 2628
Simulator::runFor: now_ = 1969.33 target = 1970
[progress] simulator time = 1970 / 3600
processing event: VehicleArriveIntersectionEvent, vehicle_id: 12, road_id: 1000000000000000202 id: 2563 at time: 1970.79
Processed event: VehicleArriveIntersectionEvent, vehicle_id: 12, road_id: 1000000000000000202 id: 2563
processing event: VehicleEnterNewRoadEvent, vehicle_id: 12, road_id: 1000000000000000485 id: 2630 at time: 1972.59
Processed event: VehicleEnterNewRoadEvent, vehicle_id: 12, road_id: 1000000000000000485 id: 2630
processing event: VehicleDepartureEvent, vehicle_id: 12, road_id: 1000000000000000485, offset: 0.000000 id: 2631 at time: 1972.59
Processed event: VehicleDepartureEvent, vehicle_id: 12, road_id: 1000000000000000485, offset: 0.000000 id: 2631
processing event: VehicleArriveIntersectionEvent, vehicle_id: 7, road_id: 1000000000000001090 id: 2511 at time: 1975.08
Processed event: VehicleArriveIntersectionEvent, vehicle_id: 7, road_id: 1000000000000001090 id: 2511
processing event: VehicleEnterNewRoadEvent, vehicle_id: 7, road_id: 1000000000000000083 id: 2633 at time: 1976.88
Processed event: VehicleEnterNewRoadEvent, vehicle_id: 7, road_id: 1000000000000000083 id: 2633
processing event: VehicleDepartureEvent, vehicle_id: 7, road_id: 1000000000000000083, offset: 0.000000 id: 2634 at time: 1976.88
Processed event: VehicleDepartureEvent, vehicle_id: 7, road_id: 1000000000000000083, offset: 0.000000 id: 2634
processing event: VehicleArriveIntersectionEvent, vehicle_id: 11, road_id: 1000000000000001088 id: 2585 at time: 1977.48
Processed event: VehicleArriveIntersectionEvent, vehicle_id: 11, road_id: 1000000000000001088 id: 2585
processing event: VehicleArriveIntersectionEvent, vehicle_id: 5, road_id: 1000000000000001192 id: 2598 at time: 1978.43
Processed event: VehicleArriveIntersectionEvent, vehicle_id: 5, road_id: 1000000000000001192 id: 2598
processing event: VehicleEnterNewRoadEvent, vehicle_id: 11, road_id: 1000000000000001087 id: 2636 at time: 1979.28
Processed event: VehicleEnterNewRoadEvent, vehicle_id: 11, road_id: 1000000000000001087 id: 2636
processing event: VehicleDepartureEvent, vehicle_id: 11, road_id: 1000000000000001087, offset: 0.000000 id: 2638 at time: 1979.28
Processed event: VehicleDepartureEvent, vehicle_id: 11, road_id: 1000000000000001087, offset: 0.000000 id: 2638
Simulator::runFor: now_ = 1979.28 target = 1980
[progress] simulator time = 1980 / 3600
processing event: VehicleEnterNewRoadEvent, vehicle_id: 5, road_id: 1000000000000001194 id: 2637 at time: 1980.23
Processed event: VehicleEnterNewRoadEvent, vehicle_id: 5, road_id: 1000000000000001194 id: 2637
processing event: VehicleDepartureEvent, vehicle_id: 5, road_id: 1000000000000001194, offset: 0.000000 id: 2640 at time: 1980.23
Processed event: VehicleDepartureEvent, vehicle_id: 5, road_id: 1000000000000001194, offset: 0.000000 id: 2640
processing event: VehicleArriveIntersectionEvent, vehicle_id: 17, road_id: 1000000000000000243 id: 2517 at time: 1983.57
Processed event: VehicleArriveIntersectionEvent, vehicle_id: 17, road_id: 1000000000000000243 id: 2517
processing event: VehicleEnterNewRoadEvent, vehicle_id: 17, road_id: 1000000000000001102 id: 2642 at time: 1985.37
Processed event: VehicleEnterNewRoadEvent, vehicle_id: 17, road_id: 1000000000000001102 id: 2642
processing event: VehicleDepartureEvent, vehicle_id: 17, road_id: 1000000000000001102, offset: 0.000000 id: 2643 at time: 1985.37
Processed event: VehicleDepartureEvent, vehicle_id: 17, road_id: 1000000000000001102, offset: 0.000000 id: 2643
processing event: VehicleArriveIntersectionEvent, vehicle_id: 13, road_id: 1000000000000000694 id: 2600 at time: 1985.59
Processed event: VehicleArriveIntersectionEvent, vehicle_id: 13, road_id: 1000000000000000694 id: 2600
processing event: VehicleEnterNewRoadEvent, vehicle_id: 13, road_id: 1000000000000000695 id: 2645 at time: 1987.39
Processed event: VehicleEnterNewRoadEvent, vehicle_id: 13, road_id: 1000000000000000695 id: 2645
processing event: VehicleDepartureEvent, vehicle_id: 13, road_id: 1000000000000000695, offset: 0.000000 id: 2646 at time: 1987.39
Processed event: VehicleDepartureEvent, vehicle_id: 13, road_id: 1000000000000000695, offset: 0.000000 id: 2646
Simulator::runFor: now_ = 1987.39 target = 1990
[progress] simulator time = 1990 / 3600
processing event: VehicleArriveIntersectionEvent, vehicle_id: 6, road_id: 1000000000000000313 id: 2602 at time: 1992.31
Processed event: VehicleArriveIntersectionEvent, vehicle_id: 6, road_id: 1000000000000000313 id: 2602
processing event: VehicleEnterNewRoadEvent, vehicle_id: 6, road_id: 1000000000000000314 id: 2648 at time: 1994.11
Processed event: VehicleEnterNewRoadEvent, vehicle_id: 6, road_id: 1000000000000000314 id: 2648
processing event: VehicleDepartureEvent, vehicle_id: 6, road_id: 1000000000000000314, offset: 0.000000 id: 2649 at time: 1994.11
Processed event: VehicleDepartureEvent, vehicle_id: 6, road_id: 1000000000000000314, offset: 0.000000 id: 2649
processing event: VehicleArriveIntersectionEvent, vehicle_id: 14, road_id: 1000000000000000479 id: 2593 at time: 1994.64
Processed event: VehicleArriveIntersectionEvent, vehicle_id: 14, road_id: 1000000000000000479 id: 2593
processing event: VehicleEnterNewRoadEvent, vehicle_id: 14, road_id: 1000000000000000481 id: 2651 at time: 1996.44
Processed event: VehicleEnterNewRoadEvent, vehicle_id: 14, road_id: 1000000000000000481 id: 2651
processing event: VehicleDepartureEvent, vehicle_id: 14, road_id: 1000000000000000481, offset: 0.000000 id: 2652 at time: 1996.44
Processed event: VehicleDepartureEvent, vehicle_id: 14, road_id: 1000000000000000481, offset: 0.000000 id: 2652
processing event: VehicleArriveIntersectionEvent, vehicle_id: 13, road_id: 1000000000000000695 id: 2647 at time: 1997.47
Processed event: VehicleArriveIntersectionEvent, vehicle_id: 13, road_id: 1000000000000000695 id: 2647
processing event: VehicleArriveIntersectionEvent, vehicle_id: 1, road_id: 1000000000000000374 id: 2605 at time: 1998.99
Processed event: VehicleArriveIntersectionEvent, vehicle_id: 1, road_id: 1000000000000000374 id: 2605
processing event: VehicleEnterNewRoadEvent, vehicle_id: 13, road_id: 1000000000000000031 id: 2654 at time: 1999.27
Processed event: VehicleEnterNewRoadEvent, vehicle_id: 13, road_id: 1000000000000000031 id: 2654
processing event: VehicleDepartureEvent, vehicle_id: 13, road_id: 1000000000000000031, offset: 0.000000 id: 2656 at time: 1999.27
Processed event: VehicleDepartureEvent, vehicle_id: 13, road_id: 1000000000000000031, offset: 0.000000 id: 2656
processing event: VehicleArriveIntersectionEvent, vehicle_id: 5, road_id: 1000000000000001194 id: 2641 at time: 1999.85
Processed event: VehicleArriveIntersectionEvent, vehicle_id: 5, road_id: 1000000000000001194 id: 2641
Simulator::runFor: now_ = 1999.85 target = 2000
[progress] simulator time = 2000 / 3600
processing event: BusArrivalEvent, vehicle_id: 19, stop_id: 102 id: 2620 at time: 2000.69
Processed event: BusArrivalEvent, vehicle_id: 19, stop_id: 102 id: 2620
processing event: PassengerOnboardEvent, passenger_id: 33 id: 2659 at time: 2000.69
Processed event: PassengerOnboardEvent, passenger_id: 33 id: 2659
processing event: VehicleEnterNewRoadEvent, vehicle_id: 1, road_id: 1000000000000000375 id: 2655 at time: 2000.79
Processed event: VehicleEnterNewRoadEvent, vehicle_id: 1, road_id: 1000000000000000375 id: 2655
processing event: VehicleDepartureEvent, vehicle_id: 1, road_id: 1000000000000000375, offset: 0.000000 id: 2661 at time: 2000.79
Processed event: VehicleDepartureEvent, vehicle_id: 1, road_id: 1000000000000000375, offset: 0.000000 id: 2661
processing event: VehicleEnterNewRoadEvent, vehicle_id: 5, road_id: 1000000000000001193 id: 2658 at time: 2001.65
Processed event: VehicleEnterNewRoadEvent, vehicle_id: 5, road_id: 1000000000000001193 id: 2658
processing event: VehicleDepartureEvent, vehicle_id: 5, road_id: 1000000000000001193, offset: 0.000000 id: 2663 at time: 2001.65
Processed event: VehicleDepartureEvent, vehicle_id: 5, road_id: 1000000000000001193, offset: 0.000000 id: 2663
processing event: VehicleArriveIntersectionEvent, vehicle_id: 12, road_id: 1000000000000000485 id: 2632 at time: 2003.19
Processed event: VehicleArriveIntersectionEvent, vehicle_id: 12, road_id: 1000000000000000485 id: 2632
processing event: VehicleEnterNewRoadEvent, vehicle_id: 12, road_id: 1000000000000001199 id: 2665 at time: 2004.99
Processed event: VehicleEnterNewRoadEvent, vehicle_id: 12, road_id: 1000000000000001199 id: 2665
processing event: VehicleDepartureEvent, vehicle_id: 12, road_id: 1000000000000001199, offset: 0.000000 id: 2666 at time: 2004.99
Processed event: VehicleDepartureEvent, vehicle_id: 12, road_id: 1000000000000001199, offset: 0.000000 id: 2666
processing event: VehicleArriveIntersectionEvent, vehicle_id: 10, road_id: 1000000000000001178 id: 2617 at time: 2005.52
Processed event: VehicleArriveIntersectionEvent, vehicle_id: 10, road_id: 1000000000000001178 id: 2617
processing event: VehicleDepartureEvent, vehicle_id: 19, road_id: 1000000000000000324, offset: 197.360000 id: 2660 at time: 2005.69
Processed event: VehicleDepartureEvent, vehicle_id: 19, road_id: 1000000000000000324, offset: 197.360000 id: 2660
processing event: VehicleEnterNewRoadEvent, vehicle_id: 10, road_id: 1000000000000001223 id: 2668 at time: 2007.32
Processed event: VehicleEnterNewRoadEvent, vehicle_id: 10, road_id: 1000000000000001223 id: 2668
processing event: VehicleDepartureEvent, vehicle_id: 10, road_id: 1000000000000001223, offset: 0.000000 id: 2670 at time: 2007.32
Processed event: VehicleDepartureEvent, vehicle_id: 10, road_id: 1000000000000001223, offset: 0.000000 id: 2670
Simulator::runFor: now_ = 2007.32 target = 2010
[progress] simulator time = 2010 / 3600
processing event: VehicleArriveIntersectionEvent, vehicle_id: 9, road_id: 1000000000000001048 id: 2627 at time: 2016.91
Processed event: VehicleArriveIntersectionEvent, vehicle_id: 9, road_id: 1000000000000001048 id: 2627
processing event: VehicleArriveIntersectionEvent, vehicle_id: 10, road_id: 1000000000000001223 id: 2671 at time: 2017.4
Processed event: VehicleArriveIntersectionEvent, vehicle_id: 10, road_id: 1000000000000001223 id: 2671
processing event: VehicleArriveIntersectionEvent, vehicle_id: 5, road_id: 1000000000000001193 id: 2664 at time: 2018.57
Processed event: VehicleArriveIntersectionEvent, vehicle_id: 5, road_id: 1000000000000001193 id: 2664
processing event: VehicleEnterNewRoadEvent, vehicle_id: 9, road_id: 1000000000000000091 id: 2672 at time: 2018.71
Processed event: VehicleEnterNewRoadEvent, vehicle_id: 9, road_id: 1000000000000000091 id: 2672
processing event: VehicleDepartureEvent, vehicle_id: 9, road_id: 1000000000000000091, offset: 0.000000 id: 2675 at time: 2018.71
Processed event: VehicleDepartureEvent, vehicle_id: 9, road_id: 1000000000000000091, offset: 0.000000 id: 2675
processing event: VehicleEnterNewRoadEvent, vehicle_id: 10, road_id: 1000000000000001222 id: 2673 at time: 2019.2
Processed event: VehicleEnterNewRoadEvent, vehicle_id: 10, road_id: 1000000000000001222 id: 2673
processing event: VehicleDepartureEvent, vehicle_id: 10, road_id: 1000000000000001222, offset: 0.000000 id: 2677 at time: 2019.2
Processed event: VehicleDepartureEvent, vehicle_id: 10, road_id: 1000000000000001222, offset: 0.000000 id: 2677
Simulator::runFor: now_ = 2019.2 target = 2020
[progress] simulator time = 2020 / 3600
processing event: VehicleArriveIntersectionEvent, vehicle_id: 18, road_id: 1000000000000000250 id: 2609 at time: 2020.21
Processed event: VehicleArriveIntersectionEvent, vehicle_id: 18, road_id: 1000000000000000250 id: 2609
processing event: VehicleEnterNewRoadEvent, vehicle_id: 5, road_id: 1000000000000001181 id: 2674 at time: 2020.37
Processed event: VehicleEnterNewRoadEvent, vehicle_id: 5, road_id: 1000000000000001181 id: 2674
processing event: VehicleDepartureEvent, vehicle_id: 5, road_id: 1000000000000001181, offset: 0.000000 id: 2680 at time: 2020.37
Processed event: VehicleDepartureEvent, vehicle_id: 5, road_id: 1000000000000001181, offset: 0.000000 id: 2680
processing event: VehicleEnterNewRoadEvent, vehicle_id: 18, road_id: 1000000000000000324 id: 2679 at time: 2022.01
Processed event: VehicleEnterNewRoadEvent, vehicle_id: 18, road_id: 1000000000000000324 id: 2679
processing event: VehicleDepartureEvent, vehicle_id: 18, road_id: 1000000000000000324, offset: 0.000000 id: 2682 at time: 2022.01
Processed event: VehicleDepartureEvent, vehicle_id: 18, road_id: 1000000000000000324, offset: 0.000000 id: 2682
processing event: VehicleArriveIntersectionEvent, vehicle_id: 15, road_id: 1000000000000000026 id: 2614 at time: 2026.42
Processed event: VehicleArriveIntersectionEvent, vehicle_id: 15, road_id: 1000000000000000026 id: 2614
processing event: VehicleEnterNewRoadEvent, vehicle_id: 15, road_id: 1000000000000000118 id: 2684 at time: 2028.22
Processed event: VehicleEnterNewRoadEvent, vehicle_id: 15, road_id: 1000000000000000118 id: 2684
processing event: VehicleDepartureEvent, vehicle_id: 15, road_id: 1000000000000000118, offset: 0.000000 id: 2685 at time: 2028.22
Processed event: VehicleDepartureEvent, vehicle_id: 15, road_id: 1000000000000000118, offset: 0.000000 id: 2685
processing event: VehicleArriveIntersectionEvent, vehicle_id: 3, road_id: 1000000000000000323 id: 2629 at time: 2028.91
Processed event: VehicleArriveIntersectionEvent, vehicle_id: 3, road_id: 1000000000000000323 id: 2629
processing event: VehicleArriveIntersectionEvent, vehicle_id: 8, road_id: 1000000000000000210 id: 2625 at time: 2029.4
Processed event: VehicleArriveIntersectionEvent, vehicle_id: 8, road_id: 1000000000000000210 id: 2625
Simulator::runFor: now_ = 2029.4 target = 2030
[progress] simulator time = 2030 / 3600
processing event: VehicleArriveIntersectionEvent, vehicle_id: 7, road_id: 1000000000000000083 id: 2635 at time: 2030.52
Processed event: VehicleArriveIntersectionEvent, vehicle_id: 7, road_id: 1000000000000000083 id: 2635
processing event: VehicleEnterNewRoadEvent, vehicle_id: 3, road_id: 1000000000000000324 id: 2687 at time: 2030.71
Processed event: VehicleEnterNewRoadEvent, vehicle_id: 3, road_id: 1000000000000000324 id: 2687
processing event: VehicleDepartureEvent, vehicle_id: 3, road_id: 1000000000000000324, offset: 0.000000 id: 2690 at time: 2030.71
Processed event: VehicleDepartureEvent, vehicle_id: 3, road_id: 1000000000000000324, offset: 0.000000 id: 2690
processing event: VehicleEnterNewRoadEvent, vehicle_id: 8, road_id: 1000000000000000157 id: 2688 at time: 2031.2
Processed event: VehicleEnterNewRoadEvent, vehicle_id: 8, road_id: 1000000000000000157 id: 2688
processing event: VehicleDepartureEvent, vehicle_id: 8, road_id: 1000000000000000157, offset: 0.000000 id: 2692 at time: 2031.2
Processed event: VehicleDepartureEvent, vehicle_id: 8, road_id: 1000000000000000157, offset: 0.000000 id: 2692
processing event: VehicleEnterNewRoadEvent, vehicle_id: 7, road_id: 1000000000000000326 id: 2689 at time: 2032.32
Processed event: VehicleEnterNewRoadEvent, vehicle_id: 7, road_id: 1000000000000000326 id: 2689
processing event: VehicleDepartureEvent, vehicle_id: 7, road_id: 1000000000000000326, offset: 0.000000 id: 2694 at time: 2032.32
Processed event: VehicleDepartureEvent, vehicle_id: 7, road_id: 1000000000000000326, offset: 0.000000 id: 2694
processing event: VehicleArriveIntersectionEvent, vehicle_id: 11, road_id: 1000000000000001087 id: 2639 at time: 2034.18
Processed event: VehicleArriveIntersectionEvent, vehicle_id: 11, road_id: 1000000000000001087 id: 2639
processing event: VehicleArriveIntersectionEvent, vehicle_id: 8, road_id: 1000000000000000157 id: 2693 at time: 2035.88
Processed event: VehicleArriveIntersectionEvent, vehicle_id: 8, road_id: 1000000000000000157 id: 2693
processing event: VehicleEnterNewRoadEvent, vehicle_id: 11, road_id: 1000000000000000002 id: 2696 at time: 2035.98
Processed event: VehicleEnterNewRoadEvent, vehicle_id: 11, road_id: 1000000000000000002 id: 2696
processing event: VehicleDepartureEvent, vehicle_id: 11, road_id: 1000000000000000002, offset: 0.000000 id: 2698 at time: 2035.98
Processed event: VehicleDepartureEvent, vehicle_id: 11, road_id: 1000000000000000002, offset: 0.000000 id: 2698
processing event: VehicleArriveIntersectionEvent, vehicle_id: 6, road_id: 1000000000000000314 id: 2650 at time: 2036.59
Processed event: VehicleArriveIntersectionEvent, vehicle_id: 6, road_id: 1000000000000000314 id: 2650
processing event: VehicleEnterNewRoadEvent, vehicle_id: 8, road_id: 1000000000000000163 id: 2697 at time: 2037.68
Processed event: VehicleEnterNewRoadEvent, vehicle_id: 8, road_id: 1000000000000000163 id: 2697
processing event: VehicleDepartureEvent, vehicle_id: 8, road_id: 1000000000000000163, offset: 0.000000 id: 2701 at time: 2037.68
Processed event: VehicleDepartureEvent, vehicle_id: 8, road_id: 1000000000000000163, offset: 0.000000 id: 2701
processing event: VehicleEnterNewRoadEvent, vehicle_id: 6, road_id: 1000000000000000316 id: 2700 at time: 2038.39
Processed event: VehicleEnterNewRoadEvent, vehicle_id: 6, road_id: 1000000000000000316 id: 2700
processing event: VehicleDepartureEvent, vehicle_id: 6, road_id: 1000000000000000316, offset: 0.000000 id: 2703 at time: 2038.39
Processed event: VehicleDepartureEvent, vehicle_id: 6, road_id: 1000000000000000316, offset: 0.000000 id: 2703
processing event: VehicleArriveIntersectionEvent, vehicle_id: 8, road_id: 1000000000000000163 id: 2702 at time: 2039.12
Processed event: VehicleArriveIntersectionEvent, vehicle_id: 8, road_id: 1000000000000000163 id: 2702
processing event: VehicleArriveIntersectionEvent, vehicle_id: 5, road_id: 1000000000000001181 id: 2681 at time: 2039.45
Processed event: VehicleArriveIntersectionEvent, vehicle_id: 5, road_id: 1000000000000001181 id: 2681
Simulator::runFor: now_ = 2039.45 target = 2040
[progress] simulator time = 2040 / 3600
processing event: VehicleEnterNewRoadEvent, vehicle_id: 8, road_id: 1000000000000000164 id: 2705 at time: 2040.92
Processed event: VehicleEnterNewRoadEvent, vehicle_id: 8, road_id: 1000000000000000164 id: 2705
processing event: VehicleDepartureEvent, vehicle_id: 8, road_id: 1000000000000000164, offset: 0.000000 id: 2707 at time: 2040.92
Processed event: VehicleDepartureEvent, vehicle_id: 8, road_id: 1000000000000000164, offset: 0.000000 id: 2707
processing event: VehicleEnterNewRoadEvent, vehicle_id: 5, road_id: 1000000000000001088 id: 2706 at time: 2041.25
Processed event: VehicleEnterNewRoadEvent, vehicle_id: 5, road_id: 1000000000000001088 id: 2706
processing event: VehicleDepartureEvent, vehicle_id: 5, road_id: 1000000000000001088, offset: 0.000000 id: 2709 at time: 2041.25
Processed event: VehicleDepartureEvent, vehicle_id: 5, road_id: 1000000000000001088, offset: 0.000000 id: 2709
processing event: VehicleArriveIntersectionEvent, vehicle_id: 13, road_id: 1000000000000000031 id: 2657 at time: 2041.76
Processed event: VehicleArriveIntersectionEvent, vehicle_id: 13, road_id: 1000000000000000031 id: 2657
processing event: VehicleEnterNewRoadEvent, vehicle_id: 13, road_id: 1000000000000000032 id: 2711 at time: 2043.56
Processed event: VehicleEnterNewRoadEvent, vehicle_id: 13, road_id: 1000000000000000032 id: 2711
processing event: VehicleDepartureEvent, vehicle_id: 13, road_id: 1000000000000000032, offset: 0.000000 id: 2712 at time: 2043.56
Processed event: VehicleDepartureEvent, vehicle_id: 13, road_id: 1000000000000000032, offset: 0.000000 id: 2712
processing event: VehicleArriveIntersectionEvent, vehicle_id: 8, road_id: 1000000000000000164 id: 2708 at time: 2045.78
Processed event: VehicleArriveIntersectionEvent, vehicle_id: 8, road_id: 1000000000000000164 id: 2708
processing event: VehicleEnterNewRoadEvent, vehicle_id: 8, road_id: 1000000000000000165 id: 2714 at time: 2047.58
Processed event: VehicleEnterNewRoadEvent, vehicle_id: 8, road_id: 1000000000000000165 id: 2714
processing event: VehicleDepartureEvent, vehicle_id: 8, road_id: 1000000000000000165, offset: 0.000000 id: 2715 at time: 2047.58
Processed event: VehicleDepartureEvent, vehicle_id: 8, road_id: 1000000000000000165, offset: 0.000000 id: 2715
processing event: VehicleArriveIntersectionEvent, vehicle_id: 8, road_id: 1000000000000000165 id: 2716 at time: 2048.84
Processed event: VehicleArriveIntersectionEvent, vehicle_id: 8, road_id: 1000000000000000165 id: 2716
Simulator::runFor: now_ = 2048.84 target = 2050
[progress] simulator time = 2050 / 3600
processing event: VehicleEnterNewRoadEvent, vehicle_id: 8, road_id: 1000000000000000154 id: 2717 at time: 2050.64
Processed event: VehicleEnterNewRoadEvent, vehicle_id: 8, road_id: 1000000000000000154 id: 2717
processing event: VehicleDepartureEvent, vehicle_id: 8, road_id: 1000000000000000154, offset: 0.000000 id: 2718 at time: 2050.64
Processed event: VehicleDepartureEvent, vehicle_id: 8, road_id: 1000000000000000154, offset: 0.000000 id: 2718
processing event: VehicleArriveIntersectionEvent, vehicle_id: 12, road_id: 1000000000000001199 id: 2667 at time: 2051.44
Processed event: VehicleArriveIntersectionEvent, vehicle_id: 12, road_id: 1000000000000001199 id: 2667
processing event: VehicleEnterNewRoadEvent, vehicle_id: 12, road_id: 1000000000000001227 id: 2720 at time: 2053.24
Processed event: VehicleEnterNewRoadEvent, vehicle_id: 12, road_id: 1000000000000001227 id: 2720
processing event: VehicleDepartureEvent, vehicle_id: 12, road_id: 1000000000000001227, offset: 0.000000 id: 2721 at time: 2053.24
Processed event: VehicleDepartureEvent, vehicle_id: 12, road_id: 1000000000000001227, offset: 0.000000 id: 2721
processing event: VehicleArriveIntersectionEvent, vehicle_id: 12, road_id: 1000000000000001227 id: 2722 at time: 2054.5
Processed event: VehicleArriveIntersectionEvent, vehicle_id: 12, road_id: 1000000000000001227 id: 2722
processing event: VehicleArriveIntersectionEvent, vehicle_id: 10, road_id: 1000000000000001222 id: 2678 at time: 2055.56
Processed event: VehicleArriveIntersectionEvent, vehicle_id: 10, road_id: 1000000000000001222 id: 2678
processing event: VehicleEnterNewRoadEvent, vehicle_id: 12, road_id: 1000000000000001226 id: 2723 at time: 2056.3
Processed event: VehicleEnterNewRoadEvent, vehicle_id: 12, road_id: 1000000000000001226 id: 2723
processing event: VehicleDepartureEvent, vehicle_id: 12, road_id: 1000000000000001226, offset: 0.000000 id: 2725 at time: 2056.3
Processed event: VehicleDepartureEvent, vehicle_id: 12, road_id: 1000000000000001226, offset: 0.000000 id: 2725
processing event: VehicleEnterNewRoadEvent, vehicle_id: 10, road_id: 1000000000000000431 id: 2724 at time: 2057.36
Processed event: VehicleEnterNewRoadEvent, vehicle_id: 10, road_id: 1000000000000000431 id: 2724
processing event: VehicleDepartureEvent, vehicle_id: 10, road_id: 1000000000000000431, offset: 0.000000 id: 2727 at time: 2057.36
Processed event: VehicleDepartureEvent, vehicle_id: 10, road_id: 1000000000000000431, offset: 0.000000 id: 2727
processing event: VehicleArriveIntersectionEvent, vehicle_id: 8, road_id: 1000000000000000154 id: 2719 at time: 2057.48
Processed event: VehicleArriveIntersectionEvent, vehicle_id: 8, road_id: 1000000000000000154 id: 2719
processing event: VehicleArriveIntersectionEvent, vehicle_id: 12, road_id: 1000000000000001226 id: 2726 at time: 2058.1
Processed event: VehicleArriveIntersectionEvent, vehicle_id: 12, road_id: 1000000000000001226 id: 2726
processing event: VehicleArriveIntersectionEvent, vehicle_id: 9, road_id: 1000000000000000091 id: 2676 at time: 2058.67
Processed event: VehicleArriveIntersectionEvent, vehicle_id: 9, road_id: 1000000000000000091 id: 2676
processing event: VehicleArriveIntersectionEvent, vehicle_id: 11, road_id: 1000000000000000002 id: 2699 at time: 2058.85
Processed event: VehicleArriveIntersectionEvent, vehicle_id: 11, road_id: 1000000000000000002 id: 2699
processing event: VehicleEnterNewRoadEvent, vehicle_id: 8, road_id: 1000000000000000055 id: 2729 at time: 2059.28
Processed event: VehicleEnterNewRoadEvent, vehicle_id: 8, road_id: 1000000000000000055 id: 2729
processing event: VehicleDepartureEvent, vehicle_id: 8, road_id: 1000000000000000055, offset: 0.000000 id: 2733 at time: 2059.28
Processed event: VehicleDepartureEvent, vehicle_id: 8, road_id: 1000000000000000055, offset: 0.000000 id: 2733
processing event: VehicleEnterNewRoadEvent, vehicle_id: 12, road_id: 1000000000000000663 id: 2730 at time: 2059.9
Processed event: VehicleEnterNewRoadEvent, vehicle_id: 12, road_id: 1000000000000000663 id: 2730
processing event: VehicleDepartureEvent, vehicle_id: 12, road_id: 1000000000000000663, offset: 0.000000 id: 2735 at time: 2059.9
Processed event: VehicleDepartureEvent, vehicle_id: 12, road_id: 1000000000000000663, offset: 0.000000 id: 2735
Simulator::runFor: now_ = 2059.9 target = 2060
[progress] simulator time = 2060 / 3600
processing event: VehicleEnterNewRoadEvent, vehicle_id: 9, road_id: 1000000000000000035 id: 2731 at time: 2060.47
Processed event: VehicleEnterNewRoadEvent, vehicle_id: 9, road_id: 1000000000000000035 id: 2731
processing event: VehicleDepartureEvent, vehicle_id: 9, road_id: 1000000000000000035, offset: 0.000000 id: 2737 at time: 2060.47
Processed event: VehicleDepartureEvent, vehicle_id: 9, road_id: 1000000000000000035, offset: 0.000000 id: 2737
processing event: VehicleEnterNewRoadEvent, vehicle_id: 11, road_id: 1000000000000000024 id: 2732 at time: 2060.65
Processed event: VehicleEnterNewRoadEvent, vehicle_id: 11, road_id: 1000000000000000024 id: 2732
processing event: VehicleDepartureEvent, vehicle_id: 11, road_id: 1000000000000000024, offset: 0.000000 id: 2739 at time: 2060.65
Processed event: VehicleDepartureEvent, vehicle_id: 11, road_id: 1000000000000000024, offset: 0.000000 id: 2739
processing event: PassengerRouteStartEvent, passenger_id: 40, route_id: 1 id: 39 at time: 2061
Processed event: PassengerRouteStartEvent, passenger_id: 40, route_id: 1 id: 39
processing event: OrderCreatedEvent, order_id: 40, available_pickups: 74 , available_dropoffs: 125 , passenger_id: 40, route_id: 1, passenger_num: 0 id: 2741 at time: 2061
Processed event: OrderCreatedEvent, order_id: 40, available_pickups: 74 , available_dropoffs: 125 , passenger_id: 40, route_id: 1, passenger_num: 3 id: 2741
processing event: VehicleArriveIntersectionEvent, vehicle_id: 1, road_id: 1000000000000000375 id: 2662 at time: 2061.64
Processed event: VehicleArriveIntersectionEvent, vehicle_id: 1, road_id: 1000000000000000375 id: 2662
processing event: BusArrivalEvent, vehicle_id: 12, stop_id: 120 id: 2736 at time: 2062.99
Processed event: BusArrivalEvent, vehicle_id: 12, stop_id: 120 id: 2736
processing event: PassengerOnboardEvent, passenger_id: 35 id: 2743 at time: 2062.99
Processed event: PassengerOnboardEvent, passenger_id: 35 id: 2743
processing event: VehicleEnterNewRoadEvent, vehicle_id: 1, road_id: 1000000000000000377 id: 2742 at time: 2063.44
Processed event: VehicleEnterNewRoadEvent, vehicle_id: 1, road_id: 1000000000000000377 id: 2742
processing event: VehicleDepartureEvent, vehicle_id: 1, road_id: 1000000000000000377, offset: 0.000000 id: 2745 at time: 2063.44
Processed event: VehicleDepartureEvent, vehicle_id: 1, road_id: 1000000000000000377, offset: 0.000000 id: 2745
processing event: VehicleArriveIntersectionEvent, vehicle_id: 15, road_id: 1000000000000000118 id: 2686 at time: 2064.05
Processed event: VehicleArriveIntersectionEvent, vehicle_id: 15, road_id: 1000000000000000118 id: 2686
processing event: PassengerRouteStartEvent, passenger_id: 41, route_id: 1 id: 40 at time: 2065
Processed event: PassengerRouteStartEvent, passenger_id: 41, route_id: 1 id: 40
processing event: OrderCreatedEvent, order_id: 41, available_pickups: 77 , available_dropoffs: 281 , passenger_id: 41, route_id: 1, passenger_num: 0 id: 2748 at time: 2065
Processed event: OrderCreatedEvent, order_id: 41, available_pickups: 77 , available_dropoffs: 281 , passenger_id: 41, route_id: 1, passenger_num: 3 id: 2748
processing event: VehicleEnterNewRoadEvent, vehicle_id: 15, road_id: 1000000000000000119 id: 2747 at time: 2065.85
Processed event: VehicleEnterNewRoadEvent, vehicle_id: 15, road_id: 1000000000000000119 id: 2747
processing event: VehicleDepartureEvent, vehicle_id: 15, road_id: 1000000000000000119, offset: 0.000000 id: 2749 at time: 2065.85
Processed event: VehicleDepartureEvent, vehicle_id: 15, road_id: 1000000000000000119, offset: 0.000000 id: 2749
Event is not valid: VehicleArriveIntersectionEvent, vehicle_id: 19, road_id: 1000000000000000324 id: 2669 at time: 2066.47
Event is not valid: VehicleArriveIntersectionEvent, vehicle_id: 19, road_id: 1000000000000000324 id: 2683 at time: 2066.47
processing event: VehicleArriveIntersectionEvent, vehicle_id: 19, road_id: 1000000000000000324 id: 2691 at time: 2066.47
Processed event: VehicleArriveIntersectionEvent, vehicle_id: 19, road_id: 1000000000000000324 id: 2691
processing event: VehicleDepartureEvent, vehicle_id: 12, road_id: 1000000000000000663, offset: 17.180000 id: 2744 at time: 2067.99
Processed event: VehicleDepartureEvent, vehicle_id: 12, road_id: 1000000000000000663, offset: 17.180000 id: 2744
processing event: VehicleEnterNewRoadEvent, vehicle_id: 19, road_id: 1000000000000000085 id: 2751 at time: 2068.27
Processed event: VehicleEnterNewRoadEvent, vehicle_id: 19, road_id: 1000000000000000085 id: 2751
processing event: VehicleDepartureEvent, vehicle_id: 19, road_id: 1000000000000000085, offset: 0.000000 id: 2755 at time: 2068.27
Processed event: VehicleDepartureEvent, vehicle_id: 19, road_id: 1000000000000000085, offset: 0.000000 id: 2755
Simulator::runFor: now_ = 2068.27 target = 2070
[progress] simulator time = 2070 / 3600
processing event: OrderMatchedEvent, order_id: 41, vehicle_id: 9 id: 2757 at time: 2070
Processed event: OrderMatchedEvent, order_id: 41, vehicle_id: 9 id: 2757
processing event: OrderMatchedEvent, order_id: 40, vehicle_id: 11 id: 2759 at time: 2070
Processed event: OrderMatchedEvent, order_id: 40, vehicle_id: 11 id: 2759
processing event: PassengerArrivalEvent, passenger_id: 41 id: 2761 at time: 2070
Processed event: PassengerArrivalEvent, passenger_id: 41 id: 2761
processing event: PassengerArrivalEvent, passenger_id: 40 id: 2762 at time: 2070
Processed event: PassengerArrivalEvent, passenger_id: 40 id: 2762
processing event: VehicleArriveIntersectionEvent, vehicle_id: 4, road_id: 1000000000000000080 id: 2611 at time: 2074.07
Processed event: VehicleArriveIntersectionEvent, vehicle_id: 4, road_id: 1000000000000000080 id: 2611
processing event: VehicleArriveIntersectionEvent, vehicle_id: 17, road_id: 1000000000000001102 id: 2644 at time: 2074.12
Processed event: VehicleArriveIntersectionEvent, vehicle_id: 17, road_id: 1000000000000001102 id: 2644
processing event: VehicleEnterNewRoadEvent, vehicle_id: 4, road_id: 1000000000000000082 id: 2763 at time: 2075.87
Processed event: VehicleEnterNewRoadEvent, vehicle_id: 4, road_id: 1000000000000000082 id: 2763
processing event: VehicleDepartureEvent, vehicle_id: 4, road_id: 1000000000000000082, offset: 0.000000 id: 2765 at time: 2075.87
Processed event: VehicleDepartureEvent, vehicle_id: 4, road_id: 1000000000000000082, offset: 0.000000 id: 2765
processing event: VehicleEnterNewRoadEvent, vehicle_id: 17, road_id: 1000000000000000458 id: 2764 at time: 2075.92
Processed event: VehicleEnterNewRoadEvent, vehicle_id: 17, road_id: 1000000000000000458 id: 2764
processing event: VehicleDepartureEvent, vehicle_id: 17, road_id: 1000000000000000458, offset: 0.000000 id: 2767 at time: 2075.92
Processed event: VehicleDepartureEvent, vehicle_id: 17, road_id: 1000000000000000458, offset: 0.000000 id: 2767
processing event: PassengerRouteStartEvent, passenger_id: 42, route_id: 1 id: 41 at time: 2079
Processed event: PassengerRouteStartEvent, passenger_id: 42, route_id: 1 id: 41
processing event: OrderCreatedEvent, order_id: 42, available_pickups: 270 , available_dropoffs: 52 , passenger_id: 42, route_id: 1, passenger_num: 0 id: 2769 at time: 2079
Processed event: OrderCreatedEvent, order_id: 42, available_pickups: 270 , available_dropoffs: 52 , passenger_id: 42, route_id: 1, passenger_num: 1 id: 2769
Simulator::runFor: now_ = 2079 target = 2080
[progress] simulator time = 2080 / 3600
processing event: OrderMatchedEvent, order_id: 42, vehicle_id: 5 id: 2770 at time: 2080
Processed event: OrderMatchedEvent, order_id: 42, vehicle_id: 5 id: 2770
processing event: PassengerArrivalEvent, passenger_id: 42 id: 2772 at time: 2080
Processed event: PassengerArrivalEvent, passenger_id: 42 id: 2772
processing event: VehicleArriveIntersectionEvent, vehicle_id: 6, road_id: 1000000000000000316 id: 2704 at time: 2081.77
Processed event: VehicleArriveIntersectionEvent, vehicle_id: 6, road_id: 1000000000000000316 id: 2704
Event is not valid: VehicleArriveIntersectionEvent, vehicle_id: 5, road_id: 1000000000000001088 id: 2710 at time: 2082.12
processing event: VehicleArriveIntersectionEvent, vehicle_id: 5, road_id: 1000000000000001088 id: 2771 at time: 2082.12
Processed event: VehicleArriveIntersectionEvent, vehicle_id: 5, road_id: 1000000000000001088 id: 2771
processing event: BusArrivalEvent, vehicle_id: 15, stop_id: 185 id: 2750 at time: 2082.22
Processed event: BusArrivalEvent, vehicle_id: 15, stop_id: 185 id: 2750
processing event: PassengerOnboardEvent, passenger_id: 23 id: 2775 at time: 2082.22
Processed event: PassengerOnboardEvent, passenger_id: 23 id: 2775
processing event: VehicleEnterNewRoadEvent, vehicle_id: 6, road_id: 1000000000000000040 id: 2773 at time: 2083.57
Processed event: VehicleEnterNewRoadEvent, vehicle_id: 6, road_id: 1000000000000000040 id: 2773
processing event: VehicleDepartureEvent, vehicle_id: 6, road_id: 1000000000000000040, offset: 0.000000 id: 2777 at time: 2083.57
Processed event: VehicleDepartureEvent, vehicle_id: 6, road_id: 1000000000000000040, offset: 0.000000 id: 2777
processing event: VehicleEnterNewRoadEvent, vehicle_id: 5, road_id: 1000000000000000032 id: 2774 at time: 2083.92
Processed event: VehicleEnterNewRoadEvent, vehicle_id: 5, road_id: 1000000000000000032 id: 2774
processing event: VehicleDepartureEvent, vehicle_id: 5, road_id: 1000000000000000032, offset: 0.000000 id: 2779 at time: 2083.92
Processed event: VehicleDepartureEvent, vehicle_id: 5, road_id: 1000000000000000032, offset: 0.000000 id: 2779
processing event: BusArrivalEvent, vehicle_id: 10, stop_id: 106 id: 2728 at time: 2085.61
Processed event: BusArrivalEvent, vehicle_id: 10, stop_id: 106 id: 2728
processing event: PassengerOnboardEvent, passenger_id: 19 id: 2781 at time: 2085.61
Processed event: PassengerOnboardEvent, passenger_id: 19 id: 2781
processing event: VehicleDepartureEvent, vehicle_id: 15, road_id: 1000000000000000119, offset: 90.970000 id: 2776 at time: 2087.22
Processed event: VehicleDepartureEvent, vehicle_id: 15, road_id: 1000000000000000119, offset: 90.970000 id: 2776
processing event: VehicleArriveIntersectionEvent, vehicle_id: 14, road_id: 1000000000000000481 id: 2653 at time: 2089.69
Processed event: VehicleArriveIntersectionEvent, vehicle_id: 14, road_id: 1000000000000000481 id: 2653
Simulator::runFor: now_ = 2089.69 target = 2090
[progress] simulator time = 2090 / 3600
Event is not valid: VehicleArriveIntersectionEvent, vehicle_id: 13, road_id: 1000000000000000032 id: 2713 at time: 2090.18
processing event: VehicleArriveIntersectionEvent, vehicle_id: 13, road_id: 1000000000000000032 id: 2780 at time: 2090.18
Processed event: VehicleArriveIntersectionEvent, vehicle_id: 13, road_id: 1000000000000000032 id: 2780
processing event: VehicleDepartureEvent, vehicle_id: 10, road_id: 1000000000000000431, offset: 156.920000 id: 2782 at time: 2090.61
Processed event: VehicleDepartureEvent, vehicle_id: 10, road_id: 1000000000000000431, offset: 156.920000 id: 2782
processing event: VehicleEnterNewRoadEvent, vehicle_id: 14, road_id: 1000000000000000482 id: 2784 at time: 2091.49
Processed event: VehicleEnterNewRoadEvent, vehicle_id: 14, road_id: 1000000000000000482 id: 2784
processing event: VehicleDepartureEvent, vehicle_id: 14, road_id: 1000000000000000482, offset: 0.000000 id: 2788 at time: 2091.49
Processed event: VehicleDepartureEvent, vehicle_id: 14, road_id: 1000000000000000482, offset: 0.000000 id: 2788
processing event: VehicleEnterNewRoadEvent, vehicle_id: 13, road_id: 1000000000000001034 id: 2785 at time: 2091.98
Processed event: VehicleEnterNewRoadEvent, vehicle_id: 13, road_id: 1000000000000001034 id: 2785
processing event: VehicleDepartureEvent, vehicle_id: 13, road_id: 1000000000000001034, offset: 0.000000 id: 2791 at time: 2091.98
Processed event: VehicleDepartureEvent, vehicle_id: 13, road_id: 1000000000000001034, offset: 0.000000 id: 2791
processing event: VehicleArriveIntersectionEvent, vehicle_id: 7, road_id: 1000000000000000326 id: 2695 at time: 2092.81
Processed event: VehicleArriveIntersectionEvent, vehicle_id: 7, road_id: 1000000000000000326 id: 2695
processing event: VehicleArriveIntersectionEvent, vehicle_id: 15, road_id: 1000000000000000119 id: 2783 at time: 2093.71
Processed event: VehicleArriveIntersectionEvent, vehicle_id: 15, road_id: 1000000000000000119 id: 2783
processing event: VehicleEnterNewRoadEvent, vehicle_id: 7, road_id: 1000000000000000327 id: 2793 at time: 2094.61
Processed event: VehicleEnterNewRoadEvent, vehicle_id: 7, road_id: 1000000000000000327 id: 2793
processing event: VehicleDepartureEvent, vehicle_id: 7, road_id: 1000000000000000327, offset: 0.000000 id: 2795 at time: 2094.61
Processed event: VehicleDepartureEvent, vehicle_id: 7, road_id: 1000000000000000327, offset: 0.000000 id: 2795
processing event: VehicleEnterNewRoadEvent, vehicle_id: 15, road_id: 1000000000000001184 id: 2794 at time: 2095.51
Processed event: VehicleEnterNewRoadEvent, vehicle_id: 15, road_id: 1000000000000001184 id: 2794
processing event: VehicleDepartureEvent, vehicle_id: 15, road_id: 1000000000000001184, offset: 0.000000 id: 2797 at time: 2095.51
Processed event: VehicleDepartureEvent, vehicle_id: 15, road_id: 1000000000000001184, offset: 0.000000 id: 2797
processing event: VehicleArriveIntersectionEvent, vehicle_id: 12, road_id: 1000000000000000663 id: 2753 at time: 2095.86
Processed event: VehicleArriveIntersectionEvent, vehicle_id: 12, road_id: 1000000000000000663 id: 2753
processing event: VehicleEnterNewRoadEvent, vehicle_id: 12, road_id: 1000000000000001224 id: 2799 at time: 2097.66
Processed event: VehicleEnterNewRoadEvent, vehicle_id: 12, road_id: 1000000000000001224 id: 2799
processing event: VehicleDepartureEvent, vehicle_id: 12, road_id: 1000000000000001224, offset: 0.000000 id: 2800 at time: 2097.66
Processed event: VehicleDepartureEvent, vehicle_id: 12, road_id: 1000000000000001224, offset: 0.000000 id: 2800
Simulator::runFor: now_ = 2097.66 target = 2100
[progress] simulator time = 2100 / 3600
processing event: VehicleArriveIntersectionEvent, vehicle_id: 12, road_id: 1000000000000001224 id: 2801 at time: 2100.36
Processed event: VehicleArriveIntersectionEvent, vehicle_id: 12, road_id: 1000000000000001224 id: 2801
processing event: VehicleEnterNewRoadEvent, vehicle_id: 12, road_id: 1000000000000001225 id: 2802 at time: 2102.16
Processed event: VehicleEnterNewRoadEvent, vehicle_id: 12, road_id: 1000000000000001225 id: 2802
processing event: VehicleDepartureEvent, vehicle_id: 12, road_id: 1000000000000001225, offset: 0.000000 id: 2803 at time: 2102.16
Processed event: VehicleDepartureEvent, vehicle_id: 12, road_id: 1000000000000001225, offset: 0.000000 id: 2803
processing event: VehicleArriveIntersectionEvent, vehicle_id: 8, road_id: 1000000000000000055 id: 2734 at time: 2103.56
Processed event: VehicleArriveIntersectionEvent, vehicle_id: 8, road_id: 1000000000000000055 id: 2734
processing event: VehicleEnterNewRoadEvent, vehicle_id: 8, road_id: 1000000000000000056 id: 2805 at time: 2105.36
Processed event: VehicleEnterNewRoadEvent, vehicle_id: 8, road_id: 1000000000000000056 id: 2805
processing event: VehicleDepartureEvent, vehicle_id: 8, road_id: 1000000000000000056, offset: 0.000000 id: 2806 at time: 2105.36
Processed event: VehicleDepartureEvent, vehicle_id: 8, road_id: 1000000000000000056, offset: 0.000000 id: 2806
processing event: VehicleArriveIntersectionEvent, vehicle_id: 12, road_id: 1000000000000001225 id: 2804 at time: 2105.94
Processed event: VehicleArriveIntersectionEvent, vehicle_id: 12, road_id: 1000000000000001225 id: 2804
processing event: VehicleArriveIntersectionEvent, vehicle_id: 10, road_id: 1000000000000000431 id: 2787 at time: 2106.83
Processed event: VehicleArriveIntersectionEvent, vehicle_id: 10, road_id: 1000000000000000431 id: 2787
processing event: VehicleEnterNewRoadEvent, vehicle_id: 12, road_id: 1000000000000001195 id: 2808 at time: 2107.74
Processed event: VehicleEnterNewRoadEvent, vehicle_id: 12, road_id: 1000000000000001195 id: 2808
processing event: VehicleDepartureEvent, vehicle_id: 12, road_id: 1000000000000001195, offset: 0.000000 id: 2810 at time: 2107.74
Processed event: VehicleDepartureEvent, vehicle_id: 12, road_id: 1000000000000001195, offset: 0.000000 id: 2810
processing event: BusArrivalEvent, vehicle_id: 6, stop_id: 28 id: 2778 at time: 2108.47
Processed event: BusArrivalEvent, vehicle_id: 6, stop_id: 28 id: 2778
processing event: PassengerRouteEndEvent, passenger_id: 30, route_id: 1 id: 2812 at time: 2108.47
Passenger 30 finished all routes
Processed event: PassengerRouteEndEvent, passenger_id: 30, route_id: 1 id: 2812
processing event: PassengerDropoffEvent, passenger_id: 30 id: 2813 at time: 2108.47
Processed event: PassengerDropoffEvent, passenger_id: 30 id: 2813
processing event: OrderFinishedEvent, order_id: 30 id: 2814 at time: 2108.47
Processed event: OrderFinishedEvent, order_id: 30 id: 2814
processing event: VehicleEnterNewRoadEvent, vehicle_id: 10, road_id: 1000000000000000152 id: 2809 at time: 2108.63
Processed event: VehicleEnterNewRoadEvent, vehicle_id: 10, road_id: 1000000000000000152 id: 2809
processing event: VehicleDepartureEvent, vehicle_id: 10, road_id: 1000000000000000152, offset: 0.000000 id: 2815 at time: 2108.63
Processed event: VehicleDepartureEvent, vehicle_id: 10, road_id: 1000000000000000152, offset: 0.000000 id: 2815
Simulator::runFor: now_ = 2108.63 target = 2110
[progress] simulator time = 2110 / 3600
processing event: VehicleArriveIntersectionEvent, vehicle_id: 10, road_id: 1000000000000000152 id: 2816 at time: 2115.11
Processed event: VehicleArriveIntersectionEvent, vehicle_id: 10, road_id: 1000000000000000152 id: 2816
Event is not valid: VehicleCheckPointEvent, vehicle_id: 18 id: 2752 at time: 2116.88
processing event: VehicleEnterNewRoadEvent, vehicle_id: 10, road_id: 1000000000000000159 id: 2817 at time: 2116.91
Processed event: VehicleEnterNewRoadEvent, vehicle_id: 10, road_id: 1000000000000000159 id: 2817
processing event: VehicleDepartureEvent, vehicle_id: 10, road_id: 1000000000000000159, offset: 0.000000 id: 2818 at time: 2116.91
Processed event: VehicleDepartureEvent, vehicle_id: 10, road_id: 1000000000000000159, offset: 0.000000 id: 2818
Event is not valid: VehicleArriveIntersectionEvent, vehicle_id: 9, road_id: 1000000000000000035 id: 2738 at time: 2117.54
processing event: VehicleArriveIntersectionEvent, vehicle_id: 9, road_id: 1000000000000000035 id: 2758 at time: 2117.54
Processed event: VehicleArriveIntersectionEvent, vehicle_id: 9, road_id: 1000000000000000035 id: 2758
processing event: VehicleArriveIntersectionEvent, vehicle_id: 10, road_id: 1000000000000000159 id: 2819 at time: 2118.17
Processed event: VehicleArriveIntersectionEvent, vehicle_id: 10, road_id: 1000000000000000159 id: 2819
processing event: VehicleArriveIntersectionEvent, vehicle_id: 18, road_id: 1000000000000000324 id: 2754 at time: 2118.32
Processed event: VehicleArriveIntersectionEvent, vehicle_id: 18, road_id: 1000000000000000324 id: 2754
processing event: VehicleArriveIntersectionEvent, vehicle_id: 15, road_id: 1000000000000001184 id: 2798 at time: 2118.37
Processed event: VehicleArriveIntersectionEvent, vehicle_id: 15, road_id: 1000000000000001184 id: 2798
processing event: VehicleEnterNewRoadEvent, vehicle_id: 9, road_id: 1000000000000000036 id: 2820 at time: 2119.34
Processed event: VehicleEnterNewRoadEvent, vehicle_id: 9, road_id: 1000000000000000036 id: 2820
processing event: VehicleDepartureEvent, vehicle_id: 9, road_id: 1000000000000000036, offset: 0.000000 id: 2825 at time: 2119.34
Processed event: VehicleDepartureEvent, vehicle_id: 9, road_id: 1000000000000000036, offset: 0.000000 id: 2825
processing event: VehicleEnterNewRoadEvent, vehicle_id: 10, road_id: 1000000000000000169 id: 2821 at time: 2119.97
Processed event: VehicleEnterNewRoadEvent, vehicle_id: 10, road_id: 1000000000000000169 id: 2821
processing event: VehicleDepartureEvent, vehicle_id: 10, road_id: 1000000000000000169, offset: 0.000000 id: 2827 at time: 2119.97
Processed event: VehicleDepartureEvent, vehicle_id: 10, road_id: 1000000000000000169, offset: 0.000000 id: 2827
Simulator::runFor: now_ = 2119.97 target = 2120
[progress] simulator time = 2120 / 3600
processing event: VehicleEnterNewRoadEvent, vehicle_id: 18, road_id: 1000000000000000326 id: 2822 at time: 2120.12
Processed event: VehicleEnterNewRoadEvent, vehicle_id: 18, road_id: 1000000000000000326 id: 2822
processing event: VehicleDepartureEvent, vehicle_id: 18, road_id: 1000000000000000326, offset: 0.000000 id: 2830 at time: 2120.12
Processed event: VehicleDepartureEvent, vehicle_id: 18, road_id: 1000000000000000326, offset: 0.000000 id: 2830
processing event: VehicleEnterNewRoadEvent, vehicle_id: 15, road_id: 1000000000000001054 id: 2824 at time: 2120.17
Processed event: VehicleEnterNewRoadEvent, vehicle_id: 15, road_id: 1000000000000001054 id: 2824
processing event: VehicleDepartureEvent, vehicle_id: 15, road_id: 1000000000000001054, offset: 0.000000 id: 2832 at time: 2120.17
Processed event: VehicleDepartureEvent, vehicle_id: 15, road_id: 1000000000000001054, offset: 0.000000 id: 2832
processing event: VehicleArriveIntersectionEvent, vehicle_id: 19, road_id: 1000000000000000085 id: 2756 at time: 2122.99
Processed event: VehicleArriveIntersectionEvent, vehicle_id: 19, road_id: 1000000000000000085 id: 2756
processing event: VehicleEnterNewRoadEvent, vehicle_id: 19, road_id: 1000000000000001086 id: 2834 at time: 2124.79
Processed event: VehicleEnterNewRoadEvent, vehicle_id: 19, road_id: 1000000000000001086 id: 2834
processing event: VehicleDepartureEvent, vehicle_id: 19, road_id: 1000000000000001086, offset: 0.000000 id: 2835 at time: 2124.79
Processed event: VehicleDepartureEvent, vehicle_id: 19, road_id: 1000000000000001086, offset: 0.000000 id: 2835
Event is not valid: VehicleCheckPointEvent, vehicle_id: 3 id: 2823 at time: 2125.58
processing event: VehicleArriveIntersectionEvent, vehicle_id: 10, road_id: 1000000000000000169 id: 2828 at time: 2126.27
Processed event: VehicleArriveIntersectionEvent, vehicle_id: 10, road_id: 1000000000000000169 id: 2828
processing event: VehicleArriveIntersectionEvent, vehicle_id: 3, road_id: 1000000000000000324 id: 2829 at time: 2127.02
Processed event: VehicleArriveIntersectionEvent, vehicle_id: 3, road_id: 1000000000000000324 id: 2829
processing event: VehicleEnterNewRoadEvent, vehicle_id: 10, road_id: 1000000000000000199 id: 2837 at time: 2128.07
Processed event: VehicleEnterNewRoadEvent, vehicle_id: 10, road_id: 1000000000000000199 id: 2837
processing event: VehicleDepartureEvent, vehicle_id: 10, road_id: 1000000000000000199, offset: 0.000000 id: 2839 at time: 2128.07
Processed event: VehicleDepartureEvent, vehicle_id: 10, road_id: 1000000000000000199, offset: 0.000000 id: 2839
processing event: VehicleEnterNewRoadEvent, vehicle_id: 3, road_id: 1000000000000000326 id: 2838 at time: 2128.82
Processed event: VehicleEnterNewRoadEvent, vehicle_id: 3, road_id: 1000000000000000326 id: 2838
processing event: VehicleDepartureEvent, vehicle_id: 3, road_id: 1000000000000000326, offset: 0.000000 id: 2841 at time: 2128.82
Processed event: VehicleDepartureEvent, vehicle_id: 3, road_id: 1000000000000000326, offset: 0.000000 id: 2841
Event is not valid: VehicleCheckPointEvent, vehicle_id: 5 id: 2786 at time: 2129.1
Simulator::runFor: now_ = 2129.1 target = 2130
[progress] simulator time = 2130 / 3600
processing event: VehicleArriveIntersectionEvent, vehicle_id: 12, road_id: 1000000000000001195 id: 2811 at time: 2130.25
Processed event: VehicleArriveIntersectionEvent, vehicle_id: 12, road_id: 1000000000000001195 id: 2811
processing event: VehicleArriveIntersectionEvent, vehicle_id: 5, road_id: 1000000000000000032 id: 2790 at time: 2130.54
Processed event: VehicleArriveIntersectionEvent, vehicle_id: 5, road_id: 1000000000000000032 id: 2790
processing event: BusArrivalEvent, vehicle_id: 9, stop_id: 237 id: 2826 at time: 2131.73
Processed event: BusArrivalEvent, vehicle_id: 9, stop_id: 237 id: 2826
processing event: PassengerRouteEndEvent, passenger_id: 28, route_id: 1 id: 2845 at time: 2131.73
Passenger 28 finished all routes
Processed event: PassengerRouteEndEvent, passenger_id: 28, route_id: 1 id: 2845
processing event: PassengerDropoffEvent, passenger_id: 28 id: 2847 at time: 2131.73
Processed event: PassengerDropoffEvent, passenger_id: 28 id: 2847
processing event: OrderFinishedEvent, order_id: 28 id: 2848 at time: 2131.73
Processed event: OrderFinishedEvent, order_id: 28 id: 2848
processing event: VehicleEnterNewRoadEvent, vehicle_id: 12, road_id: 1000000000000001067 id: 2843 at time: 2132.05
Processed event: VehicleEnterNewRoadEvent, vehicle_id: 12, road_id: 1000000000000001067 id: 2843
processing event: VehicleDepartureEvent, vehicle_id: 12, road_id: 1000000000000001067, offset: 0.000000 id: 2849 at time: 2132.05
Processed event: VehicleDepartureEvent, vehicle_id: 12, road_id: 1000000000000001067, offset: 0.000000 id: 2849
processing event: VehicleArriveIntersectionEvent, vehicle_id: 13, road_id: 1000000000000001034 id: 2792 at time: 2132.13
Processed event: VehicleArriveIntersectionEvent, vehicle_id: 13, road_id: 1000000000000001034 id: 2792
processing event: VehicleEnterNewRoadEvent, vehicle_id: 5, road_id: 1000000000000000033 id: 2844 at time: 2132.34
Processed event: VehicleEnterNewRoadEvent, vehicle_id: 5, road_id: 1000000000000000033 id: 2844
processing event: VehicleDepartureEvent, vehicle_id: 5, road_id: 1000000000000000033, offset: 0.000000 id: 2852 at time: 2132.34
Processed event: VehicleDepartureEvent, vehicle_id: 5, road_id: 1000000000000000033, offset: 0.000000 id: 2852
processing event: VehicleEnterNewRoadEvent, vehicle_id: 13, road_id: 1000000000000001048 id: 2851 at time: 2133.93
Processed event: VehicleEnterNewRoadEvent, vehicle_id: 13, road_id: 1000000000000001048 id: 2851
processing event: VehicleDepartureEvent, vehicle_id: 13, road_id: 1000000000000001048, offset: 0.000000 id: 2854 at time: 2133.93
Processed event: VehicleDepartureEvent, vehicle_id: 13, road_id: 1000000000000001048, offset: 0.000000 id: 2854
processing event: VehicleArriveIntersectionEvent, vehicle_id: 17, road_id: 1000000000000000458 id: 2768 at time: 2134.79
Processed event: VehicleArriveIntersectionEvent, vehicle_id: 17, road_id: 1000000000000000458 id: 2768
processing event: VehicleEnterNewRoadEvent, vehicle_id: 17, road_id: 1000000000000000459 id: 2856 at time: 2136.59
Processed event: VehicleEnterNewRoadEvent, vehicle_id: 17, road_id: 1000000000000000459 id: 2856
processing event: VehicleDepartureEvent, vehicle_id: 17, road_id: 1000000000000000459, offset: 0.000000 id: 2857 at time: 2136.59
Processed event: VehicleDepartureEvent, vehicle_id: 17, road_id: 1000000000000000459, offset: 0.000000 id: 2857
processing event: VehicleDepartureEvent, vehicle_id: 9, road_id: 1000000000000000036, offset: 68.820000 id: 2846 at time: 2136.73
Processed event: VehicleDepartureEvent, vehicle_id: 9, road_id: 1000000000000000036, offset: 68.820000 id: 2846
Simulator::runFor: now_ = 2136.73 target = 2140
[progress] simulator time = 2140 / 3600
processing event: VehicleArriveIntersectionEvent, vehicle_id: 1, road_id: 1000000000000000377 id: 2746 at time: 2145.7
Processed event: VehicleArriveIntersectionEvent, vehicle_id: 1, road_id: 1000000000000000377 id: 2746
processing event: VehicleEnterNewRoadEvent, vehicle_id: 1, road_id: 1000000000000000378 id: 2860 at time: 2147.5
Processed event: VehicleEnterNewRoadEvent, vehicle_id: 1, road_id: 1000000000000000378 id: 2860
processing event: VehicleDepartureEvent, vehicle_id: 1, road_id: 1000000000000000378, offset: 0.000000 id: 2861 at time: 2147.5
Processed event: VehicleDepartureEvent, vehicle_id: 1, road_id: 1000000000000000378, offset: 0.000000 id: 2861
Simulator::runFor: now_ = 2147.5 target = 2150
[progress] simulator time = 2150 / 3600
processing event: VehicleArriveIntersectionEvent, vehicle_id: 9, road_id: 1000000000000000036 id: 2859 at time: 2154.76
Processed event: VehicleArriveIntersectionEvent, vehicle_id: 9, road_id: 1000000000000000036 id: 2859
processing event: VehicleArriveIntersectionEvent, vehicle_id: 15, road_id: 1000000000000001054 id: 2833 at time: 2155.99
Processed event: VehicleArriveIntersectionEvent, vehicle_id: 15, road_id: 1000000000000001054 id: 2833
processing event: VehicleArriveIntersectionEvent, vehicle_id: 10, road_id: 1000000000000000199 id: 2840 at time: 2156.51
Processed event: VehicleArriveIntersectionEvent, vehicle_id: 10, road_id: 1000000000000000199 id: 2840
processing event: VehicleArriveIntersectionEvent, vehicle_id: 12, road_id: 1000000000000001067 id: 2850 at time: 2156.53
Processed event: VehicleArriveIntersectionEvent, vehicle_id: 12, road_id: 1000000000000001067 id: 2850
processing event: VehicleEnterNewRoadEvent, vehicle_id: 9, road_id: 1000000000000000246 id: 2863 at time: 2156.56
Processed event: VehicleEnterNewRoadEvent, vehicle_id: 9, road_id: 1000000000000000246 id: 2863
processing event: VehicleDepartureEvent, vehicle_id: 9, road_id: 1000000000000000246, offset: 0.000000 id: 2867 at time: 2156.56
Processed event: VehicleDepartureEvent, vehicle_id: 9, road_id: 1000000000000000246, offset: 0.000000 id: 2867
processing event: VehicleEnterNewRoadEvent, vehicle_id: 15, road_id: 1000000000000000118 id: 2864 at time: 2157.79
Processed event: VehicleEnterNewRoadEvent, vehicle_id: 15, road_id: 1000000000000000118 id: 2864
processing event: VehicleDepartureEvent, vehicle_id: 15, road_id: 1000000000000000118, offset: 0.000000 id: 2869 at time: 2157.79
Processed event: VehicleDepartureEvent, vehicle_id: 15, road_id: 1000000000000000118, offset: 0.000000 id: 2869
processing event: VehicleEnterNewRoadEvent, vehicle_id: 10, road_id: 1000000000000000200 id: 2865 at time: 2158.31
Processed event: VehicleEnterNewRoadEvent, vehicle_id: 10, road_id: 1000000000000000200 id: 2865
processing event: VehicleDepartureEvent, vehicle_id: 10, road_id: 1000000000000000200, offset: 0.000000 id: 2871 at time: 2158.31
Processed event: VehicleDepartureEvent, vehicle_id: 10, road_id: 1000000000000000200, offset: 0.000000 id: 2871
processing event: VehicleEnterNewRoadEvent, vehicle_id: 12, road_id: 1000000000000001066 id: 2866 at time: 2158.33
Processed event: VehicleEnterNewRoadEvent, vehicle_id: 12, road_id: 1000000000000001066 id: 2866
processing event: VehicleDepartureEvent, vehicle_id: 12, road_id: 1000000000000001066, offset: 0.000000 id: 2873 at time: 2158.33
Processed event: VehicleDepartureEvent, vehicle_id: 12, road_id: 1000000000000001066, offset: 0.000000 id: 2873
Simulator::runFor: now_ = 2158.33 target = 2160
[progress] simulator time = 2160 / 3600
processing event: VehicleArriveIntersectionEvent, vehicle_id: 4, road_id: 1000000000000000082 id: 2766 at time: 2165.16
Processed event: VehicleArriveIntersectionEvent, vehicle_id: 4, road_id: 1000000000000000082 id: 2766
processing event: VehicleEnterNewRoadEvent, vehicle_id: 4, road_id: 1000000000000000083 id: 2875 at time: 2166.96
Processed event: VehicleEnterNewRoadEvent, vehicle_id: 4, road_id: 1000000000000000083 id: 2875
processing event: VehicleDepartureEvent, vehicle_id: 4, road_id: 1000000000000000083, offset: 0.000000 id: 2876 at time: 2166.96
Processed event: VehicleDepartureEvent, vehicle_id: 4, road_id: 1000000000000000083, offset: 0.000000 id: 2876
Simulator::runFor: now_ = 2166.96 target = 2170
[progress] simulator time = 2170 / 3600
Event is not valid: VehicleArriveIntersectionEvent, vehicle_id: 11, road_id: 1000000000000000024 id: 2740 at time: 2172.08
processing event: VehicleArriveIntersectionEvent, vehicle_id: 11, road_id: 1000000000000000024 id: 2760 at time: 2172.08
Processed event: VehicleArriveIntersectionEvent, vehicle_id: 11, road_id: 1000000000000000024 id: 2760
processing event: BusArrivalEvent, vehicle_id: 5, stop_id: 49 id: 2853 at time: 2172.37
Processed event: BusArrivalEvent, vehicle_id: 5, stop_id: 49 id: 2853
processing event: PassengerOnboardEvent, passenger_id: 11 id: 2879 at time: 2172.37
Processed event: PassengerOnboardEvent, passenger_id: 11 id: 2879
processing event: VehicleEnterNewRoadEvent, vehicle_id: 11, road_id: 1000000000000000061 id: 2878 at time: 2173.88
Processed event: VehicleEnterNewRoadEvent, vehicle_id: 11, road_id: 1000000000000000061 id: 2878
processing event: VehicleDepartureEvent, vehicle_id: 11, road_id: 1000000000000000061, offset: 0.000000 id: 2881 at time: 2173.88
Processed event: VehicleDepartureEvent, vehicle_id: 11, road_id: 1000000000000000061, offset: 0.000000 id: 2881
processing event: BusArrivalEvent, vehicle_id: 15, stop_id: 42 id: 2870 at time: 2176.53
Processed event: BusArrivalEvent, vehicle_id: 15, stop_id: 42 id: 2870
processing event: PassengerRouteEndEvent, passenger_id: 23, route_id: 1 id: 2883 at time: 2176.53
Passenger 23 finished all routes
Processed event: PassengerRouteEndEvent, passenger_id: 23, route_id: 1 id: 2883
processing event: PassengerDropoffEvent, passenger_id: 23 id: 2885 at time: 2176.53
Processed event: PassengerDropoffEvent, passenger_id: 23 id: 2885
processing event: OrderFinishedEvent, order_id: 23 id: 2886 at time: 2176.53
Processed event: OrderFinishedEvent, order_id: 23 id: 2886
processing event: VehicleArriveIntersectionEvent, vehicle_id: 17, road_id: 1000000000000000459 id: 2858 at time: 2176.55
Processed event: VehicleArriveIntersectionEvent, vehicle_id: 17, road_id: 1000000000000000459 id: 2858
processing event: VehicleDepartureEvent, vehicle_id: 5, road_id: 1000000000000000033, offset: 222.330000 id: 2880 at time: 2177.37
Processed event: VehicleDepartureEvent, vehicle_id: 5, road_id: 1000000000000000033, offset: 222.330000 id: 2880
processing event: VehicleArriveIntersectionEvent, vehicle_id: 8, road_id: 1000000000000000056 id: 2807 at time: 2177.73
Processed event: VehicleArriveIntersectionEvent, vehicle_id: 8, road_id: 1000000000000000056 id: 2807
processing event: VehicleEnterNewRoadEvent, vehicle_id: 17, road_id: 1000000000000000460 id: 2887 at time: 2178.35
Processed event: VehicleEnterNewRoadEvent, vehicle_id: 17, road_id: 1000000000000000460 id: 2887
processing event: VehicleDepartureEvent, vehicle_id: 17, road_id: 1000000000000000460, offset: 0.000000 id: 2890 at time: 2178.35
Processed event: VehicleDepartureEvent, vehicle_id: 17, road_id: 1000000000000000460, offset: 0.000000 id: 2890
processing event: VehicleEnterNewRoadEvent, vehicle_id: 8, road_id: 1000000000000000423 id: 2889 at time: 2179.53
Processed event: VehicleEnterNewRoadEvent, vehicle_id: 8, road_id: 1000000000000000423 id: 2889
processing event: VehicleDepartureEvent, vehicle_id: 8, road_id: 1000000000000000423, offset: 0.000000 id: 2892 at time: 2179.53
Processed event: VehicleDepartureEvent, vehicle_id: 8, road_id: 1000000000000000423, offset: 0.000000 id: 2892
Simulator::runFor: now_ = 2179.53 target = 2180
[progress] simulator time = 2180 / 3600
processing event: VehicleArriveIntersectionEvent, vehicle_id: 18, road_id: 1000000000000000326 id: 2831 at time: 2180.6
Processed event: VehicleArriveIntersectionEvent, vehicle_id: 18, road_id: 1000000000000000326 id: 2831
processing event: VehicleDepartureEvent, vehicle_id: 15, road_id: 1000000000000000118, offset: 104.100000 id: 2884 at time: 2181.53
Processed event: VehicleDepartureEvent, vehicle_id: 15, road_id: 1000000000000000118, offset: 104.100000 id: 2884
processing event: VehicleArriveIntersectionEvent, vehicle_id: 13, road_id: 1000000000000001048 id: 2855 at time: 2181.81
Processed event: VehicleArriveIntersectionEvent, vehicle_id: 13, road_id: 1000000000000001048 id: 2855
processing event: VehicleEnterNewRoadEvent, vehicle_id: 18, road_id: 1000000000000000327 id: 2894 at time: 2182.41
Processed event: VehicleEnterNewRoadEvent, vehicle_id: 18, road_id: 1000000000000000327 id: 2894
processing event: VehicleDepartureEvent, vehicle_id: 18, road_id: 1000000000000000327, offset: 0.000000 id: 2897 at time: 2182.41
Processed event: VehicleDepartureEvent, vehicle_id: 18, road_id: 1000000000000000327, offset: 0.000000 id: 2897
processing event: VehicleEnterNewRoadEvent, vehicle_id: 13, road_id: 1000000000000001047 id: 2896 at time: 2183.61
Processed event: VehicleEnterNewRoadEvent, vehicle_id: 13, road_id: 1000000000000001047 id: 2896
processing event: VehicleDepartureEvent, vehicle_id: 13, road_id: 1000000000000001047, offset: 0.000000 id: 2899 at time: 2183.61
Processed event: VehicleDepartureEvent, vehicle_id: 13, road_id: 1000000000000001047, offset: 0.000000 id: 2899
processing event: VehicleArriveIntersectionEvent, vehicle_id: 5, road_id: 1000000000000000033 id: 2888 at time: 2188.11
Processed event: VehicleArriveIntersectionEvent, vehicle_id: 5, road_id: 1000000000000000033 id: 2888
processing event: VehicleArriveIntersectionEvent, vehicle_id: 3, road_id: 1000000000000000326 id: 2842 at time: 2189.31
Processed event: VehicleArriveIntersectionEvent, vehicle_id: 3, road_id: 1000000000000000326 id: 2842
processing event: VehicleEnterNewRoadEvent, vehicle_id: 5, road_id: 1000000000000000322 id: 2901 at time: 2189.91
Processed event: VehicleEnterNewRoadEvent, vehicle_id: 5, road_id: 1000000000000000322 id: 2901
processing event: VehicleDepartureEvent, vehicle_id: 5, road_id: 1000000000000000322, offset: 0.000000 id: 2903 at time: 2189.91
Processed event: VehicleDepartureEvent, vehicle_id: 5, road_id: 1000000000000000322, offset: 0.000000 id: 2903
Simulator::runFor: now_ = 2189.91 target = 2190
[progress] simulator time = 2190 / 3600
processing event: VehicleEnterNewRoadEvent, vehicle_id: 3, road_id: 1000000000000000327 id: 2902 at time: 2191.11
Processed event: VehicleEnterNewRoadEvent, vehicle_id: 3, road_id: 1000000000000000327 id: 2902
processing event: VehicleDepartureEvent, vehicle_id: 3, road_id: 1000000000000000327, offset: 0.000000 id: 2905 at time: 2191.11
Processed event: VehicleDepartureEvent, vehicle_id: 3, road_id: 1000000000000000327, offset: 0.000000 id: 2905
processing event: VehicleArriveIntersectionEvent, vehicle_id: 14, road_id: 1000000000000000482 id: 2789 at time: 2194.28
Processed event: VehicleArriveIntersectionEvent, vehicle_id: 14, road_id: 1000000000000000482 id: 2789
processing event: VehicleArriveIntersectionEvent, vehicle_id: 7, road_id: 1000000000000000327 id: 2796 at time: 2195.96
Processed event: VehicleArriveIntersectionEvent, vehicle_id: 7, road_id: 1000000000000000327 id: 2796
processing event: VehicleEnterNewRoadEvent, vehicle_id: 14, road_id: 1000000000000000190 id: 2907 at time: 2196.08
Processed event: VehicleEnterNewRoadEvent, vehicle_id: 14, road_id: 1000000000000000190 id: 2907
processing event: VehicleDepartureEvent, vehicle_id: 14, road_id: 1000000000000000190, offset: 0.000000 id: 2909 at time: 2196.08
Processed event: VehicleDepartureEvent, vehicle_id: 14, road_id: 1000000000000000190, offset: 0.000000 id: 2909
processing event: VehicleEnterNewRoadEvent, vehicle_id: 7, road_id: 1000000000000000328 id: 2908 at time: 2197.76
Processed event: VehicleEnterNewRoadEvent, vehicle_id: 7, road_id: 1000000000000000328 id: 2908
processing event: VehicleDepartureEvent, vehicle_id: 7, road_id: 1000000000000000328, offset: 0.000000 id: 2911 at time: 2197.76
Processed event: VehicleDepartureEvent, vehicle_id: 7, road_id: 1000000000000000328, offset: 0.000000 id: 2911
processing event: VehicleArriveIntersectionEvent, vehicle_id: 15, road_id: 1000000000000000118 id: 2895 at time: 2198.62
Processed event: VehicleArriveIntersectionEvent, vehicle_id: 15, road_id: 1000000000000000118 id: 2895
processing event: BusArrivalEvent, vehicle_id: 11, stop_id: 72 id: 2882 at time: 2199.88
Processed event: BusArrivalEvent, vehicle_id: 11, stop_id: 72 id: 2882
processing event: PassengerRouteEndEvent, passenger_id: 22, route_id: 1 id: 2914 at time: 2199.88
Passenger 22 finished all routes
Processed event: PassengerRouteEndEvent, passenger_id: 22, route_id: 1 id: 2914
processing event: PassengerDropoffEvent, passenger_id: 22 id: 2916 at time: 2199.88
Processed event: PassengerDropoffEvent, passenger_id: 22 id: 2916
processing event: OrderFinishedEvent, order_id: 22 id: 2917 at time: 2199.88
Processed event: OrderFinishedEvent, order_id: 22 id: 2917
Simulator::runFor: now_ = 2199.88 target = 2200
[progress] simulator time = 2200 / 3600
processing event: VehicleEnterNewRoadEvent, vehicle_id: 15, road_id: 1000000000000000119 id: 2913 at time: 2200.42
Processed event: VehicleEnterNewRoadEvent, vehicle_id: 15, road_id: 1000000000000000119 id: 2913
processing event: VehicleDepartureEvent, vehicle_id: 15, road_id: 1000000000000000119, offset: 0.000000 id: 2918 at time: 2200.42
Processed event: VehicleDepartureEvent, vehicle_id: 15, road_id: 1000000000000000119, offset: 0.000000 id: 2918
processing event: VehicleArriveIntersectionEvent, vehicle_id: 9, road_id: 1000000000000000246 id: 2868 at time: 2200.67
Processed event: VehicleArriveIntersectionEvent, vehicle_id: 9, road_id: 1000000000000000246 id: 2868
processing event: VehicleEnterNewRoadEvent, vehicle_id: 9, road_id: 1000000000000000248 id: 2920 at time: 2202.47
Processed event: VehicleEnterNewRoadEvent, vehicle_id: 9, road_id: 1000000000000000248 id: 2920
processing event: VehicleDepartureEvent, vehicle_id: 9, road_id: 1000000000000000248, offset: 0.000000 id: 2921 at time: 2202.47
Processed event: VehicleDepartureEvent, vehicle_id: 9, road_id: 1000000000000000248, offset: 0.000000 id: 2921
processing event: VehicleDepartureEvent, vehicle_id: 11, road_id: 1000000000000000061, offset: 144.450000 id: 2915 at time: 2204.88
Processed event: VehicleDepartureEvent, vehicle_id: 11, road_id: 1000000000000000061, offset: 144.450000 id: 2915
processing event: PassengerRouteStartEvent, passenger_id: 43, route_id: 1 id: 42 at time: 2205
Processed event: PassengerRouteStartEvent, passenger_id: 43, route_id: 1 id: 42
processing event: OrderCreatedEvent, order_id: 43, available_pickups: 45 , available_dropoffs: 50 , passenger_id: 43, route_id: 1, passenger_num: 0 id: 2924 at time: 2205
Processed event: OrderCreatedEvent, order_id: 43, available_pickups: 45 , available_dropoffs: 50 , passenger_id: 43, route_id: 1, passenger_num: 3 id: 2924
processing event: VehicleArriveIntersectionEvent, vehicle_id: 12, road_id: 1000000000000001066 id: 2874 at time: 2209.99
Processed event: VehicleArriveIntersectionEvent, vehicle_id: 12, road_id: 1000000000000001066 id: 2874
processing event: PassengerRouteStartEvent, passenger_id: 44, route_id: 1 id: 43 at time: 2210
Processed event: PassengerRouteStartEvent, passenger_id: 44, route_id: 1 id: 43
processing event: OrderCreatedEvent, order_id: 44, available_pickups: 111 , available_dropoffs: 128 , passenger_id: 44, route_id: 1, passenger_num: 0 id: 2926 at time: 2210
Processed event: OrderCreatedEvent, order_id: 44, available_pickups: 111 , available_dropoffs: 128 , passenger_id: 44, route_id: 1, passenger_num: 2 id: 2926
Simulator::runFor: now_ = 2210 target = 2210
[progress] simulator time = 2210 / 3600
processing event: OrderMatchedEvent, order_id: 43, vehicle_id: 14 id: 2927 at time: 2210
Processed event: OrderMatchedEvent, order_id: 43, vehicle_id: 14 id: 2927
processing event: OrderMatchedEvent, order_id: 44, vehicle_id: 18 id: 2929 at time: 2210
Processed event: OrderMatchedEvent, order_id: 44, vehicle_id: 18 id: 2929
processing event: PassengerArrivalEvent, passenger_id: 43 id: 2931 at time: 2210
Processed event: PassengerArrivalEvent, passenger_id: 43 id: 2931
processing event: PassengerArrivalEvent, passenger_id: 44 id: 2932 at time: 2210
Processed event: PassengerArrivalEvent, passenger_id: 44 id: 2932
processing event: VehicleEnterNewRoadEvent, vehicle_id: 12, road_id: 1000000000000001065 id: 2925 at time: 2211.79
Processed event: VehicleEnterNewRoadEvent, vehicle_id: 12, road_id: 1000000000000001065 id: 2925
processing event: VehicleDepartureEvent, vehicle_id: 12, road_id: 1000000000000001065, offset: 0.000000 id: 2933 at time: 2211.79
Processed event: VehicleDepartureEvent, vehicle_id: 12, road_id: 1000000000000001065, offset: 0.000000 id: 2933
processing event: PassengerRouteStartEvent, passenger_id: 45, route_id: 1 id: 44 at time: 2214
Processed event: PassengerRouteStartEvent, passenger_id: 45, route_id: 1 id: 44
processing event: OrderCreatedEvent, order_id: 45, available_pickups: 281 , available_dropoffs: 273 , passenger_id: 45, route_id: 1, passenger_num: 0 id: 2935 at time: 2214
Processed event: OrderCreatedEvent, order_id: 45, available_pickups: 281 , available_dropoffs: 273 , passenger_id: 45, route_id: 1, passenger_num: 1 id: 2935
Event is not valid: BusArrivalEvent, vehicle_id: 18, stop_id: 156 id: 2898 at time: 2214.8
Event is not valid: BusArrivalEvent, vehicle_id: 18, stop_id: 156 id: 2906 at time: 2214.8
processing event: BusArrivalEvent, vehicle_id: 18, stop_id: 156 id: 2930 at time: 2214.8
Processed event: BusArrivalEvent, vehicle_id: 18, stop_id: 156 id: 2930
processing event: PassengerOnboardEvent, passenger_id: 31 id: 2937 at time: 2214.8
Processed event: PassengerOnboardEvent, passenger_id: 31 id: 2937
processing event: PassengerRouteStartEvent, passenger_id: 46, route_id: 1 id: 45 at time: 2217
Processed event: PassengerRouteStartEvent, passenger_id: 46, route_id: 1 id: 45
processing event: OrderCreatedEvent, order_id: 46, available_pickups: 63 , available_dropoffs: 62 , passenger_id: 46, route_id: 1, passenger_num: 0 id: 2939 at time: 2217
Processed event: OrderCreatedEvent, order_id: 46, available_pickups: 63 , available_dropoffs: 62 , passenger_id: 46, route_id: 1, passenger_num: 2 id: 2939
processing event: VehicleDepartureEvent, vehicle_id: 18, road_id: 1000000000000000327, offset: 179.940000 id: 2938 at time: 2219.8
Processed event: VehicleDepartureEvent, vehicle_id: 18, road_id: 1000000000000000327, offset: 179.940000 id: 2938
processing event: PassengerRouteStartEvent, passenger_id: 47, route_id: 1 id: 46 at time: 2220
Processed event: PassengerRouteStartEvent, passenger_id: 47, route_id: 1 id: 46
processing event: OrderCreatedEvent, order_id: 47, available_pickups: 1 , available_dropoffs: 103 , passenger_id: 47, route_id: 1, passenger_num: 0 id: 2941 at time: 2220
Processed event: OrderCreatedEvent, order_id: 47, available_pickups: 1 , available_dropoffs: 103 , passenger_id: 47, route_id: 1, passenger_num: 1 id: 2941
Simulator::runFor: now_ = 2220 target = 2220
[progress] simulator time = 2220 / 3600
processing event: OrderMatchedEvent, order_id: 47, vehicle_id: 19 id: 2942 at time: 2220
Processed event: OrderMatchedEvent, order_id: 47, vehicle_id: 19 id: 2942
processing event: OrderMatchedEvent, order_id: 46, vehicle_id: 18 id: 2944 at time: 2220
Processed event: OrderMatchedEvent, order_id: 46, vehicle_id: 18 id: 2944
processing event: OrderMatchedEvent, order_id: 45, vehicle_id: 3 id: 2946 at time: 2220
Processed event: OrderMatchedEvent, order_id: 45, vehicle_id: 3 id: 2946
processing event: PassengerArrivalEvent, passenger_id: 47 id: 2948 at time: 2220
Processed event: PassengerArrivalEvent, passenger_id: 47 id: 2948
processing event: PassengerArrivalEvent, passenger_id: 46 id: 2949 at time: 2220
Processed event: PassengerArrivalEvent, passenger_id: 46 id: 2949
processing event: PassengerArrivalEvent, passenger_id: 45 id: 2950 at time: 2220
Processed event: PassengerArrivalEvent, passenger_id: 45 id: 2950
Event is not valid: VehicleArriveIntersectionEvent, vehicle_id: 19, road_id: 1000000000000001086 id: 2836 at time: 2220.56
processing event: VehicleArriveIntersectionEvent, vehicle_id: 19, road_id: 1000000000000001086 id: 2943 at time: 2220.56
Processed event: VehicleArriveIntersectionEvent, vehicle_id: 19, road_id: 1000000000000001086 id: 2943
processing event: VehicleArriveIntersectionEvent, vehicle_id: 4, road_id: 1000000000000000083 id: 2877 at time: 2220.61
Processed event: VehicleArriveIntersectionEvent, vehicle_id: 4, road_id: 1000000000000000083 id: 2877
processing event: VehicleArriveIntersectionEvent, vehicle_id: 1, road_id: 1000000000000000378 id: 2862 at time: 2220.95
Processed event: VehicleArriveIntersectionEvent, vehicle_id: 1, road_id: 1000000000000000378 id: 2862
processing event: VehicleArriveIntersectionEvent, vehicle_id: 17, road_id: 1000000000000000460 id: 2891 at time: 2221.73
Processed event: VehicleArriveIntersectionEvent, vehicle_id: 17, road_id: 1000000000000000460 id: 2891
processing event: VehicleEnterNewRoadEvent, vehicle_id: 19, road_id: 1000000000000001085 id: 2951 at time: 2222.36
Processed event: VehicleEnterNewRoadEvent, vehicle_id: 19, road_id: 1000000000000001085 id: 2951
processing event: VehicleDepartureEvent, vehicle_id: 19, road_id: 1000000000000001085, offset: 0.000000 id: 2955 at time: 2222.36
Processed event: VehicleDepartureEvent, vehicle_id: 19, road_id: 1000000000000001085, offset: 0.000000 id: 2955
processing event: VehicleEnterNewRoadEvent, vehicle_id: 4, road_id: 1000000000000000085 id: 2952 at time: 2222.41
Processed event: VehicleEnterNewRoadEvent, vehicle_id: 4, road_id: 1000000000000000085 id: 2952
processing event: VehicleDepartureEvent, vehicle_id: 4, road_id: 1000000000000000085, offset: 0.000000 id: 2957 at time: 2222.41
Processed event: VehicleDepartureEvent, vehicle_id: 4, road_id: 1000000000000000085, offset: 0.000000 id: 2957
processing event: VehicleEnterNewRoadEvent, vehicle_id: 1, road_id: 1000000000000000496 id: 2953 at time: 2222.75
Processed event: VehicleEnterNewRoadEvent, vehicle_id: 1, road_id: 1000000000000000496 id: 2953
processing event: VehicleDepartureEvent, vehicle_id: 1, road_id: 1000000000000000496, offset: 0.000000 id: 2959 at time: 2222.75
Processed event: VehicleDepartureEvent, vehicle_id: 1, road_id: 1000000000000000496, offset: 0.000000 id: 2959
processing event: VehicleArriveIntersectionEvent, vehicle_id: 15, road_id: 1000000000000000119 id: 2919 at time: 2223.28
Processed event: VehicleArriveIntersectionEvent, vehicle_id: 15, road_id: 1000000000000000119 id: 2919
processing event: VehicleEnterNewRoadEvent, vehicle_id: 17, road_id: 1000000000000000474 id: 2954 at time: 2223.53
Processed event: VehicleEnterNewRoadEvent, vehicle_id: 17, road_id: 1000000000000000474 id: 2954
processing event: VehicleDepartureEvent, vehicle_id: 17, road_id: 1000000000000000474, offset: 0.000000 id: 2962 at time: 2223.53
Processed event: VehicleDepartureEvent, vehicle_id: 17, road_id: 1000000000000000474, offset: 0.000000 id: 2962
processing event: VehicleEnterNewRoadEvent, vehicle_id: 15, road_id: 1000000000000000635 id: 2961 at time: 2225.08
Processed event: VehicleEnterNewRoadEvent, vehicle_id: 15, road_id: 1000000000000000635 id: 2961
processing event: VehicleDepartureEvent, vehicle_id: 15, road_id: 1000000000000000635, offset: 0.000000 id: 2964 at time: 2225.08
Processed event: VehicleDepartureEvent, vehicle_id: 15, road_id: 1000000000000000635, offset: 0.000000 id: 2964
processing event: VehicleArriveIntersectionEvent, vehicle_id: 15, road_id: 1000000000000000635 id: 2965 at time: 2227.96
Processed event: VehicleArriveIntersectionEvent, vehicle_id: 15, road_id: 1000000000000000635 id: 2965
processing event: VehicleEnterNewRoadEvent, vehicle_id: 15, road_id: 1000000000000000636 id: 2966 at time: 2229.76
Processed event: VehicleEnterNewRoadEvent, vehicle_id: 15, road_id: 1000000000000000636 id: 2966
processing event: VehicleDepartureEvent, vehicle_id: 15, road_id: 1000000000000000636, offset: 0.000000 id: 2967 at time: 2229.76
Processed event: VehicleDepartureEvent, vehicle_id: 15, road_id: 1000000000000000636, offset: 0.000000 id: 2967
processing event: VehicleArriveIntersectionEvent, vehicle_id: 5, road_id: 1000000000000000322 id: 2904 at time: 2229.87
Processed event: VehicleArriveIntersectionEvent, vehicle_id: 5, road_id: 1000000000000000322 id: 2904
Simulator::runFor: now_ = 2229.87 target = 2230
[progress] simulator time = 2230 / 3600
processing event: VehicleEnterNewRoadEvent, vehicle_id: 5, road_id: 1000000000000000323 id: 2969 at time: 2231.67
Processed event: VehicleEnterNewRoadEvent, vehicle_id: 5, road_id: 1000000000000000323 id: 2969
processing event: VehicleDepartureEvent, vehicle_id: 5, road_id: 1000000000000000323, offset: 0.000000 id: 2970 at time: 2231.67
Processed event: VehicleDepartureEvent, vehicle_id: 5, road_id: 1000000000000000323, offset: 0.000000 id: 2970
Event is not valid: VehicleArriveIntersectionEvent, vehicle_id: 14, road_id: 1000000000000000190 id: 2910 at time: 2234.42
processing event: VehicleArriveIntersectionEvent, vehicle_id: 14, road_id: 1000000000000000190 id: 2928 at time: 2234.42
Processed event: VehicleArriveIntersectionEvent, vehicle_id: 14, road_id: 1000000000000000190 id: 2928
processing event: VehicleEnterNewRoadEvent, vehicle_id: 14, road_id: 1000000000000000191 id: 2972 at time: 2236.23
Processed event: VehicleEnterNewRoadEvent, vehicle_id: 14, road_id: 1000000000000000191 id: 2972
processing event: VehicleDepartureEvent, vehicle_id: 14, road_id: 1000000000000000191, offset: 0.000000 id: 2973 at time: 2236.23
Processed event: VehicleDepartureEvent, vehicle_id: 14, road_id: 1000000000000000191, offset: 0.000000 id: 2973
Simulator::runFor: now_ = 2236.23 target = 2240
[progress] simulator time = 2240 / 3600
processing event: VehicleArriveIntersectionEvent, vehicle_id: 13, road_id: 1000000000000001047 id: 2900 at time: 2240.68
Processed event: VehicleArriveIntersectionEvent, vehicle_id: 13, road_id: 1000000000000001047 id: 2900
processing event: VehicleEnterNewRoadEvent, vehicle_id: 13, road_id: 1000000000000001046 id: 2975 at time: 2242.48
Processed event: VehicleEnterNewRoadEvent, vehicle_id: 13, road_id: 1000000000000001046 id: 2975
processing event: VehicleDepartureEvent, vehicle_id: 13, road_id: 1000000000000001046, offset: 0.000000 id: 2976 at time: 2242.48
Processed event: VehicleDepartureEvent, vehicle_id: 13, road_id: 1000000000000001046, offset: 0.000000 id: 2976
processing event: VehicleArriveIntersectionEvent, vehicle_id: 9, road_id: 1000000000000000248 id: 2922 at time: 2244.77
Processed event: VehicleArriveIntersectionEvent, vehicle_id: 9, road_id: 1000000000000000248 id: 2922
processing event: VehicleArriveIntersectionEvent, vehicle_id: 11, road_id: 1000000000000000061 id: 2923 at time: 2245.12
Processed event: VehicleArriveIntersectionEvent, vehicle_id: 11, road_id: 1000000000000000061 id: 2923
processing event: VehicleEnterNewRoadEvent, vehicle_id: 9, road_id: 1000000000000000234 id: 2978 at time: 2246.57
Processed event: VehicleEnterNewRoadEvent, vehicle_id: 9, road_id: 1000000000000000234 id: 2978
processing event: VehicleDepartureEvent, vehicle_id: 9, road_id: 1000000000000000234, offset: 0.000000 id: 2980 at time: 2246.57
Processed event: VehicleDepartureEvent, vehicle_id: 9, road_id: 1000000000000000234, offset: 0.000000 id: 2980
processing event: VehicleEnterNewRoadEvent, vehicle_id: 11, road_id: 1000000000000000308 id: 2979 at time: 2246.92
Processed event: VehicleEnterNewRoadEvent, vehicle_id: 11, road_id: 1000000000000000308 id: 2979
processing event: VehicleDepartureEvent, vehicle_id: 11, road_id: 1000000000000000308, offset: 0.000000 id: 2982 at time: 2246.92
Processed event: VehicleDepartureEvent, vehicle_id: 11, road_id: 1000000000000000308, offset: 0.000000 id: 2982
processing event: VehicleArriveIntersectionEvent, vehicle_id: 1, road_id: 1000000000000000496 id: 2960 at time: 2248.13
Processed event: VehicleArriveIntersectionEvent, vehicle_id: 1, road_id: 1000000000000000496 id: 2960
processing event: VehicleEnterNewRoadEvent, vehicle_id: 1, road_id: 1000000000000000498 id: 2984 at time: 2249.93
Processed event: VehicleEnterNewRoadEvent, vehicle_id: 1, road_id: 1000000000000000498 id: 2984
processing event: VehicleDepartureEvent, vehicle_id: 1, road_id: 1000000000000000498, offset: 0.000000 id: 2985 at time: 2249.93
Processed event: VehicleDepartureEvent, vehicle_id: 1, road_id: 1000000000000000498, offset: 0.000000 id: 2985
Simulator::runFor: now_ = 2249.93 target = 2250
[progress] simulator time = 2250 / 3600
processing event: VehicleArriveIntersectionEvent, vehicle_id: 8, road_id: 1000000000000000423 id: 2893 at time: 2250.82
Processed event: VehicleArriveIntersectionEvent, vehicle_id: 8, road_id: 1000000000000000423 id: 2893
processing event: VehicleEnterNewRoadEvent, vehicle_id: 8, road_id: 1000000000000000206 id: 2987 at time: 2252.62
Processed event: VehicleEnterNewRoadEvent, vehicle_id: 8, road_id: 1000000000000000206 id: 2987
processing event: VehicleDepartureEvent, vehicle_id: 8, road_id: 1000000000000000206, offset: 0.000000 id: 2988 at time: 2252.62
Processed event: VehicleDepartureEvent, vehicle_id: 8, road_id: 1000000000000000206, offset: 0.000000 id: 2988
processing event: VehicleArriveIntersectionEvent, vehicle_id: 7, road_id: 1000000000000000328 id: 2912 at time: 2253.21
Processed event: VehicleArriveIntersectionEvent, vehicle_id: 7, road_id: 1000000000000000328 id: 2912
processing event: VehicleEnterNewRoadEvent, vehicle_id: 7, road_id: 1000000000000000329 id: 2990 at time: 2255.01
Processed event: VehicleEnterNewRoadEvent, vehicle_id: 7, road_id: 1000000000000000329 id: 2990
processing event: VehicleDepartureEvent, vehicle_id: 7, road_id: 1000000000000000329, offset: 0.000000 id: 2991 at time: 2255.01
Processed event: VehicleDepartureEvent, vehicle_id: 7, road_id: 1000000000000000329, offset: 0.000000 id: 2991
Simulator::runFor: now_ = 2255.01 target = 2260
[progress] simulator time = 2260 / 3600
processing event: VehicleArriveIntersectionEvent, vehicle_id: 15, road_id: 1000000000000000636 id: 2968 at time: 2260.36
Processed event: VehicleArriveIntersectionEvent, vehicle_id: 15, road_id: 1000000000000000636 id: 2968
processing event: VehicleEnterNewRoadEvent, vehicle_id: 15, road_id: 1000000000000000637 id: 2993 at time: 2262.16
Processed event: VehicleEnterNewRoadEvent, vehicle_id: 15, road_id: 1000000000000000637 id: 2993
processing event: VehicleDepartureEvent, vehicle_id: 15, road_id: 1000000000000000637, offset: 0.000000 id: 2994 at time: 2262.16
Processed event: VehicleDepartureEvent, vehicle_id: 15, road_id: 1000000000000000637, offset: 0.000000 id: 2994
Simulator::runFor: now_ = 2262.16 target = 2270
[progress] simulator time = 2270 / 3600
processing event: VehicleArriveIntersectionEvent, vehicle_id: 13, road_id: 1000000000000001046 id: 2977 at time: 2272.72
Processed event: VehicleArriveIntersectionEvent, vehicle_id: 13, road_id: 1000000000000001046 id: 2977
processing event: VehicleEnterNewRoadEvent, vehicle_id: 13, road_id: 1000000000000001045 id: 2996 at time: 2274.52
Processed event: VehicleEnterNewRoadEvent, vehicle_id: 13, road_id: 1000000000000001045 id: 2996
processing event: VehicleDepartureEvent, vehicle_id: 13, road_id: 1000000000000001045, offset: 0.000000 id: 2997 at time: 2274.52
Processed event: VehicleDepartureEvent, vehicle_id: 13, road_id: 1000000000000001045, offset: 0.000000 id: 2997
processing event: VehicleArriveIntersectionEvent, vehicle_id: 4, road_id: 1000000000000000085 id: 2958 at time: 2277.13
Processed event: VehicleArriveIntersectionEvent, vehicle_id: 4, road_id: 1000000000000000085 id: 2958
processing event: VehicleEnterNewRoadEvent, vehicle_id: 4, road_id: 1000000000000001086 id: 2999 at time: 2278.93
Processed event: VehicleEnterNewRoadEvent, vehicle_id: 4, road_id: 1000000000000001086 id: 2999
processing event: VehicleDepartureEvent, vehicle_id: 4, road_id: 1000000000000001086, offset: 0.000000 id: 3000 at time: 2278.93
Processed event: VehicleDepartureEvent, vehicle_id: 4, road_id: 1000000000000001086, offset: 0.000000 id: 3000
Simulator::runFor: now_ = 2278.93 target = 2280
[progress] simulator time = 2280 / 3600
processing event: VehicleArriveIntersectionEvent, vehicle_id: 8, road_id: 1000000000000000206 id: 2989 at time: 2283.22
Processed event: VehicleArriveIntersectionEvent, vehicle_id: 8, road_id: 1000000000000000206 id: 2989
processing event: BusArrivalEvent, vehicle_id: 1, stop_id: 78 id: 2986 at time: 2284.68
Processed event: BusArrivalEvent, vehicle_id: 1, stop_id: 78 id: 2986
processing event: PassengerRouteEndEvent, passenger_id: 12, route_id: 1 id: 3003 at time: 2284.68
Passenger 12 finished all routes
Processed event: PassengerRouteEndEvent, passenger_id: 12, route_id: 1 id: 3003
processing event: PassengerDropoffEvent, passenger_id: 12 id: 3005 at time: 2284.68
Processed event: PassengerDropoffEvent, passenger_id: 12 id: 3005
processing event: OrderFinishedEvent, order_id: 12 id: 3006 at time: 2284.68
Processed event: OrderFinishedEvent, order_id: 12 id: 3006
processing event: VehicleEnterNewRoadEvent, vehicle_id: 8, road_id: 1000000000000000730 id: 3002 at time: 2285.02
Processed event: VehicleEnterNewRoadEvent, vehicle_id: 8, road_id: 1000000000000000730 id: 3002
processing event: VehicleDepartureEvent, vehicle_id: 8, road_id: 1000000000000000730, offset: 0.000000 id: 3007 at time: 2285.02
Processed event: VehicleDepartureEvent, vehicle_id: 8, road_id: 1000000000000000730, offset: 0.000000 id: 3007
processing event: VehicleArriveIntersectionEvent, vehicle_id: 10, road_id: 1000000000000000200 id: 2872 at time: 2286.49
Processed event: VehicleArriveIntersectionEvent, vehicle_id: 10, road_id: 1000000000000000200 id: 2872
processing event: VehicleArriveIntersectionEvent, vehicle_id: 8, road_id: 1000000000000000730 id: 3008 at time: 2288.08
Processed event: VehicleArriveIntersectionEvent, vehicle_id: 8, road_id: 1000000000000000730 id: 3008
processing event: VehicleEnterNewRoadEvent, vehicle_id: 10, road_id: 1000000000000000026 id: 3009 at time: 2288.29
Processed event: VehicleEnterNewRoadEvent, vehicle_id: 10, road_id: 1000000000000000026 id: 3009
processing event: VehicleDepartureEvent, vehicle_id: 10, road_id: 1000000000000000026, offset: 0.000000 id: 3011 at time: 2288.29
Processed event: VehicleDepartureEvent, vehicle_id: 10, road_id: 1000000000000000026, offset: 0.000000 id: 3011
Event is not valid: VehicleArriveIntersectionEvent, vehicle_id: 18, road_id: 1000000000000000327 id: 2940 at time: 2288.76
Event is not valid: VehicleArriveIntersectionEvent, vehicle_id: 18, road_id: 1000000000000000327 id: 2945 at time: 2288.76
processing event: VehicleArriveIntersectionEvent, vehicle_id: 18, road_id: 1000000000000000327 id: 2947 at time: 2288.76
Processed event: VehicleArriveIntersectionEvent, vehicle_id: 18, road_id: 1000000000000000327 id: 2947
processing event: VehicleDepartureEvent, vehicle_id: 1, road_id: 1000000000000000498, offset: 192.990000 id: 3004 at time: 2289.68
Processed event: VehicleDepartureEvent, vehicle_id: 1, road_id: 1000000000000000498, offset: 192.990000 id: 3004
processing event: VehicleEnterNewRoadEvent, vehicle_id: 8, road_id: 1000000000000000728 id: 3010 at time: 2289.88
Processed event: VehicleEnterNewRoadEvent, vehicle_id: 8, road_id: 1000000000000000728 id: 3010
processing event: VehicleDepartureEvent, vehicle_id: 8, road_id: 1000000000000000728, offset: 0.000000 id: 3016 at time: 2289.88
Processed event: VehicleDepartureEvent, vehicle_id: 8, road_id: 1000000000000000728, offset: 0.000000 id: 3016
Simulator::runFor: now_ = 2289.88 target = 2290
[progress] simulator time = 2290 / 3600
processing event: VehicleArriveIntersectionEvent, vehicle_id: 17, road_id: 1000000000000000474 id: 2963 at time: 2290.5
Processed event: VehicleArriveIntersectionEvent, vehicle_id: 17, road_id: 1000000000000000474 id: 2963
processing event: VehicleEnterNewRoadEvent, vehicle_id: 18, road_id: 1000000000000000192 id: 3013 at time: 2290.56
Processed event: VehicleEnterNewRoadEvent, vehicle_id: 18, road_id: 1000000000000000192 id: 3013
processing event: VehicleDepartureEvent, vehicle_id: 18, road_id: 1000000000000000192, offset: 0.000000 id: 3020 at time: 2290.56
Processed event: VehicleDepartureEvent, vehicle_id: 18, road_id: 1000000000000000192, offset: 0.000000 id: 3020
processing event: VehicleArriveIntersectionEvent, vehicle_id: 8, road_id: 1000000000000000728 id: 3017 at time: 2290.96
Processed event: VehicleArriveIntersectionEvent, vehicle_id: 8, road_id: 1000000000000000728 id: 3017
Event is not valid: VehicleCheckPointEvent, vehicle_id: 3 id: 3014 at time: 2291.02
processing event: VehicleArriveIntersectionEvent, vehicle_id: 5, road_id: 1000000000000000323 id: 2971 at time: 2291.26
Processed event: VehicleArriveIntersectionEvent, vehicle_id: 5, road_id: 1000000000000000323 id: 2971
processing event: VehicleEnterNewRoadEvent, vehicle_id: 17, road_id: 1000000000000000222 id: 3018 at time: 2292.3
Processed event: VehicleEnterNewRoadEvent, vehicle_id: 17, road_id: 1000000000000000222 id: 3018
processing event: VehicleDepartureEvent, vehicle_id: 17, road_id: 1000000000000000222, offset: 0.000000 id: 3024 at time: 2292.3
Processed event: VehicleDepartureEvent, vehicle_id: 17, road_id: 1000000000000000222, offset: 0.000000 id: 3024
processing event: VehicleArriveIntersectionEvent, vehicle_id: 14, road_id: 1000000000000000191 id: 2974 at time: 2292.39
Processed event: VehicleArriveIntersectionEvent, vehicle_id: 14, road_id: 1000000000000000191 id: 2974
Event is not valid: VehicleArriveIntersectionEvent, vehicle_id: 3, road_id: 1000000000000000327 id: 2936 at time: 2292.46
processing event: VehicleArriveIntersectionEvent, vehicle_id: 3, road_id: 1000000000000000327 id: 3019 at time: 2292.46
Processed event: VehicleArriveIntersectionEvent, vehicle_id: 3, road_id: 1000000000000000327 id: 3019
processing event: VehicleEnterNewRoadEvent, vehicle_id: 8, road_id: 1000000000000000166 id: 3022 at time: 2292.76
Processed event: VehicleEnterNewRoadEvent, vehicle_id: 8, road_id: 1000000000000000166 id: 3022
processing event: VehicleDepartureEvent, vehicle_id: 8, road_id: 1000000000000000166, offset: 0.000000 id: 3028 at time: 2292.76
Processed event: VehicleDepartureEvent, vehicle_id: 8, road_id: 1000000000000000166, offset: 0.000000 id: 3028
processing event: VehicleEnterNewRoadEvent, vehicle_id: 5, road_id: 1000000000000000324 id: 3023 at time: 2293.06
Processed event: VehicleEnterNewRoadEvent, vehicle_id: 5, road_id: 1000000000000000324 id: 3023
processing event: VehicleDepartureEvent, vehicle_id: 5, road_id: 1000000000000000324, offset: 0.000000 id: 3030 at time: 2293.06
Processed event: VehicleDepartureEvent, vehicle_id: 5, road_id: 1000000000000000324, offset: 0.000000 id: 3030
processing event: VehicleArriveIntersectionEvent, vehicle_id: 7, road_id: 1000000000000000329 id: 2992 at time: 2293.35
Processed event: VehicleArriveIntersectionEvent, vehicle_id: 7, road_id: 1000000000000000329 id: 2992
processing event: VehicleEnterNewRoadEvent, vehicle_id: 14, road_id: 1000000000000000192 id: 3026 at time: 2294.19
Processed event: VehicleEnterNewRoadEvent, vehicle_id: 14, road_id: 1000000000000000192 id: 3026
processing event: VehicleDepartureEvent, vehicle_id: 14, road_id: 1000000000000000192, offset: 0.000000 id: 3033 at time: 2294.19
Processed event: VehicleDepartureEvent, vehicle_id: 14, road_id: 1000000000000000192, offset: 0.000000 id: 3033
processing event: VehicleEnterNewRoadEvent, vehicle_id: 3, road_id: 1000000000000000328 id: 3027 at time: 2294.26
Processed event: VehicleEnterNewRoadEvent, vehicle_id: 3, road_id: 1000000000000000328 id: 3027
processing event: VehicleDepartureEvent, vehicle_id: 3, road_id: 1000000000000000328, offset: 0.000000 id: 3035 at time: 2294.26
Processed event: VehicleDepartureEvent, vehicle_id: 3, road_id: 1000000000000000328, offset: 0.000000 id: 3035
processing event: VehicleEnterNewRoadEvent, vehicle_id: 7, road_id: 1000000000000000477 id: 3032 at time: 2295.15
Processed event: VehicleEnterNewRoadEvent, vehicle_id: 7, road_id: 1000000000000000477 id: 3032
processing event: VehicleDepartureEvent, vehicle_id: 7, road_id: 1000000000000000477, offset: 0.000000 id: 3037 at time: 2295.15
Processed event: VehicleDepartureEvent, vehicle_id: 7, road_id: 1000000000000000477, offset: 0.000000 id: 3037
processing event: VehicleArriveIntersectionEvent, vehicle_id: 15, road_id: 1000000000000000637 id: 2995 at time: 2298.89
Processed event: VehicleArriveIntersectionEvent, vehicle_id: 15, road_id: 1000000000000000637 id: 2995
processing event: VehicleArriveIntersectionEvent, vehicle_id: 19, road_id: 1000000000000001085 id: 2956 at time: 2299.95
Processed event: VehicleArriveIntersectionEvent, vehicle_id: 19, road_id: 1000000000000001085 id: 2956
Simulator::runFor: now_ = 2299.95 target = 2300
[progress] simulator time = 2300 / 3600
processing event: VehicleEnterNewRoadEvent, vehicle_id: 15, road_id: 1000000000000000638 id: 3039 at time: 2300.69
Processed event: VehicleEnterNewRoadEvent, vehicle_id: 15, road_id: 1000000000000000638 id: 3039
processing event: VehicleDepartureEvent, vehicle_id: 15, road_id: 1000000000000000638, offset: 0.000000 id: 3041 at time: 2300.69
Processed event: VehicleDepartureEvent, vehicle_id: 15, road_id: 1000000000000000638, offset: 0.000000 id: 3041
processing event: VehicleEnterNewRoadEvent, vehicle_id: 19, road_id: 1000000000000000198 id: 3040 at time: 2301.75
Processed event: VehicleEnterNewRoadEvent, vehicle_id: 19, road_id: 1000000000000000198 id: 3040
processing event: VehicleDepartureEvent, vehicle_id: 19, road_id: 1000000000000000198, offset: 0.000000 id: 3043 at time: 2301.75
Processed event: VehicleDepartureEvent, vehicle_id: 19, road_id: 1000000000000000198, offset: 0.000000 id: 3043
Simulator::runFor: now_ = 2301.75 target = 2310
[progress] simulator time = 2310 / 3600
processing event: VehicleArriveIntersectionEvent, vehicle_id: 11, road_id: 1000000000000000308 id: 2983 at time: 2313.71
Processed event: VehicleArriveIntersectionEvent, vehicle_id: 11, road_id: 1000000000000000308 id: 2983
processing event: VehicleEnterNewRoadEvent, vehicle_id: 11, road_id: 1000000000000000309 id: 3045 at time: 2315.51
Processed event: VehicleEnterNewRoadEvent, vehicle_id: 11, road_id: 1000000000000000309 id: 3045
processing event: VehicleDepartureEvent, vehicle_id: 11, road_id: 1000000000000000309, offset: 0.000000 id: 3046 at time: 2315.51
Processed event: VehicleDepartureEvent, vehicle_id: 11, road_id: 1000000000000000309, offset: 0.000000 id: 3046
processing event: VehicleArriveIntersectionEvent, vehicle_id: 13, road_id: 1000000000000001045 id: 2998 at time: 2317.36
Processed event: VehicleArriveIntersectionEvent, vehicle_id: 13, road_id: 1000000000000001045 id: 2998
processing event: VehicleArriveIntersectionEvent, vehicle_id: 8, road_id: 1000000000000000166 id: 3029 at time: 2317.43
Processed event: VehicleArriveIntersectionEvent, vehicle_id: 8, road_id: 1000000000000000166 id: 3029
processing event: VehicleEnterNewRoadEvent, vehicle_id: 13, road_id: 1000000000000001044 id: 3048 at time: 2319.16
Processed event: VehicleEnterNewRoadEvent, vehicle_id: 13, road_id: 1000000000000001044 id: 3048
processing event: VehicleDepartureEvent, vehicle_id: 13, road_id: 1000000000000001044, offset: 0.000000 id: 3050 at time: 2319.16
Processed event: VehicleDepartureEvent, vehicle_id: 13, road_id: 1000000000000001044, offset: 0.000000 id: 3050
processing event: VehicleEnterNewRoadEvent, vehicle_id: 8, road_id: 1000000000000000129 id: 3049 at time: 2319.23
Processed event: VehicleEnterNewRoadEvent, vehicle_id: 8, road_id: 1000000000000000129 id: 3049
processing event: VehicleDepartureEvent, vehicle_id: 8, road_id: 1000000000000000129, offset: 0.000000 id: 3052 at time: 2319.23
Processed event: VehicleDepartureEvent, vehicle_id: 8, road_id: 1000000000000000129, offset: 0.000000 id: 3052
Simulator::runFor: now_ = 2319.23 target = 2320
[progress] simulator time = 2320 / 3600
processing event: VehicleArriveIntersectionEvent, vehicle_id: 19, road_id: 1000000000000000198 id: 3044 at time: 2321.37
Processed event: VehicleArriveIntersectionEvent, vehicle_id: 19, road_id: 1000000000000000198 id: 3044
processing event: VehicleEnterNewRoadEvent, vehicle_id: 19, road_id: 1000000000000000196 id: 3054 at time: 2323.17
Processed event: VehicleEnterNewRoadEvent, vehicle_id: 19, road_id: 1000000000000000196 id: 3054
processing event: VehicleDepartureEvent, vehicle_id: 19, road_id: 1000000000000000196, offset: 0.000000 id: 3055 at time: 2323.17
Processed event: VehicleDepartureEvent, vehicle_id: 19, road_id: 1000000000000000196, offset: 0.000000 id: 3055
processing event: VehicleArriveIntersectionEvent, vehicle_id: 8, road_id: 1000000000000000129 id: 3053 at time: 2323.55
Processed event: VehicleArriveIntersectionEvent, vehicle_id: 8, road_id: 1000000000000000129 id: 3053
processing event: VehicleEnterNewRoadEvent, vehicle_id: 8, road_id: 1000000000000000588 id: 3057 at time: 2325.35
Processed event: VehicleEnterNewRoadEvent, vehicle_id: 8, road_id: 1000000000000000588 id: 3057
processing event: VehicleDepartureEvent, vehicle_id: 8, road_id: 1000000000000000588, offset: 0.000000 id: 3058 at time: 2325.35
Processed event: VehicleDepartureEvent, vehicle_id: 8, road_id: 1000000000000000588, offset: 0.000000 id: 3058
processing event: VehicleArriveIntersectionEvent, vehicle_id: 9, road_id: 1000000000000000234 id: 2981 at time: 2327.94
Processed event: VehicleArriveIntersectionEvent, vehicle_id: 9, road_id: 1000000000000000234 id: 2981
processing event: VehicleEnterNewRoadEvent, vehicle_id: 9, road_id: 1000000000000000060 id: 3060 at time: 2329.74
Processed event: VehicleEnterNewRoadEvent, vehicle_id: 9, road_id: 1000000000000000060 id: 3060
processing event: VehicleDepartureEvent, vehicle_id: 9, road_id: 1000000000000000060, offset: 0.000000 id: 3061 at time: 2329.74
Processed event: VehicleDepartureEvent, vehicle_id: 9, road_id: 1000000000000000060, offset: 0.000000 id: 3061
Simulator::runFor: now_ = 2329.74 target = 2330
[progress] simulator time = 2330 / 3600
processing event: VehicleArriveIntersectionEvent, vehicle_id: 8, road_id: 1000000000000000588 id: 3059 at time: 2331.47
Processed event: VehicleArriveIntersectionEvent, vehicle_id: 8, road_id: 1000000000000000588 id: 3059
processing event: PassengerRouteStartEvent, passenger_id: 48, route_id: 1 id: 47 at time: 2332
Processed event: PassengerRouteStartEvent, passenger_id: 48, route_id: 1 id: 47
processing event: OrderCreatedEvent, order_id: 48, available_pickups: 134 , available_dropoffs: 175 , passenger_id: 48, route_id: 1, passenger_num: 0 id: 3064 at time: 2332
Processed event: OrderCreatedEvent, order_id: 48, available_pickups: 134 , available_dropoffs: 175 , passenger_id: 48, route_id: 1, passenger_num: 1 id: 3064
processing event: VehicleEnterNewRoadEvent, vehicle_id: 8, road_id: 1000000000000000584 id: 3063 at time: 2333.27
Processed event: VehicleEnterNewRoadEvent, vehicle_id: 8, road_id: 1000000000000000584 id: 3063
processing event: VehicleDepartureEvent, vehicle_id: 8, road_id: 1000000000000000584, offset: 0.000000 id: 3065 at time: 2333.27
Processed event: VehicleDepartureEvent, vehicle_id: 8, road_id: 1000000000000000584, offset: 0.000000 id: 3065
processing event: VehicleArriveIntersectionEvent, vehicle_id: 12, road_id: 1000000000000001065 id: 2934 at time: 2339.97
Processed event: VehicleArriveIntersectionEvent, vehicle_id: 12, road_id: 1000000000000001065 id: 2934
Simulator::runFor: now_ = 2339.97 target = 2340
[progress] simulator time = 2340 / 3600
processing event: OrderMatchedEvent, order_id: 48, vehicle_id: 5 id: 3068 at time: 2340
Processed event: OrderMatchedEvent, order_id: 48, vehicle_id: 5 id: 3068
processing event: PassengerArrivalEvent, passenger_id: 48 id: 3070 at time: 2340
Processed event: PassengerArrivalEvent, passenger_id: 48 id: 3070
processing event: VehicleEnterNewRoadEvent, vehicle_id: 12, road_id: 1000000000000001232 id: 3067 at time: 2341.77
Processed event: VehicleEnterNewRoadEvent, vehicle_id: 12, road_id: 1000000000000001232 id: 3067
processing event: VehicleDepartureEvent, vehicle_id: 12, road_id: 1000000000000001232, offset: 0.000000 id: 3071 at time: 2341.77
Processed event: VehicleDepartureEvent, vehicle_id: 12, road_id: 1000000000000001232, offset: 0.000000 id: 3071
processing event: PassengerRouteStartEvent, passenger_id: 49, route_id: 1 id: 48 at time: 2348
Processed event: PassengerRouteStartEvent, passenger_id: 49, route_id: 1 id: 48
processing event: OrderCreatedEvent, order_id: 49, available_pickups: 238 , available_dropoffs: 37 , passenger_id: 49, route_id: 1, passenger_num: 0 id: 3073 at time: 2348
Processed event: OrderCreatedEvent, order_id: 49, available_pickups: 238 , available_dropoffs: 37 , passenger_id: 49, route_id: 1, passenger_num: 1 id: 3073
processing event: VehicleArriveIntersectionEvent, vehicle_id: 3, road_id: 1000000000000000328 id: 3036 at time: 2349.7
Processed event: VehicleArriveIntersectionEvent, vehicle_id: 3, road_id: 1000000000000000328 id: 3036
Simulator::runFor: now_ = 2349.7 target = 2350
[progress] simulator time = 2350 / 3600
processing event: OrderMatchedEvent, order_id: 49, vehicle_id: 11 id: 3075 at time: 2350
Processed event: OrderMatchedEvent, order_id: 49, vehicle_id: 11 id: 3075
processing event: PassengerArrivalEvent, passenger_id: 49 id: 3077 at time: 2350
Processed event: PassengerArrivalEvent, passenger_id: 49 id: 3077
processing event: VehicleEnterNewRoadEvent, vehicle_id: 3, road_id: 1000000000000000329 id: 3074 at time: 2351.5
Processed event: VehicleEnterNewRoadEvent, vehicle_id: 3, road_id: 1000000000000000329 id: 3074
processing event: VehicleDepartureEvent, vehicle_id: 3, road_id: 1000000000000000329, offset: 0.000000 id: 3078 at time: 2351.5
Processed event: VehicleDepartureEvent, vehicle_id: 3, road_id: 1000000000000000329, offset: 0.000000 id: 3078
processing event: VehicleArriveIntersectionEvent, vehicle_id: 19, road_id: 1000000000000000196 id: 3056 at time: 2353.06
Processed event: VehicleArriveIntersectionEvent, vehicle_id: 19, road_id: 1000000000000000196 id: 3056
processing event: VehicleEnterNewRoadEvent, vehicle_id: 19, road_id: 1000000000000000155 id: 3080 at time: 2354.86
Processed event: VehicleEnterNewRoadEvent, vehicle_id: 19, road_id: 1000000000000000155 id: 3080
processing event: VehicleDepartureEvent, vehicle_id: 19, road_id: 1000000000000000155, offset: 0.000000 id: 3081 at time: 2354.86
Processed event: VehicleDepartureEvent, vehicle_id: 19, road_id: 1000000000000000155, offset: 0.000000 id: 3081
processing event: PassengerRouteStartEvent, passenger_id: 50, route_id: 1 id: 49 at time: 2355
Processed event: PassengerRouteStartEvent, passenger_id: 50, route_id: 1 id: 49
processing event: OrderCreatedEvent, order_id: 50, available_pickups: 182 , available_dropoffs: 269 , passenger_id: 50, route_id: 1, passenger_num: 0 id: 3083 at time: 2355
Processed event: OrderCreatedEvent, order_id: 50, available_pickups: 182 , available_dropoffs: 269 , passenger_id: 50, route_id: 1, passenger_num: 2 id: 3083
processing event: VehicleArriveIntersectionEvent, vehicle_id: 10, road_id: 1000000000000000026 id: 3012 at time: 2356.33
Processed event: VehicleArriveIntersectionEvent, vehicle_id: 10, road_id: 1000000000000000026 id: 3012
processing event: VehicleEnterNewRoadEvent, vehicle_id: 10, road_id: 1000000000000001053 id: 3084 at time: 2358.13
Processed event: VehicleEnterNewRoadEvent, vehicle_id: 10, road_id: 1000000000000001053 id: 3084
processing event: VehicleDepartureEvent, vehicle_id: 10, road_id: 1000000000000001053, offset: 0.000000 id: 3085 at time: 2358.13
Processed event: VehicleDepartureEvent, vehicle_id: 10, road_id: 1000000000000001053, offset: 0.000000 id: 3085
processing event: VehicleArriveIntersectionEvent, vehicle_id: 8, road_id: 1000000000000000584 id: 3066 at time: 2359.55
Processed event: VehicleArriveIntersectionEvent, vehicle_id: 8, road_id: 1000000000000000584 id: 3066
Simulator::runFor: now_ = 2359.55 target = 2360
[progress] simulator time = 2360 / 3600
processing event: OrderMatchedEvent, order_id: 50, vehicle_id: 15 id: 3088 at time: 2360
Processed event: OrderMatchedEvent, order_id: 50, vehicle_id: 15 id: 3088
processing event: PassengerArrivalEvent, passenger_id: 50 id: 3090 at time: 2360
Processed event: PassengerArrivalEvent, passenger_id: 50 id: 3090
processing event: VehicleEnterNewRoadEvent, vehicle_id: 8, road_id: 1000000000000000277 id: 3087 at time: 2361.35
Processed event: VehicleEnterNewRoadEvent, vehicle_id: 8, road_id: 1000000000000000277 id: 3087
processing event: VehicleDepartureEvent, vehicle_id: 8, road_id: 1000000000000000277, offset: 0.000000 id: 3091 at time: 2361.35
Processed event: VehicleDepartureEvent, vehicle_id: 8, road_id: 1000000000000000277, offset: 0.000000 id: 3091
processing event: VehicleArriveIntersectionEvent, vehicle_id: 19, road_id: 1000000000000000155 id: 3082 at time: 2361.7
Processed event: VehicleArriveIntersectionEvent, vehicle_id: 19, road_id: 1000000000000000155 id: 3082
processing event: VehicleArriveIntersectionEvent, vehicle_id: 1, road_id: 1000000000000000498 id: 3015 at time: 2361.86
Processed event: VehicleArriveIntersectionEvent, vehicle_id: 1, road_id: 1000000000000000498 id: 3015
Event is not valid: VehicleArriveIntersectionEvent, vehicle_id: 15, road_id: 1000000000000000638 id: 3042 at time: 2361.89
processing event: VehicleArriveIntersectionEvent, vehicle_id: 15, road_id: 1000000000000000638 id: 3089 at time: 2361.89
Processed event: VehicleArriveIntersectionEvent, vehicle_id: 15, road_id: 1000000000000000638 id: 3089
processing event: VehicleEnterNewRoadEvent, vehicle_id: 19, road_id: 1000000000000000165 id: 3093 at time: 2363.5
Processed event: VehicleEnterNewRoadEvent, vehicle_id: 19, road_id: 1000000000000000165 id: 3093
processing event: VehicleDepartureEvent, vehicle_id: 19, road_id: 1000000000000000165, offset: 0.000000 id: 3096 at time: 2363.5
Processed event: VehicleDepartureEvent, vehicle_id: 19, road_id: 1000000000000000165, offset: 0.000000 id: 3096
processing event: VehicleEnterNewRoadEvent, vehicle_id: 1, road_id: 1000000000000000538 id: 3094 at time: 2363.67
Processed event: VehicleEnterNewRoadEvent, vehicle_id: 1, road_id: 1000000000000000538 id: 3094
processing event: VehicleDepartureEvent, vehicle_id: 1, road_id: 1000000000000000538, offset: 0.000000 id: 3098 at time: 2363.67
Processed event: VehicleDepartureEvent, vehicle_id: 1, road_id: 1000000000000000538, offset: 0.000000 id: 3098
processing event: VehicleEnterNewRoadEvent, vehicle_id: 15, road_id: 1000000000000000210 id: 3095 at time: 2363.69
Processed event: VehicleEnterNewRoadEvent, vehicle_id: 15, road_id: 1000000000000000210 id: 3095
processing event: VehicleDepartureEvent, vehicle_id: 15, road_id: 1000000000000000210, offset: 0.000000 id: 3100 at time: 2363.69
Processed event: VehicleDepartureEvent, vehicle_id: 15, road_id: 1000000000000000210, offset: 0.000000 id: 3100
processing event: VehicleArriveIntersectionEvent, vehicle_id: 19, road_id: 1000000000000000165 id: 3097 at time: 2364.76
Processed event: VehicleArriveIntersectionEvent, vehicle_id: 19, road_id: 1000000000000000165 id: 3097
processing event: VehicleArriveIntersectionEvent, vehicle_id: 13, road_id: 1000000000000001044 id: 3051 at time: 2365.07
Processed event: VehicleArriveIntersectionEvent, vehicle_id: 13, road_id: 1000000000000001044 id: 3051
processing event: VehicleEnterNewRoadEvent, vehicle_id: 19, road_id: 1000000000000000158 id: 3102 at time: 2366.56
Processed event: VehicleEnterNewRoadEvent, vehicle_id: 19, road_id: 1000000000000000158 id: 3102
processing event: VehicleDepartureEvent, vehicle_id: 19, road_id: 1000000000000000158, offset: 0.000000 id: 3104 at time: 2366.56
Processed event: VehicleDepartureEvent, vehicle_id: 19, road_id: 1000000000000000158, offset: 0.000000 id: 3104
processing event: VehicleEnterNewRoadEvent, vehicle_id: 13, road_id: 1000000000000000093 id: 3103 at time: 2366.87
Processed event: VehicleEnterNewRoadEvent, vehicle_id: 13, road_id: 1000000000000000093 id: 3103
processing event: VehicleDepartureEvent, vehicle_id: 13, road_id: 1000000000000000093, offset: 0.000000 id: 3106 at time: 2366.87
Processed event: VehicleDepartureEvent, vehicle_id: 13, road_id: 1000000000000000093, offset: 0.000000 id: 3106
Simulator::runFor: now_ = 2366.87 target = 2370
[progress] simulator time = 2370 / 3600
processing event: VehicleArriveIntersectionEvent, vehicle_id: 9, road_id: 1000000000000000060 id: 3062 at time: 2372.59
Processed event: VehicleArriveIntersectionEvent, vehicle_id: 9, road_id: 1000000000000000060 id: 3062
processing event: VehicleArriveIntersectionEvent, vehicle_id: 19, road_id: 1000000000000000158 id: 3105 at time: 2373.22
Processed event: VehicleArriveIntersectionEvent, vehicle_id: 19, road_id: 1000000000000000158 id: 3105
processing event: VehicleEnterNewRoadEvent, vehicle_id: 9, road_id: 1000000000000000061 id: 3108 at time: 2374.39
Processed event: VehicleEnterNewRoadEvent, vehicle_id: 9, road_id: 1000000000000000061 id: 3108
processing event: VehicleDepartureEvent, vehicle_id: 9, road_id: 1000000000000000061, offset: 0.000000 id: 3110 at time: 2374.39
Processed event: VehicleDepartureEvent, vehicle_id: 9, road_id: 1000000000000000061, offset: 0.000000 id: 3110
processing event: VehicleArriveIntersectionEvent, vehicle_id: 4, road_id: 1000000000000001086 id: 3001 at time: 2374.7
Processed event: VehicleArriveIntersectionEvent, vehicle_id: 4, road_id: 1000000000000001086 id: 3001
processing event: VehicleEnterNewRoadEvent, vehicle_id: 19, road_id: 1000000000000000159 id: 3109 at time: 2375.02
Processed event: VehicleEnterNewRoadEvent, vehicle_id: 19, road_id: 1000000000000000159 id: 3109
processing event: VehicleDepartureEvent, vehicle_id: 19, road_id: 1000000000000000159, offset: 0.000000 id: 3113 at time: 2375.02
Processed event: VehicleDepartureEvent, vehicle_id: 19, road_id: 1000000000000000159, offset: 0.000000 id: 3113
processing event: VehicleArriveIntersectionEvent, vehicle_id: 19, road_id: 1000000000000000159 id: 3114 at time: 2376.28
Processed event: VehicleArriveIntersectionEvent, vehicle_id: 19, road_id: 1000000000000000159 id: 3114
processing event: VehicleEnterNewRoadEvent, vehicle_id: 4, road_id: 1000000000000000018 id: 3112 at time: 2376.5
Processed event: VehicleEnterNewRoadEvent, vehicle_id: 4, road_id: 1000000000000000018 id: 3112
processing event: VehicleDepartureEvent, vehicle_id: 4, road_id: 1000000000000000018, offset: 0.000000 id: 3116 at time: 2376.5
Processed event: VehicleDepartureEvent, vehicle_id: 4, road_id: 1000000000000000018, offset: 0.000000 id: 3116
processing event: VehicleArriveIntersectionEvent, vehicle_id: 17, road_id: 1000000000000000222 id: 3025 at time: 2377.63
Processed event: VehicleArriveIntersectionEvent, vehicle_id: 17, road_id: 1000000000000000222 id: 3025
processing event: VehicleEnterNewRoadEvent, vehicle_id: 19, road_id: 1000000000000000169 id: 3115 at time: 2378.08
Processed event: VehicleEnterNewRoadEvent, vehicle_id: 19, road_id: 1000000000000000169 id: 3115
processing event: VehicleDepartureEvent, vehicle_id: 19, road_id: 1000000000000000169, offset: 0.000000 id: 3119 at time: 2378.08
Processed event: VehicleDepartureEvent, vehicle_id: 19, road_id: 1000000000000000169, offset: 0.000000 id: 3119
processing event: BusArrivalEvent, vehicle_id: 13, stop_id: 134 id: 3107 at time: 2378.91
Processed event: BusArrivalEvent, vehicle_id: 13, stop_id: 134 id: 3107
processing event: PassengerRouteEndEvent, passenger_id: 21, route_id: 1 id: 3121 at time: 2378.91
Passenger 21 finished all routes
Processed event: PassengerRouteEndEvent, passenger_id: 21, route_id: 1 id: 3121
processing event: PassengerDropoffEvent, passenger_id: 21 id: 3122 at time: 2378.91
Processed event: PassengerDropoffEvent, passenger_id: 21 id: 3122
processing event: OrderFinishedEvent, order_id: 21 id: 3123 at time: 2378.91
Processed event: OrderFinishedEvent, order_id: 21 id: 3123
processing event: VehicleEnterNewRoadEvent, vehicle_id: 17, road_id: 1000000000000000224 id: 3118 at time: 2379.43
Processed event: VehicleEnterNewRoadEvent, vehicle_id: 17, road_id: 1000000000000000224 id: 3118
processing event: VehicleDepartureEvent, vehicle_id: 17, road_id: 1000000000000000224, offset: 0.000000 id: 3124 at time: 2379.43
Processed event: VehicleDepartureEvent, vehicle_id: 17, road_id: 1000000000000000224, offset: 0.000000 id: 3124
Simulator::runFor: now_ = 2379.43 target = 2380
[progress] simulator time = 2380 / 3600
processing event: VehicleArriveIntersectionEvent, vehicle_id: 19, road_id: 1000000000000000169 id: 3120 at time: 2384.38
Processed event: VehicleArriveIntersectionEvent, vehicle_id: 19, road_id: 1000000000000000169 id: 3120
processing event: VehicleArriveIntersectionEvent, vehicle_id: 1, road_id: 1000000000000000538 id: 3099 at time: 2385.09
Processed event: VehicleArriveIntersectionEvent, vehicle_id: 1, road_id: 1000000000000000538 id: 3099
processing event: VehicleArriveIntersectionEvent, vehicle_id: 8, road_id: 1000000000000000277 id: 3092 at time: 2385.65
Processed event: VehicleArriveIntersectionEvent, vehicle_id: 8, road_id: 1000000000000000277 id: 3092
processing event: VehicleEnterNewRoadEvent, vehicle_id: 19, road_id: 1000000000000000199 id: 3126 at time: 2386.18
Processed event: VehicleEnterNewRoadEvent, vehicle_id: 19, road_id: 1000000000000000199 id: 3126
processing event: VehicleDepartureEvent, vehicle_id: 19, road_id: 1000000000000000199, offset: 0.000000 id: 3129 at time: 2386.18
Processed event: VehicleDepartureEvent, vehicle_id: 19, road_id: 1000000000000000199, offset: 0.000000 id: 3129
processing event: VehicleEnterNewRoadEvent, vehicle_id: 1, road_id: 1000000000000000545 id: 3127 at time: 2386.89
Processed event: VehicleEnterNewRoadEvent, vehicle_id: 1, road_id: 1000000000000000545 id: 3127
processing event: VehicleDepartureEvent, vehicle_id: 1, road_id: 1000000000000000545, offset: 0.000000 id: 3131 at time: 2386.89
Processed event: VehicleDepartureEvent, vehicle_id: 1, road_id: 1000000000000000545, offset: 0.000000 id: 3131
processing event: VehicleEnterNewRoadEvent, vehicle_id: 8, road_id: 1000000000000000278 id: 3128 at time: 2387.45
Processed event: VehicleEnterNewRoadEvent, vehicle_id: 8, road_id: 1000000000000000278 id: 3128
processing event: VehicleDepartureEvent, vehicle_id: 8, road_id: 1000000000000000278, offset: 0.000000 id: 3133 at time: 2387.45
Processed event: VehicleDepartureEvent, vehicle_id: 8, road_id: 1000000000000000278, offset: 0.000000 id: 3133
Event is not valid: VehicleArriveIntersectionEvent, vehicle_id: 5, road_id: 1000000000000000324 id: 3031 at time: 2389.37
processing event: VehicleArriveIntersectionEvent, vehicle_id: 5, road_id: 1000000000000000324 id: 3069 at time: 2389.37
Processed event: VehicleArriveIntersectionEvent, vehicle_id: 5, road_id: 1000000000000000324 id: 3069
processing event: VehicleArriveIntersectionEvent, vehicle_id: 3, road_id: 1000000000000000329 id: 3079 at time: 2389.85
Processed event: VehicleArriveIntersectionEvent, vehicle_id: 3, road_id: 1000000000000000329 id: 3079
Simulator::runFor: now_ = 2389.85 target = 2390
[progress] simulator time = 2390 / 3600
processing event: VehicleArriveIntersectionEvent, vehicle_id: 12, road_id: 1000000000000001232 id: 3072 at time: 2390.55
Processed event: VehicleArriveIntersectionEvent, vehicle_id: 12, road_id: 1000000000000001232 id: 3072
processing event: VehicleEnterNewRoadEvent, vehicle_id: 5, road_id: 1000000000000000326 id: 3135 at time: 2391.17
Processed event: VehicleEnterNewRoadEvent, vehicle_id: 5, road_id: 1000000000000000326 id: 3135
processing event: VehicleDepartureEvent, vehicle_id: 5, road_id: 1000000000000000326, offset: 0.000000 id: 3138 at time: 2391.17
Processed event: VehicleDepartureEvent, vehicle_id: 5, road_id: 1000000000000000326, offset: 0.000000 id: 3138
processing event: BusArrivalEvent, vehicle_id: 19, stop_id: 125 id: 3130 at time: 2391.33
Processed event: BusArrivalEvent, vehicle_id: 19, stop_id: 125 id: 3130
processing event: PassengerRouteEndEvent, passenger_id: 33, route_id: 1 id: 3140 at time: 2391.33
Passenger 33 finished all routes
Processed event: PassengerRouteEndEvent, passenger_id: 33, route_id: 1 id: 3140
processing event: PassengerDropoffEvent, passenger_id: 33 id: 3142 at time: 2391.33
Processed event: PassengerDropoffEvent, passenger_id: 33 id: 3142
processing event: OrderFinishedEvent, order_id: 33 id: 3143 at time: 2391.33
Processed event: OrderFinishedEvent, order_id: 33 id: 3143
processing event: VehicleEnterNewRoadEvent, vehicle_id: 3, road_id: 1000000000000000477 id: 3136 at time: 2391.65
Processed event: VehicleEnterNewRoadEvent, vehicle_id: 3, road_id: 1000000000000000477 id: 3136
processing event: VehicleDepartureEvent, vehicle_id: 3, road_id: 1000000000000000477, offset: 0.000000 id: 3144 at time: 2391.65
Processed event: VehicleDepartureEvent, vehicle_id: 3, road_id: 1000000000000000477, offset: 0.000000 id: 3144
processing event: VehicleEnterNewRoadEvent, vehicle_id: 12, road_id: 1000000000000001234 id: 3137 at time: 2392.35
Processed event: VehicleEnterNewRoadEvent, vehicle_id: 12, road_id: 1000000000000001234 id: 3137
processing event: VehicleDepartureEvent, vehicle_id: 12, road_id: 1000000000000001234, offset: 0.000000 id: 3146 at time: 2392.35
Processed event: VehicleDepartureEvent, vehicle_id: 12, road_id: 1000000000000001234, offset: 0.000000 id: 3146
Event is not valid: VehicleArriveIntersectionEvent, vehicle_id: 18, road_id: 1000000000000000192 id: 3021 at time: 2392.45
processing event: VehicleArriveIntersectionEvent, vehicle_id: 18, road_id: 1000000000000000192 id: 3034 at time: 2392.45
Processed event: VehicleArriveIntersectionEvent, vehicle_id: 18, road_id: 1000000000000000192 id: 3034
processing event: VehicleArriveIntersectionEvent, vehicle_id: 4, road_id: 1000000000000000018 id: 3117 at time: 2392.7
Processed event: VehicleArriveIntersectionEvent, vehicle_id: 4, road_id: 1000000000000000018 id: 3117
processing event: BusArrivalEvent, vehicle_id: 17, stop_id: 255 id: 3125 at time: 2393.9
Processed event: BusArrivalEvent, vehicle_id: 17, stop_id: 255 id: 3125
processing event: PassengerRouteEndEvent, passenger_id: 15, route_id: 1 id: 3151 at time: 2393.9
Passenger 15 finished all routes
Processed event: PassengerRouteEndEvent, passenger_id: 15, route_id: 1 id: 3151
processing event: PassengerDropoffEvent, passenger_id: 15 id: 3153 at time: 2393.9
Processed event: PassengerDropoffEvent, passenger_id: 15 id: 3153
processing event: OrderFinishedEvent, order_id: 15 id: 3154 at time: 2393.9
Processed event: OrderFinishedEvent, order_id: 15 id: 3154
processing event: VehicleEnterNewRoadEvent, vehicle_id: 18, road_id: 1000000000000000193 id: 3148 at time: 2394.25
Processed event: VehicleEnterNewRoadEvent, vehicle_id: 18, road_id: 1000000000000000193 id: 3148
processing event: VehicleDepartureEvent, vehicle_id: 18, road_id: 1000000000000000193, offset: 0.000000 id: 3156 at time: 2394.25
Processed event: VehicleDepartureEvent, vehicle_id: 18, road_id: 1000000000000000193, offset: 0.000000 id: 3156
processing event: VehicleEnterNewRoadEvent, vehicle_id: 4, road_id: 1000000000000001089 id: 3150 at time: 2394.5
Processed event: VehicleEnterNewRoadEvent, vehicle_id: 4, road_id: 1000000000000001089 id: 3150
processing event: VehicleDepartureEvent, vehicle_id: 4, road_id: 1000000000000001089, offset: 0.000000 id: 3158 at time: 2394.5
Processed event: VehicleDepartureEvent, vehicle_id: 4, road_id: 1000000000000001089, offset: 0.000000 id: 3158
processing event: VehicleArriveIntersectionEvent, vehicle_id: 12, road_id: 1000000000000001234 id: 3147 at time: 2394.51
Processed event: VehicleArriveIntersectionEvent, vehicle_id: 12, road_id: 1000000000000001234 id: 3147
Event is not valid: VehicleCheckPointEvent, vehicle_id: 14 id: 3149 at time: 2394.64
processing event: VehicleArriveIntersectionEvent, vehicle_id: 1, road_id: 1000000000000000545 id: 3132 at time: 2395.71
Processed event: VehicleArriveIntersectionEvent, vehicle_id: 1, road_id: 1000000000000000545 id: 3132
processing event: VehicleArriveIntersectionEvent, vehicle_id: 14, road_id: 1000000000000000192 id: 3155 at time: 2396.08
Processed event: VehicleArriveIntersectionEvent, vehicle_id: 14, road_id: 1000000000000000192 id: 3155
processing event: VehicleEnterNewRoadEvent, vehicle_id: 12, road_id: 1000000000000001242 id: 3160 at time: 2396.31
Processed event: VehicleEnterNewRoadEvent, vehicle_id: 12, road_id: 1000000000000001242 id: 3160
processing event: VehicleDepartureEvent, vehicle_id: 12, road_id: 1000000000000001242, offset: 0.000000 id: 3163 at time: 2396.31
Processed event: VehicleDepartureEvent, vehicle_id: 12, road_id: 1000000000000001242, offset: 0.000000 id: 3163
processing event: VehicleDepartureEvent, vehicle_id: 19, road_id: 1000000000000000199, offset: 28.590000 id: 3141 at time: 2396.33
Processed event: VehicleDepartureEvent, vehicle_id: 19, road_id: 1000000000000000199, offset: 28.590000 id: 3141
processing event: VehicleArriveIntersectionEvent, vehicle_id: 12, road_id: 1000000000000001242 id: 3164 at time: 2397.21
Processed event: VehicleArriveIntersectionEvent, vehicle_id: 12, road_id: 1000000000000001242 id: 3164
processing event: VehicleEnterNewRoadEvent, vehicle_id: 1, road_id: 1000000000000000539 id: 3161 at time: 2397.51
Processed event: VehicleEnterNewRoadEvent, vehicle_id: 1, road_id: 1000000000000000539 id: 3161
processing event: VehicleDepartureEvent, vehicle_id: 1, road_id: 1000000000000000539, offset: 0.000000 id: 3167 at time: 2397.51
Processed event: VehicleDepartureEvent, vehicle_id: 1, road_id: 1000000000000000539, offset: 0.000000 id: 3167
Event is not valid: VehicleArriveIntersectionEvent, vehicle_id: 7, road_id: 1000000000000000477 id: 3038 at time: 2397.76
processing event: VehicleArriveIntersectionEvent, vehicle_id: 7, road_id: 1000000000000000477 id: 3145 at time: 2397.76
Processed event: VehicleArriveIntersectionEvent, vehicle_id: 7, road_id: 1000000000000000477 id: 3145
processing event: VehicleEnterNewRoadEvent, vehicle_id: 14, road_id: 1000000000000000193 id: 3162 at time: 2397.88
Processed event: VehicleEnterNewRoadEvent, vehicle_id: 14, road_id: 1000000000000000193 id: 3162
processing event: VehicleDepartureEvent, vehicle_id: 14, road_id: 1000000000000000193, offset: 0.000000 id: 3171 at time: 2397.88
Processed event: VehicleDepartureEvent, vehicle_id: 14, road_id: 1000000000000000193, offset: 0.000000 id: 3171
processing event: VehicleDepartureEvent, vehicle_id: 17, road_id: 1000000000000000224, offset: 80.380000 id: 3152 at time: 2398.9
Processed event: VehicleDepartureEvent, vehicle_id: 17, road_id: 1000000000000000224, offset: 80.380000 id: 3152
processing event: VehicleEnterNewRoadEvent, vehicle_id: 12, road_id: 1000000000000000014 id: 3166 at time: 2399.01
Processed event: VehicleEnterNewRoadEvent, vehicle_id: 12, road_id: 1000000000000000014 id: 3166
processing event: VehicleDepartureEvent, vehicle_id: 12, road_id: 1000000000000000014, offset: 0.000000 id: 3174 at time: 2399.01
Processed event: VehicleDepartureEvent, vehicle_id: 12, road_id: 1000000000000000014, offset: 0.000000 id: 3174
processing event: VehicleEnterNewRoadEvent, vehicle_id: 7, road_id: 1000000000000000478 id: 3169 at time: 2399.56
Processed event: VehicleEnterNewRoadEvent, vehicle_id: 7, road_id: 1000000000000000478 id: 3169
processing event: VehicleDepartureEvent, vehicle_id: 7, road_id: 1000000000000000478, offset: 0.000000 id: 3177 at time: 2399.56
Processed event: VehicleDepartureEvent, vehicle_id: 7, road_id: 1000000000000000478, offset: 0.000000 id: 3177
Event is not valid: VehicleArriveIntersectionEvent, vehicle_id: 11, road_id: 1000000000000000309 id: 3047 at time: 2399.76
processing event: VehicleArriveIntersectionEvent, vehicle_id: 11, road_id: 1000000000000000309 id: 3076 at time: 2399.76
Processed event: VehicleArriveIntersectionEvent, vehicle_id: 11, road_id: 1000000000000000309 id: 3076
Simulator::runFor: now_ = 2399.76 target = 2400
[progress] simulator time = 2400 / 3600
processing event: VehicleEnterNewRoadEvent, vehicle_id: 11, road_id: 1000000000000000311 id: 3179 at time: 2401.56
Processed event: VehicleEnterNewRoadEvent, vehicle_id: 11, road_id: 1000000000000000311 id: 3179
processing event: VehicleDepartureEvent, vehicle_id: 11, road_id: 1000000000000000311, offset: 0.000000 id: 3180 at time: 2401.56
Processed event: VehicleDepartureEvent, vehicle_id: 11, road_id: 1000000000000000311, offset: 0.000000 id: 3180
processing event: VehicleArriveIntersectionEvent, vehicle_id: 10, road_id: 1000000000000001053 id: 3086 at time: 2407.64
Processed event: VehicleArriveIntersectionEvent, vehicle_id: 10, road_id: 1000000000000001053 id: 3086
processing event: VehicleArriveIntersectionEvent, vehicle_id: 8, road_id: 1000000000000000278 id: 3134 at time: 2408.87
Processed event: VehicleArriveIntersectionEvent, vehicle_id: 8, road_id: 1000000000000000278 id: 3134
processing event: VehicleEnterNewRoadEvent, vehicle_id: 10, road_id: 1000000000000001183 id: 3182 at time: 2409.44
Processed event: VehicleEnterNewRoadEvent, vehicle_id: 10, road_id: 1000000000000001183 id: 3182
processing event: VehicleDepartureEvent, vehicle_id: 10, road_id: 1000000000000001183, offset: 0.000000 id: 3184 at time: 2409.44
Processed event: VehicleDepartureEvent, vehicle_id: 10, road_id: 1000000000000001183, offset: 0.000000 id: 3184
Simulator::runFor: now_ = 2409.44 target = 2410
[progress] simulator time = 2410 / 3600
processing event: VehicleEnterNewRoadEvent, vehicle_id: 8, road_id: 1000000000000000353 id: 3183 at time: 2410.68
Processed event: VehicleEnterNewRoadEvent, vehicle_id: 8, road_id: 1000000000000000353 id: 3183
processing event: VehicleDepartureEvent, vehicle_id: 8, road_id: 1000000000000000353, offset: 0.000000 id: 3186 at time: 2410.68
Processed event: VehicleDepartureEvent, vehicle_id: 8, road_id: 1000000000000000353, offset: 0.000000 id: 3186
processing event: PassengerRouteStartEvent, passenger_id: 51, route_id: 1 id: 50 at time: 2412
Processed event: PassengerRouteStartEvent, passenger_id: 51, route_id: 1 id: 50
processing event: OrderCreatedEvent, order_id: 51, available_pickups: 236 , available_dropoffs: 264 , passenger_id: 51, route_id: 1, passenger_num: 0 id: 3188 at time: 2412
Processed event: OrderCreatedEvent, order_id: 51, available_pickups: 236 , available_dropoffs: 264 , passenger_id: 51, route_id: 1, passenger_num: 1 id: 3188
processing event: BusArrivalEvent, vehicle_id: 8, stop_id: 275 id: 3187 at time: 2419.25
Processed event: BusArrivalEvent, vehicle_id: 8, stop_id: 275 id: 3187
processing event: PassengerOnboardEvent, passenger_id: 34 id: 3189 at time: 2419.25
Processed event: PassengerOnboardEvent, passenger_id: 34 id: 3189
processing event: VehicleArriveIntersectionEvent, vehicle_id: 19, road_id: 1000000000000000199 id: 3165 at time: 2419.62
Processed event: VehicleArriveIntersectionEvent, vehicle_id: 19, road_id: 1000000000000000199 id: 3165
Simulator::runFor: now_ = 2419.62 target = 2420
[progress] simulator time = 2420 / 3600
processing event: OrderMatchedEvent, order_id: 51, vehicle_id: 20 id: 3192 at time: 2420
Processed event: OrderMatchedEvent, order_id: 51, vehicle_id: 20 id: 3192
processing event: VehicleDepartureEvent, vehicle_id: 20, road_id: 1000000000000000260, offset: 139.200000 id: 3193 at time: 2420
Processed event: VehicleDepartureEvent, vehicle_id: 20, road_id: 1000000000000000260, offset: 139.200000 id: 3193
processing event: PassengerArrivalEvent, passenger_id: 51 id: 3194 at time: 2420
Processed event: PassengerArrivalEvent, passenger_id: 51 id: 3194
processing event: VehicleEnterNewRoadEvent, vehicle_id: 19, road_id: 1000000000000000756 id: 3191 at time: 2421.42
Processed event: VehicleEnterNewRoadEvent, vehicle_id: 19, road_id: 1000000000000000756 id: 3191
processing event: VehicleDepartureEvent, vehicle_id: 19, road_id: 1000000000000000756, offset: 0.000000 id: 3196 at time: 2421.42
Processed event: VehicleDepartureEvent, vehicle_id: 19, road_id: 1000000000000000756, offset: 0.000000 id: 3196
processing event: VehicleArriveIntersectionEvent, vehicle_id: 1, road_id: 1000000000000000539 id: 3168 at time: 2422.17
Processed event: VehicleArriveIntersectionEvent, vehicle_id: 1, road_id: 1000000000000000539 id: 3168
processing event: VehicleArriveIntersectionEvent, vehicle_id: 17, road_id: 1000000000000000224 id: 3173 at time: 2422.77
Processed event: VehicleArriveIntersectionEvent, vehicle_id: 17, road_id: 1000000000000000224 id: 3173
processing event: VehicleEnterNewRoadEvent, vehicle_id: 1, road_id: 1000000000000000541 id: 3198 at time: 2423.97
Processed event: VehicleEnterNewRoadEvent, vehicle_id: 1, road_id: 1000000000000000541 id: 3198
processing event: VehicleDepartureEvent, vehicle_id: 1, road_id: 1000000000000000541, offset: 0.000000 id: 3200 at time: 2423.97
Processed event: VehicleDepartureEvent, vehicle_id: 1, road_id: 1000000000000000541, offset: 0.000000 id: 3200
processing event: VehicleArriveIntersectionEvent, vehicle_id: 15, road_id: 1000000000000000210 id: 3101 at time: 2424.18
Processed event: VehicleArriveIntersectionEvent, vehicle_id: 15, road_id: 1000000000000000210 id: 3101
processing event: VehicleDepartureEvent, vehicle_id: 8, road_id: 1000000000000000353, offset: 47.610000 id: 3190 at time: 2424.25
Processed event: VehicleDepartureEvent, vehicle_id: 8, road_id: 1000000000000000353, offset: 47.610000 id: 3190
processing event: VehicleEnterNewRoadEvent, vehicle_id: 17, road_id: 1000000000000000225 id: 3199 at time: 2424.57
Processed event: VehicleEnterNewRoadEvent, vehicle_id: 17, road_id: 1000000000000000225 id: 3199
processing event: VehicleDepartureEvent, vehicle_id: 17, road_id: 1000000000000000225, offset: 0.000000 id: 3204 at time: 2424.57
Processed event: VehicleDepartureEvent, vehicle_id: 17, road_id: 1000000000000000225, offset: 0.000000 id: 3204
processing event: VehicleArriveIntersectionEvent, vehicle_id: 20, road_id: 1000000000000000260 id: 3195 at time: 2425.72
Processed event: VehicleArriveIntersectionEvent, vehicle_id: 20, road_id: 1000000000000000260 id: 3195
processing event: VehicleEnterNewRoadEvent, vehicle_id: 15, road_id: 1000000000000000157 id: 3202 at time: 2425.98
Processed event: VehicleEnterNewRoadEvent, vehicle_id: 15, road_id: 1000000000000000157 id: 3202
processing event: VehicleDepartureEvent, vehicle_id: 15, road_id: 1000000000000000157, offset: 0.000000 id: 3207 at time: 2425.98
Processed event: VehicleDepartureEvent, vehicle_id: 15, road_id: 1000000000000000157, offset: 0.000000 id: 3207
processing event: VehicleArriveIntersectionEvent, vehicle_id: 17, road_id: 1000000000000000225 id: 3205 at time: 2426.91
Processed event: VehicleArriveIntersectionEvent, vehicle_id: 17, road_id: 1000000000000000225 id: 3205
processing event: VehicleEnterNewRoadEvent, vehicle_id: 20, road_id: 1000000000000000261 id: 3206 at time: 2427.52
Processed event: VehicleEnterNewRoadEvent, vehicle_id: 20, road_id: 1000000000000000261 id: 3206
processing event: VehicleDepartureEvent, vehicle_id: 20, road_id: 1000000000000000261, offset: 0.000000 id: 3210 at time: 2427.52
Processed event: VehicleDepartureEvent, vehicle_id: 20, road_id: 1000000000000000261, offset: 0.000000 id: 3210
processing event: VehicleEnterNewRoadEvent, vehicle_id: 17, road_id: 1000000000000000226 id: 3209 at time: 2428.71
Processed event: VehicleEnterNewRoadEvent, vehicle_id: 17, road_id: 1000000000000000226 id: 3209
processing event: VehicleDepartureEvent, vehicle_id: 17, road_id: 1000000000000000226, offset: 0.000000 id: 3212 at time: 2428.71
Processed event: VehicleDepartureEvent, vehicle_id: 17, road_id: 1000000000000000226, offset: 0.000000 id: 3212
Simulator::runFor: now_ = 2428.71 target = 2430
[progress] simulator time = 2430 / 3600
processing event: VehicleArriveIntersectionEvent, vehicle_id: 15, road_id: 1000000000000000157 id: 3208 at time: 2430.66
Processed event: VehicleArriveIntersectionEvent, vehicle_id: 15, road_id: 1000000000000000157 id: 3208
processing event: VehicleEnterNewRoadEvent, vehicle_id: 15, road_id: 1000000000000000163 id: 3214 at time: 2432.46
Processed event: VehicleEnterNewRoadEvent, vehicle_id: 15, road_id: 1000000000000000163 id: 3214
processing event: VehicleDepartureEvent, vehicle_id: 15, road_id: 1000000000000000163, offset: 0.000000 id: 3215 at time: 2432.46
Processed event: VehicleDepartureEvent, vehicle_id: 15, road_id: 1000000000000000163, offset: 0.000000 id: 3215
processing event: VehicleArriveIntersectionEvent, vehicle_id: 15, road_id: 1000000000000000163 id: 3216 at time: 2433.9
Processed event: VehicleArriveIntersectionEvent, vehicle_id: 15, road_id: 1000000000000000163 id: 3216
processing event: VehicleEnterNewRoadEvent, vehicle_id: 15, road_id: 1000000000000000153 id: 3217 at time: 2435.7
Processed event: VehicleEnterNewRoadEvent, vehicle_id: 15, road_id: 1000000000000000153 id: 3217
processing event: VehicleDepartureEvent, vehicle_id: 15, road_id: 1000000000000000153, offset: 0.000000 id: 3218 at time: 2435.7
Processed event: VehicleDepartureEvent, vehicle_id: 15, road_id: 1000000000000000153, offset: 0.000000 id: 3218
processing event: VehicleArriveIntersectionEvent, vehicle_id: 12, road_id: 1000000000000000014 id: 3175 at time: 2438.98
Processed event: VehicleArriveIntersectionEvent, vehicle_id: 12, road_id: 1000000000000000014 id: 3175
Simulator::runFor: now_ = 2438.98 target = 2440
[progress] simulator time = 2440 / 3600
processing event: VehicleArriveIntersectionEvent, vehicle_id: 9, road_id: 1000000000000000061 id: 3111 at time: 2440.63
Processed event: VehicleArriveIntersectionEvent, vehicle_id: 9, road_id: 1000000000000000061 id: 3111
processing event: VehicleEnterNewRoadEvent, vehicle_id: 12, road_id: 1000000000000000640 id: 3220 at time: 2440.78
Processed event: VehicleEnterNewRoadEvent, vehicle_id: 12, road_id: 1000000000000000640 id: 3220
processing event: VehicleDepartureEvent, vehicle_id: 12, road_id: 1000000000000000640, offset: 0.000000 id: 3222 at time: 2440.78
Processed event: VehicleDepartureEvent, vehicle_id: 12, road_id: 1000000000000000640, offset: 0.000000 id: 3222
processing event: VehicleArriveIntersectionEvent, vehicle_id: 1, road_id: 1000000000000000541 id: 3201 at time: 2441.25
Processed event: VehicleArriveIntersectionEvent, vehicle_id: 1, road_id: 1000000000000000541 id: 3201
processing event: VehicleArriveIntersectionEvent, vehicle_id: 8, road_id: 1000000000000000353 id: 3203 at time: 2442.14
Processed event: VehicleArriveIntersectionEvent, vehicle_id: 8, road_id: 1000000000000000353 id: 3203
processing event: VehicleArriveIntersectionEvent, vehicle_id: 15, road_id: 1000000000000000153 id: 3219 at time: 2442.18
Processed event: VehicleArriveIntersectionEvent, vehicle_id: 15, road_id: 1000000000000000153 id: 3219
processing event: VehicleEnterNewRoadEvent, vehicle_id: 9, road_id: 1000000000000000447 id: 3221 at time: 2442.43
Processed event: VehicleEnterNewRoadEvent, vehicle_id: 9, road_id: 1000000000000000447 id: 3221
processing event: VehicleDepartureEvent, vehicle_id: 9, road_id: 1000000000000000447, offset: 0.000000 id: 3227 at time: 2442.43
Processed event: VehicleDepartureEvent, vehicle_id: 9, road_id: 1000000000000000447, offset: 0.000000 id: 3227
processing event: VehicleEnterNewRoadEvent, vehicle_id: 1, road_id: 1000000000000000542 id: 3224 at time: 2443.05
Processed event: VehicleEnterNewRoadEvent, vehicle_id: 1, road_id: 1000000000000000542 id: 3224
processing event: VehicleDepartureEvent, vehicle_id: 1, road_id: 1000000000000000542, offset: 0.000000 id: 3229 at time: 2443.05
Processed event: VehicleDepartureEvent, vehicle_id: 1, road_id: 1000000000000000542, offset: 0.000000 id: 3229
processing event: VehicleEnterNewRoadEvent, vehicle_id: 8, road_id: 1000000000000000563 id: 3225 at time: 2443.94
Processed event: VehicleEnterNewRoadEvent, vehicle_id: 8, road_id: 1000000000000000563 id: 3225
processing event: VehicleDepartureEvent, vehicle_id: 8, road_id: 1000000000000000563, offset: 0.000000 id: 3231 at time: 2443.94
Processed event: VehicleDepartureEvent, vehicle_id: 8, road_id: 1000000000000000563, offset: 0.000000 id: 3231
processing event: VehicleEnterNewRoadEvent, vehicle_id: 15, road_id: 1000000000000001192 id: 3226 at time: 2443.98
Processed event: VehicleEnterNewRoadEvent, vehicle_id: 15, road_id: 1000000000000001192 id: 3226
processing event: VehicleDepartureEvent, vehicle_id: 15, road_id: 1000000000000001192, offset: 0.000000 id: 3233 at time: 2443.98
Processed event: VehicleDepartureEvent, vehicle_id: 15, road_id: 1000000000000001192, offset: 0.000000 id: 3233
processing event: VehicleArriveIntersectionEvent, vehicle_id: 12, road_id: 1000000000000000640 id: 3223 at time: 2444.38
Processed event: VehicleArriveIntersectionEvent, vehicle_id: 12, road_id: 1000000000000000640 id: 3223
processing event: VehicleArriveIntersectionEvent, vehicle_id: 11, road_id: 1000000000000000311 id: 3181 at time: 2445.48
Processed event: VehicleArriveIntersectionEvent, vehicle_id: 11, road_id: 1000000000000000311 id: 3181
processing event: VehicleEnterNewRoadEvent, vehicle_id: 12, road_id: 1000000000000000641 id: 3235 at time: 2446.18
Processed event: VehicleEnterNewRoadEvent, vehicle_id: 12, road_id: 1000000000000000641 id: 3235
processing event: VehicleDepartureEvent, vehicle_id: 12, road_id: 1000000000000000641, offset: 0.000000 id: 3237 at time: 2446.18
Processed event: VehicleDepartureEvent, vehicle_id: 12, road_id: 1000000000000000641, offset: 0.000000 id: 3237
processing event: VehicleEnterNewRoadEvent, vehicle_id: 11, road_id: 1000000000000000322 id: 3236 at time: 2447.28
Processed event: VehicleEnterNewRoadEvent, vehicle_id: 11, road_id: 1000000000000000322 id: 3236
processing event: VehicleDepartureEvent, vehicle_id: 11, road_id: 1000000000000000322, offset: 0.000000 id: 3239 at time: 2447.28
Processed event: VehicleDepartureEvent, vehicle_id: 11, road_id: 1000000000000000322, offset: 0.000000 id: 3239
processing event: VehicleArriveIntersectionEvent, vehicle_id: 12, road_id: 1000000000000000641 id: 3238 at time: 2449.06
Processed event: VehicleArriveIntersectionEvent, vehicle_id: 12, road_id: 1000000000000000641 id: 3238
Simulator::runFor: now_ = 2449.06 target = 2450
[progress] simulator time = 2450 / 3600
processing event: VehicleEnterNewRoadEvent, vehicle_id: 12, road_id: 1000000000000000056 id: 3241 at time: 2450.86
Processed event: VehicleEnterNewRoadEvent, vehicle_id: 12, road_id: 1000000000000000056 id: 3241
processing event: VehicleDepartureEvent, vehicle_id: 12, road_id: 1000000000000000056, offset: 0.000000 id: 3242 at time: 2450.86
Processed event: VehicleDepartureEvent, vehicle_id: 12, road_id: 1000000000000000056, offset: 0.000000 id: 3242
processing event: VehicleArriveIntersectionEvent, vehicle_id: 5, road_id: 1000000000000000326 id: 3139 at time: 2451.65
Processed event: VehicleArriveIntersectionEvent, vehicle_id: 5, road_id: 1000000000000000326 id: 3139
processing event: VehicleArriveIntersectionEvent, vehicle_id: 4, road_id: 1000000000000001089 id: 3159 at time: 2452.29
Processed event: VehicleArriveIntersectionEvent, vehicle_id: 4, road_id: 1000000000000001089 id: 3159
processing event: VehicleEnterNewRoadEvent, vehicle_id: 5, road_id: 1000000000000000327 id: 3244 at time: 2453.45
Processed event: VehicleEnterNewRoadEvent, vehicle_id: 5, road_id: 1000000000000000327 id: 3244
processing event: VehicleDepartureEvent, vehicle_id: 5, road_id: 1000000000000000327, offset: 0.000000 id: 3246 at time: 2453.45
Processed event: VehicleDepartureEvent, vehicle_id: 5, road_id: 1000000000000000327, offset: 0.000000 id: 3246
processing event: VehicleEnterNewRoadEvent, vehicle_id: 4, road_id: 1000000000000001088 id: 3245 at time: 2454.09
Processed event: VehicleEnterNewRoadEvent, vehicle_id: 4, road_id: 1000000000000001088 id: 3245
processing event: VehicleDepartureEvent, vehicle_id: 4, road_id: 1000000000000001088, offset: 0.000000 id: 3248 at time: 2454.09
Processed event: VehicleDepartureEvent, vehicle_id: 4, road_id: 1000000000000001088, offset: 0.000000 id: 3248
Event is not valid: VehicleArriveIntersectionEvent, vehicle_id: 18, road_id: 1000000000000000193 id: 3157 at time: 2454.73
processing event: VehicleArriveIntersectionEvent, vehicle_id: 18, road_id: 1000000000000000193 id: 3172 at time: 2454.73
Processed event: VehicleArriveIntersectionEvent, vehicle_id: 18, road_id: 1000000000000000193 id: 3172
processing event: VehicleArriveIntersectionEvent, vehicle_id: 17, road_id: 1000000000000000226 id: 3213 at time: 2455.18
Processed event: VehicleArriveIntersectionEvent, vehicle_id: 17, road_id: 1000000000000000226 id: 3213
processing event: VehicleArriveIntersectionEvent, vehicle_id: 8, road_id: 1000000000000000563 id: 3232 at time: 2455.28
Processed event: VehicleArriveIntersectionEvent, vehicle_id: 8, road_id: 1000000000000000563 id: 3232
processing event: VehicleArriveIntersectionEvent, vehicle_id: 10, road_id: 1000000000000001183 id: 3185 at time: 2455.88
Processed event: VehicleArriveIntersectionEvent, vehicle_id: 10, road_id: 1000000000000001183 id: 3185
processing event: VehicleEnterNewRoadEvent, vehicle_id: 18, road_id: 1000000000000000341 id: 3250 at time: 2456.53
Processed event: VehicleEnterNewRoadEvent, vehicle_id: 18, road_id: 1000000000000000341 id: 3250
processing event: VehicleDepartureEvent, vehicle_id: 18, road_id: 1000000000000000341, offset: 0.000000 id: 3256 at time: 2456.53
Processed event: VehicleDepartureEvent, vehicle_id: 18, road_id: 1000000000000000341, offset: 0.000000 id: 3256
Event is not valid: VehicleCheckPointEvent, vehicle_id: 14 id: 3251 at time: 2456.93
processing event: VehicleEnterNewRoadEvent, vehicle_id: 17, road_id: 1000000000000000228 id: 3252 at time: 2456.98
Processed event: VehicleEnterNewRoadEvent, vehicle_id: 17, road_id: 1000000000000000228 id: 3252
processing event: VehicleDepartureEvent, vehicle_id: 17, road_id: 1000000000000000228, offset: 0.000000 id: 3258 at time: 2456.98
Processed event: VehicleDepartureEvent, vehicle_id: 17, road_id: 1000000000000000228, offset: 0.000000 id: 3258
processing event: VehicleEnterNewRoadEvent, vehicle_id: 8, road_id: 1000000000000000564 id: 3253 at time: 2457.08
Processed event: VehicleEnterNewRoadEvent, vehicle_id: 8, road_id: 1000000000000000564 id: 3253
processing event: VehicleDepartureEvent, vehicle_id: 8, road_id: 1000000000000000564, offset: 0.000000 id: 3260 at time: 2457.08
Processed event: VehicleDepartureEvent, vehicle_id: 8, road_id: 1000000000000000564, offset: 0.000000 id: 3260
processing event: VehicleEnterNewRoadEvent, vehicle_id: 10, road_id: 1000000000000000115 id: 3254 at time: 2457.68
Processed event: VehicleEnterNewRoadEvent, vehicle_id: 10, road_id: 1000000000000000115 id: 3254
processing event: VehicleDepartureEvent, vehicle_id: 10, road_id: 1000000000000000115, offset: 0.000000 id: 3262 at time: 2457.68
Processed event: VehicleDepartureEvent, vehicle_id: 10, road_id: 1000000000000000115, offset: 0.000000 id: 3262
processing event: VehicleArriveIntersectionEvent, vehicle_id: 14, road_id: 1000000000000000193 id: 3255 at time: 2458.37
Processed event: VehicleArriveIntersectionEvent, vehicle_id: 14, road_id: 1000000000000000193 id: 3255
Simulator::runFor: now_ = 2458.37 target = 2460
[progress] simulator time = 2460 / 3600
processing event: VehicleEnterNewRoadEvent, vehicle_id: 14, road_id: 1000000000000000341 id: 3264 at time: 2460.17
Processed event: VehicleEnterNewRoadEvent, vehicle_id: 14, road_id: 1000000000000000341 id: 3264
processing event: VehicleDepartureEvent, vehicle_id: 14, road_id: 1000000000000000341, offset: 0.000000 id: 3265 at time: 2460.17
Processed event: VehicleDepartureEvent, vehicle_id: 14, road_id: 1000000000000000341, offset: 0.000000 id: 3265
processing event: VehicleArriveIntersectionEvent, vehicle_id: 19, road_id: 1000000000000000756 id: 3197 at time: 2464.27
Processed event: VehicleArriveIntersectionEvent, vehicle_id: 19, road_id: 1000000000000000756 id: 3197
processing event: VehicleEnterNewRoadEvent, vehicle_id: 19, road_id: 1000000000000000634 id: 3267 at time: 2466.07
Processed event: VehicleEnterNewRoadEvent, vehicle_id: 19, road_id: 1000000000000000634 id: 3267
processing event: VehicleDepartureEvent, vehicle_id: 19, road_id: 1000000000000000634, offset: 0.000000 id: 3268 at time: 2466.07
Processed event: VehicleDepartureEvent, vehicle_id: 19, road_id: 1000000000000000634, offset: 0.000000 id: 3268
processing event: VehicleArriveIntersectionEvent, vehicle_id: 8, road_id: 1000000000000000564 id: 3261 at time: 2466.26
Processed event: VehicleArriveIntersectionEvent, vehicle_id: 8, road_id: 1000000000000000564 id: 3261
processing event: VehicleArriveIntersectionEvent, vehicle_id: 19, road_id: 1000000000000000634 id: 3269 at time: 2467.33
Processed event: VehicleArriveIntersectionEvent, vehicle_id: 19, road_id: 1000000000000000634 id: 3269
processing event: VehicleEnterNewRoadEvent, vehicle_id: 8, road_id: 1000000000000000565 id: 3270 at time: 2468.06
Processed event: VehicleEnterNewRoadEvent, vehicle_id: 8, road_id: 1000000000000000565 id: 3270
processing event: VehicleDepartureEvent, vehicle_id: 8, road_id: 1000000000000000565, offset: 0.000000 id: 3272 at time: 2468.06
Processed event: VehicleDepartureEvent, vehicle_id: 8, road_id: 1000000000000000565, offset: 0.000000 id: 3272
processing event: VehicleArriveIntersectionEvent, vehicle_id: 1, road_id: 1000000000000000542 id: 3230 at time: 2468.44
Processed event: VehicleArriveIntersectionEvent, vehicle_id: 1, road_id: 1000000000000000542 id: 3230
processing event: VehicleEnterNewRoadEvent, vehicle_id: 19, road_id: 1000000000000000629 id: 3271 at time: 2469.13
Processed event: VehicleEnterNewRoadEvent, vehicle_id: 19, road_id: 1000000000000000629 id: 3271
processing event: VehicleDepartureEvent, vehicle_id: 19, road_id: 1000000000000000629, offset: 0.000000 id: 3275 at time: 2469.13
Processed event: VehicleDepartureEvent, vehicle_id: 19, road_id: 1000000000000000629, offset: 0.000000 id: 3275
Simulator::runFor: now_ = 2469.13 target = 2470
[progress] simulator time = 2470 / 3600
processing event: VehicleEnterNewRoadEvent, vehicle_id: 1, road_id: 1000000000000000144 id: 3274 at time: 2470.24
Processed event: VehicleEnterNewRoadEvent, vehicle_id: 1, road_id: 1000000000000000144 id: 3274
processing event: VehicleDepartureEvent, vehicle_id: 1, road_id: 1000000000000000144, offset: 0.000000 id: 3277 at time: 2470.24
Processed event: VehicleDepartureEvent, vehicle_id: 1, road_id: 1000000000000000144, offset: 0.000000 id: 3277
processing event: VehicleArriveIntersectionEvent, vehicle_id: 15, road_id: 1000000000000001192 id: 3234 at time: 2473.86
Processed event: VehicleArriveIntersectionEvent, vehicle_id: 15, road_id: 1000000000000001192 id: 3234
processing event: VehicleEnterNewRoadEvent, vehicle_id: 15, road_id: 1000000000000001194 id: 3279 at time: 2475.67
Processed event: VehicleEnterNewRoadEvent, vehicle_id: 15, road_id: 1000000000000001194 id: 3279
processing event: VehicleDepartureEvent, vehicle_id: 15, road_id: 1000000000000001194, offset: 0.000000 id: 3280 at time: 2475.67
Processed event: VehicleDepartureEvent, vehicle_id: 15, road_id: 1000000000000001194, offset: 0.000000 id: 3280
Simulator::runFor: now_ = 2475.67 target = 2480
[progress] simulator time = 2480 / 3600
processing event: PassengerRouteStartEvent, passenger_id: 52, route_id: 1 id: 51 at time: 2481
Processed event: PassengerRouteStartEvent, passenger_id: 52, route_id: 1 id: 51
processing event: OrderCreatedEvent, order_id: 52, available_pickups: 272 , available_dropoffs: 268 , passenger_id: 52, route_id: 1, passenger_num: 0 id: 3282 at time: 2481
Processed event: OrderCreatedEvent, order_id: 52, available_pickups: 272 , available_dropoffs: 268 , passenger_id: 52, route_id: 1, passenger_num: 3 id: 3282
processing event: VehicleArriveIntersectionEvent, vehicle_id: 8, road_id: 1000000000000000565 id: 3273 at time: 2481.56
Processed event: VehicleArriveIntersectionEvent, vehicle_id: 8, road_id: 1000000000000000565 id: 3273
processing event: VehicleArriveIntersectionEvent, vehicle_id: 20, road_id: 1000000000000000261 id: 3211 at time: 2482.61
Processed event: VehicleArriveIntersectionEvent, vehicle_id: 20, road_id: 1000000000000000261 id: 3211
processing event: VehicleArriveIntersectionEvent, vehicle_id: 9, road_id: 1000000000000000447 id: 3228 at time: 2483.12
Processed event: VehicleArriveIntersectionEvent, vehicle_id: 9, road_id: 1000000000000000447 id: 3228
processing event: VehicleEnterNewRoadEvent, vehicle_id: 8, road_id: 1000000000000000566 id: 3283 at time: 2483.36
Processed event: VehicleEnterNewRoadEvent, vehicle_id: 8, road_id: 1000000000000000566 id: 3283
processing event: VehicleDepartureEvent, vehicle_id: 8, road_id: 1000000000000000566, offset: 0.000000 id: 3286 at time: 2483.36
Processed event: VehicleDepartureEvent, vehicle_id: 8, road_id: 1000000000000000566, offset: 0.000000 id: 3286
processing event: VehicleEnterNewRoadEvent, vehicle_id: 20, road_id: 1000000000000001096 id: 3284 at time: 2484.41
Processed event: VehicleEnterNewRoadEvent, vehicle_id: 20, road_id: 1000000000000001096 id: 3284
processing event: VehicleDepartureEvent, vehicle_id: 20, road_id: 1000000000000001096, offset: 0.000000 id: 3288 at time: 2484.41
Processed event: VehicleDepartureEvent, vehicle_id: 20, road_id: 1000000000000001096, offset: 0.000000 id: 3288
processing event: VehicleEnterNewRoadEvent, vehicle_id: 9, road_id: 1000000000000000448 id: 3285 at time: 2484.92
Processed event: VehicleEnterNewRoadEvent, vehicle_id: 9, road_id: 1000000000000000448 id: 3285
processing event: VehicleDepartureEvent, vehicle_id: 9, road_id: 1000000000000000448, offset: 0.000000 id: 3290 at time: 2484.92
Processed event: VehicleDepartureEvent, vehicle_id: 9, road_id: 1000000000000000448, offset: 0.000000 id: 3290
processing event: VehicleArriveIntersectionEvent, vehicle_id: 11, road_id: 1000000000000000322 id: 3240 at time: 2487.25
Processed event: VehicleArriveIntersectionEvent, vehicle_id: 11, road_id: 1000000000000000322 id: 3240
processing event: VehicleArriveIntersectionEvent, vehicle_id: 19, road_id: 1000000000000000629 id: 3276 at time: 2488.39
Processed event: VehicleArriveIntersectionEvent, vehicle_id: 19, road_id: 1000000000000000629 id: 3276
processing event: VehicleEnterNewRoadEvent, vehicle_id: 11, road_id: 1000000000000000323 id: 3292 at time: 2489.05
Processed event: VehicleEnterNewRoadEvent, vehicle_id: 11, road_id: 1000000000000000323 id: 3292
processing event: VehicleDepartureEvent, vehicle_id: 11, road_id: 1000000000000000323, offset: 0.000000 id: 3294 at time: 2489.05
Processed event: VehicleDepartureEvent, vehicle_id: 11, road_id: 1000000000000000323, offset: 0.000000 id: 3294
processing event: BusArrivalEvent, vehicle_id: 10, stop_id: 177 id: 3263 at time: 2489.12
Processed event: BusArrivalEvent, vehicle_id: 10, stop_id: 177 id: 3263
processing event: PassengerRouteEndEvent, passenger_id: 19, route_id: 1 id: 3296 at time: 2489.12
Passenger 19 finished all routes
Processed event: PassengerRouteEndEvent, passenger_id: 19, route_id: 1 id: 3296
processing event: PassengerDropoffEvent, passenger_id: 19 id: 3298 at time: 2489.12
Processed event: PassengerDropoffEvent, passenger_id: 19 id: 3298
processing event: OrderFinishedEvent, order_id: 19 id: 3299 at time: 2489.12
Processed event: OrderFinishedEvent, order_id: 19 id: 3299
Simulator::runFor: now_ = 2489.12 target = 2490
[progress] simulator time = 2490 / 3600
processing event: OrderMatchedEvent, order_id: 52, vehicle_id: 8 id: 3300 at time: 2490
Processed event: OrderMatchedEvent, order_id: 52, vehicle_id: 8 id: 3300
processing event: PassengerArrivalEvent, passenger_id: 52 id: 3302 at time: 2490
Processed event: PassengerArrivalEvent, passenger_id: 52 id: 3302
processing event: VehicleEnterNewRoadEvent, vehicle_id: 19, road_id: 1000000000000000638 id: 3293 at time: 2490.19
Processed event: VehicleEnterNewRoadEvent, vehicle_id: 19, road_id: 1000000000000000638 id: 3293
processing event: VehicleDepartureEvent, vehicle_id: 19, road_id: 1000000000000000638, offset: 0.000000 id: 3303 at time: 2490.19
Processed event: VehicleDepartureEvent, vehicle_id: 19, road_id: 1000000000000000638, offset: 0.000000 id: 3303
processing event: VehicleArriveIntersectionEvent, vehicle_id: 7, road_id: 1000000000000000478 id: 3178 at time: 2492.63
Processed event: VehicleArriveIntersectionEvent, vehicle_id: 7, road_id: 1000000000000000478 id: 3178
Event is not valid: VehicleCheckPointEvent, vehicle_id: 3 id: 3170 at time: 2492.82
processing event: VehicleDepartureEvent, vehicle_id: 10, road_id: 1000000000000000115, offset: 174.620000 id: 3297 at time: 2494.12
Processed event: VehicleDepartureEvent, vehicle_id: 10, road_id: 1000000000000000115, offset: 174.620000 id: 3297
processing event: VehicleArriveIntersectionEvent, vehicle_id: 3, road_id: 1000000000000000477 id: 3176 at time: 2494.26
Processed event: VehicleArriveIntersectionEvent, vehicle_id: 3, road_id: 1000000000000000477 id: 3176
processing event: VehicleEnterNewRoadEvent, vehicle_id: 7, road_id: 1000000000000000851 id: 3305 at time: 2494.43
Processed event: VehicleEnterNewRoadEvent, vehicle_id: 7, road_id: 1000000000000000851 id: 3305
processing event: VehicleDepartureEvent, vehicle_id: 7, road_id: 1000000000000000851, offset: 0.000000 id: 3308 at time: 2494.43
Processed event: VehicleDepartureEvent, vehicle_id: 7, road_id: 1000000000000000851, offset: 0.000000 id: 3308
processing event: VehicleArriveIntersectionEvent, vehicle_id: 4, road_id: 1000000000000001088 id: 3249 at time: 2494.95
Processed event: VehicleArriveIntersectionEvent, vehicle_id: 4, road_id: 1000000000000001088 id: 3249
processing event: VehicleArriveIntersectionEvent, vehicle_id: 15, road_id: 1000000000000001194 id: 3281 at time: 2495.29
Processed event: VehicleArriveIntersectionEvent, vehicle_id: 15, road_id: 1000000000000001194 id: 3281
processing event: VehicleEnterNewRoadEvent, vehicle_id: 3, road_id: 1000000000000000478 id: 3307 at time: 2496.06
Processed event: VehicleEnterNewRoadEvent, vehicle_id: 3, road_id: 1000000000000000478 id: 3307
processing event: VehicleDepartureEvent, vehicle_id: 3, road_id: 1000000000000000478, offset: 0.000000 id: 3312 at time: 2496.06
Processed event: VehicleDepartureEvent, vehicle_id: 3, road_id: 1000000000000000478, offset: 0.000000 id: 3312
processing event: VehicleEnterNewRoadEvent, vehicle_id: 4, road_id: 1000000000000001178 id: 3310 at time: 2496.75
Processed event: VehicleEnterNewRoadEvent, vehicle_id: 4, road_id: 1000000000000001178 id: 3310
processing event: VehicleDepartureEvent, vehicle_id: 4, road_id: 1000000000000001178, offset: 0.000000 id: 3314 at time: 2496.75
Processed event: VehicleDepartureEvent, vehicle_id: 4, road_id: 1000000000000001178, offset: 0.000000 id: 3314
processing event: VehicleEnterNewRoadEvent, vehicle_id: 15, road_id: 1000000000000001193 id: 3311 at time: 2497.09
Processed event: VehicleEnterNewRoadEvent, vehicle_id: 15, road_id: 1000000000000001193 id: 3311
processing event: VehicleDepartureEvent, vehicle_id: 15, road_id: 1000000000000001193, offset: 0.000000 id: 3316 at time: 2497.09
Processed event: VehicleDepartureEvent, vehicle_id: 15, road_id: 1000000000000001193, offset: 0.000000 id: 3316
Simulator::runFor: now_ = 2497.09 target = 2500
[progress] simulator time = 2500 / 3600
processing event: VehicleArriveIntersectionEvent, vehicle_id: 9, road_id: 1000000000000000448 id: 3291 at time: 2506.52
Processed event: VehicleArriveIntersectionEvent, vehicle_id: 9, road_id: 1000000000000000448 id: 3291
processing event: VehicleEnterNewRoadEvent, vehicle_id: 9, road_id: 1000000000000000608 id: 3318 at time: 2508.32
Processed event: VehicleEnterNewRoadEvent, vehicle_id: 9, road_id: 1000000000000000608 id: 3318
processing event: VehicleDepartureEvent, vehicle_id: 9, road_id: 1000000000000000608, offset: 0.000000 id: 3319 at time: 2508.32
Processed event: VehicleDepartureEvent, vehicle_id: 9, road_id: 1000000000000000608, offset: 0.000000 id: 3319
processing event: VehicleArriveIntersectionEvent, vehicle_id: 10, road_id: 1000000000000000115 id: 3306 at time: 2509.13
Processed event: VehicleArriveIntersectionEvent, vehicle_id: 10, road_id: 1000000000000000115 id: 3306
Event is not valid: VehicleArriveIntersectionEvent, vehicle_id: 18, road_id: 1000000000000000341 id: 3257 at time: 2510
processing event: VehicleArriveIntersectionEvent, vehicle_id: 18, road_id: 1000000000000000341 id: 3266 at time: 2510
Processed event: VehicleArriveIntersectionEvent, vehicle_id: 18, road_id: 1000000000000000341 id: 3266
Simulator::runFor: now_ = 2510 target = 2510
[progress] simulator time = 2510 / 3600
Event is not valid: VehicleArriveIntersectionEvent, vehicle_id: 8, road_id: 1000000000000000566 id: 3287 at time: 2510.36
processing event: VehicleArriveIntersectionEvent, vehicle_id: 8, road_id: 1000000000000000566 id: 3301 at time: 2510.36
Processed event: VehicleArriveIntersectionEvent, vehicle_id: 8, road_id: 1000000000000000566 id: 3301
processing event: VehicleEnterNewRoadEvent, vehicle_id: 10, road_id: 1000000000000000116 id: 3321 at time: 2510.93
Processed event: VehicleEnterNewRoadEvent, vehicle_id: 10, road_id: 1000000000000000116 id: 3321
processing event: VehicleDepartureEvent, vehicle_id: 10, road_id: 1000000000000000116, offset: 0.000000 id: 3325 at time: 2510.93
Processed event: VehicleDepartureEvent, vehicle_id: 10, road_id: 1000000000000000116, offset: 0.000000 id: 3325
processing event: VehicleEnterNewRoadEvent, vehicle_id: 18, road_id: 1000000000000000243 id: 3322 at time: 2511.8
Processed event: VehicleEnterNewRoadEvent, vehicle_id: 18, road_id: 1000000000000000243 id: 3322
processing event: VehicleDepartureEvent, vehicle_id: 18, road_id: 1000000000000000243, offset: 0.000000 id: 3328 at time: 2511.8
Processed event: VehicleDepartureEvent, vehicle_id: 18, road_id: 1000000000000000243, offset: 0.000000 id: 3328
processing event: VehicleEnterNewRoadEvent, vehicle_id: 8, road_id: 1000000000000000077 id: 3324 at time: 2512.16
Processed event: VehicleEnterNewRoadEvent, vehicle_id: 8, road_id: 1000000000000000077 id: 3324
processing event: VehicleDepartureEvent, vehicle_id: 8, road_id: 1000000000000000077, offset: 0.000000 id: 3330 at time: 2512.16
Processed event: VehicleDepartureEvent, vehicle_id: 8, road_id: 1000000000000000077, offset: 0.000000 id: 3330
Event is not valid: VehicleCheckPointEvent, vehicle_id: 14 id: 3323 at time: 2512.19
processing event: VehicleArriveIntersectionEvent, vehicle_id: 14, road_id: 1000000000000000341 id: 3327 at time: 2513.63
Processed event: VehicleArriveIntersectionEvent, vehicle_id: 14, road_id: 1000000000000000341 id: 3327
processing event: VehicleArriveIntersectionEvent, vehicle_id: 15, road_id: 1000000000000001193 id: 3317 at time: 2514.01
Processed event: VehicleArriveIntersectionEvent, vehicle_id: 15, road_id: 1000000000000001193 id: 3317
processing event: VehicleEnterNewRoadEvent, vehicle_id: 14, road_id: 1000000000000000243 id: 3332 at time: 2515.43
Processed event: VehicleEnterNewRoadEvent, vehicle_id: 14, road_id: 1000000000000000243 id: 3332
processing event: VehicleDepartureEvent, vehicle_id: 14, road_id: 1000000000000000243, offset: 0.000000 id: 3334 at time: 2515.43
Processed event: VehicleDepartureEvent, vehicle_id: 14, road_id: 1000000000000000243, offset: 0.000000 id: 3334
processing event: VehicleEnterNewRoadEvent, vehicle_id: 15, road_id: 1000000000000001181 id: 3333 at time: 2515.81
Processed event: VehicleEnterNewRoadEvent, vehicle_id: 15, road_id: 1000000000000001181 id: 3333
processing event: VehicleDepartureEvent, vehicle_id: 15, road_id: 1000000000000001181, offset: 0.000000 id: 3336 at time: 2515.81
Processed event: VehicleDepartureEvent, vehicle_id: 15, road_id: 1000000000000001181, offset: 0.000000 id: 3336
Simulator::runFor: now_ = 2515.81 target = 2520
[progress] simulator time = 2520 / 3600
processing event: VehicleArriveIntersectionEvent, vehicle_id: 12, road_id: 1000000000000000056 id: 3243 at time: 2523.23
Processed event: VehicleArriveIntersectionEvent, vehicle_id: 12, road_id: 1000000000000000056 id: 3243
processing event: VehicleArriveIntersectionEvent, vehicle_id: 7, road_id: 1000000000000000851 id: 3309 at time: 2523.77
Processed event: VehicleArriveIntersectionEvent, vehicle_id: 7, road_id: 1000000000000000851 id: 3309
processing event: VehicleEnterNewRoadEvent, vehicle_id: 12, road_id: 1000000000000000423 id: 3338 at time: 2525.03
Processed event: VehicleEnterNewRoadEvent, vehicle_id: 12, road_id: 1000000000000000423 id: 3338
processing event: VehicleDepartureEvent, vehicle_id: 12, road_id: 1000000000000000423, offset: 0.000000 id: 3340 at time: 2525.03
Processed event: VehicleDepartureEvent, vehicle_id: 12, road_id: 1000000000000000423, offset: 0.000000 id: 3340
processing event: VehicleEnterNewRoadEvent, vehicle_id: 7, road_id: 1000000000000000852 id: 3339 at time: 2525.57
Processed event: VehicleEnterNewRoadEvent, vehicle_id: 7, road_id: 1000000000000000852 id: 3339
processing event: VehicleDepartureEvent, vehicle_id: 7, road_id: 1000000000000000852, offset: 0.000000 id: 3342 at time: 2525.57
Processed event: VehicleDepartureEvent, vehicle_id: 7, road_id: 1000000000000000852, offset: 0.000000 id: 3342
Simulator::runFor: now_ = 2525.57 target = 2530
[progress] simulator time = 2530 / 3600
processing event: VehicleArriveIntersectionEvent, vehicle_id: 17, road_id: 1000000000000000228 id: 3259 at time: 2533.13
Processed event: VehicleArriveIntersectionEvent, vehicle_id: 17, road_id: 1000000000000000228 id: 3259
processing event: VehicleArriveIntersectionEvent, vehicle_id: 15, road_id: 1000000000000001181 id: 3337 at time: 2534.89
Processed event: VehicleArriveIntersectionEvent, vehicle_id: 15, road_id: 1000000000000001181 id: 3337
processing event: VehicleEnterNewRoadEvent, vehicle_id: 17, road_id: 1000000000000001095 id: 3344 at time: 2534.93
Processed event: VehicleEnterNewRoadEvent, vehicle_id: 17, road_id: 1000000000000001095 id: 3344
processing event: VehicleDepartureEvent, vehicle_id: 17, road_id: 1000000000000001095, offset: 0.000000 id: 3346 at time: 2534.93
Processed event: VehicleDepartureEvent, vehicle_id: 17, road_id: 1000000000000001095, offset: 0.000000 id: 3346
processing event: VehicleEnterNewRoadEvent, vehicle_id: 15, road_id: 1000000000000001088 id: 3345 at time: 2536.69
Processed event: VehicleEnterNewRoadEvent, vehicle_id: 15, road_id: 1000000000000001088 id: 3345
processing event: VehicleDepartureEvent, vehicle_id: 15, road_id: 1000000000000001088, offset: 0.000000 id: 3348 at time: 2536.69
Processed event: VehicleDepartureEvent, vehicle_id: 15, road_id: 1000000000000001088, offset: 0.000000 id: 3348
processing event: VehicleArriveIntersectionEvent, vehicle_id: 4, road_id: 1000000000000001178 id: 3315 at time: 2539.24
Processed event: VehicleArriveIntersectionEvent, vehicle_id: 4, road_id: 1000000000000001178 id: 3315
processing event: VehicleArriveIntersectionEvent, vehicle_id: 9, road_id: 1000000000000000608 id: 3320 at time: 2539.28
Processed event: VehicleArriveIntersectionEvent, vehicle_id: 9, road_id: 1000000000000000608 id: 3320
Simulator::runFor: now_ = 2539.28 target = 2540
[progress] simulator time = 2540 / 3600
processing event: VehicleEnterNewRoadEvent, vehicle_id: 4, road_id: 1000000000000001223 id: 3350 at time: 2541.04
Processed event: VehicleEnterNewRoadEvent, vehicle_id: 4, road_id: 1000000000000001223 id: 3350
processing event: VehicleDepartureEvent, vehicle_id: 4, road_id: 1000000000000001223, offset: 0.000000 id: 3352 at time: 2541.04
Processed event: VehicleDepartureEvent, vehicle_id: 4, road_id: 1000000000000001223, offset: 0.000000 id: 3352
processing event: VehicleEnterNewRoadEvent, vehicle_id: 9, road_id: 1000000000000000616 id: 3351 at time: 2541.08
Processed event: VehicleEnterNewRoadEvent, vehicle_id: 9, road_id: 1000000000000000616 id: 3351
processing event: VehicleDepartureEvent, vehicle_id: 9, road_id: 1000000000000000616, offset: 0.000000 id: 3354 at time: 2541.08
Processed event: VehicleDepartureEvent, vehicle_id: 9, road_id: 1000000000000000616, offset: 0.000000 id: 3354
processing event: VehicleArriveIntersectionEvent, vehicle_id: 11, road_id: 1000000000000000323 id: 3295 at time: 2548.63
Processed event: VehicleArriveIntersectionEvent, vehicle_id: 11, road_id: 1000000000000000323 id: 3295
processing event: VehicleArriveIntersectionEvent, vehicle_id: 7, road_id: 1000000000000000852 id: 3343 at time: 2549.16
Processed event: VehicleArriveIntersectionEvent, vehicle_id: 7, road_id: 1000000000000000852 id: 3343
Simulator::runFor: now_ = 2549.16 target = 2550
[progress] simulator time = 2550 / 3600
processing event: VehicleArriveIntersectionEvent, vehicle_id: 20, road_id: 1000000000000001096 id: 3289 at time: 2550.12
Processed event: VehicleArriveIntersectionEvent, vehicle_id: 20, road_id: 1000000000000001096 id: 3289
processing event: VehicleEnterNewRoadEvent, vehicle_id: 11, road_id: 1000000000000000324 id: 3356 at time: 2550.43
Processed event: VehicleEnterNewRoadEvent, vehicle_id: 11, road_id: 1000000000000000324 id: 3356
processing event: VehicleDepartureEvent, vehicle_id: 11, road_id: 1000000000000000324, offset: 0.000000 id: 3359 at time: 2550.43
Processed event: VehicleDepartureEvent, vehicle_id: 11, road_id: 1000000000000000324, offset: 0.000000 id: 3359
processing event: VehicleEnterNewRoadEvent, vehicle_id: 7, road_id: 1000000000000000519 id: 3357 at time: 2550.96
Processed event: VehicleEnterNewRoadEvent, vehicle_id: 7, road_id: 1000000000000000519 id: 3357
processing event: VehicleDepartureEvent, vehicle_id: 7, road_id: 1000000000000000519, offset: 0.000000 id: 3361 at time: 2550.96
Processed event: VehicleDepartureEvent, vehicle_id: 7, road_id: 1000000000000000519, offset: 0.000000 id: 3361
processing event: VehicleArriveIntersectionEvent, vehicle_id: 4, road_id: 1000000000000001223 id: 3353 at time: 2551.12
Processed event: VehicleArriveIntersectionEvent, vehicle_id: 4, road_id: 1000000000000001223 id: 3353
processing event: VehicleArriveIntersectionEvent, vehicle_id: 1, road_id: 1000000000000000144 id: 3278 at time: 2551.24
Processed event: VehicleArriveIntersectionEvent, vehicle_id: 1, road_id: 1000000000000000144 id: 3278
processing event: VehicleArriveIntersectionEvent, vehicle_id: 19, road_id: 1000000000000000638 id: 3304 at time: 2551.4
Processed event: VehicleArriveIntersectionEvent, vehicle_id: 19, road_id: 1000000000000000638 id: 3304
processing event: VehicleArriveIntersectionEvent, vehicle_id: 9, road_id: 1000000000000000616 id: 3355 at time: 2551.52
Processed event: VehicleArriveIntersectionEvent, vehicle_id: 9, road_id: 1000000000000000616 id: 3355
processing event: VehicleEnterNewRoadEvent, vehicle_id: 20, road_id: 1000000000000001032 id: 3358 at time: 2551.92
Processed event: VehicleEnterNewRoadEvent, vehicle_id: 20, road_id: 1000000000000001032 id: 3358
processing event: VehicleDepartureEvent, vehicle_id: 20, road_id: 1000000000000001032, offset: 0.000000 id: 3367 at time: 2551.92
Processed event: VehicleDepartureEvent, vehicle_id: 20, road_id: 1000000000000001032, offset: 0.000000 id: 3367
processing event: VehicleEnterNewRoadEvent, vehicle_id: 4, road_id: 1000000000000001222 id: 3363 at time: 2552.92
Processed event: VehicleEnterNewRoadEvent, vehicle_id: 4, road_id: 1000000000000001222 id: 3363
processing event: VehicleDepartureEvent, vehicle_id: 4, road_id: 1000000000000001222, offset: 0.000000 id: 3369 at time: 2552.92
Processed event: VehicleDepartureEvent, vehicle_id: 4, road_id: 1000000000000001222, offset: 0.000000 id: 3369
processing event: VehicleEnterNewRoadEvent, vehicle_id: 1, road_id: 1000000000000000308 id: 3364 at time: 2553.04
Processed event: VehicleEnterNewRoadEvent, vehicle_id: 1, road_id: 1000000000000000308 id: 3364
processing event: VehicleDepartureEvent, vehicle_id: 1, road_id: 1000000000000000308, offset: 0.000000 id: 3371 at time: 2553.04
Processed event: VehicleDepartureEvent, vehicle_id: 1, road_id: 1000000000000000308, offset: 0.000000 id: 3371
processing event: VehicleEnterNewRoadEvent, vehicle_id: 19, road_id: 1000000000000000331 id: 3365 at time: 2553.2
Processed event: VehicleEnterNewRoadEvent, vehicle_id: 19, road_id: 1000000000000000331 id: 3365
processing event: VehicleDepartureEvent, vehicle_id: 19, road_id: 1000000000000000331, offset: 0.000000 id: 3373 at time: 2553.2
Processed event: VehicleDepartureEvent, vehicle_id: 19, road_id: 1000000000000000331, offset: 0.000000 id: 3373
processing event: VehicleEnterNewRoadEvent, vehicle_id: 9, road_id: 1000000000000000552 id: 3366 at time: 2553.32
Processed event: VehicleEnterNewRoadEvent, vehicle_id: 9, road_id: 1000000000000000552 id: 3366
processing event: VehicleDepartureEvent, vehicle_id: 9, road_id: 1000000000000000552, offset: 0.000000 id: 3375 at time: 2553.32
Processed event: VehicleDepartureEvent, vehicle_id: 9, road_id: 1000000000000000552, offset: 0.000000 id: 3375
processing event: VehicleArriveIntersectionEvent, vehicle_id: 5, road_id: 1000000000000000327 id: 3247 at time: 2554.8
Processed event: VehicleArriveIntersectionEvent, vehicle_id: 5, road_id: 1000000000000000327 id: 3247
processing event: VehicleArriveIntersectionEvent, vehicle_id: 8, road_id: 1000000000000000077 id: 3331 at time: 2555.73
Processed event: VehicleArriveIntersectionEvent, vehicle_id: 8, road_id: 1000000000000000077 id: 3331
processing event: VehicleEnterNewRoadEvent, vehicle_id: 5, road_id: 1000000000000000328 id: 3377 at time: 2556.6
Processed event: VehicleEnterNewRoadEvent, vehicle_id: 5, road_id: 1000000000000000328 id: 3377
processing event: VehicleDepartureEvent, vehicle_id: 5, road_id: 1000000000000000328, offset: 0.000000 id: 3379 at time: 2556.6
Processed event: VehicleDepartureEvent, vehicle_id: 5, road_id: 1000000000000000328, offset: 0.000000 id: 3379
processing event: VehicleEnterNewRoadEvent, vehicle_id: 8, road_id: 1000000000000000127 id: 3378 at time: 2557.53
Processed event: VehicleEnterNewRoadEvent, vehicle_id: 8, road_id: 1000000000000000127 id: 3378
processing event: VehicleDepartureEvent, vehicle_id: 8, road_id: 1000000000000000127, offset: 0.000000 id: 3381 at time: 2557.53
Processed event: VehicleDepartureEvent, vehicle_id: 8, road_id: 1000000000000000127, offset: 0.000000 id: 3381
Simulator::runFor: now_ = 2557.53 target = 2560
[progress] simulator time = 2560 / 3600
processing event: VehicleArriveIntersectionEvent, vehicle_id: 10, road_id: 1000000000000000116 id: 3326 at time: 2560.43
Processed event: VehicleArriveIntersectionEvent, vehicle_id: 10, road_id: 1000000000000000116 id: 3326
processing event: VehicleEnterNewRoadEvent, vehicle_id: 10, road_id: 1000000000000000297 id: 3383 at time: 2562.23
Processed event: VehicleEnterNewRoadEvent, vehicle_id: 10, road_id: 1000000000000000297 id: 3383
processing event: VehicleDepartureEvent, vehicle_id: 10, road_id: 1000000000000000297, offset: 0.000000 id: 3384 at time: 2562.23
Processed event: VehicleDepartureEvent, vehicle_id: 10, road_id: 1000000000000000297, offset: 0.000000 id: 3384
processing event: PassengerRouteStartEvent, passenger_id: 53, route_id: 1 id: 52 at time: 2568
Processed event: PassengerRouteStartEvent, passenger_id: 53, route_id: 1 id: 52
processing event: OrderCreatedEvent, order_id: 53, available_pickups: 70 , available_dropoffs: 104 , passenger_id: 53, route_id: 1, passenger_num: 0 id: 3386 at time: 2568
Processed event: OrderCreatedEvent, order_id: 53, available_pickups: 70 , available_dropoffs: 104 , passenger_id: 53, route_id: 1, passenger_num: 2 id: 3386
processing event: VehicleArriveIntersectionEvent, vehicle_id: 7, road_id: 1000000000000000519 id: 3362 at time: 2568.96
Processed event: VehicleArriveIntersectionEvent, vehicle_id: 7, road_id: 1000000000000000519 id: 3362
Simulator::runFor: now_ = 2568.96 target = 2570
[progress] simulator time = 2570 / 3600
processing event: OrderMatchedEvent, order_id: 53, vehicle_id: 13 id: 3388 at time: 2570
Processed event: OrderMatchedEvent, order_id: 53, vehicle_id: 13 id: 3388
processing event: VehicleDepartureEvent, vehicle_id: 13, road_id: 1000000000000000093, offset: 66.890000 id: 3389 at time: 2570
Processed event: VehicleDepartureEvent, vehicle_id: 13, road_id: 1000000000000000093, offset: 66.890000 id: 3389
processing event: PassengerArrivalEvent, passenger_id: 53 id: 3390 at time: 2570
Processed event: PassengerArrivalEvent, passenger_id: 53 id: 3390
processing event: VehicleEnterNewRoadEvent, vehicle_id: 7, road_id: 1000000000000000517 id: 3387 at time: 2570.76
Processed event: VehicleEnterNewRoadEvent, vehicle_id: 7, road_id: 1000000000000000517 id: 3387
processing event: VehicleDepartureEvent, vehicle_id: 7, road_id: 1000000000000000517, offset: 0.000000 id: 3392 at time: 2570.76
Processed event: VehicleDepartureEvent, vehicle_id: 7, road_id: 1000000000000000517, offset: 0.000000 id: 3392
processing event: VehicleArriveIntersectionEvent, vehicle_id: 20, road_id: 1000000000000001032 id: 3368 at time: 2577.48
Processed event: VehicleArriveIntersectionEvent, vehicle_id: 20, road_id: 1000000000000001032 id: 3368
processing event: VehicleArriveIntersectionEvent, vehicle_id: 15, road_id: 1000000000000001088 id: 3349 at time: 2577.56
Processed event: VehicleArriveIntersectionEvent, vehicle_id: 15, road_id: 1000000000000001088 id: 3349
processing event: VehicleEnterNewRoadEvent, vehicle_id: 20, road_id: 1000000000000001031 id: 3394 at time: 2579.28
Processed event: VehicleEnterNewRoadEvent, vehicle_id: 20, road_id: 1000000000000001031 id: 3394
processing event: VehicleDepartureEvent, vehicle_id: 20, road_id: 1000000000000001031, offset: 0.000000 id: 3396 at time: 2579.28
Processed event: VehicleDepartureEvent, vehicle_id: 20, road_id: 1000000000000001031, offset: 0.000000 id: 3396
processing event: VehicleEnterNewRoadEvent, vehicle_id: 15, road_id: 1000000000000001087 id: 3395 at time: 2579.36
Processed event: VehicleEnterNewRoadEvent, vehicle_id: 15, road_id: 1000000000000001087 id: 3395
processing event: VehicleDepartureEvent, vehicle_id: 15, road_id: 1000000000000001087, offset: 0.000000 id: 3398 at time: 2579.36
Processed event: VehicleDepartureEvent, vehicle_id: 15, road_id: 1000000000000001087, offset: 0.000000 id: 3398
processing event: VehicleArriveIntersectionEvent, vehicle_id: 17, road_id: 1000000000000001095 id: 3347 at time: 2579.39
Processed event: VehicleArriveIntersectionEvent, vehicle_id: 17, road_id: 1000000000000001095 id: 3347
Simulator::runFor: now_ = 2579.39 target = 2580
[progress] simulator time = 2580 / 3600
processing event: VehicleEnterNewRoadEvent, vehicle_id: 17, road_id: 1000000000000001094 id: 3400 at time: 2581.19
Processed event: VehicleEnterNewRoadEvent, vehicle_id: 17, road_id: 1000000000000001094 id: 3400
processing event: VehicleDepartureEvent, vehicle_id: 17, road_id: 1000000000000001094, offset: 0.000000 id: 3401 at time: 2581.19
Processed event: VehicleDepartureEvent, vehicle_id: 17, road_id: 1000000000000001094, offset: 0.000000 id: 3401
processing event: VehicleArriveIntersectionEvent, vehicle_id: 10, road_id: 1000000000000000297 id: 3385 at time: 2586.53
Processed event: VehicleArriveIntersectionEvent, vehicle_id: 10, road_id: 1000000000000000297 id: 3385
processing event: PassengerRouteStartEvent, passenger_id: 54, route_id: 1 id: 53 at time: 2587
Processed event: PassengerRouteStartEvent, passenger_id: 54, route_id: 1 id: 53
processing event: OrderCreatedEvent, order_id: 54, available_pickups: 24 , available_dropoffs: 295 , passenger_id: 54, route_id: 1, passenger_num: 0 id: 3404 at time: 2587
Processed event: OrderCreatedEvent, order_id: 54, available_pickups: 24 , available_dropoffs: 295 , passenger_id: 54, route_id: 1, passenger_num: 1 id: 3404
processing event: VehicleEnterNewRoadEvent, vehicle_id: 10, road_id: 1000000000000000298 id: 3403 at time: 2588.33
Processed event: VehicleEnterNewRoadEvent, vehicle_id: 10, road_id: 1000000000000000298 id: 3403
processing event: VehicleDepartureEvent, vehicle_id: 10, road_id: 1000000000000000298, offset: 0.000000 id: 3405 at time: 2588.33
Processed event: VehicleDepartureEvent, vehicle_id: 10, road_id: 1000000000000000298, offset: 0.000000 id: 3405
processing event: VehicleArriveIntersectionEvent, vehicle_id: 8, road_id: 1000000000000000127 id: 3382 at time: 2589.03
Processed event: VehicleArriveIntersectionEvent, vehicle_id: 8, road_id: 1000000000000000127 id: 3382
processing event: VehicleArriveIntersectionEvent, vehicle_id: 3, road_id: 1000000000000000478 id: 3313 at time: 2589.13
Processed event: VehicleArriveIntersectionEvent, vehicle_id: 3, road_id: 1000000000000000478 id: 3313
processing event: VehicleArriveIntersectionEvent, vehicle_id: 4, road_id: 1000000000000001222 id: 3370 at time: 2589.28
Processed event: VehicleArriveIntersectionEvent, vehicle_id: 4, road_id: 1000000000000001222 id: 3370
Simulator::runFor: now_ = 2589.28 target = 2590
[progress] simulator time = 2590 / 3600
processing event: OrderMatchedEvent, order_id: 54, vehicle_id: 9 id: 3410 at time: 2590
Processed event: OrderMatchedEvent, order_id: 54, vehicle_id: 9 id: 3410
processing event: PassengerArrivalEvent, passenger_id: 54 id: 3412 at time: 2590
Processed event: PassengerArrivalEvent, passenger_id: 54 id: 3412
processing event: VehicleEnterNewRoadEvent, vehicle_id: 8, road_id: 1000000000000000167 id: 3407 at time: 2590.83
Processed event: VehicleEnterNewRoadEvent, vehicle_id: 8, road_id: 1000000000000000167 id: 3407
processing event: VehicleDepartureEvent, vehicle_id: 8, road_id: 1000000000000000167, offset: 0.000000 id: 3413 at time: 2590.83
Processed event: VehicleDepartureEvent, vehicle_id: 8, road_id: 1000000000000000167, offset: 0.000000 id: 3413
processing event: VehicleEnterNewRoadEvent, vehicle_id: 3, road_id: 1000000000000000853 id: 3408 at time: 2590.93
Processed event: VehicleEnterNewRoadEvent, vehicle_id: 3, road_id: 1000000000000000853 id: 3408
processing event: VehicleDepartureEvent, vehicle_id: 3, road_id: 1000000000000000853, offset: 0.000000 id: 3415 at time: 2590.93
Processed event: VehicleDepartureEvent, vehicle_id: 3, road_id: 1000000000000000853, offset: 0.000000 id: 3415
processing event: VehicleEnterNewRoadEvent, vehicle_id: 4, road_id: 1000000000000000056 id: 3409 at time: 2591.08
Processed event: VehicleEnterNewRoadEvent, vehicle_id: 4, road_id: 1000000000000000056 id: 3409
processing event: VehicleDepartureEvent, vehicle_id: 4, road_id: 1000000000000000056, offset: 0.000000 id: 3417 at time: 2591.08
Processed event: VehicleDepartureEvent, vehicle_id: 4, road_id: 1000000000000000056, offset: 0.000000 id: 3417
processing event: VehicleArriveIntersectionEvent, vehicle_id: 7, road_id: 1000000000000000517 id: 3393 at time: 2593.44
Processed event: VehicleArriveIntersectionEvent, vehicle_id: 7, road_id: 1000000000000000517 id: 3393
processing event: VehicleEnterNewRoadEvent, vehicle_id: 7, road_id: 1000000000000001120 id: 3419 at time: 2595.24
Processed event: VehicleEnterNewRoadEvent, vehicle_id: 7, road_id: 1000000000000001120 id: 3419
processing event: VehicleDepartureEvent, vehicle_id: 7, road_id: 1000000000000001120, offset: 0.000000 id: 3420 at time: 2595.24
Processed event: VehicleDepartureEvent, vehicle_id: 7, road_id: 1000000000000001120, offset: 0.000000 id: 3420
processing event: VehicleArriveIntersectionEvent, vehicle_id: 20, road_id: 1000000000000001031 id: 3397 at time: 2595.48
Processed event: VehicleArriveIntersectionEvent, vehicle_id: 20, road_id: 1000000000000001031 id: 3397
processing event: VehicleArriveIntersectionEvent, vehicle_id: 12, road_id: 1000000000000000423 id: 3341 at time: 2596.31
Processed event: VehicleArriveIntersectionEvent, vehicle_id: 12, road_id: 1000000000000000423 id: 3341
Event is not valid: VehicleArriveIntersectionEvent, vehicle_id: 9, road_id: 1000000000000000552 id: 3376 at time: 2597.07
processing event: VehicleArriveIntersectionEvent, vehicle_id: 9, road_id: 1000000000000000552 id: 3411 at time: 2597.07
Processed event: VehicleArriveIntersectionEvent, vehicle_id: 9, road_id: 1000000000000000552 id: 3411
processing event: VehicleEnterNewRoadEvent, vehicle_id: 20, road_id: 1000000000000001085 id: 3422 at time: 2597.28
Processed event: VehicleEnterNewRoadEvent, vehicle_id: 20, road_id: 1000000000000001085 id: 3422
processing event: VehicleDepartureEvent, vehicle_id: 20, road_id: 1000000000000001085, offset: 0.000000 id: 3425 at time: 2597.28
Processed event: VehicleDepartureEvent, vehicle_id: 20, road_id: 1000000000000001085, offset: 0.000000 id: 3425
processing event: VehicleEnterNewRoadEvent, vehicle_id: 12, road_id: 1000000000000000360 id: 3423 at time: 2598.11
Processed event: VehicleEnterNewRoadEvent, vehicle_id: 12, road_id: 1000000000000000360 id: 3423
processing event: VehicleDepartureEvent, vehicle_id: 12, road_id: 1000000000000000360, offset: 0.000000 id: 3427 at time: 2598.11
Processed event: VehicleDepartureEvent, vehicle_id: 12, road_id: 1000000000000000360, offset: 0.000000 id: 3427
processing event: VehicleEnterNewRoadEvent, vehicle_id: 9, road_id: 1000000000000000553 id: 3424 at time: 2598.87
Processed event: VehicleEnterNewRoadEvent, vehicle_id: 9, road_id: 1000000000000000553 id: 3424
processing event: VehicleDepartureEvent, vehicle_id: 9, road_id: 1000000000000000553, offset: 0.000000 id: 3429 at time: 2598.87
Processed event: VehicleDepartureEvent, vehicle_id: 9, road_id: 1000000000000000553, offset: 0.000000 id: 3429
Simulator::runFor: now_ = 2598.87 target = 2600
[progress] simulator time = 2600 / 3600
Event is not valid: VehicleArriveIntersectionEvent, vehicle_id: 18, road_id: 1000000000000000243 id: 3329 at time: 2603.61
processing event: VehicleArriveIntersectionEvent, vehicle_id: 18, road_id: 1000000000000000243 id: 3335 at time: 2603.61
Processed event: VehicleArriveIntersectionEvent, vehicle_id: 18, road_id: 1000000000000000243 id: 3335
processing event: BusArrivalEvent, vehicle_id: 9, stop_id: 77 id: 3430 at time: 2603.84
Processed event: BusArrivalEvent, vehicle_id: 9, stop_id: 77 id: 3430
processing event: PassengerOnboardEvent, passenger_id: 41 id: 3433 at time: 2603.84
Processed event: PassengerOnboardEvent, passenger_id: 41 id: 3433
processing event: VehicleArriveIntersectionEvent, vehicle_id: 13, road_id: 1000000000000000093 id: 3391 at time: 2603.86
Processed event: VehicleArriveIntersectionEvent, vehicle_id: 13, road_id: 1000000000000000093 id: 3391
processing event: VehicleEnterNewRoadEvent, vehicle_id: 18, road_id: 1000000000000000244 id: 3431 at time: 2605.41
Processed event: VehicleEnterNewRoadEvent, vehicle_id: 18, road_id: 1000000000000000244 id: 3431
processing event: VehicleDepartureEvent, vehicle_id: 18, road_id: 1000000000000000244, offset: 0.000000 id: 3437 at time: 2605.41
Processed event: VehicleDepartureEvent, vehicle_id: 18, road_id: 1000000000000000244, offset: 0.000000 id: 3437
processing event: VehicleEnterNewRoadEvent, vehicle_id: 13, road_id: 1000000000000000094 id: 3435 at time: 2605.66
Processed event: VehicleEnterNewRoadEvent, vehicle_id: 13, road_id: 1000000000000000094 id: 3435
processing event: VehicleDepartureEvent, vehicle_id: 13, road_id: 1000000000000000094, offset: 0.000000 id: 3439 at time: 2605.66
Processed event: VehicleDepartureEvent, vehicle_id: 13, road_id: 1000000000000000094, offset: 0.000000 id: 3439
Event is not valid: VehicleCheckPointEvent, vehicle_id: 14 id: 3432 at time: 2605.8
processing event: VehicleArriveIntersectionEvent, vehicle_id: 12, road_id: 1000000000000000360 id: 3428 at time: 2606.21
Processed event: VehicleArriveIntersectionEvent, vehicle_id: 12, road_id: 1000000000000000360 id: 3428
processing event: VehicleArriveIntersectionEvent, vehicle_id: 14, road_id: 1000000000000000243 id: 3436 at time: 2607.24
Processed event: VehicleArriveIntersectionEvent, vehicle_id: 14, road_id: 1000000000000000243 id: 3436
processing event: VehicleEnterNewRoadEvent, vehicle_id: 12, road_id: 1000000000000000723 id: 3441 at time: 2608.01
Processed event: VehicleEnterNewRoadEvent, vehicle_id: 12, road_id: 1000000000000000723 id: 3441
processing event: VehicleDepartureEvent, vehicle_id: 12, road_id: 1000000000000000723, offset: 0.000000 id: 3443 at time: 2608.01
Processed event: VehicleDepartureEvent, vehicle_id: 12, road_id: 1000000000000000723, offset: 0.000000 id: 3443
processing event: VehicleDepartureEvent, vehicle_id: 9, road_id: 1000000000000000553, offset: 27.640000 id: 3434 at time: 2608.84
Processed event: VehicleDepartureEvent, vehicle_id: 9, road_id: 1000000000000000553, offset: 27.640000 id: 3434
processing event: VehicleEnterNewRoadEvent, vehicle_id: 14, road_id: 1000000000000000244 id: 3442 at time: 2609.04
Processed event: VehicleEnterNewRoadEvent, vehicle_id: 14, road_id: 1000000000000000244 id: 3442
processing event: VehicleDepartureEvent, vehicle_id: 14, road_id: 1000000000000000244, offset: 0.000000 id: 3446 at time: 2609.04
Processed event: VehicleDepartureEvent, vehicle_id: 14, road_id: 1000000000000000244, offset: 0.000000 id: 3446
Simulator::runFor: now_ = 2609.04 target = 2610
[progress] simulator time = 2610 / 3600
processing event: VehicleArriveIntersectionEvent, vehicle_id: 5, road_id: 1000000000000000328 id: 3380 at time: 2612.05
Processed event: VehicleArriveIntersectionEvent, vehicle_id: 5, road_id: 1000000000000000328 id: 3380
processing event: VehicleEnterNewRoadEvent, vehicle_id: 5, road_id: 1000000000000000329 id: 3448 at time: 2613.85
Processed event: VehicleEnterNewRoadEvent, vehicle_id: 5, road_id: 1000000000000000329 id: 3448
processing event: VehicleDepartureEvent, vehicle_id: 5, road_id: 1000000000000000329, offset: 0.000000 id: 3449 at time: 2613.85
Processed event: VehicleDepartureEvent, vehicle_id: 5, road_id: 1000000000000000329, offset: 0.000000 id: 3449
processing event: VehicleArriveIntersectionEvent, vehicle_id: 8, road_id: 1000000000000000167 id: 3414 at time: 2615.86
Processed event: VehicleArriveIntersectionEvent, vehicle_id: 8, road_id: 1000000000000000167 id: 3414
processing event: VehicleEnterNewRoadEvent, vehicle_id: 8, road_id: 1000000000000000732 id: 3451 at time: 2617.66
Processed event: VehicleEnterNewRoadEvent, vehicle_id: 8, road_id: 1000000000000000732 id: 3451
processing event: VehicleDepartureEvent, vehicle_id: 8, road_id: 1000000000000000732, offset: 0.000000 id: 3452 at time: 2617.66
Processed event: VehicleDepartureEvent, vehicle_id: 8, road_id: 1000000000000000732, offset: 0.000000 id: 3452
processing event: VehicleArriveIntersectionEvent, vehicle_id: 8, road_id: 1000000000000000732 id: 3453 at time: 2618.38
Processed event: VehicleArriveIntersectionEvent, vehicle_id: 8, road_id: 1000000000000000732 id: 3453
processing event: VehicleArriveIntersectionEvent, vehicle_id: 1, road_id: 1000000000000000308 id: 3372 at time: 2619.83
Processed event: VehicleArriveIntersectionEvent, vehicle_id: 1, road_id: 1000000000000000308 id: 3372
Simulator::runFor: now_ = 2619.83 target = 2620
[progress] simulator time = 2620 / 3600
processing event: VehicleEnterNewRoadEvent, vehicle_id: 8, road_id: 1000000000000000733 id: 3454 at time: 2620.18
Processed event: VehicleEnterNewRoadEvent, vehicle_id: 8, road_id: 1000000000000000733 id: 3454
processing event: VehicleDepartureEvent, vehicle_id: 8, road_id: 1000000000000000733, offset: 0.000000 id: 3456 at time: 2620.18
Processed event: VehicleDepartureEvent, vehicle_id: 8, road_id: 1000000000000000733, offset: 0.000000 id: 3456
processing event: VehicleEnterNewRoadEvent, vehicle_id: 1, road_id: 1000000000000001036 id: 3455 at time: 2621.63
Processed event: VehicleEnterNewRoadEvent, vehicle_id: 1, road_id: 1000000000000001036 id: 3455
processing event: VehicleDepartureEvent, vehicle_id: 1, road_id: 1000000000000001036, offset: 0.000000 id: 3458 at time: 2621.63
Processed event: VehicleDepartureEvent, vehicle_id: 1, road_id: 1000000000000001036, offset: 0.000000 id: 3458
processing event: VehicleArriveIntersectionEvent, vehicle_id: 19, road_id: 1000000000000000331 id: 3374 at time: 2622.14
Processed event: VehicleArriveIntersectionEvent, vehicle_id: 19, road_id: 1000000000000000331 id: 3374
processing event: VehicleArriveIntersectionEvent, vehicle_id: 8, road_id: 1000000000000000733 id: 3457 at time: 2623.42
Processed event: VehicleArriveIntersectionEvent, vehicle_id: 8, road_id: 1000000000000000733 id: 3457
processing event: VehicleArriveIntersectionEvent, vehicle_id: 17, road_id: 1000000000000001094 id: 3402 at time: 2623.49
Processed event: VehicleArriveIntersectionEvent, vehicle_id: 17, road_id: 1000000000000001094 id: 3402
processing event: VehicleArriveIntersectionEvent, vehicle_id: 9, road_id: 1000000000000000553 id: 3445 at time: 2623.85
Processed event: VehicleArriveIntersectionEvent, vehicle_id: 9, road_id: 1000000000000000553 id: 3445
processing event: VehicleEnterNewRoadEvent, vehicle_id: 19, road_id: 1000000000000000702 id: 3460 at time: 2623.94
Processed event: VehicleEnterNewRoadEvent, vehicle_id: 19, road_id: 1000000000000000702 id: 3460
processing event: VehicleDepartureEvent, vehicle_id: 19, road_id: 1000000000000000702, offset: 0.000000 id: 3464 at time: 2623.94
Processed event: VehicleDepartureEvent, vehicle_id: 19, road_id: 1000000000000000702, offset: 0.000000 id: 3464
processing event: VehicleEnterNewRoadEvent, vehicle_id: 8, road_id: 1000000000000000361 id: 3461 at time: 2625.22
Processed event: VehicleEnterNewRoadEvent, vehicle_id: 8, road_id: 1000000000000000361 id: 3461
processing event: VehicleDepartureEvent, vehicle_id: 8, road_id: 1000000000000000361, offset: 0.000000 id: 3466 at time: 2625.22
Processed event: VehicleDepartureEvent, vehicle_id: 8, road_id: 1000000000000000361, offset: 0.000000 id: 3466
processing event: VehicleEnterNewRoadEvent, vehicle_id: 17, road_id: 1000000000000001093 id: 3462 at time: 2625.29
Processed event: VehicleEnterNewRoadEvent, vehicle_id: 17, road_id: 1000000000000001093 id: 3462
processing event: VehicleDepartureEvent, vehicle_id: 17, road_id: 1000000000000001093, offset: 0.000000 id: 3468 at time: 2625.29
Processed event: VehicleDepartureEvent, vehicle_id: 17, road_id: 1000000000000001093, offset: 0.000000 id: 3468
processing event: VehicleEnterNewRoadEvent, vehicle_id: 9, road_id: 1000000000000000502 id: 3463 at time: 2625.65
Processed event: VehicleEnterNewRoadEvent, vehicle_id: 9, road_id: 1000000000000000502 id: 3463
processing event: VehicleDepartureEvent, vehicle_id: 9, road_id: 1000000000000000502, offset: 0.000000 id: 3470 at time: 2625.65
Processed event: VehicleDepartureEvent, vehicle_id: 9, road_id: 1000000000000000502, offset: 0.000000 id: 3470
Simulator::runFor: now_ = 2625.65 target = 2630
[progress] simulator time = 2630 / 3600
processing event: VehicleArriveIntersectionEvent, vehicle_id: 10, road_id: 1000000000000000298 id: 3406 at time: 2631.9
Processed event: VehicleArriveIntersectionEvent, vehicle_id: 10, road_id: 1000000000000000298 id: 3406
processing event: VehicleEnterNewRoadEvent, vehicle_id: 10, road_id: 1000000000000001065 id: 3472 at time: 2633.7
Processed event: VehicleEnterNewRoadEvent, vehicle_id: 10, road_id: 1000000000000001065 id: 3472
processing event: VehicleDepartureEvent, vehicle_id: 10, road_id: 1000000000000001065, offset: 0.000000 id: 3473 at time: 2633.7
Processed event: VehicleDepartureEvent, vehicle_id: 10, road_id: 1000000000000001065, offset: 0.000000 id: 3473
processing event: VehicleArriveIntersectionEvent, vehicle_id: 15, road_id: 1000000000000001087 id: 3399 at time: 2634.26
Processed event: VehicleArriveIntersectionEvent, vehicle_id: 15, road_id: 1000000000000001087 id: 3399
processing event: VehicleEnterNewRoadEvent, vehicle_id: 15, road_id: 1000000000000000002 id: 3475 at time: 2636.06
Processed event: VehicleEnterNewRoadEvent, vehicle_id: 15, road_id: 1000000000000000002 id: 3475
processing event: VehicleDepartureEvent, vehicle_id: 15, road_id: 1000000000000000002, offset: 0.000000 id: 3476 at time: 2636.06
Processed event: VehicleDepartureEvent, vehicle_id: 15, road_id: 1000000000000000002, offset: 0.000000 id: 3476
Simulator::runFor: now_ = 2636.06 target = 2640
[progress] simulator time = 2640 / 3600
processing event: PassengerRouteStartEvent, passenger_id: 55, route_id: 1 id: 54 at time: 2644
Processed event: PassengerRouteStartEvent, passenger_id: 55, route_id: 1 id: 54
processing event: OrderCreatedEvent, order_id: 55, available_pickups: 246 , available_dropoffs: 251 , passenger_id: 55, route_id: 1, passenger_num: 0 id: 3478 at time: 2644
Processed event: OrderCreatedEvent, order_id: 55, available_pickups: 246 , available_dropoffs: 251 , passenger_id: 55, route_id: 1, passenger_num: 1 id: 3478
processing event: VehicleArriveIntersectionEvent, vehicle_id: 9, road_id: 1000000000000000502 id: 3471 at time: 2644.73
Processed event: VehicleArriveIntersectionEvent, vehicle_id: 9, road_id: 1000000000000000502 id: 3471
processing event: VehicleArriveIntersectionEvent, vehicle_id: 19, road_id: 1000000000000000702 id: 3465 at time: 2646.45
Processed event: VehicleArriveIntersectionEvent, vehicle_id: 19, road_id: 1000000000000000702 id: 3465
processing event: VehicleEnterNewRoadEvent, vehicle_id: 9, road_id: 1000000000000000230 id: 3479 at time: 2646.53
Processed event: VehicleEnterNewRoadEvent, vehicle_id: 9, road_id: 1000000000000000230 id: 3479
processing event: VehicleDepartureEvent, vehicle_id: 9, road_id: 1000000000000000230, offset: 0.000000 id: 3481 at time: 2646.53
Processed event: VehicleDepartureEvent, vehicle_id: 9, road_id: 1000000000000000230, offset: 0.000000 id: 3481
processing event: VehicleArriveIntersectionEvent, vehicle_id: 11, road_id: 1000000000000000324 id: 3360 at time: 2646.74
Processed event: VehicleArriveIntersectionEvent, vehicle_id: 11, road_id: 1000000000000000324 id: 3360
processing event: VehicleArriveIntersectionEvent, vehicle_id: 7, road_id: 1000000000000001120 id: 3421 at time: 2647.63
Processed event: VehicleArriveIntersectionEvent, vehicle_id: 7, road_id: 1000000000000001120 id: 3421
processing event: VehicleEnterNewRoadEvent, vehicle_id: 19, road_id: 1000000000000000703 id: 3480 at time: 2648.25
Processed event: VehicleEnterNewRoadEvent, vehicle_id: 19, road_id: 1000000000000000703 id: 3480
processing event: VehicleDepartureEvent, vehicle_id: 19, road_id: 1000000000000000703, offset: 0.000000 id: 3485 at time: 2648.25
Processed event: VehicleDepartureEvent, vehicle_id: 19, road_id: 1000000000000000703, offset: 0.000000 id: 3485
processing event: VehicleArriveIntersectionEvent, vehicle_id: 13, road_id: 1000000000000000094 id: 3440 at time: 2648.51
Processed event: VehicleArriveIntersectionEvent, vehicle_id: 13, road_id: 1000000000000000094 id: 3440
processing event: VehicleEnterNewRoadEvent, vehicle_id: 11, road_id: 1000000000000000326 id: 3483 at time: 2648.54
Processed event: VehicleEnterNewRoadEvent, vehicle_id: 11, road_id: 1000000000000000326 id: 3483
processing event: VehicleDepartureEvent, vehicle_id: 11, road_id: 1000000000000000326, offset: 0.000000 id: 3488 at time: 2648.54
Processed event: VehicleDepartureEvent, vehicle_id: 11, road_id: 1000000000000000326, offset: 0.000000 id: 3488
processing event: VehicleEnterNewRoadEvent, vehicle_id: 7, road_id: 1000000000000001052 id: 3484 at time: 2649.43
Processed event: VehicleEnterNewRoadEvent, vehicle_id: 7, road_id: 1000000000000001052 id: 3484
processing event: VehicleDepartureEvent, vehicle_id: 7, road_id: 1000000000000001052, offset: 0.000000 id: 3490 at time: 2649.43
Processed event: VehicleDepartureEvent, vehicle_id: 7, road_id: 1000000000000001052, offset: 0.000000 id: 3490
Simulator::runFor: now_ = 2649.43 target = 2650
[progress] simulator time = 2650 / 3600
processing event: OrderMatchedEvent, order_id: 55, vehicle_id: 6 id: 3492 at time: 2650
Processed event: OrderMatchedEvent, order_id: 55, vehicle_id: 6 id: 3492
processing event: VehicleDepartureEvent, vehicle_id: 6, road_id: 1000000000000000040, offset: 138.290000 id: 3493 at time: 2650
Processed event: VehicleDepartureEvent, vehicle_id: 6, road_id: 1000000000000000040, offset: 138.290000 id: 3493
processing event: PassengerArrivalEvent, passenger_id: 55 id: 3494 at time: 2650
Processed event: PassengerArrivalEvent, passenger_id: 55 id: 3494
processing event: VehicleEnterNewRoadEvent, vehicle_id: 13, road_id: 1000000000000000245 id: 3487 at time: 2650.31
Processed event: VehicleEnterNewRoadEvent, vehicle_id: 13, road_id: 1000000000000000245 id: 3487
processing event: VehicleDepartureEvent, vehicle_id: 13, road_id: 1000000000000000245, offset: 0.000000 id: 3496 at time: 2650.31
Processed event: VehicleDepartureEvent, vehicle_id: 13, road_id: 1000000000000000245, offset: 0.000000 id: 3496
processing event: VehicleArriveIntersectionEvent, vehicle_id: 5, road_id: 1000000000000000329 id: 3450 at time: 2652.19
Processed event: VehicleArriveIntersectionEvent, vehicle_id: 5, road_id: 1000000000000000329 id: 3450
processing event: VehicleEnterNewRoadEvent, vehicle_id: 5, road_id: 1000000000000000477 id: 3498 at time: 2653.99
Processed event: VehicleEnterNewRoadEvent, vehicle_id: 5, road_id: 1000000000000000477 id: 3498
processing event: VehicleDepartureEvent, vehicle_id: 5, road_id: 1000000000000000477, offset: 0.000000 id: 3499 at time: 2653.99
Processed event: VehicleDepartureEvent, vehicle_id: 5, road_id: 1000000000000000477, offset: 0.000000 id: 3499
processing event: VehicleArriveIntersectionEvent, vehicle_id: 3, road_id: 1000000000000000853 id: 3416 at time: 2655.01
Processed event: VehicleArriveIntersectionEvent, vehicle_id: 3, road_id: 1000000000000000853 id: 3416
processing event: VehicleArriveIntersectionEvent, vehicle_id: 8, road_id: 1000000000000000361 id: 3467 at time: 2655.64
Processed event: VehicleArriveIntersectionEvent, vehicle_id: 8, road_id: 1000000000000000361 id: 3467
processing event: VehicleEnterNewRoadEvent, vehicle_id: 3, road_id: 1000000000000000187 id: 3501 at time: 2656.81
Processed event: VehicleEnterNewRoadEvent, vehicle_id: 3, road_id: 1000000000000000187 id: 3501
processing event: VehicleDepartureEvent, vehicle_id: 3, road_id: 1000000000000000187, offset: 0.000000 id: 3503 at time: 2656.81
Processed event: VehicleDepartureEvent, vehicle_id: 3, road_id: 1000000000000000187, offset: 0.000000 id: 3503
processing event: VehicleArriveIntersectionEvent, vehicle_id: 19, road_id: 1000000000000000703 id: 3486 at time: 2656.89
Processed event: VehicleArriveIntersectionEvent, vehicle_id: 19, road_id: 1000000000000000703 id: 3486
processing event: VehicleEnterNewRoadEvent, vehicle_id: 8, road_id: 1000000000000000382 id: 3502 at time: 2657.44
Processed event: VehicleEnterNewRoadEvent, vehicle_id: 8, road_id: 1000000000000000382 id: 3502
processing event: VehicleDepartureEvent, vehicle_id: 8, road_id: 1000000000000000382, offset: 0.000000 id: 3506 at time: 2657.44
Processed event: VehicleDepartureEvent, vehicle_id: 8, road_id: 1000000000000000382, offset: 0.000000 id: 3506
processing event: VehicleEnterNewRoadEvent, vehicle_id: 19, road_id: 1000000000000000336 id: 3505 at time: 2658.69
Processed event: VehicleEnterNewRoadEvent, vehicle_id: 19, road_id: 1000000000000000336 id: 3505
processing event: VehicleDepartureEvent, vehicle_id: 19, road_id: 1000000000000000336, offset: 0.000000 id: 3508 at time: 2658.69
Processed event: VehicleDepartureEvent, vehicle_id: 19, road_id: 1000000000000000336, offset: 0.000000 id: 3508
processing event: VehicleArriveIntersectionEvent, vehicle_id: 15, road_id: 1000000000000000002 id: 3477 at time: 2658.92
Processed event: VehicleArriveIntersectionEvent, vehicle_id: 15, road_id: 1000000000000000002 id: 3477
Simulator::runFor: now_ = 2658.92 target = 2660
[progress] simulator time = 2660 / 3600
processing event: VehicleArriveIntersectionEvent, vehicle_id: 7, road_id: 1000000000000001052 id: 3491 at time: 2660.23
Processed event: VehicleArriveIntersectionEvent, vehicle_id: 7, road_id: 1000000000000001052 id: 3491
processing event: VehicleEnterNewRoadEvent, vehicle_id: 15, road_id: 1000000000000000024 id: 3510 at time: 2660.72
Processed event: VehicleEnterNewRoadEvent, vehicle_id: 15, road_id: 1000000000000000024 id: 3510
processing event: VehicleDepartureEvent, vehicle_id: 15, road_id: 1000000000000000024, offset: 0.000000 id: 3512 at time: 2660.72
Processed event: VehicleDepartureEvent, vehicle_id: 15, road_id: 1000000000000000024, offset: 0.000000 id: 3512
processing event: VehicleEnterNewRoadEvent, vehicle_id: 7, road_id: 1000000000000000112 id: 3511 at time: 2662.03
Processed event: VehicleEnterNewRoadEvent, vehicle_id: 7, road_id: 1000000000000000112 id: 3511
processing event: VehicleDepartureEvent, vehicle_id: 7, road_id: 1000000000000000112, offset: 0.000000 id: 3514 at time: 2662.03
Processed event: VehicleDepartureEvent, vehicle_id: 7, road_id: 1000000000000000112, offset: 0.000000 id: 3514
processing event: VehicleArriveIntersectionEvent, vehicle_id: 4, road_id: 1000000000000000056 id: 3418 at time: 2663.45
Processed event: VehicleArriveIntersectionEvent, vehicle_id: 4, road_id: 1000000000000000056 id: 3418
processing event: VehicleArriveIntersectionEvent, vehicle_id: 9, road_id: 1000000000000000230 id: 3482 at time: 2663.63
Processed event: VehicleArriveIntersectionEvent, vehicle_id: 9, road_id: 1000000000000000230 id: 3482
Event is not valid: VehicleArriveIntersectionEvent, vehicle_id: 18, road_id: 1000000000000000244 id: 3438 at time: 2664.27
processing event: VehicleArriveIntersectionEvent, vehicle_id: 18, road_id: 1000000000000000244 id: 3447 at time: 2664.27
Processed event: VehicleArriveIntersectionEvent, vehicle_id: 18, road_id: 1000000000000000244 id: 3447
processing event: VehicleEnterNewRoadEvent, vehicle_id: 4, road_id: 1000000000000000682 id: 3516 at time: 2665.25
Processed event: VehicleEnterNewRoadEvent, vehicle_id: 4, road_id: 1000000000000000682 id: 3516
processing event: VehicleDepartureEvent, vehicle_id: 4, road_id: 1000000000000000682, offset: 0.000000 id: 3520 at time: 2665.25
Processed event: VehicleDepartureEvent, vehicle_id: 4, road_id: 1000000000000000682, offset: 0.000000 id: 3520
processing event: VehicleEnterNewRoadEvent, vehicle_id: 9, road_id: 1000000000000000492 id: 3517 at time: 2665.43
Processed event: VehicleEnterNewRoadEvent, vehicle_id: 9, road_id: 1000000000000000492 id: 3517
processing event: VehicleDepartureEvent, vehicle_id: 9, road_id: 1000000000000000492, offset: 0.000000 id: 3522 at time: 2665.43
Processed event: VehicleDepartureEvent, vehicle_id: 9, road_id: 1000000000000000492, offset: 0.000000 id: 3522
processing event: VehicleEnterNewRoadEvent, vehicle_id: 18, road_id: 1000000000000000245 id: 3518 at time: 2666.07
Processed event: VehicleEnterNewRoadEvent, vehicle_id: 18, road_id: 1000000000000000245 id: 3518
processing event: VehicleDepartureEvent, vehicle_id: 18, road_id: 1000000000000000245, offset: 0.000000 id: 3525 at time: 2666.07
Processed event: VehicleDepartureEvent, vehicle_id: 18, road_id: 1000000000000000245, offset: 0.000000 id: 3525
Event is not valid: VehicleCheckPointEvent, vehicle_id: 14 id: 3519 at time: 2666.47
processing event: VehicleArriveIntersectionEvent, vehicle_id: 12, road_id: 1000000000000000723 id: 3444 at time: 2667.78
Processed event: VehicleArriveIntersectionEvent, vehicle_id: 12, road_id: 1000000000000000723 id: 3444
processing event: VehicleArriveIntersectionEvent, vehicle_id: 14, road_id: 1000000000000000244 id: 3524 at time: 2667.91
Processed event: VehicleArriveIntersectionEvent, vehicle_id: 14, road_id: 1000000000000000244 id: 3524
processing event: VehicleArriveIntersectionEvent, vehicle_id: 17, road_id: 1000000000000001093 id: 3469 at time: 2669.4
Processed event: VehicleArriveIntersectionEvent, vehicle_id: 17, road_id: 1000000000000001093 id: 3469
processing event: VehicleEnterNewRoadEvent, vehicle_id: 12, road_id: 1000000000000000724 id: 3527 at time: 2669.58
Processed event: VehicleEnterNewRoadEvent, vehicle_id: 12, road_id: 1000000000000000724 id: 3527
processing event: VehicleDepartureEvent, vehicle_id: 12, road_id: 1000000000000000724, offset: 0.000000 id: 3530 at time: 2669.58
Processed event: VehicleDepartureEvent, vehicle_id: 12, road_id: 1000000000000000724, offset: 0.000000 id: 3530
processing event: BusArrivalEvent, vehicle_id: 7, stop_id: 188 id: 3515 at time: 2669.68
Processed event: BusArrivalEvent, vehicle_id: 7, stop_id: 188 id: 3515
processing event: PassengerOnboardEvent, passenger_id: 26 id: 3532 at time: 2669.68
Processed event: PassengerOnboardEvent, passenger_id: 26 id: 3532
processing event: VehicleEnterNewRoadEvent, vehicle_id: 14, road_id: 1000000000000000245 id: 3528 at time: 2669.71
Processed event: VehicleEnterNewRoadEvent, vehicle_id: 14, road_id: 1000000000000000245 id: 3528
processing event: VehicleDepartureEvent, vehicle_id: 14, road_id: 1000000000000000245, offset: 0.000000 id: 3534 at time: 2669.71
Processed event: VehicleDepartureEvent, vehicle_id: 14, road_id: 1000000000000000245, offset: 0.000000 id: 3534
Simulator::runFor: now_ = 2669.71 target = 2670
[progress] simulator time = 2670 / 3600
processing event: VehicleArriveIntersectionEvent, vehicle_id: 12, road_id: 1000000000000000724 id: 3531 at time: 2670.84
Processed event: VehicleArriveIntersectionEvent, vehicle_id: 12, road_id: 1000000000000000724 id: 3531
processing event: VehicleEnterNewRoadEvent, vehicle_id: 17, road_id: 1000000000000001092 id: 3529 at time: 2671.2
Processed event: VehicleEnterNewRoadEvent, vehicle_id: 17, road_id: 1000000000000001092 id: 3529
processing event: VehicleDepartureEvent, vehicle_id: 17, road_id: 1000000000000001092, offset: 0.000000 id: 3537 at time: 2671.2
Processed event: VehicleDepartureEvent, vehicle_id: 17, road_id: 1000000000000001092, offset: 0.000000 id: 3537
processing event: VehicleArriveIntersectionEvent, vehicle_id: 8, road_id: 1000000000000000382 id: 3507 at time: 2671.66
Processed event: VehicleArriveIntersectionEvent, vehicle_id: 8, road_id: 1000000000000000382 id: 3507
processing event: VehicleEnterNewRoadEvent, vehicle_id: 12, road_id: 1000000000000000346 id: 3536 at time: 2672.64
Processed event: VehicleEnterNewRoadEvent, vehicle_id: 12, road_id: 1000000000000000346 id: 3536
processing event: VehicleDepartureEvent, vehicle_id: 12, road_id: 1000000000000000346, offset: 0.000000 id: 3540 at time: 2672.64
Processed event: VehicleDepartureEvent, vehicle_id: 12, road_id: 1000000000000000346, offset: 0.000000 id: 3540
processing event: VehicleEnterNewRoadEvent, vehicle_id: 8, road_id: 1000000000000000383 id: 3539 at time: 2673.46
Processed event: VehicleEnterNewRoadEvent, vehicle_id: 8, road_id: 1000000000000000383 id: 3539
processing event: VehicleDepartureEvent, vehicle_id: 8, road_id: 1000000000000000383, offset: 0.000000 id: 3542 at time: 2673.46
Processed event: VehicleDepartureEvent, vehicle_id: 8, road_id: 1000000000000000383, offset: 0.000000 id: 3542
processing event: VehicleDepartureEvent, vehicle_id: 7, road_id: 1000000000000000112, offset: 42.490000 id: 3533 at time: 2674.68
Processed event: VehicleDepartureEvent, vehicle_id: 7, road_id: 1000000000000000112, offset: 42.490000 id: 3533
processing event: VehicleArriveIntersectionEvent, vehicle_id: 20, road_id: 1000000000000001085 id: 3426 at time: 2674.87
Processed event: VehicleArriveIntersectionEvent, vehicle_id: 20, road_id: 1000000000000001085 id: 3426
processing event: VehicleArriveIntersectionEvent, vehicle_id: 4, road_id: 1000000000000000682 id: 3521 at time: 2675.33
Processed event: VehicleArriveIntersectionEvent, vehicle_id: 4, road_id: 1000000000000000682 id: 3521
processing event: VehicleEnterNewRoadEvent, vehicle_id: 20, road_id: 1000000000000000198 id: 3545 at time: 2676.67
Processed event: VehicleEnterNewRoadEvent, vehicle_id: 20, road_id: 1000000000000000198 id: 3545
processing event: VehicleDepartureEvent, vehicle_id: 20, road_id: 1000000000000000198, offset: 0.000000 id: 3547 at time: 2676.67
Processed event: VehicleDepartureEvent, vehicle_id: 20, road_id: 1000000000000000198, offset: 0.000000 id: 3547
processing event: VehicleEnterNewRoadEvent, vehicle_id: 4, road_id: 1000000000000000362 id: 3546 at time: 2677.13
Processed event: VehicleEnterNewRoadEvent, vehicle_id: 4, road_id: 1000000000000000362 id: 3546
processing event: VehicleDepartureEvent, vehicle_id: 4, road_id: 1000000000000000362, offset: 0.000000 id: 3549 at time: 2677.13
Processed event: VehicleDepartureEvent, vehicle_id: 4, road_id: 1000000000000000362, offset: 0.000000 id: 3549
processing event: VehicleArriveIntersectionEvent, vehicle_id: 7, road_id: 1000000000000000112 id: 3544 at time: 2677.83
Processed event: VehicleArriveIntersectionEvent, vehicle_id: 7, road_id: 1000000000000000112 id: 3544
processing event: PassengerRouteStartEvent, passenger_id: 56, route_id: 1 id: 55 at time: 2679
Processed event: PassengerRouteStartEvent, passenger_id: 56, route_id: 1 id: 55
processing event: OrderCreatedEvent, order_id: 56, available_pickups: 85 , available_dropoffs: 191 , passenger_id: 56, route_id: 1, passenger_num: 0 id: 3552 at time: 2679
Processed event: OrderCreatedEvent, order_id: 56, available_pickups: 85 , available_dropoffs: 191 , passenger_id: 56, route_id: 1, passenger_num: 3 id: 3552
processing event: VehicleEnterNewRoadEvent, vehicle_id: 7, road_id: 1000000000000000442 id: 3551 at time: 2679.63
Processed event: VehicleEnterNewRoadEvent, vehicle_id: 7, road_id: 1000000000000000442 id: 3551
processing event: VehicleDepartureEvent, vehicle_id: 7, road_id: 1000000000000000442, offset: 0.000000 id: 3553 at time: 2679.63
Processed event: VehicleDepartureEvent, vehicle_id: 7, road_id: 1000000000000000442, offset: 0.000000 id: 3553
Simulator::runFor: now_ = 2679.63 target = 2680
[progress] simulator time = 2680 / 3600
processing event: OrderMatchedEvent, order_id: 56, vehicle_id: 11 id: 3555 at time: 2680
Processed event: OrderMatchedEvent, order_id: 56, vehicle_id: 11 id: 3555
processing event: PassengerArrivalEvent, passenger_id: 56 id: 3557 at time: 2680
Processed event: PassengerArrivalEvent, passenger_id: 56 id: 3557
Simulator::runFor: now_ = 2680 target = 2690
[progress] simulator time = 2690 / 3600
Event is not valid: VehicleArriveIntersectionEvent, vehicle_id: 13, road_id: 1000000000000000245 id: 3497 at time: 2690.45
Event is not valid: VehicleArriveIntersectionEvent, vehicle_id: 13, road_id: 1000000000000000245 id: 3526 at time: 2690.45
processing event: VehicleArriveIntersectionEvent, vehicle_id: 13, road_id: 1000000000000000245 id: 3535 at time: 2690.45
Processed event: VehicleArriveIntersectionEvent, vehicle_id: 13, road_id: 1000000000000000245 id: 3535
processing event: VehicleEnterNewRoadEvent, vehicle_id: 13, road_id: 1000000000000000246 id: 3558 at time: 2692.25
Processed event: VehicleEnterNewRoadEvent, vehicle_id: 13, road_id: 1000000000000000246 id: 3558
processing event: VehicleDepartureEvent, vehicle_id: 13, road_id: 1000000000000000246, offset: 0.000000 id: 3561 at time: 2692.25
Processed event: VehicleDepartureEvent, vehicle_id: 13, road_id: 1000000000000000246, offset: 0.000000 id: 3561
processing event: VehicleArriveIntersectionEvent, vehicle_id: 6, road_id: 1000000000000000040 id: 3495 at time: 2693.15
Processed event: VehicleArriveIntersectionEvent, vehicle_id: 6, road_id: 1000000000000000040 id: 3495
processing event: VehicleArriveIntersectionEvent, vehicle_id: 12, road_id: 1000000000000000346 id: 3541 at time: 2693.88
Processed event: VehicleArriveIntersectionEvent, vehicle_id: 12, road_id: 1000000000000000346 id: 3541
processing event: PassengerRouteStartEvent, passenger_id: 57, route_id: 1 id: 56 at time: 2694
Processed event: PassengerRouteStartEvent, passenger_id: 57, route_id: 1 id: 56
processing event: OrderCreatedEvent, order_id: 57, available_pickups: 265 , available_dropoffs: 229 , passenger_id: 57, route_id: 1, passenger_num: 0 id: 3565 at time: 2694
Processed event: OrderCreatedEvent, order_id: 57, available_pickups: 265 , available_dropoffs: 229 , passenger_id: 57, route_id: 1, passenger_num: 2 id: 3565
processing event: VehicleEnterNewRoadEvent, vehicle_id: 6, road_id: 1000000000000000220 id: 3563 at time: 2694.95
Processed event: VehicleEnterNewRoadEvent, vehicle_id: 6, road_id: 1000000000000000220 id: 3563
processing event: VehicleDepartureEvent, vehicle_id: 6, road_id: 1000000000000000220, offset: 0.000000 id: 3566 at time: 2694.95
Processed event: VehicleDepartureEvent, vehicle_id: 6, road_id: 1000000000000000220, offset: 0.000000 id: 3566
processing event: VehicleEnterNewRoadEvent, vehicle_id: 12, road_id: 1000000000000000347 id: 3564 at time: 2695.68
Processed event: VehicleEnterNewRoadEvent, vehicle_id: 12, road_id: 1000000000000000347 id: 3564
processing event: VehicleDepartureEvent, vehicle_id: 12, road_id: 1000000000000000347, offset: 0.000000 id: 3568 at time: 2695.68
Processed event: VehicleDepartureEvent, vehicle_id: 12, road_id: 1000000000000000347, offset: 0.000000 id: 3568
processing event: VehicleArriveIntersectionEvent, vehicle_id: 20, road_id: 1000000000000000198 id: 3548 at time: 2696.29
Processed event: VehicleArriveIntersectionEvent, vehicle_id: 20, road_id: 1000000000000000198 id: 3548
processing event: VehicleEnterNewRoadEvent, vehicle_id: 20, road_id: 1000000000000000196 id: 3570 at time: 2698.09
Processed event: VehicleEnterNewRoadEvent, vehicle_id: 20, road_id: 1000000000000000196 id: 3570
processing event: VehicleDepartureEvent, vehicle_id: 20, road_id: 1000000000000000196, offset: 0.000000 id: 3571 at time: 2698.09
Processed event: VehicleDepartureEvent, vehicle_id: 20, road_id: 1000000000000000196, offset: 0.000000 id: 3571
Simulator::runFor: now_ = 2698.09 target = 2700
[progress] simulator time = 2700 / 3600
processing event: OrderMatchedEvent, order_id: 57, vehicle_id: 11 id: 3573 at time: 2700
Processed event: OrderMatchedEvent, order_id: 57, vehicle_id: 11 id: 3573
processing event: PassengerArrivalEvent, passenger_id: 57 id: 3575 at time: 2700
Processed event: PassengerArrivalEvent, passenger_id: 57 id: 3575
Event is not valid: VehicleCheckPointEvent, vehicle_id: 18 id: 3559 at time: 2704.78
processing event: VehicleArriveIntersectionEvent, vehicle_id: 18, road_id: 1000000000000000245 id: 3560 at time: 2706.22
Processed event: VehicleArriveIntersectionEvent, vehicle_id: 18, road_id: 1000000000000000245 id: 3560
processing event: VehicleEnterNewRoadEvent, vehicle_id: 18, road_id: 1000000000000000246 id: 3576 at time: 2708.02
Processed event: VehicleEnterNewRoadEvent, vehicle_id: 18, road_id: 1000000000000000246 id: 3576
processing event: VehicleDepartureEvent, vehicle_id: 18, road_id: 1000000000000000246, offset: 0.000000 id: 3579 at time: 2708.02
Processed event: VehicleDepartureEvent, vehicle_id: 18, road_id: 1000000000000000246, offset: 0.000000 id: 3579
Event is not valid: VehicleCheckPointEvent, vehicle_id: 14 id: 3577 at time: 2708.41
Event is not valid: VehicleArriveIntersectionEvent, vehicle_id: 11, road_id: 1000000000000000326 id: 3489 at time: 2709.03
Event is not valid: VehicleArriveIntersectionEvent, vehicle_id: 11, road_id: 1000000000000000326 id: 3556 at time: 2709.03
processing event: VehicleArriveIntersectionEvent, vehicle_id: 11, road_id: 1000000000000000326 id: 3574 at time: 2709.03
Processed event: VehicleArriveIntersectionEvent, vehicle_id: 11, road_id: 1000000000000000326 id: 3574
processing event: VehicleArriveIntersectionEvent, vehicle_id: 14, road_id: 1000000000000000245 id: 3578 at time: 2709.85
Processed event: VehicleArriveIntersectionEvent, vehicle_id: 14, road_id: 1000000000000000245 id: 3578
Simulator::runFor: now_ = 2709.85 target = 2710
[progress] simulator time = 2710 / 3600
processing event: VehicleEnterNewRoadEvent, vehicle_id: 11, road_id: 1000000000000000327 id: 3581 at time: 2710.83
Processed event: VehicleEnterNewRoadEvent, vehicle_id: 11, road_id: 1000000000000000327 id: 3581
processing event: VehicleDepartureEvent, vehicle_id: 11, road_id: 1000000000000000327, offset: 0.000000 id: 3583 at time: 2710.83
Processed event: VehicleDepartureEvent, vehicle_id: 11, road_id: 1000000000000000327, offset: 0.000000 id: 3583
processing event: VehicleArriveIntersectionEvent, vehicle_id: 17, road_id: 1000000000000001092 id: 3538 at time: 2711.34
Processed event: VehicleArriveIntersectionEvent, vehicle_id: 17, road_id: 1000000000000001092 id: 3538
processing event: VehicleEnterNewRoadEvent, vehicle_id: 14, road_id: 1000000000000000246 id: 3582 at time: 2711.65
Processed event: VehicleEnterNewRoadEvent, vehicle_id: 14, road_id: 1000000000000000246 id: 3582
processing event: VehicleDepartureEvent, vehicle_id: 14, road_id: 1000000000000000246, offset: 0.000000 id: 3586 at time: 2711.65
Processed event: VehicleDepartureEvent, vehicle_id: 14, road_id: 1000000000000000246, offset: 0.000000 id: 3586
processing event: VehicleEnterNewRoadEvent, vehicle_id: 17, road_id: 1000000000000001091 id: 3585 at time: 2713.14
Processed event: VehicleEnterNewRoadEvent, vehicle_id: 17, road_id: 1000000000000001091 id: 3585
processing event: VehicleDepartureEvent, vehicle_id: 17, road_id: 1000000000000001091, offset: 0.000000 id: 3588 at time: 2713.14
Processed event: VehicleDepartureEvent, vehicle_id: 17, road_id: 1000000000000001091, offset: 0.000000 id: 3588
processing event: VehicleArriveIntersectionEvent, vehicle_id: 19, road_id: 1000000000000000336 id: 3509 at time: 2714.85
Processed event: VehicleArriveIntersectionEvent, vehicle_id: 19, road_id: 1000000000000000336 id: 3509
processing event: VehicleEnterNewRoadEvent, vehicle_id: 19, road_id: 1000000000000000337 id: 3590 at time: 2716.65
Processed event: VehicleEnterNewRoadEvent, vehicle_id: 19, road_id: 1000000000000000337 id: 3590
processing event: VehicleDepartureEvent, vehicle_id: 19, road_id: 1000000000000000337, offset: 0.000000 id: 3591 at time: 2716.65
Processed event: VehicleDepartureEvent, vehicle_id: 19, road_id: 1000000000000000337, offset: 0.000000 id: 3591
processing event: VehicleArriveIntersectionEvent, vehicle_id: 9, road_id: 1000000000000000492 id: 3523 at time: 2718.54
Processed event: VehicleArriveIntersectionEvent, vehicle_id: 9, road_id: 1000000000000000492 id: 3523
Simulator::runFor: now_ = 2718.54 target = 2720
[progress] simulator time = 2720 / 3600
processing event: VehicleEnterNewRoadEvent, vehicle_id: 9, road_id: 1000000000000000575 id: 3593 at time: 2720.34
Processed event: VehicleEnterNewRoadEvent, vehicle_id: 9, road_id: 1000000000000000575 id: 3593
processing event: VehicleDepartureEvent, vehicle_id: 9, road_id: 1000000000000000575, offset: 0.000000 id: 3594 at time: 2720.34
Processed event: VehicleDepartureEvent, vehicle_id: 9, road_id: 1000000000000000575, offset: 0.000000 id: 3594
processing event: VehicleArriveIntersectionEvent, vehicle_id: 4, road_id: 1000000000000000362 id: 3550 at time: 2725.56
Processed event: VehicleArriveIntersectionEvent, vehicle_id: 4, road_id: 1000000000000000362 id: 3550
processing event: VehicleEnterNewRoadEvent, vehicle_id: 4, road_id: 1000000000000001186 id: 3596 at time: 2727.36
Processed event: VehicleEnterNewRoadEvent, vehicle_id: 4, road_id: 1000000000000001186 id: 3596
processing event: VehicleDepartureEvent, vehicle_id: 4, road_id: 1000000000000001186, offset: 0.000000 id: 3597 at time: 2727.36
Processed event: VehicleDepartureEvent, vehicle_id: 4, road_id: 1000000000000001186, offset: 0.000000 id: 3597
processing event: VehicleArriveIntersectionEvent, vehicle_id: 20, road_id: 1000000000000000196 id: 3572 at time: 2727.97
Processed event: VehicleArriveIntersectionEvent, vehicle_id: 20, road_id: 1000000000000000196 id: 3572
processing event: PassengerRouteStartEvent, passenger_id: 58, route_id: 1 id: 57 at time: 2728
Processed event: PassengerRouteStartEvent, passenger_id: 58, route_id: 1 id: 57
processing event: OrderCreatedEvent, order_id: 58, available_pickups: 108 , available_dropoffs: 72 , passenger_id: 58, route_id: 1, passenger_num: 0 id: 3600 at time: 2728
Processed event: OrderCreatedEvent, order_id: 58, available_pickups: 108 , available_dropoffs: 72 , passenger_id: 58, route_id: 1, passenger_num: 2 id: 3600
processing event: BusArrivalEvent, vehicle_id: 3, stop_id: 11 id: 3504 at time: 2728.55
Processed event: BusArrivalEvent, vehicle_id: 3, stop_id: 11 id: 3504
processing event: PassengerRouteEndEvent, passenger_id: 17, route_id: 1 id: 3601 at time: 2728.55
Passenger 17 finished all routes
Processed event: PassengerRouteEndEvent, passenger_id: 17, route_id: 1 id: 3601
processing event: PassengerDropoffEvent, passenger_id: 17 id: 3603 at time: 2728.55
Processed event: PassengerDropoffEvent, passenger_id: 17 id: 3603
processing event: OrderFinishedEvent, order_id: 17 id: 3604 at time: 2728.55
Processed event: OrderFinishedEvent, order_id: 17 id: 3604
processing event: VehicleEnterNewRoadEvent, vehicle_id: 20, road_id: 1000000000000000155 id: 3599 at time: 2729.77
Processed event: VehicleEnterNewRoadEvent, vehicle_id: 20, road_id: 1000000000000000155 id: 3599
processing event: VehicleDepartureEvent, vehicle_id: 20, road_id: 1000000000000000155, offset: 0.000000 id: 3605 at time: 2729.77
Processed event: VehicleDepartureEvent, vehicle_id: 20, road_id: 1000000000000000155, offset: 0.000000 id: 3605
Simulator::runFor: now_ = 2729.77 target = 2730
[progress] simulator time = 2730 / 3600
processing event: OrderMatchedEvent, order_id: 58, vehicle_id: 8 id: 3607 at time: 2730
Processed event: OrderMatchedEvent, order_id: 58, vehicle_id: 8 id: 3607
processing event: PassengerArrivalEvent, passenger_id: 58 id: 3609 at time: 2730
Processed event: PassengerArrivalEvent, passenger_id: 58 id: 3609
Event is not valid: VehicleArriveIntersectionEvent, vehicle_id: 8, road_id: 1000000000000000383 id: 3543 at time: 2730.17
processing event: VehicleArriveIntersectionEvent, vehicle_id: 8, road_id: 1000000000000000383 id: 3608 at time: 2730.17
Processed event: VehicleArriveIntersectionEvent, vehicle_id: 8, road_id: 1000000000000000383 id: 3608
processing event: VehicleEnterNewRoadEvent, vehicle_id: 8, road_id: 1000000000000000430 id: 3610 at time: 2731.97
Processed event: VehicleEnterNewRoadEvent, vehicle_id: 8, road_id: 1000000000000000430 id: 3610
processing event: VehicleDepartureEvent, vehicle_id: 8, road_id: 1000000000000000430, offset: 0.000000 id: 3611 at time: 2731.97
Processed event: VehicleDepartureEvent, vehicle_id: 8, road_id: 1000000000000000430, offset: 0.000000 id: 3611
processing event: VehicleArriveIntersectionEvent, vehicle_id: 7, road_id: 1000000000000000442 id: 3554 at time: 2732.01
Processed event: VehicleArriveIntersectionEvent, vehicle_id: 7, road_id: 1000000000000000442 id: 3554
processing event: VehicleArriveIntersectionEvent, vehicle_id: 1, road_id: 1000000000000001036 id: 3459 at time: 2733.06
Processed event: VehicleArriveIntersectionEvent, vehicle_id: 1, road_id: 1000000000000001036 id: 3459
processing event: VehicleDepartureEvent, vehicle_id: 3, road_id: 1000000000000000187, offset: 398.490000 id: 3602 at time: 2733.55
Processed event: VehicleDepartureEvent, vehicle_id: 3, road_id: 1000000000000000187, offset: 398.490000 id: 3602
processing event: VehicleEnterNewRoadEvent, vehicle_id: 7, road_id: 1000000000000000521 id: 3613 at time: 2733.81
Processed event: VehicleEnterNewRoadEvent, vehicle_id: 7, road_id: 1000000000000000521 id: 3613
processing event: VehicleDepartureEvent, vehicle_id: 7, road_id: 1000000000000000521, offset: 0.000000 id: 3616 at time: 2733.81
Processed event: VehicleDepartureEvent, vehicle_id: 7, road_id: 1000000000000000521, offset: 0.000000 id: 3616
processing event: VehicleEnterNewRoadEvent, vehicle_id: 1, road_id: 1000000000000000306 id: 3614 at time: 2734.86
Processed event: VehicleEnterNewRoadEvent, vehicle_id: 1, road_id: 1000000000000000306 id: 3614
processing event: VehicleDepartureEvent, vehicle_id: 1, road_id: 1000000000000000306, offset: 0.000000 id: 3618 at time: 2734.86
Processed event: VehicleDepartureEvent, vehicle_id: 1, road_id: 1000000000000000306, offset: 0.000000 id: 3618
Event is not valid: VehicleArriveIntersectionEvent, vehicle_id: 13, road_id: 1000000000000000246 id: 3562 at time: 2736.36
Event is not valid: VehicleArriveIntersectionEvent, vehicle_id: 13, road_id: 1000000000000000246 id: 3580 at time: 2736.36
processing event: VehicleArriveIntersectionEvent, vehicle_id: 13, road_id: 1000000000000000246 id: 3587 at time: 2736.36
Processed event: VehicleArriveIntersectionEvent, vehicle_id: 13, road_id: 1000000000000000246 id: 3587
processing event: VehicleArriveIntersectionEvent, vehicle_id: 20, road_id: 1000000000000000155 id: 3606 at time: 2736.62
Processed event: VehicleArriveIntersectionEvent, vehicle_id: 20, road_id: 1000000000000000155 id: 3606
processing event: VehicleEnterNewRoadEvent, vehicle_id: 13, road_id: 1000000000000000303 id: 3620 at time: 2738.16
Processed event: VehicleEnterNewRoadEvent, vehicle_id: 13, road_id: 1000000000000000303 id: 3620
processing event: VehicleDepartureEvent, vehicle_id: 13, road_id: 1000000000000000303, offset: 0.000000 id: 3624 at time: 2738.16
Processed event: VehicleDepartureEvent, vehicle_id: 13, road_id: 1000000000000000303, offset: 0.000000 id: 3624
processing event: VehicleArriveIntersectionEvent, vehicle_id: 6, road_id: 1000000000000000220 id: 3567 at time: 2738.34
Processed event: VehicleArriveIntersectionEvent, vehicle_id: 6, road_id: 1000000000000000220 id: 3567
processing event: VehicleEnterNewRoadEvent, vehicle_id: 20, road_id: 1000000000000000165 id: 3622 at time: 2738.42
Processed event: VehicleEnterNewRoadEvent, vehicle_id: 20, road_id: 1000000000000000165 id: 3622
processing event: VehicleDepartureEvent, vehicle_id: 20, road_id: 1000000000000000165, offset: 0.000000 id: 3627 at time: 2738.42
Processed event: VehicleDepartureEvent, vehicle_id: 20, road_id: 1000000000000000165, offset: 0.000000 id: 3627
processing event: VehicleArriveIntersectionEvent, vehicle_id: 12, road_id: 1000000000000000347 id: 3569 at time: 2739.25
Processed event: VehicleArriveIntersectionEvent, vehicle_id: 12, road_id: 1000000000000000347 id: 3569
processing event: VehicleArriveIntersectionEvent, vehicle_id: 20, road_id: 1000000000000000165 id: 3628 at time: 2739.68
Processed event: VehicleArriveIntersectionEvent, vehicle_id: 20, road_id: 1000000000000000165 id: 3628
Simulator::runFor: now_ = 2739.68 target = 2740
[progress] simulator time = 2740 / 3600
processing event: VehicleEnterNewRoadEvent, vehicle_id: 6, road_id: 1000000000000000473 id: 3626 at time: 2740.14
Processed event: VehicleEnterNewRoadEvent, vehicle_id: 6, road_id: 1000000000000000473 id: 3626
processing event: VehicleDepartureEvent, vehicle_id: 6, road_id: 1000000000000000473, offset: 0.000000 id: 3631 at time: 2740.14
Processed event: VehicleDepartureEvent, vehicle_id: 6, road_id: 1000000000000000473, offset: 0.000000 id: 3631
processing event: VehicleEnterNewRoadEvent, vehicle_id: 12, road_id: 1000000000000000077 id: 3629 at time: 2741.05
Processed event: VehicleEnterNewRoadEvent, vehicle_id: 12, road_id: 1000000000000000077 id: 3629
processing event: VehicleDepartureEvent, vehicle_id: 12, road_id: 1000000000000000077, offset: 0.000000 id: 3633 at time: 2741.05
Processed event: VehicleDepartureEvent, vehicle_id: 12, road_id: 1000000000000000077, offset: 0.000000 id: 3633
processing event: VehicleEnterNewRoadEvent, vehicle_id: 20, road_id: 1000000000000000158 id: 3630 at time: 2741.48
Processed event: VehicleEnterNewRoadEvent, vehicle_id: 20, road_id: 1000000000000000158 id: 3630
processing event: VehicleDepartureEvent, vehicle_id: 20, road_id: 1000000000000000158, offset: 0.000000 id: 3635 at time: 2741.48
Processed event: VehicleDepartureEvent, vehicle_id: 20, road_id: 1000000000000000158, offset: 0.000000 id: 3635
processing event: VehicleArriveIntersectionEvent, vehicle_id: 20, road_id: 1000000000000000158 id: 3636 at time: 2748.14
Processed event: VehicleArriveIntersectionEvent, vehicle_id: 20, road_id: 1000000000000000158 id: 3636
processing event: BusArrivalEvent, vehicle_id: 12, stop_id: 294 id: 3634 at time: 2748.7
Processed event: BusArrivalEvent, vehicle_id: 12, stop_id: 294 id: 3634
processing event: PassengerRouteEndEvent, passenger_id: 35, route_id: 1 id: 3638 at time: 2748.7
Passenger 35 finished all routes
Processed event: PassengerRouteEndEvent, passenger_id: 35, route_id: 1 id: 3638
processing event: PassengerDropoffEvent, passenger_id: 35 id: 3639 at time: 2748.7
Processed event: PassengerDropoffEvent, passenger_id: 35 id: 3639
processing event: OrderFinishedEvent, order_id: 35 id: 3640 at time: 2748.7
Processed event: OrderFinishedEvent, order_id: 35 id: 3640
processing event: PassengerRouteStartEvent, passenger_id: 59, route_id: 1 id: 58 at time: 2749
Processed event: PassengerRouteStartEvent, passenger_id: 59, route_id: 1 id: 58
processing event: OrderCreatedEvent, order_id: 59, available_pickups: 4 , available_dropoffs: 247 , passenger_id: 59, route_id: 1, passenger_num: 0 id: 3641 at time: 2749
Processed event: OrderCreatedEvent, order_id: 59, available_pickups: 4 , available_dropoffs: 247 , passenger_id: 59, route_id: 1, passenger_num: 2 id: 3641
processing event: VehicleEnterNewRoadEvent, vehicle_id: 20, road_id: 1000000000000000159 id: 3637 at time: 2749.94
Processed event: VehicleEnterNewRoadEvent, vehicle_id: 20, road_id: 1000000000000000159 id: 3637
processing event: VehicleDepartureEvent, vehicle_id: 20, road_id: 1000000000000000159, offset: 0.000000 id: 3642 at time: 2749.94
Processed event: VehicleDepartureEvent, vehicle_id: 20, road_id: 1000000000000000159, offset: 0.000000 id: 3642
Simulator::runFor: now_ = 2749.94 target = 2750
[progress] simulator time = 2750 / 3600
processing event: OrderMatchedEvent, order_id: 59, vehicle_id: 4 id: 3644 at time: 2750
Processed event: OrderMatchedEvent, order_id: 59, vehicle_id: 4 id: 3644
processing event: PassengerArrivalEvent, passenger_id: 59 id: 3646 at time: 2750
Processed event: PassengerArrivalEvent, passenger_id: 59 id: 3646
Event is not valid: VehicleCheckPointEvent, vehicle_id: 18 id: 3621 at time: 2750.68
processing event: VehicleArriveIntersectionEvent, vehicle_id: 20, road_id: 1000000000000000159 id: 3643 at time: 2751.2
Processed event: VehicleArriveIntersectionEvent, vehicle_id: 20, road_id: 1000000000000000159 id: 3643
processing event: VehicleArriveIntersectionEvent, vehicle_id: 18, road_id: 1000000000000000246 id: 3623 at time: 2752.12
Processed event: VehicleArriveIntersectionEvent, vehicle_id: 18, road_id: 1000000000000000246 id: 3623
processing event: VehicleEnterNewRoadEvent, vehicle_id: 20, road_id: 1000000000000000169 id: 3647 at time: 2753
Processed event: VehicleEnterNewRoadEvent, vehicle_id: 20, road_id: 1000000000000000169 id: 3647
processing event: VehicleDepartureEvent, vehicle_id: 20, road_id: 1000000000000000169, offset: 0.000000 id: 3650 at time: 2753
Processed event: VehicleDepartureEvent, vehicle_id: 20, road_id: 1000000000000000169, offset: 0.000000 id: 3650
processing event: VehicleEnterNewRoadEvent, vehicle_id: 18, road_id: 1000000000000000248 id: 3648 at time: 2753.92
Processed event: VehicleEnterNewRoadEvent, vehicle_id: 18, road_id: 1000000000000000248 id: 3648
processing event: VehicleDepartureEvent, vehicle_id: 18, road_id: 1000000000000000248, offset: 0.000000 id: 3653 at time: 2753.92
Processed event: VehicleDepartureEvent, vehicle_id: 18, road_id: 1000000000000000248, offset: 0.000000 id: 3653
Event is not valid: VehicleCheckPointEvent, vehicle_id: 14 id: 3649 at time: 2754.32
processing event: VehicleArriveIntersectionEvent, vehicle_id: 14, road_id: 1000000000000000246 id: 3652 at time: 2755.76
Processed event: VehicleArriveIntersectionEvent, vehicle_id: 14, road_id: 1000000000000000246 id: 3652
processing event: PassengerRouteStartEvent, passenger_id: 60, route_id: 1 id: 59 at time: 2756
Processed event: PassengerRouteStartEvent, passenger_id: 60, route_id: 1 id: 59
processing event: OrderCreatedEvent, order_id: 60, available_pickups: 215 , available_dropoffs: 134 , passenger_id: 60, route_id: 1, passenger_num: 0 id: 3656 at time: 2756
Processed event: OrderCreatedEvent, order_id: 60, available_pickups: 215 , available_dropoffs: 134 , passenger_id: 60, route_id: 1, passenger_num: 3 id: 3656
processing event: VehicleArriveIntersectionEvent, vehicle_id: 7, road_id: 1000000000000000521 id: 3617 at time: 2756.32
Processed event: VehicleArriveIntersectionEvent, vehicle_id: 7, road_id: 1000000000000000521 id: 3617
processing event: VehicleArriveIntersectionEvent, vehicle_id: 3, road_id: 1000000000000000187 id: 3615 at time: 2756.32
Processed event: VehicleArriveIntersectionEvent, vehicle_id: 3, road_id: 1000000000000000187 id: 3615
processing event: VehicleArriveIntersectionEvent, vehicle_id: 9, road_id: 1000000000000000575 id: 3595 at time: 2756.52
Processed event: VehicleArriveIntersectionEvent, vehicle_id: 9, road_id: 1000000000000000575 id: 3595
processing event: VehicleArriveIntersectionEvent, vehicle_id: 5, road_id: 1000000000000000477 id: 3500 at time: 2756.6
Processed event: VehicleArriveIntersectionEvent, vehicle_id: 5, road_id: 1000000000000000477 id: 3500
processing event: VehicleEnterNewRoadEvent, vehicle_id: 14, road_id: 1000000000000000303 id: 3655 at time: 2757.56
Processed event: VehicleEnterNewRoadEvent, vehicle_id: 14, road_id: 1000000000000000303 id: 3655
processing event: VehicleDepartureEvent, vehicle_id: 14, road_id: 1000000000000000303, offset: 0.000000 id: 3661 at time: 2757.56
Processed event: VehicleDepartureEvent, vehicle_id: 14, road_id: 1000000000000000303, offset: 0.000000 id: 3661
processing event: VehicleEnterNewRoadEvent, vehicle_id: 7, road_id: 1000000000000000195 id: 3657 at time: 2758.12
Processed event: VehicleEnterNewRoadEvent, vehicle_id: 7, road_id: 1000000000000000195 id: 3657
processing event: VehicleDepartureEvent, vehicle_id: 7, road_id: 1000000000000000195, offset: 0.000000 id: 3663 at time: 2758.12
Processed event: VehicleDepartureEvent, vehicle_id: 7, road_id: 1000000000000000195, offset: 0.000000 id: 3663
processing event: VehicleEnterNewRoadEvent, vehicle_id: 3, road_id: 1000000000000000188 id: 3658 at time: 2758.12
Processed event: VehicleEnterNewRoadEvent, vehicle_id: 3, road_id: 1000000000000000188 id: 3658
processing event: VehicleDepartureEvent, vehicle_id: 3, road_id: 1000000000000000188, offset: 0.000000 id: 3665 at time: 2758.12
Processed event: VehicleDepartureEvent, vehicle_id: 3, road_id: 1000000000000000188, offset: 0.000000 id: 3665
processing event: VehicleEnterNewRoadEvent, vehicle_id: 9, road_id: 1000000000000000576 id: 3659 at time: 2758.32
Processed event: VehicleEnterNewRoadEvent, vehicle_id: 9, road_id: 1000000000000000576 id: 3659
processing event: VehicleDepartureEvent, vehicle_id: 9, road_id: 1000000000000000576, offset: 0.000000 id: 3667 at time: 2758.32
Processed event: VehicleDepartureEvent, vehicle_id: 9, road_id: 1000000000000000576, offset: 0.000000 id: 3667
processing event: VehicleEnterNewRoadEvent, vehicle_id: 5, road_id: 1000000000000000478 id: 3660 at time: 2758.4
Processed event: VehicleEnterNewRoadEvent, vehicle_id: 5, road_id: 1000000000000000478 id: 3660
processing event: VehicleDepartureEvent, vehicle_id: 5, road_id: 1000000000000000478, offset: 0.000000 id: 3669 at time: 2758.4
Processed event: VehicleDepartureEvent, vehicle_id: 5, road_id: 1000000000000000478, offset: 0.000000 id: 3669
processing event: VehicleArriveIntersectionEvent, vehicle_id: 20, road_id: 1000000000000000169 id: 3651 at time: 2759.3
Processed event: VehicleArriveIntersectionEvent, vehicle_id: 20, road_id: 1000000000000000169 id: 3651
Simulator::runFor: now_ = 2759.3 target = 2760
[progress] simulator time = 2760 / 3600
processing event: OrderMatchedEvent, order_id: 60, vehicle_id: 20 id: 3672 at time: 2760
Processed event: OrderMatchedEvent, order_id: 60, vehicle_id: 20 id: 3672
processing event: PassengerArrivalEvent, passenger_id: 60 id: 3673 at time: 2760
Processed event: PassengerArrivalEvent, passenger_id: 60 id: 3673
processing event: VehicleEnterNewRoadEvent, vehicle_id: 20, road_id: 1000000000000000199 id: 3671 at time: 2761.1
Processed event: VehicleEnterNewRoadEvent, vehicle_id: 20, road_id: 1000000000000000199 id: 3671
processing event: VehicleDepartureEvent, vehicle_id: 20, road_id: 1000000000000000199, offset: 0.000000 id: 3674 at time: 2761.1
Processed event: VehicleDepartureEvent, vehicle_id: 20, road_id: 1000000000000000199, offset: 0.000000 id: 3674
processing event: VehicleArriveIntersectionEvent, vehicle_id: 10, road_id: 1000000000000001065 id: 3474 at time: 2761.87
Processed event: VehicleArriveIntersectionEvent, vehicle_id: 10, road_id: 1000000000000001065 id: 3474
processing event: VehicleEnterNewRoadEvent, vehicle_id: 10, road_id: 1000000000000001232 id: 3676 at time: 2763.67
Processed event: VehicleEnterNewRoadEvent, vehicle_id: 10, road_id: 1000000000000001232 id: 3676
processing event: VehicleDepartureEvent, vehicle_id: 10, road_id: 1000000000000001232, offset: 0.000000 id: 3677 at time: 2763.67
Processed event: VehicleDepartureEvent, vehicle_id: 10, road_id: 1000000000000001232, offset: 0.000000 id: 3677
processing event: PassengerRouteStartEvent, passenger_id: 61, route_id: 1 id: 60 at time: 2770
Processed event: PassengerRouteStartEvent, passenger_id: 61, route_id: 1 id: 60
processing event: OrderCreatedEvent, order_id: 61, available_pickups: 230 , available_dropoffs: 17 , passenger_id: 61, route_id: 1, passenger_num: 0 id: 3679 at time: 2770
Processed event: OrderCreatedEvent, order_id: 61, available_pickups: 230 , available_dropoffs: 17 , passenger_id: 61, route_id: 1, passenger_num: 3 id: 3679
Simulator::runFor: now_ = 2770 target = 2770
[progress] simulator time = 2770 / 3600
processing event: OrderMatchedEvent, order_id: 61, vehicle_id: 8 id: 3680 at time: 2770
Processed event: OrderMatchedEvent, order_id: 61, vehicle_id: 8 id: 3680
processing event: PassengerArrivalEvent, passenger_id: 61 id: 3682 at time: 2770
Processed event: PassengerArrivalEvent, passenger_id: 61 id: 3682
processing event: VehicleArriveIntersectionEvent, vehicle_id: 17, road_id: 1000000000000001091 id: 3589 at time: 2772.01
Processed event: VehicleArriveIntersectionEvent, vehicle_id: 17, road_id: 1000000000000001091 id: 3589
processing event: VehicleArriveIntersectionEvent, vehicle_id: 15, road_id: 1000000000000000024 id: 3513 at time: 2772.15
Processed event: VehicleArriveIntersectionEvent, vehicle_id: 15, road_id: 1000000000000000024 id: 3513
processing event: VehicleEnterNewRoadEvent, vehicle_id: 17, road_id: 1000000000000001090 id: 3683 at time: 2773.81
Processed event: VehicleEnterNewRoadEvent, vehicle_id: 17, road_id: 1000000000000001090 id: 3683
processing event: VehicleDepartureEvent, vehicle_id: 17, road_id: 1000000000000001090, offset: 0.000000 id: 3685 at time: 2773.81
Processed event: VehicleDepartureEvent, vehicle_id: 17, road_id: 1000000000000001090, offset: 0.000000 id: 3685
processing event: VehicleEnterNewRoadEvent, vehicle_id: 15, road_id: 1000000000000001081 id: 3684 at time: 2773.95
Processed event: VehicleEnterNewRoadEvent, vehicle_id: 15, road_id: 1000000000000001081 id: 3684
processing event: VehicleDepartureEvent, vehicle_id: 15, road_id: 1000000000000001081, offset: 0.000000 id: 3687 at time: 2773.95
Processed event: VehicleDepartureEvent, vehicle_id: 15, road_id: 1000000000000001081, offset: 0.000000 id: 3687
processing event: VehicleArriveIntersectionEvent, vehicle_id: 7, road_id: 1000000000000000195 id: 3664 at time: 2775.94
Processed event: VehicleArriveIntersectionEvent, vehicle_id: 7, road_id: 1000000000000000195 id: 3664
processing event: VehicleEnterNewRoadEvent, vehicle_id: 7, road_id: 1000000000000000479 id: 3689 at time: 2777.74
Processed event: VehicleEnterNewRoadEvent, vehicle_id: 7, road_id: 1000000000000000479 id: 3689
processing event: VehicleDepartureEvent, vehicle_id: 7, road_id: 1000000000000000479, offset: 0.000000 id: 3690 at time: 2777.74
Processed event: VehicleDepartureEvent, vehicle_id: 7, road_id: 1000000000000000479, offset: 0.000000 id: 3690
Event is not valid: VehicleArriveIntersectionEvent, vehicle_id: 4, road_id: 1000000000000001186 id: 3598 at time: 2779.38
processing event: VehicleArriveIntersectionEvent, vehicle_id: 4, road_id: 1000000000000001186 id: 3645 at time: 2779.38
Processed event: VehicleArriveIntersectionEvent, vehicle_id: 4, road_id: 1000000000000001186 id: 3645
Simulator::runFor: now_ = 2779.38 target = 2780
[progress] simulator time = 2780 / 3600
processing event: VehicleEnterNewRoadEvent, vehicle_id: 4, road_id: 1000000000000000123 id: 3692 at time: 2781.18
Processed event: VehicleEnterNewRoadEvent, vehicle_id: 4, road_id: 1000000000000000123 id: 3692
processing event: VehicleDepartureEvent, vehicle_id: 4, road_id: 1000000000000000123, offset: 0.000000 id: 3693 at time: 2781.18
Processed event: VehicleDepartureEvent, vehicle_id: 4, road_id: 1000000000000000123, offset: 0.000000 id: 3693
processing event: VehicleArriveIntersectionEvent, vehicle_id: 19, road_id: 1000000000000000337 id: 3592 at time: 2782.36
Processed event: VehicleArriveIntersectionEvent, vehicle_id: 19, road_id: 1000000000000000337 id: 3592
processing event: BusArrivalEvent, vehicle_id: 18, stop_id: 64 id: 3654 at time: 2783.35
Processed event: BusArrivalEvent, vehicle_id: 18, stop_id: 64 id: 3654
processing event: PassengerRouteEndEvent, passenger_id: 31, route_id: 1 id: 3696 at time: 2783.35
Passenger 31 finished all routes
Processed event: PassengerRouteEndEvent, passenger_id: 31, route_id: 1 id: 3696
processing event: PassengerDropoffEvent, passenger_id: 31 id: 3698 at time: 2783.35
Processed event: PassengerDropoffEvent, passenger_id: 31 id: 3698
processing event: OrderFinishedEvent, order_id: 31 id: 3699 at time: 2783.35
Processed event: OrderFinishedEvent, order_id: 31 id: 3699
processing event: VehicleArriveIntersectionEvent, vehicle_id: 1, road_id: 1000000000000000306 id: 3619 at time: 2783.65
Processed event: VehicleArriveIntersectionEvent, vehicle_id: 1, road_id: 1000000000000000306 id: 3619
processing event: VehicleEnterNewRoadEvent, vehicle_id: 19, road_id: 1000000000000000190 id: 3695 at time: 2784.16
Processed event: VehicleEnterNewRoadEvent, vehicle_id: 19, road_id: 1000000000000000190 id: 3695
processing event: VehicleDepartureEvent, vehicle_id: 19, road_id: 1000000000000000190, offset: 0.000000 id: 3701 at time: 2784.16
Processed event: VehicleDepartureEvent, vehicle_id: 19, road_id: 1000000000000000190, offset: 0.000000 id: 3701
processing event: VehicleEnterNewRoadEvent, vehicle_id: 1, road_id: 1000000000000000689 id: 3700 at time: 2785.45
Processed event: VehicleEnterNewRoadEvent, vehicle_id: 1, road_id: 1000000000000000689 id: 3700
processing event: VehicleDepartureEvent, vehicle_id: 1, road_id: 1000000000000000689, offset: 0.000000 id: 3703 at time: 2785.45
Processed event: VehicleDepartureEvent, vehicle_id: 1, road_id: 1000000000000000689, offset: 0.000000 id: 3703
processing event: VehicleArriveIntersectionEvent, vehicle_id: 9, road_id: 1000000000000000576 id: 3668 at time: 2787.31
Processed event: VehicleArriveIntersectionEvent, vehicle_id: 9, road_id: 1000000000000000576 id: 3668
processing event: VehicleDepartureEvent, vehicle_id: 18, road_id: 1000000000000000248, offset: 163.450000 id: 3697 at time: 2788.35
Processed event: VehicleDepartureEvent, vehicle_id: 18, road_id: 1000000000000000248, offset: 163.450000 id: 3697
processing event: VehicleEnterNewRoadEvent, vehicle_id: 9, road_id: 1000000000000000577 id: 3705 at time: 2789.11
Processed event: VehicleEnterNewRoadEvent, vehicle_id: 9, road_id: 1000000000000000577 id: 3705
processing event: VehicleDepartureEvent, vehicle_id: 9, road_id: 1000000000000000577, offset: 0.000000 id: 3707 at time: 2789.11
Processed event: VehicleDepartureEvent, vehicle_id: 9, road_id: 1000000000000000577, offset: 0.000000 id: 3707
processing event: VehicleArriveIntersectionEvent, vehicle_id: 20, road_id: 1000000000000000199 id: 3675 at time: 2789.54
Processed event: VehicleArriveIntersectionEvent, vehicle_id: 20, road_id: 1000000000000000199 id: 3675
processing event: PassengerRouteStartEvent, passenger_id: 62, route_id: 1 id: 61 at time: 2790
Processed event: PassengerRouteStartEvent, passenger_id: 62, route_id: 1 id: 61
processing event: OrderCreatedEvent, order_id: 62, available_pickups: 263 , available_dropoffs: 285 , passenger_id: 62, route_id: 1, passenger_num: 0 id: 3710 at time: 2790
Processed event: OrderCreatedEvent, order_id: 62, available_pickups: 263 , available_dropoffs: 285 , passenger_id: 62, route_id: 1, passenger_num: 1 id: 3710
Simulator::runFor: now_ = 2790 target = 2790
[progress] simulator time = 2790 / 3600
processing event: OrderMatchedEvent, order_id: 62, vehicle_id: 8 id: 3711 at time: 2790
Processed event: OrderMatchedEvent, order_id: 62, vehicle_id: 8 id: 3711
processing event: PassengerArrivalEvent, passenger_id: 62 id: 3713 at time: 2790
Processed event: PassengerArrivalEvent, passenger_id: 62 id: 3713
processing event: VehicleEnterNewRoadEvent, vehicle_id: 20, road_id: 1000000000000000200 id: 3709 at time: 2791.34
Processed event: VehicleEnterNewRoadEvent, vehicle_id: 20, road_id: 1000000000000000200 id: 3709
processing event: VehicleDepartureEvent, vehicle_id: 20, road_id: 1000000000000000200, offset: 0.000000 id: 3714 at time: 2791.34
Processed event: VehicleDepartureEvent, vehicle_id: 20, road_id: 1000000000000000200, offset: 0.000000 id: 3714
processing event: VehicleArriveIntersectionEvent, vehicle_id: 1, road_id: 1000000000000000689 id: 3704 at time: 2796.61
Processed event: VehicleArriveIntersectionEvent, vehicle_id: 1, road_id: 1000000000000000689 id: 3704
processing event: VehicleEnterNewRoadEvent, vehicle_id: 1, road_id: 1000000000000000686 id: 3716 at time: 2798.41
Processed event: VehicleEnterNewRoadEvent, vehicle_id: 1, road_id: 1000000000000000686 id: 3716
processing event: VehicleDepartureEvent, vehicle_id: 1, road_id: 1000000000000000686, offset: 0.000000 id: 3717 at time: 2798.41
Processed event: VehicleDepartureEvent, vehicle_id: 1, road_id: 1000000000000000686, offset: 0.000000 id: 3717
Simulator::runFor: now_ = 2798.41 target = 2800
[progress] simulator time = 2800 / 3600
processing event: VehicleArriveIntersectionEvent, vehicle_id: 18, road_id: 1000000000000000248 id: 3706 at time: 2801.23
Processed event: VehicleArriveIntersectionEvent, vehicle_id: 18, road_id: 1000000000000000248 id: 3706
processing event: VehicleEnterNewRoadEvent, vehicle_id: 18, road_id: 1000000000000000234 id: 3719 at time: 2803.03
Processed event: VehicleEnterNewRoadEvent, vehicle_id: 18, road_id: 1000000000000000234 id: 3719
processing event: VehicleDepartureEvent, vehicle_id: 18, road_id: 1000000000000000234, offset: 0.000000 id: 3720 at time: 2803.03
Processed event: VehicleDepartureEvent, vehicle_id: 18, road_id: 1000000000000000234, offset: 0.000000 id: 3720
Event is not valid: VehicleArriveIntersectionEvent, vehicle_id: 8, road_id: 1000000000000000430 id: 3612 at time: 2805.23
Event is not valid: VehicleArriveIntersectionEvent, vehicle_id: 8, road_id: 1000000000000000430 id: 3681 at time: 2805.23
processing event: VehicleArriveIntersectionEvent, vehicle_id: 8, road_id: 1000000000000000430 id: 3712 at time: 2805.23
Processed event: VehicleArriveIntersectionEvent, vehicle_id: 8, road_id: 1000000000000000430 id: 3712
processing event: VehicleEnterNewRoadEvent, vehicle_id: 8, road_id: 1000000000000000431 id: 3722 at time: 2807.03
Processed event: VehicleEnterNewRoadEvent, vehicle_id: 8, road_id: 1000000000000000431 id: 3722
processing event: VehicleDepartureEvent, vehicle_id: 8, road_id: 1000000000000000431, offset: 0.000000 id: 3723 at time: 2807.03
Processed event: VehicleDepartureEvent, vehicle_id: 8, road_id: 1000000000000000431, offset: 0.000000 id: 3723
processing event: VehicleArriveIntersectionEvent, vehicle_id: 6, road_id: 1000000000000000473 id: 3632 at time: 2807.1
Processed event: VehicleArriveIntersectionEvent, vehicle_id: 6, road_id: 1000000000000000473 id: 3632
processing event: VehicleEnterNewRoadEvent, vehicle_id: 6, road_id: 1000000000000000301 id: 3725 at time: 2808.9
Processed event: VehicleEnterNewRoadEvent, vehicle_id: 6, road_id: 1000000000000000301 id: 3725
processing event: VehicleDepartureEvent, vehicle_id: 6, road_id: 1000000000000000301, offset: 0.000000 id: 3726 at time: 2808.9
Processed event: VehicleDepartureEvent, vehicle_id: 6, road_id: 1000000000000000301, offset: 0.000000 id: 3726
Simulator::runFor: now_ = 2808.9 target = 2810
[progress] simulator time = 2810 / 3600
processing event: VehicleArriveIntersectionEvent, vehicle_id: 9, road_id: 1000000000000000577 id: 3708 at time: 2810.71
Processed event: VehicleArriveIntersectionEvent, vehicle_id: 9, road_id: 1000000000000000577 id: 3708
processing event: VehicleArriveIntersectionEvent, vehicle_id: 11, road_id: 1000000000000000327 id: 3584 at time: 2812.18
Processed event: VehicleArriveIntersectionEvent, vehicle_id: 11, road_id: 1000000000000000327 id: 3584
processing event: VehicleArriveIntersectionEvent, vehicle_id: 10, road_id: 1000000000000001232 id: 3678 at time: 2812.46
Processed event: VehicleArriveIntersectionEvent, vehicle_id: 10, road_id: 1000000000000001232 id: 3678
processing event: VehicleEnterNewRoadEvent, vehicle_id: 9, road_id: 1000000000000000350 id: 3728 at time: 2812.51
Processed event: VehicleEnterNewRoadEvent, vehicle_id: 9, road_id: 1000000000000000350 id: 3728
processing event: VehicleDepartureEvent, vehicle_id: 9, road_id: 1000000000000000350, offset: 0.000000 id: 3731 at time: 2812.51
Processed event: VehicleDepartureEvent, vehicle_id: 9, road_id: 1000000000000000350, offset: 0.000000 id: 3731
processing event: VehicleArriveIntersectionEvent, vehicle_id: 1, road_id: 1000000000000000686 id: 3718 at time: 2813.71
Processed event: VehicleArriveIntersectionEvent, vehicle_id: 1, road_id: 1000000000000000686 id: 3718
processing event: BusArrivalEvent, vehicle_id: 4, stop_id: 15 id: 3694 at time: 2813.76
Processed event: BusArrivalEvent, vehicle_id: 4, stop_id: 15 id: 3694
processing event: PassengerOnboardEvent, passenger_id: 36 id: 3734 at time: 2813.76
Processed event: PassengerOnboardEvent, passenger_id: 36 id: 3734
processing event: VehicleEnterNewRoadEvent, vehicle_id: 11, road_id: 1000000000000000328 id: 3729 at time: 2813.98
Processed event: VehicleEnterNewRoadEvent, vehicle_id: 11, road_id: 1000000000000000328 id: 3729
processing event: VehicleDepartureEvent, vehicle_id: 11, road_id: 1000000000000000328, offset: 0.000000 id: 3736 at time: 2813.98
Processed event: VehicleDepartureEvent, vehicle_id: 11, road_id: 1000000000000000328, offset: 0.000000 id: 3736
processing event: VehicleEnterNewRoadEvent, vehicle_id: 10, road_id: 1000000000000001234 id: 3730 at time: 2814.26
Processed event: VehicleEnterNewRoadEvent, vehicle_id: 10, road_id: 1000000000000001234 id: 3730
processing event: VehicleDepartureEvent, vehicle_id: 10, road_id: 1000000000000001234, offset: 0.000000 id: 3738 at time: 2814.26
Processed event: VehicleDepartureEvent, vehicle_id: 10, road_id: 1000000000000001234, offset: 0.000000 id: 3738
processing event: VehicleEnterNewRoadEvent, vehicle_id: 1, road_id: 1000000000000000688 id: 3733 at time: 2815.51
Processed event: VehicleEnterNewRoadEvent, vehicle_id: 1, road_id: 1000000000000000688 id: 3733
processing event: VehicleDepartureEvent, vehicle_id: 1, road_id: 1000000000000000688, offset: 0.000000 id: 3740 at time: 2815.51
Processed event: VehicleDepartureEvent, vehicle_id: 1, road_id: 1000000000000000688, offset: 0.000000 id: 3740
processing event: VehicleArriveIntersectionEvent, vehicle_id: 10, road_id: 1000000000000001234 id: 3739 at time: 2816.42
Processed event: VehicleArriveIntersectionEvent, vehicle_id: 10, road_id: 1000000000000001234 id: 3739
processing event: VehicleEnterNewRoadEvent, vehicle_id: 10, road_id: 1000000000000001242 id: 3742 at time: 2818.22
Processed event: VehicleEnterNewRoadEvent, vehicle_id: 10, road_id: 1000000000000001242 id: 3742
processing event: VehicleDepartureEvent, vehicle_id: 10, road_id: 1000000000000001242, offset: 0.000000 id: 3743 at time: 2818.22
Processed event: VehicleDepartureEvent, vehicle_id: 10, road_id: 1000000000000001242, offset: 0.000000 id: 3743
processing event: VehicleDepartureEvent, vehicle_id: 4, road_id: 1000000000000000123, offset: 180.980000 id: 3735 at time: 2818.76
Processed event: VehicleDepartureEvent, vehicle_id: 4, road_id: 1000000000000000123, offset: 180.980000 id: 3735
processing event: VehicleArriveIntersectionEvent, vehicle_id: 10, road_id: 1000000000000001242 id: 3744 at time: 2819.12
Processed event: VehicleArriveIntersectionEvent, vehicle_id: 10, road_id: 1000000000000001242 id: 3744
Simulator::runFor: now_ = 2819.12 target = 2820
[progress] simulator time = 2820 / 3600
processing event: VehicleEnterNewRoadEvent, vehicle_id: 10, road_id: 1000000000000000014 id: 3746 at time: 2820.92
Processed event: VehicleEnterNewRoadEvent, vehicle_id: 10, road_id: 1000000000000000014 id: 3746
processing event: VehicleDepartureEvent, vehicle_id: 10, road_id: 1000000000000000014, offset: 0.000000 id: 3747 at time: 2820.92
Processed event: VehicleDepartureEvent, vehicle_id: 10, road_id: 1000000000000000014, offset: 0.000000 id: 3747
processing event: VehicleArriveIntersectionEvent, vehicle_id: 19, road_id: 1000000000000000190 id: 3702 at time: 2822.5
Processed event: VehicleArriveIntersectionEvent, vehicle_id: 19, road_id: 1000000000000000190 id: 3702
Event is not valid: VehicleArriveIntersectionEvent, vehicle_id: 13, road_id: 1000000000000000303 id: 3625 at time: 2823.85
processing event: VehicleArriveIntersectionEvent, vehicle_id: 13, road_id: 1000000000000000303 id: 3662 at time: 2823.85
Processed event: VehicleArriveIntersectionEvent, vehicle_id: 13, road_id: 1000000000000000303 id: 3662
processing event: VehicleEnterNewRoadEvent, vehicle_id: 19, road_id: 1000000000000000329 id: 3749 at time: 2824.3
Processed event: VehicleEnterNewRoadEvent, vehicle_id: 19, road_id: 1000000000000000329 id: 3749
processing event: VehicleDepartureEvent, vehicle_id: 19, road_id: 1000000000000000329, offset: 0.000000 id: 3752 at time: 2824.3
Processed event: VehicleDepartureEvent, vehicle_id: 19, road_id: 1000000000000000329, offset: 0.000000 id: 3752
processing event: BusArrivalEvent, vehicle_id: 14, stop_id: 113 id: 3751 at time: 2824.85
Processed event: BusArrivalEvent, vehicle_id: 14, stop_id: 113 id: 3751
processing event: PassengerOnboardEvent, passenger_id: 37 id: 3754 at time: 2824.85
Processed event: PassengerOnboardEvent, passenger_id: 37 id: 3754
processing event: VehicleEnterNewRoadEvent, vehicle_id: 13, road_id: 1000000000000000305 id: 3750 at time: 2825.65
Processed event: VehicleEnterNewRoadEvent, vehicle_id: 13, road_id: 1000000000000000305 id: 3750
processing event: VehicleDepartureEvent, vehicle_id: 13, road_id: 1000000000000000305, offset: 0.000000 id: 3756 at time: 2825.65
Processed event: VehicleDepartureEvent, vehicle_id: 13, road_id: 1000000000000000305, offset: 0.000000 id: 3756
processing event: BusArrivalEvent, vehicle_id: 19, stop_id: 1 id: 3753 at time: 2828.22
Processed event: BusArrivalEvent, vehicle_id: 19, stop_id: 1 id: 3753
processing event: PassengerOnboardEvent, passenger_id: 47 id: 3758 at time: 2828.22
Processed event: PassengerOnboardEvent, passenger_id: 47 id: 3758
processing event: VehicleDepartureEvent, vehicle_id: 14, road_id: 1000000000000000303, offset: 373.830000 id: 3755 at time: 2829.85
Processed event: VehicleDepartureEvent, vehicle_id: 14, road_id: 1000000000000000303, offset: 373.830000 id: 3755
Simulator::runFor: now_ = 2829.85 target = 2830
[progress] simulator time = 2830 / 3600
processing event: VehicleArriveIntersectionEvent, vehicle_id: 7, road_id: 1000000000000000479 id: 3691 at time: 2830.66
Processed event: VehicleArriveIntersectionEvent, vehicle_id: 7, road_id: 1000000000000000479 id: 3691
processing event: VehicleEnterNewRoadEvent, vehicle_id: 7, road_id: 1000000000000000481 id: 3761 at time: 2832.46
Processed event: VehicleEnterNewRoadEvent, vehicle_id: 7, road_id: 1000000000000000481 id: 3761
processing event: VehicleDepartureEvent, vehicle_id: 7, road_id: 1000000000000000481, offset: 0.000000 id: 3762 at time: 2832.46
Processed event: VehicleDepartureEvent, vehicle_id: 7, road_id: 1000000000000000481, offset: 0.000000 id: 3762
processing event: VehicleDepartureEvent, vehicle_id: 19, road_id: 1000000000000000329, offset: 21.740000 id: 3759 at time: 2833.22
Processed event: VehicleDepartureEvent, vehicle_id: 19, road_id: 1000000000000000329, offset: 21.740000 id: 3759
processing event: VehicleArriveIntersectionEvent, vehicle_id: 1, road_id: 1000000000000000688 id: 3741 at time: 2835.13
Processed event: VehicleArriveIntersectionEvent, vehicle_id: 1, road_id: 1000000000000000688 id: 3741
processing event: VehicleArriveIntersectionEvent, vehicle_id: 9, road_id: 1000000000000000350 id: 3732 at time: 2836.45
Processed event: VehicleArriveIntersectionEvent, vehicle_id: 9, road_id: 1000000000000000350 id: 3732
processing event: VehicleEnterNewRoadEvent, vehicle_id: 1, road_id: 1000000000000000683 id: 3765 at time: 2836.93
Processed event: VehicleEnterNewRoadEvent, vehicle_id: 1, road_id: 1000000000000000683 id: 3765
processing event: VehicleDepartureEvent, vehicle_id: 1, road_id: 1000000000000000683, offset: 0.000000 id: 3767 at time: 2836.93
Processed event: VehicleDepartureEvent, vehicle_id: 1, road_id: 1000000000000000683, offset: 0.000000 id: 3767
processing event: VehicleArriveIntersectionEvent, vehicle_id: 4, road_id: 1000000000000000123 id: 3745 at time: 2838.21
Processed event: VehicleArriveIntersectionEvent, vehicle_id: 4, road_id: 1000000000000000123 id: 3745
processing event: VehicleEnterNewRoadEvent, vehicle_id: 9, road_id: 1000000000000000352 id: 3766 at time: 2838.25
Processed event: VehicleEnterNewRoadEvent, vehicle_id: 9, road_id: 1000000000000000352 id: 3766
processing event: VehicleDepartureEvent, vehicle_id: 9, road_id: 1000000000000000352, offset: 0.000000 id: 3770 at time: 2838.25
Processed event: VehicleDepartureEvent, vehicle_id: 9, road_id: 1000000000000000352, offset: 0.000000 id: 3770
Simulator::runFor: now_ = 2838.25 target = 2840
[progress] simulator time = 2840 / 3600
processing event: VehicleEnterNewRoadEvent, vehicle_id: 4, road_id: 1000000000000000385 id: 3769 at time: 2840.01
Processed event: VehicleEnterNewRoadEvent, vehicle_id: 4, road_id: 1000000000000000385 id: 3769
processing event: VehicleDepartureEvent, vehicle_id: 4, road_id: 1000000000000000385, offset: 0.000000 id: 3772 at time: 2840.01
Processed event: VehicleDepartureEvent, vehicle_id: 4, road_id: 1000000000000000385, offset: 0.000000 id: 3772
processing event: VehicleArriveIntersectionEvent, vehicle_id: 1, road_id: 1000000000000000683 id: 3768 at time: 2846.11
Processed event: VehicleArriveIntersectionEvent, vehicle_id: 1, road_id: 1000000000000000683 id: 3768
processing event: VehicleEnterNewRoadEvent, vehicle_id: 1, road_id: 1000000000000000680 id: 3774 at time: 2847.91
Processed event: VehicleEnterNewRoadEvent, vehicle_id: 1, road_id: 1000000000000000680 id: 3774
processing event: VehicleDepartureEvent, vehicle_id: 1, road_id: 1000000000000000680, offset: 0.000000 id: 3775 at time: 2847.91
Processed event: VehicleDepartureEvent, vehicle_id: 1, road_id: 1000000000000000680, offset: 0.000000 id: 3775
processing event: VehicleArriveIntersectionEvent, vehicle_id: 14, road_id: 1000000000000000303 id: 3760 at time: 2848.25
Processed event: VehicleArriveIntersectionEvent, vehicle_id: 14, road_id: 1000000000000000303 id: 3760
Simulator::runFor: now_ = 2848.25 target = 2850
[progress] simulator time = 2850 / 3600
processing event: VehicleEnterNewRoadEvent, vehicle_id: 14, road_id: 1000000000000000311 id: 3777 at time: 2850.05
Processed event: VehicleEnterNewRoadEvent, vehicle_id: 14, road_id: 1000000000000000311 id: 3777
processing event: VehicleDepartureEvent, vehicle_id: 14, road_id: 1000000000000000311, offset: 0.000000 id: 3778 at time: 2850.05
Processed event: VehicleDepartureEvent, vehicle_id: 14, road_id: 1000000000000000311, offset: 0.000000 id: 3778
processing event: VehicleArriveIntersectionEvent, vehicle_id: 5, road_id: 1000000000000000478 id: 3670 at time: 2851.47
Processed event: VehicleArriveIntersectionEvent, vehicle_id: 5, road_id: 1000000000000000478 id: 3670
processing event: VehicleArriveIntersectionEvent, vehicle_id: 8, road_id: 1000000000000000431 id: 3724 at time: 2851.5
Processed event: VehicleArriveIntersectionEvent, vehicle_id: 8, road_id: 1000000000000000431 id: 3724
processing event: VehicleEnterNewRoadEvent, vehicle_id: 5, road_id: 1000000000000000853 id: 3780 at time: 2853.27
Processed event: VehicleEnterNewRoadEvent, vehicle_id: 5, road_id: 1000000000000000853 id: 3780
processing event: VehicleDepartureEvent, vehicle_id: 5, road_id: 1000000000000000853, offset: 0.000000 id: 3782 at time: 2853.27
Processed event: VehicleDepartureEvent, vehicle_id: 5, road_id: 1000000000000000853, offset: 0.000000 id: 3782
processing event: VehicleEnterNewRoadEvent, vehicle_id: 8, road_id: 1000000000000000152 id: 3781 at time: 2853.3
Processed event: VehicleEnterNewRoadEvent, vehicle_id: 8, road_id: 1000000000000000152 id: 3781
processing event: VehicleDepartureEvent, vehicle_id: 8, road_id: 1000000000000000152, offset: 0.000000 id: 3784 at time: 2853.3
Processed event: VehicleDepartureEvent, vehicle_id: 8, road_id: 1000000000000000152, offset: 0.000000 id: 3784
processing event: VehicleArriveIntersectionEvent, vehicle_id: 6, road_id: 1000000000000000301 id: 3727 at time: 2854.81
Processed event: VehicleArriveIntersectionEvent, vehicle_id: 6, road_id: 1000000000000000301 id: 3727
processing event: VehicleEnterNewRoadEvent, vehicle_id: 6, road_id: 1000000000000000302 id: 3786 at time: 2856.61
Processed event: VehicleEnterNewRoadEvent, vehicle_id: 6, road_id: 1000000000000000302 id: 3786
processing event: VehicleDepartureEvent, vehicle_id: 6, road_id: 1000000000000000302, offset: 0.000000 id: 3787 at time: 2856.61
Processed event: VehicleDepartureEvent, vehicle_id: 6, road_id: 1000000000000000302, offset: 0.000000 id: 3787
processing event: VehicleArriveIntersectionEvent, vehicle_id: 3, road_id: 1000000000000000188 id: 3666 at time: 2857.67
Processed event: VehicleArriveIntersectionEvent, vehicle_id: 3, road_id: 1000000000000000188 id: 3666
processing event: VehicleEnterNewRoadEvent, vehicle_id: 3, road_id: 1000000000000000074 id: 3789 at time: 2859.47
Processed event: VehicleEnterNewRoadEvent, vehicle_id: 3, road_id: 1000000000000000074 id: 3789
processing event: VehicleDepartureEvent, vehicle_id: 3, road_id: 1000000000000000074, offset: 0.000000 id: 3790 at time: 2859.47
Processed event: VehicleDepartureEvent, vehicle_id: 3, road_id: 1000000000000000074, offset: 0.000000 id: 3790
processing event: VehicleArriveIntersectionEvent, vehicle_id: 9, road_id: 1000000000000000352 id: 3771 at time: 2859.67
Processed event: VehicleArriveIntersectionEvent, vehicle_id: 9, road_id: 1000000000000000352 id: 3771
processing event: VehicleArriveIntersectionEvent, vehicle_id: 8, road_id: 1000000000000000152 id: 3785 at time: 2859.78
Processed event: VehicleArriveIntersectionEvent, vehicle_id: 8, road_id: 1000000000000000152 id: 3785
Simulator::runFor: now_ = 2859.78 target = 2860
[progress] simulator time = 2860 / 3600
processing event: VehicleArriveIntersectionEvent, vehicle_id: 10, road_id: 1000000000000000014 id: 3748 at time: 2860.88
Processed event: VehicleArriveIntersectionEvent, vehicle_id: 10, road_id: 1000000000000000014 id: 3748
processing event: VehicleArriveIntersectionEvent, vehicle_id: 15, road_id: 1000000000000001081 id: 3688 at time: 2861.44
Processed event: VehicleArriveIntersectionEvent, vehicle_id: 15, road_id: 1000000000000001081 id: 3688
processing event: VehicleEnterNewRoadEvent, vehicle_id: 9, road_id: 1000000000000000353 id: 3792 at time: 2861.47
Processed event: VehicleEnterNewRoadEvent, vehicle_id: 9, road_id: 1000000000000000353 id: 3792
processing event: VehicleDepartureEvent, vehicle_id: 9, road_id: 1000000000000000353, offset: 0.000000 id: 3796 at time: 2861.47
Processed event: VehicleDepartureEvent, vehicle_id: 9, road_id: 1000000000000000353, offset: 0.000000 id: 3796
processing event: VehicleEnterNewRoadEvent, vehicle_id: 8, road_id: 1000000000000000159 id: 3793 at time: 2861.58
Processed event: VehicleEnterNewRoadEvent, vehicle_id: 8, road_id: 1000000000000000159 id: 3793
processing event: VehicleDepartureEvent, vehicle_id: 8, road_id: 1000000000000000159, offset: 0.000000 id: 3798 at time: 2861.58
Processed event: VehicleDepartureEvent, vehicle_id: 8, road_id: 1000000000000000159, offset: 0.000000 id: 3798
processing event: VehicleEnterNewRoadEvent, vehicle_id: 10, road_id: 1000000000000000640 id: 3794 at time: 2862.68
Processed event: VehicleEnterNewRoadEvent, vehicle_id: 10, road_id: 1000000000000000640 id: 3794
processing event: VehicleDepartureEvent, vehicle_id: 10, road_id: 1000000000000000640, offset: 0.000000 id: 3800 at time: 2862.68
Processed event: VehicleDepartureEvent, vehicle_id: 10, road_id: 1000000000000000640, offset: 0.000000 id: 3800
processing event: VehicleArriveIntersectionEvent, vehicle_id: 8, road_id: 1000000000000000159 id: 3799 at time: 2862.84
Processed event: VehicleArriveIntersectionEvent, vehicle_id: 8, road_id: 1000000000000000159 id: 3799
processing event: VehicleEnterNewRoadEvent, vehicle_id: 15, road_id: 1000000000000000229 id: 3795 at time: 2863.24
Processed event: VehicleEnterNewRoadEvent, vehicle_id: 15, road_id: 1000000000000000229 id: 3795
processing event: VehicleDepartureEvent, vehicle_id: 15, road_id: 1000000000000000229, offset: 0.000000 id: 3803 at time: 2863.24
Processed event: VehicleDepartureEvent, vehicle_id: 15, road_id: 1000000000000000229, offset: 0.000000 id: 3803
processing event: VehicleEnterNewRoadEvent, vehicle_id: 8, road_id: 1000000000000000169 id: 3802 at time: 2864.64
Processed event: VehicleEnterNewRoadEvent, vehicle_id: 8, road_id: 1000000000000000169 id: 3802
processing event: VehicleDepartureEvent, vehicle_id: 8, road_id: 1000000000000000169, offset: 0.000000 id: 3805 at time: 2864.64
Processed event: VehicleDepartureEvent, vehicle_id: 8, road_id: 1000000000000000169, offset: 0.000000 id: 3805
processing event: VehicleArriveIntersectionEvent, vehicle_id: 17, road_id: 1000000000000001090 id: 3686 at time: 2865.62
Processed event: VehicleArriveIntersectionEvent, vehicle_id: 17, road_id: 1000000000000001090 id: 3686
processing event: VehicleArriveIntersectionEvent, vehicle_id: 10, road_id: 1000000000000000640 id: 3801 at time: 2866.28
Processed event: VehicleArriveIntersectionEvent, vehicle_id: 10, road_id: 1000000000000000640 id: 3801
processing event: VehicleEnterNewRoadEvent, vehicle_id: 17, road_id: 1000000000000000083 id: 3807 at time: 2867.42
Processed event: VehicleEnterNewRoadEvent, vehicle_id: 17, road_id: 1000000000000000083 id: 3807
processing event: VehicleDepartureEvent, vehicle_id: 17, road_id: 1000000000000000083, offset: 0.000000 id: 3809 at time: 2867.42
Processed event: VehicleDepartureEvent, vehicle_id: 17, road_id: 1000000000000000083, offset: 0.000000 id: 3809
processing event: VehicleArriveIntersectionEvent, vehicle_id: 19, road_id: 1000000000000000329 id: 3764 at time: 2867.65
Processed event: VehicleArriveIntersectionEvent, vehicle_id: 19, road_id: 1000000000000000329 id: 3764
processing event: VehicleEnterNewRoadEvent, vehicle_id: 10, road_id: 1000000000000000641 id: 3808 at time: 2868.08
Processed event: VehicleEnterNewRoadEvent, vehicle_id: 10, road_id: 1000000000000000641 id: 3808
processing event: VehicleDepartureEvent, vehicle_id: 10, road_id: 1000000000000000641, offset: 0.000000 id: 3812 at time: 2868.08
Processed event: VehicleDepartureEvent, vehicle_id: 10, road_id: 1000000000000000641, offset: 0.000000 id: 3812
processing event: VehicleArriveIntersectionEvent, vehicle_id: 11, road_id: 1000000000000000328 id: 3737 at time: 2869.43
Processed event: VehicleArriveIntersectionEvent, vehicle_id: 11, road_id: 1000000000000000328 id: 3737
processing event: VehicleEnterNewRoadEvent, vehicle_id: 19, road_id: 1000000000000000190 id: 3811 at time: 2869.45
Processed event: VehicleEnterNewRoadEvent, vehicle_id: 19, road_id: 1000000000000000190 id: 3811
processing event: VehicleDepartureEvent, vehicle_id: 19, road_id: 1000000000000000190, offset: 0.000000 id: 3815 at time: 2869.45
Processed event: VehicleDepartureEvent, vehicle_id: 19, road_id: 1000000000000000190, offset: 0.000000 id: 3815
Simulator::runFor: now_ = 2869.45 target = 2870
[progress] simulator time = 2870 / 3600
processing event: VehicleArriveIntersectionEvent, vehicle_id: 8, road_id: 1000000000000000169 id: 3806 at time: 2870.94
Processed event: VehicleArriveIntersectionEvent, vehicle_id: 8, road_id: 1000000000000000169 id: 3806
processing event: VehicleArriveIntersectionEvent, vehicle_id: 10, road_id: 1000000000000000641 id: 3813 at time: 2870.96
Processed event: VehicleArriveIntersectionEvent, vehicle_id: 10, road_id: 1000000000000000641 id: 3813
processing event: VehicleEnterNewRoadEvent, vehicle_id: 11, road_id: 1000000000000000329 id: 3814 at time: 2871.23
Processed event: VehicleEnterNewRoadEvent, vehicle_id: 11, road_id: 1000000000000000329 id: 3814
processing event: VehicleDepartureEvent, vehicle_id: 11, road_id: 1000000000000000329, offset: 0.000000 id: 3819 at time: 2871.23
Processed event: VehicleDepartureEvent, vehicle_id: 11, road_id: 1000000000000000329, offset: 0.000000 id: 3819
processing event: VehicleEnterNewRoadEvent, vehicle_id: 8, road_id: 1000000000000000199 id: 3817 at time: 2872.74
Processed event: VehicleEnterNewRoadEvent, vehicle_id: 8, road_id: 1000000000000000199 id: 3817
processing event: VehicleDepartureEvent, vehicle_id: 8, road_id: 1000000000000000199, offset: 0.000000 id: 3821 at time: 2872.74
Processed event: VehicleDepartureEvent, vehicle_id: 8, road_id: 1000000000000000199, offset: 0.000000 id: 3821
processing event: VehicleEnterNewRoadEvent, vehicle_id: 10, road_id: 1000000000000000694 id: 3818 at time: 2872.76
Processed event: VehicleEnterNewRoadEvent, vehicle_id: 10, road_id: 1000000000000000694 id: 3818
processing event: VehicleDepartureEvent, vehicle_id: 10, road_id: 1000000000000000694, offset: 0.000000 id: 3823 at time: 2872.76
Processed event: VehicleDepartureEvent, vehicle_id: 10, road_id: 1000000000000000694, offset: 0.000000 id: 3823
processing event: PassengerRouteStartEvent, passenger_id: 63, route_id: 1 id: 62 at time: 2874
Processed event: PassengerRouteStartEvent, passenger_id: 63, route_id: 1 id: 62
processing event: OrderCreatedEvent, order_id: 63, available_pickups: 269 , available_dropoffs: 112 , passenger_id: 63, route_id: 1, passenger_num: 0 id: 3825 at time: 2874
Processed event: OrderCreatedEvent, order_id: 63, available_pickups: 269 , available_dropoffs: 112 , passenger_id: 63, route_id: 1, passenger_num: 1 id: 3825
processing event: VehicleArriveIntersectionEvent, vehicle_id: 13, road_id: 1000000000000000305 id: 3757 at time: 2878.21
Processed event: VehicleArriveIntersectionEvent, vehicle_id: 13, road_id: 1000000000000000305 id: 3757
Simulator::runFor: now_ = 2878.21 target = 2880
[progress] simulator time = 2880 / 3600
processing event: OrderMatchedEvent, order_id: 63, vehicle_id: 4 id: 3827 at time: 2880
Processed event: OrderMatchedEvent, order_id: 63, vehicle_id: 4 id: 3827
processing event: PassengerArrivalEvent, passenger_id: 63 id: 3829 at time: 2880
Processed event: PassengerArrivalEvent, passenger_id: 63 id: 3829
processing event: VehicleEnterNewRoadEvent, vehicle_id: 13, road_id: 1000000000000000024 id: 3826 at time: 2880.01
Processed event: VehicleEnterNewRoadEvent, vehicle_id: 13, road_id: 1000000000000000024 id: 3826
processing event: VehicleDepartureEvent, vehicle_id: 13, road_id: 1000000000000000024, offset: 0.000000 id: 3830 at time: 2880.01
Processed event: VehicleDepartureEvent, vehicle_id: 13, road_id: 1000000000000000024, offset: 0.000000 id: 3830
processing event: VehicleArriveIntersectionEvent, vehicle_id: 1, road_id: 1000000000000000680 id: 3776 at time: 2880.32
Processed event: VehicleArriveIntersectionEvent, vehicle_id: 1, road_id: 1000000000000000680 id: 3776
processing event: VehicleEnterNewRoadEvent, vehicle_id: 1, road_id: 1000000000000000682 id: 3832 at time: 2882.12
Processed event: VehicleEnterNewRoadEvent, vehicle_id: 1, road_id: 1000000000000000682 id: 3832
processing event: VehicleDepartureEvent, vehicle_id: 1, road_id: 1000000000000000682, offset: 0.000000 id: 3833 at time: 2882.12
Processed event: VehicleDepartureEvent, vehicle_id: 1, road_id: 1000000000000000682, offset: 0.000000 id: 3833
processing event: VehicleArriveIntersectionEvent, vehicle_id: 18, road_id: 1000000000000000234 id: 3721 at time: 2884.39
Processed event: VehicleArriveIntersectionEvent, vehicle_id: 18, road_id: 1000000000000000234 id: 3721
processing event: PassengerRouteStartEvent, passenger_id: 64, route_id: 1 id: 63 at time: 2886
Processed event: PassengerRouteStartEvent, passenger_id: 64, route_id: 1 id: 63
processing event: OrderCreatedEvent, order_id: 64, available_pickups: 256 , available_dropoffs: 263 , passenger_id: 64, route_id: 1, passenger_num: 0 id: 3836 at time: 2886
Processed event: OrderCreatedEvent, order_id: 64, available_pickups: 256 , available_dropoffs: 263 , passenger_id: 64, route_id: 1, passenger_num: 3 id: 3836
processing event: VehicleEnterNewRoadEvent, vehicle_id: 18, road_id: 1000000000000000060 id: 3835 at time: 2886.19
Processed event: VehicleEnterNewRoadEvent, vehicle_id: 18, road_id: 1000000000000000060 id: 3835
processing event: VehicleDepartureEvent, vehicle_id: 18, road_id: 1000000000000000060, offset: 0.000000 id: 3837 at time: 2886.19
Processed event: VehicleDepartureEvent, vehicle_id: 18, road_id: 1000000000000000060, offset: 0.000000 id: 3837
processing event: VehicleArriveIntersectionEvent, vehicle_id: 9, road_id: 1000000000000000353 id: 3797 at time: 2887.94
Processed event: VehicleArriveIntersectionEvent, vehicle_id: 9, road_id: 1000000000000000353 id: 3797
processing event: BusArrivalEvent, vehicle_id: 8, stop_id: 124 id: 3822 at time: 2889.57
Processed event: BusArrivalEvent, vehicle_id: 8, stop_id: 124 id: 3822
processing event: PassengerRouteEndEvent, passenger_id: 34, route_id: 1 id: 3840 at time: 2889.57
Passenger 34 finished all routes
Processed event: PassengerRouteEndEvent, passenger_id: 34, route_id: 1 id: 3840
processing event: PassengerDropoffEvent, passenger_id: 34 id: 3842 at time: 2889.57
Processed event: PassengerDropoffEvent, passenger_id: 34 id: 3842
processing event: OrderFinishedEvent, order_id: 34 id: 3843 at time: 2889.57
Processed event: OrderFinishedEvent, order_id: 34 id: 3843
processing event: VehicleEnterNewRoadEvent, vehicle_id: 9, road_id: 1000000000000000563 id: 3839 at time: 2889.74
Processed event: VehicleEnterNewRoadEvent, vehicle_id: 9, road_id: 1000000000000000563 id: 3839
processing event: VehicleDepartureEvent, vehicle_id: 9, road_id: 1000000000000000563, offset: 0.000000 id: 3844 at time: 2889.74
Processed event: VehicleDepartureEvent, vehicle_id: 9, road_id: 1000000000000000563, offset: 0.000000 id: 3844
Simulator::runFor: now_ = 2889.74 target = 2890
[progress] simulator time = 2890 / 3600
processing event: OrderMatchedEvent, order_id: 64, vehicle_id: 9 id: 3846 at time: 2890
Processed event: OrderMatchedEvent, order_id: 64, vehicle_id: 9 id: 3846
processing event: PassengerArrivalEvent, passenger_id: 64 id: 3848 at time: 2890
Processed event: PassengerArrivalEvent, passenger_id: 64 id: 3848
processing event: VehicleArriveIntersectionEvent, vehicle_id: 1, road_id: 1000000000000000682 id: 3834 at time: 2892.2
Processed event: VehicleArriveIntersectionEvent, vehicle_id: 1, road_id: 1000000000000000682 id: 3834
processing event: VehicleArriveIntersectionEvent, vehicle_id: 14, road_id: 1000000000000000311 id: 3779 at time: 2893.97
Processed event: VehicleArriveIntersectionEvent, vehicle_id: 14, road_id: 1000000000000000311 id: 3779
processing event: VehicleEnterNewRoadEvent, vehicle_id: 1, road_id: 1000000000000000362 id: 3849 at time: 2894
Processed event: VehicleEnterNewRoadEvent, vehicle_id: 1, road_id: 1000000000000000362 id: 3849
processing event: VehicleDepartureEvent, vehicle_id: 1, road_id: 1000000000000000362, offset: 0.000000 id: 3851 at time: 2894
Processed event: VehicleDepartureEvent, vehicle_id: 1, road_id: 1000000000000000362, offset: 0.000000 id: 3851
processing event: VehicleDepartureEvent, vehicle_id: 8, road_id: 1000000000000000199, offset: 93.510000 id: 3841 at time: 2894.57
Processed event: VehicleDepartureEvent, vehicle_id: 8, road_id: 1000000000000000199, offset: 93.510000 id: 3841
processing event: VehicleEnterNewRoadEvent, vehicle_id: 14, road_id: 1000000000000001038 id: 3850 at time: 2895.77
Processed event: VehicleEnterNewRoadEvent, vehicle_id: 14, road_id: 1000000000000001038 id: 3850
processing event: VehicleDepartureEvent, vehicle_id: 14, road_id: 1000000000000001038, offset: 0.000000 id: 3854 at time: 2895.77
Processed event: VehicleDepartureEvent, vehicle_id: 14, road_id: 1000000000000001038, offset: 0.000000 id: 3854
processing event: PassengerRouteStartEvent, passenger_id: 65, route_id: 1 id: 64 at time: 2896
Processed event: PassengerRouteStartEvent, passenger_id: 65, route_id: 1 id: 64
processing event: OrderCreatedEvent, order_id: 65, available_pickups: 240 , available_dropoffs: 280 , passenger_id: 65, route_id: 1, passenger_num: 0 id: 3856 at time: 2896
Processed event: OrderCreatedEvent, order_id: 65, available_pickups: 240 , available_dropoffs: 280 , passenger_id: 65, route_id: 1, passenger_num: 1 id: 3856
processing event: PassengerRouteStartEvent, passenger_id: 66, route_id: 1 id: 65 at time: 2897
Processed event: PassengerRouteStartEvent, passenger_id: 66, route_id: 1 id: 65
processing event: OrderCreatedEvent, order_id: 66, available_pickups: 24 , available_dropoffs: 99 , passenger_id: 66, route_id: 1, passenger_num: 0 id: 3857 at time: 2897
Processed event: OrderCreatedEvent, order_id: 66, available_pickups: 24 , available_dropoffs: 99 , passenger_id: 66, route_id: 1, passenger_num: 1 id: 3857
Event is not valid: VehicleArriveIntersectionEvent, vehicle_id: 4, road_id: 1000000000000000385 id: 3773 at time: 2898.51
processing event: VehicleArriveIntersectionEvent, vehicle_id: 4, road_id: 1000000000000000385 id: 3828 at time: 2898.51
Processed event: VehicleArriveIntersectionEvent, vehicle_id: 4, road_id: 1000000000000000385 id: 3828
processing event: VehicleArriveIntersectionEvent, vehicle_id: 6, road_id: 1000000000000000302 id: 3788 at time: 2899.45
Processed event: VehicleArriveIntersectionEvent, vehicle_id: 6, road_id: 1000000000000000302 id: 3788
processing event: BusArrivalEvent, vehicle_id: 15, stop_id: 251 id: 3804 at time: 2899.56
Processed event: BusArrivalEvent, vehicle_id: 15, stop_id: 251 id: 3804
processing event: PassengerOnboardEvent, passenger_id: 27 id: 3860 at time: 2899.56
Processed event: PassengerOnboardEvent, passenger_id: 27 id: 3860
Simulator::runFor: now_ = 2899.56 target = 2900
[progress] simulator time = 2900 / 3600
processing event: OrderMatchedEvent, order_id: 65, vehicle_id: 9 id: 3862 at time: 2900
Processed event: OrderMatchedEvent, order_id: 65, vehicle_id: 9 id: 3862
processing event: OrderMatchedEvent, order_id: 66, vehicle_id: 16 id: 3864 at time: 2900
Processed event: OrderMatchedEvent, order_id: 66, vehicle_id: 16 id: 3864
processing event: VehicleDepartureEvent, vehicle_id: 16, road_id: 1000000000000000123, offset: 132.490000 id: 3865 at time: 2900
Processed event: VehicleDepartureEvent, vehicle_id: 16, road_id: 1000000000000000123, offset: 132.490000 id: 3865
processing event: PassengerArrivalEvent, passenger_id: 65 id: 3866 at time: 2900
Processed event: PassengerArrivalEvent, passenger_id: 65 id: 3866
processing event: PassengerArrivalEvent, passenger_id: 66 id: 3867 at time: 2900
Processed event: PassengerArrivalEvent, passenger_id: 66 id: 3867
processing event: VehicleEnterNewRoadEvent, vehicle_id: 4, road_id: 1000000000000000684 id: 3858 at time: 2900.31
Processed event: VehicleEnterNewRoadEvent, vehicle_id: 4, road_id: 1000000000000000684 id: 3858
processing event: VehicleDepartureEvent, vehicle_id: 4, road_id: 1000000000000000684, offset: 0.000000 id: 3869 at time: 2900.31
Processed event: VehicleDepartureEvent, vehicle_id: 4, road_id: 1000000000000000684, offset: 0.000000 id: 3869
Event is not valid: VehicleArriveIntersectionEvent, vehicle_id: 9, road_id: 1000000000000000563 id: 3845 at time: 2901.08
Event is not valid: VehicleArriveIntersectionEvent, vehicle_id: 9, road_id: 1000000000000000563 id: 3847 at time: 2901.08
processing event: VehicleArriveIntersectionEvent, vehicle_id: 9, road_id: 1000000000000000563 id: 3863 at time: 2901.08
Processed event: VehicleArriveIntersectionEvent, vehicle_id: 9, road_id: 1000000000000000563 id: 3863
processing event: VehicleEnterNewRoadEvent, vehicle_id: 6, road_id: 1000000000000000303 id: 3859 at time: 2901.25
Processed event: VehicleEnterNewRoadEvent, vehicle_id: 6, road_id: 1000000000000000303 id: 3859
processing event: VehicleDepartureEvent, vehicle_id: 6, road_id: 1000000000000000303, offset: 0.000000 id: 3872 at time: 2901.25
Processed event: VehicleDepartureEvent, vehicle_id: 6, road_id: 1000000000000000303, offset: 0.000000 id: 3872
processing event: VehicleEnterNewRoadEvent, vehicle_id: 9, road_id: 1000000000000000564 id: 3871 at time: 2902.88
Processed event: VehicleEnterNewRoadEvent, vehicle_id: 9, road_id: 1000000000000000564 id: 3871
processing event: VehicleDepartureEvent, vehicle_id: 9, road_id: 1000000000000000564, offset: 0.000000 id: 3874 at time: 2902.88
Processed event: VehicleDepartureEvent, vehicle_id: 9, road_id: 1000000000000000564, offset: 0.000000 id: 3874
processing event: BusArrivalEvent, vehicle_id: 18, stop_id: 111 id: 3838 at time: 2903.5
Processed event: BusArrivalEvent, vehicle_id: 18, stop_id: 111 id: 3838
processing event: PassengerOnboardEvent, passenger_id: 44 id: 3876 at time: 2903.5
Processed event: PassengerOnboardEvent, passenger_id: 44 id: 3876
processing event: VehicleDepartureEvent, vehicle_id: 15, road_id: 1000000000000000229, offset: 201.720000 id: 3861 at time: 2904.56
Processed event: VehicleDepartureEvent, vehicle_id: 15, road_id: 1000000000000000229, offset: 201.720000 id: 3861
processing event: VehicleArriveIntersectionEvent, vehicle_id: 8, road_id: 1000000000000000199 id: 3853 at time: 2906.18
Processed event: VehicleArriveIntersectionEvent, vehicle_id: 8, road_id: 1000000000000000199 id: 3853
processing event: VehicleArriveIntersectionEvent, vehicle_id: 19, road_id: 1000000000000000190 id: 3816 at time: 2907.79
Processed event: VehicleArriveIntersectionEvent, vehicle_id: 19, road_id: 1000000000000000190 id: 3816
processing event: VehicleEnterNewRoadEvent, vehicle_id: 8, road_id: 1000000000000000200 id: 3879 at time: 2907.98
Processed event: VehicleEnterNewRoadEvent, vehicle_id: 8, road_id: 1000000000000000200 id: 3879
processing event: VehicleDepartureEvent, vehicle_id: 8, road_id: 1000000000000000200, offset: 0.000000 id: 3881 at time: 2907.98
Processed event: VehicleDepartureEvent, vehicle_id: 8, road_id: 1000000000000000200, offset: 0.000000 id: 3881
processing event: VehicleDepartureEvent, vehicle_id: 18, road_id: 1000000000000000060, offset: 96.120000 id: 3877 at time: 2908.5
Processed event: VehicleDepartureEvent, vehicle_id: 18, road_id: 1000000000000000060, offset: 96.120000 id: 3877
processing event: VehicleArriveIntersectionEvent, vehicle_id: 10, road_id: 1000000000000000694 id: 3824 at time: 2909.13
Processed event: VehicleArriveIntersectionEvent, vehicle_id: 10, road_id: 1000000000000000694 id: 3824
processing event: VehicleArriveIntersectionEvent, vehicle_id: 11, road_id: 1000000000000000329 id: 3820 at time: 2909.57
Processed event: VehicleArriveIntersectionEvent, vehicle_id: 11, road_id: 1000000000000000329 id: 3820
processing event: VehicleEnterNewRoadEvent, vehicle_id: 19, road_id: 1000000000000000191 id: 3880 at time: 2909.59
Processed event: VehicleEnterNewRoadEvent, vehicle_id: 19, road_id: 1000000000000000191 id: 3880
processing event: VehicleDepartureEvent, vehicle_id: 19, road_id: 1000000000000000191, offset: 0.000000 id: 3886 at time: 2909.59
Processed event: VehicleDepartureEvent, vehicle_id: 19, road_id: 1000000000000000191, offset: 0.000000 id: 3886
Simulator::runFor: now_ = 2909.59 target = 2910
[progress] simulator time = 2910 / 3600
processing event: VehicleEnterNewRoadEvent, vehicle_id: 10, road_id: 1000000000000000695 id: 3884 at time: 2910.93
Processed event: VehicleEnterNewRoadEvent, vehicle_id: 10, road_id: 1000000000000000695 id: 3884
processing event: VehicleDepartureEvent, vehicle_id: 10, road_id: 1000000000000000695, offset: 0.000000 id: 3888 at time: 2910.93
Processed event: VehicleDepartureEvent, vehicle_id: 10, road_id: 1000000000000000695, offset: 0.000000 id: 3888
processing event: VehicleEnterNewRoadEvent, vehicle_id: 11, road_id: 1000000000000000073 id: 3885 at time: 2911.37
Processed event: VehicleEnterNewRoadEvent, vehicle_id: 11, road_id: 1000000000000000073 id: 3885
processing event: VehicleDepartureEvent, vehicle_id: 11, road_id: 1000000000000000073, offset: 0.000000 id: 3890 at time: 2911.37
Processed event: VehicleDepartureEvent, vehicle_id: 11, road_id: 1000000000000000073, offset: 0.000000 id: 3890
processing event: VehicleArriveIntersectionEvent, vehicle_id: 9, road_id: 1000000000000000564 id: 3875 at time: 2912.06
Processed event: VehicleArriveIntersectionEvent, vehicle_id: 9, road_id: 1000000000000000564 id: 3875
processing event: PassengerRouteStartEvent, passenger_id: 67, route_id: 1 id: 66 at time: 2913
Processed event: PassengerRouteStartEvent, passenger_id: 67, route_id: 1 id: 66
processing event: OrderCreatedEvent, order_id: 67, available_pickups: 37 , available_dropoffs: 210 , passenger_id: 67, route_id: 1, passenger_num: 0 id: 3893 at time: 2913
Processed event: OrderCreatedEvent, order_id: 67, available_pickups: 37 , available_dropoffs: 210 , passenger_id: 67, route_id: 1, passenger_num: 1 id: 3893
processing event: VehicleEnterNewRoadEvent, vehicle_id: 9, road_id: 1000000000000000565 id: 3892 at time: 2913.86
Processed event: VehicleEnterNewRoadEvent, vehicle_id: 9, road_id: 1000000000000000565 id: 3892
processing event: VehicleDepartureEvent, vehicle_id: 9, road_id: 1000000000000000565, offset: 0.000000 id: 3894 at time: 2913.86
Processed event: VehicleDepartureEvent, vehicle_id: 9, road_id: 1000000000000000565, offset: 0.000000 id: 3894
processing event: PassengerRouteStartEvent, passenger_id: 68, route_id: 1 id: 67 at time: 2915
Processed event: PassengerRouteStartEvent, passenger_id: 68, route_id: 1 id: 67
processing event: OrderCreatedEvent, order_id: 68, available_pickups: 111 , available_dropoffs: 72 , passenger_id: 68, route_id: 1, passenger_num: 0 id: 3896 at time: 2915
Processed event: OrderCreatedEvent, order_id: 68, available_pickups: 111 , available_dropoffs: 72 , passenger_id: 68, route_id: 1, passenger_num: 1 id: 3896
processing event: VehicleArriveIntersectionEvent, vehicle_id: 3, road_id: 1000000000000000074 id: 3791 at time: 2916.18
Processed event: VehicleArriveIntersectionEvent, vehicle_id: 3, road_id: 1000000000000000074 id: 3791
processing event: VehicleArriveIntersectionEvent, vehicle_id: 5, road_id: 1000000000000000853 id: 3783 at time: 2917.36
Processed event: VehicleArriveIntersectionEvent, vehicle_id: 5, road_id: 1000000000000000853 id: 3783
processing event: VehicleEnterNewRoadEvent, vehicle_id: 3, road_id: 1000000000000000701 id: 3897 at time: 2917.98
Processed event: VehicleEnterNewRoadEvent, vehicle_id: 3, road_id: 1000000000000000701 id: 3897
processing event: VehicleDepartureEvent, vehicle_id: 3, road_id: 1000000000000000701, offset: 0.000000 id: 3899 at time: 2917.98
Processed event: VehicleDepartureEvent, vehicle_id: 3, road_id: 1000000000000000701, offset: 0.000000 id: 3899
processing event: VehicleEnterNewRoadEvent, vehicle_id: 5, road_id: 1000000000000000180 id: 3898 at time: 2919.16
Processed event: VehicleEnterNewRoadEvent, vehicle_id: 5, road_id: 1000000000000000180 id: 3898
processing event: VehicleDepartureEvent, vehicle_id: 5, road_id: 1000000000000000180, offset: 0.000000 id: 3901 at time: 2919.16
Processed event: VehicleDepartureEvent, vehicle_id: 5, road_id: 1000000000000000180, offset: 0.000000 id: 3901
Event is not valid: VehicleArriveIntersectionEvent, vehicle_id: 20, road_id: 1000000000000000200 id: 3715 at time: 2919.51
processing event: VehicleArriveIntersectionEvent, vehicle_id: 20, road_id: 1000000000000000200 id: 3882 at time: 2919.51
Processed event: VehicleArriveIntersectionEvent, vehicle_id: 20, road_id: 1000000000000000200 id: 3882
Simulator::runFor: now_ = 2919.51 target = 2920
[progress] simulator time = 2920 / 3600
processing event: OrderMatchedEvent, order_id: 68, vehicle_id: 7 id: 3905 at time: 2920
Processed event: OrderMatchedEvent, order_id: 68, vehicle_id: 7 id: 3905
processing event: OrderMatchedEvent, order_id: 67, vehicle_id: 13 id: 3907 at time: 2920
Processed event: OrderMatchedEvent, order_id: 67, vehicle_id: 13 id: 3907
processing event: PassengerArrivalEvent, passenger_id: 68 id: 3909 at time: 2920
Processed event: PassengerArrivalEvent, passenger_id: 68 id: 3909
processing event: PassengerArrivalEvent, passenger_id: 67 id: 3910 at time: 2920
Processed event: PassengerArrivalEvent, passenger_id: 67 id: 3910
processing event: VehicleArriveIntersectionEvent, vehicle_id: 10, road_id: 1000000000000000695 id: 3889 at time: 2921.01
Processed event: VehicleArriveIntersectionEvent, vehicle_id: 10, road_id: 1000000000000000695 id: 3889
processing event: VehicleArriveIntersectionEvent, vehicle_id: 17, road_id: 1000000000000000083 id: 3810 at time: 2921.06
Processed event: VehicleArriveIntersectionEvent, vehicle_id: 17, road_id: 1000000000000000083 id: 3810
processing event: VehicleEnterNewRoadEvent, vehicle_id: 20, road_id: 1000000000000000026 id: 3903 at time: 2921.31
Processed event: VehicleEnterNewRoadEvent, vehicle_id: 20, road_id: 1000000000000000026 id: 3903
processing event: VehicleDepartureEvent, vehicle_id: 20, road_id: 1000000000000000026, offset: 0.000000 id: 3914 at time: 2921.31
Processed event: VehicleDepartureEvent, vehicle_id: 20, road_id: 1000000000000000026, offset: 0.000000 id: 3914
processing event: VehicleEnterNewRoadEvent, vehicle_id: 10, road_id: 1000000000000000031 id: 3911 at time: 2922.81
Processed event: VehicleEnterNewRoadEvent, vehicle_id: 10, road_id: 1000000000000000031 id: 3911
processing event: VehicleDepartureEvent, vehicle_id: 10, road_id: 1000000000000000031, offset: 0.000000 id: 3916 at time: 2922.81
Processed event: VehicleDepartureEvent, vehicle_id: 10, road_id: 1000000000000000031, offset: 0.000000 id: 3916
processing event: VehicleEnterNewRoadEvent, vehicle_id: 17, road_id: 1000000000000000326 id: 3912 at time: 2922.86
Processed event: VehicleEnterNewRoadEvent, vehicle_id: 17, road_id: 1000000000000000326 id: 3912
processing event: VehicleDepartureEvent, vehicle_id: 17, road_id: 1000000000000000326, offset: 0.000000 id: 3918 at time: 2922.86
Processed event: VehicleDepartureEvent, vehicle_id: 17, road_id: 1000000000000000326, offset: 0.000000 id: 3918
Event is not valid: VehicleArriveIntersectionEvent, vehicle_id: 7, road_id: 1000000000000000481 id: 3763 at time: 2925.71
processing event: VehicleArriveIntersectionEvent, vehicle_id: 7, road_id: 1000000000000000481 id: 3906 at time: 2925.71
Processed event: VehicleArriveIntersectionEvent, vehicle_id: 7, road_id: 1000000000000000481 id: 3906
processing event: VehicleArriveIntersectionEvent, vehicle_id: 3, road_id: 1000000000000000701 id: 3900 at time: 2926.44
Processed event: VehicleArriveIntersectionEvent, vehicle_id: 3, road_id: 1000000000000000701 id: 3900
processing event: VehicleArriveIntersectionEvent, vehicle_id: 9, road_id: 1000000000000000565 id: 3895 at time: 2927.36
Processed event: VehicleArriveIntersectionEvent, vehicle_id: 9, road_id: 1000000000000000565 id: 3895
processing event: VehicleEnterNewRoadEvent, vehicle_id: 7, road_id: 1000000000000000482 id: 3920 at time: 2927.51
Processed event: VehicleEnterNewRoadEvent, vehicle_id: 7, road_id: 1000000000000000482 id: 3920
processing event: VehicleDepartureEvent, vehicle_id: 7, road_id: 1000000000000000482, offset: 0.000000 id: 3923 at time: 2927.51
Processed event: VehicleDepartureEvent, vehicle_id: 7, road_id: 1000000000000000482, offset: 0.000000 id: 3923
processing event: VehicleArriveIntersectionEvent, vehicle_id: 16, road_id: 1000000000000000123 id: 3868 at time: 2928.17
Processed event: VehicleArriveIntersectionEvent, vehicle_id: 16, road_id: 1000000000000000123 id: 3868
processing event: VehicleEnterNewRoadEvent, vehicle_id: 3, road_id: 1000000000000000700 id: 3921 at time: 2928.24
Processed event: VehicleEnterNewRoadEvent, vehicle_id: 3, road_id: 1000000000000000700 id: 3921
processing event: VehicleDepartureEvent, vehicle_id: 3, road_id: 1000000000000000700, offset: 0.000000 id: 3926 at time: 2928.24
Processed event: VehicleDepartureEvent, vehicle_id: 3, road_id: 1000000000000000700, offset: 0.000000 id: 3926
processing event: VehicleEnterNewRoadEvent, vehicle_id: 9, road_id: 1000000000000000566 id: 3922 at time: 2929.16
Processed event: VehicleEnterNewRoadEvent, vehicle_id: 9, road_id: 1000000000000000566 id: 3922
processing event: VehicleDepartureEvent, vehicle_id: 9, road_id: 1000000000000000566, offset: 0.000000 id: 3928 at time: 2929.16
Processed event: VehicleDepartureEvent, vehicle_id: 9, road_id: 1000000000000000566, offset: 0.000000 id: 3928
processing event: VehicleEnterNewRoadEvent, vehicle_id: 16, road_id: 1000000000000000385 id: 3925 at time: 2929.97
Processed event: VehicleEnterNewRoadEvent, vehicle_id: 16, road_id: 1000000000000000385 id: 3925
processing event: VehicleDepartureEvent, vehicle_id: 16, road_id: 1000000000000000385, offset: 0.000000 id: 3930 at time: 2929.97
Processed event: VehicleDepartureEvent, vehicle_id: 16, road_id: 1000000000000000385, offset: 0.000000 id: 3930
Simulator::runFor: now_ = 2929.97 target = 2930
[progress] simulator time = 2930 / 3600
processing event: VehicleArriveIntersectionEvent, vehicle_id: 4, road_id: 1000000000000000684 id: 3870 at time: 2932.72
Processed event: VehicleArriveIntersectionEvent, vehicle_id: 4, road_id: 1000000000000000684 id: 3870
processing event: VehicleArriveIntersectionEvent, vehicle_id: 18, road_id: 1000000000000000060 id: 3883 at time: 2934.04
Processed event: VehicleArriveIntersectionEvent, vehicle_id: 18, road_id: 1000000000000000060 id: 3883
processing event: BusArrivalEvent, vehicle_id: 11, stop_id: 97 id: 3891 at time: 2934.34
Processed event: BusArrivalEvent, vehicle_id: 11, stop_id: 97 id: 3891
processing event: PassengerOnboardEvent, passenger_id: 29 id: 3934 at time: 2934.34
Processed event: PassengerOnboardEvent, passenger_id: 29 id: 3934
processing event: VehicleEnterNewRoadEvent, vehicle_id: 4, road_id: 1000000000000000685 id: 3932 at time: 2934.52
Processed event: VehicleEnterNewRoadEvent, vehicle_id: 4, road_id: 1000000000000000685 id: 3932
processing event: VehicleDepartureEvent, vehicle_id: 4, road_id: 1000000000000000685, offset: 0.000000 id: 3936 at time: 2934.52
Processed event: VehicleDepartureEvent, vehicle_id: 4, road_id: 1000000000000000685, offset: 0.000000 id: 3936
processing event: VehicleEnterNewRoadEvent, vehicle_id: 18, road_id: 1000000000000001036 id: 3933 at time: 2935.84
Processed event: VehicleEnterNewRoadEvent, vehicle_id: 18, road_id: 1000000000000001036 id: 3933
processing event: VehicleDepartureEvent, vehicle_id: 18, road_id: 1000000000000001036, offset: 0.000000 id: 3938 at time: 2935.84
Processed event: VehicleDepartureEvent, vehicle_id: 18, road_id: 1000000000000001036, offset: 0.000000 id: 3938
processing event: VehicleDepartureEvent, vehicle_id: 11, road_id: 1000000000000000073, offset: 127.590000 id: 3935 at time: 2939.34
Processed event: VehicleDepartureEvent, vehicle_id: 11, road_id: 1000000000000000073, offset: 127.590000 id: 3935
processing event: BusArrivalEvent, vehicle_id: 5, stop_id: 292 id: 3902 at time: 2939.69
Processed event: BusArrivalEvent, vehicle_id: 5, stop_id: 292 id: 3902
processing event: PassengerRouteEndEvent, passenger_id: 11, route_id: 1 id: 3941 at time: 2939.69
Passenger 11 finished all routes
Processed event: PassengerRouteEndEvent, passenger_id: 11, route_id: 1 id: 3941
processing event: PassengerDropoffEvent, passenger_id: 11 id: 3943 at time: 2939.69
Processed event: PassengerDropoffEvent, passenger_id: 11 id: 3943
processing event: OrderFinishedEvent, order_id: 11 id: 3944 at time: 2939.69
Processed event: OrderFinishedEvent, order_id: 11 id: 3944
Simulator::runFor: now_ = 2939.69 target = 2940
[progress] simulator time = 2940 / 3600
processing event: VehicleArriveIntersectionEvent, vehicle_id: 1, road_id: 1000000000000000362 id: 3852 at time: 2942.42
Processed event: VehicleArriveIntersectionEvent, vehicle_id: 1, road_id: 1000000000000000362 id: 3852
processing event: VehicleArriveIntersectionEvent, vehicle_id: 4, road_id: 1000000000000000685 id: 3937 at time: 2943.7
Processed event: VehicleArriveIntersectionEvent, vehicle_id: 4, road_id: 1000000000000000685 id: 3937
processing event: VehicleEnterNewRoadEvent, vehicle_id: 1, road_id: 1000000000000000777 id: 3945 at time: 2944.22
Processed event: VehicleEnterNewRoadEvent, vehicle_id: 1, road_id: 1000000000000000777 id: 3945
processing event: VehicleDepartureEvent, vehicle_id: 1, road_id: 1000000000000000777, offset: 0.000000 id: 3947 at time: 2944.22
Processed event: VehicleDepartureEvent, vehicle_id: 1, road_id: 1000000000000000777, offset: 0.000000 id: 3947
processing event: VehicleDepartureEvent, vehicle_id: 5, road_id: 1000000000000000180, offset: 114.020000 id: 3942 at time: 2944.69
Processed event: VehicleDepartureEvent, vehicle_id: 5, road_id: 1000000000000000180, offset: 114.020000 id: 3942
processing event: VehicleEnterNewRoadEvent, vehicle_id: 4, road_id: 1000000000000000690 id: 3946 at time: 2945.5
Processed event: VehicleEnterNewRoadEvent, vehicle_id: 4, road_id: 1000000000000000690 id: 3946
processing event: VehicleDepartureEvent, vehicle_id: 4, road_id: 1000000000000000690, offset: 0.000000 id: 3950 at time: 2945.5
Processed event: VehicleDepartureEvent, vehicle_id: 4, road_id: 1000000000000000690, offset: 0.000000 id: 3950
processing event: VehicleArriveIntersectionEvent, vehicle_id: 14, road_id: 1000000000000001038 id: 3855 at time: 2946.54
Processed event: VehicleArriveIntersectionEvent, vehicle_id: 14, road_id: 1000000000000001038 id: 3855
processing event: VehicleEnterNewRoadEvent, vehicle_id: 14, road_id: 1000000000000001037 id: 3952 at time: 2948.34
Processed event: VehicleEnterNewRoadEvent, vehicle_id: 14, road_id: 1000000000000001037 id: 3952
processing event: VehicleDepartureEvent, vehicle_id: 14, road_id: 1000000000000001037, offset: 0.000000 id: 3953 at time: 2948.34
Processed event: VehicleDepartureEvent, vehicle_id: 14, road_id: 1000000000000001037, offset: 0.000000 id: 3953
Simulator::runFor: now_ = 2948.34 target = 2950
[progress] simulator time = 2950 / 3600
processing event: VehicleArriveIntersectionEvent, vehicle_id: 3, road_id: 1000000000000000700 id: 3927 at time: 2950.56
Processed event: VehicleArriveIntersectionEvent, vehicle_id: 3, road_id: 1000000000000000700 id: 3927
processing event: VehicleEnterNewRoadEvent, vehicle_id: 3, road_id: 1000000000000000209 id: 3955 at time: 2952.36
Processed event: VehicleEnterNewRoadEvent, vehicle_id: 3, road_id: 1000000000000000209 id: 3955
processing event: VehicleDepartureEvent, vehicle_id: 3, road_id: 1000000000000000209, offset: 0.000000 id: 3956 at time: 2952.36
Processed event: VehicleDepartureEvent, vehicle_id: 3, road_id: 1000000000000000209, offset: 0.000000 id: 3956
processing event: BusArrivalEvent, vehicle_id: 17, stop_id: 201 id: 3919 at time: 2954.8
Processed event: BusArrivalEvent, vehicle_id: 17, stop_id: 201 id: 3919
processing event: PassengerOnboardEvent, passenger_id: 32 id: 3958 at time: 2954.8
Processed event: PassengerOnboardEvent, passenger_id: 32 id: 3958
processing event: VehicleArriveIntersectionEvent, vehicle_id: 15, road_id: 1000000000000000229 id: 3878 at time: 2955.73
Processed event: VehicleArriveIntersectionEvent, vehicle_id: 15, road_id: 1000000000000000229 id: 3878
processing event: VehicleArriveIntersectionEvent, vehicle_id: 9, road_id: 1000000000000000566 id: 3929 at time: 2956.16
Processed event: VehicleArriveIntersectionEvent, vehicle_id: 9, road_id: 1000000000000000566 id: 3929
processing event: VehicleEnterNewRoadEvent, vehicle_id: 15, road_id: 1000000000000001036 id: 3960 at time: 2957.53
Processed event: VehicleEnterNewRoadEvent, vehicle_id: 15, road_id: 1000000000000001036 id: 3960
processing event: VehicleDepartureEvent, vehicle_id: 15, road_id: 1000000000000001036, offset: 0.000000 id: 3962 at time: 2957.53
Processed event: VehicleDepartureEvent, vehicle_id: 15, road_id: 1000000000000001036, offset: 0.000000 id: 3962
processing event: VehicleEnterNewRoadEvent, vehicle_id: 9, road_id: 1000000000000000077 id: 3961 at time: 2957.96
Processed event: VehicleEnterNewRoadEvent, vehicle_id: 9, road_id: 1000000000000000077 id: 3961
processing event: VehicleDepartureEvent, vehicle_id: 9, road_id: 1000000000000000077, offset: 0.000000 id: 3964 at time: 2957.96
Processed event: VehicleDepartureEvent, vehicle_id: 9, road_id: 1000000000000000077, offset: 0.000000 id: 3964
processing event: VehicleDepartureEvent, vehicle_id: 17, road_id: 1000000000000000326, offset: 177.410000 id: 3959 at time: 2959.8
Processed event: VehicleDepartureEvent, vehicle_id: 17, road_id: 1000000000000000326, offset: 177.410000 id: 3959
Simulator::runFor: now_ = 2959.8 target = 2960
[progress] simulator time = 2960 / 3600
processing event: VehicleArriveIntersectionEvent, vehicle_id: 4, road_id: 1000000000000000690 id: 3951 at time: 2964.58
Processed event: VehicleArriveIntersectionEvent, vehicle_id: 4, road_id: 1000000000000000690 id: 3951
processing event: VehicleArriveIntersectionEvent, vehicle_id: 10, road_id: 1000000000000000031 id: 3917 at time: 2965.29
Processed event: VehicleArriveIntersectionEvent, vehicle_id: 10, road_id: 1000000000000000031 id: 3917
processing event: VehicleArriveIntersectionEvent, vehicle_id: 19, road_id: 1000000000000000191 id: 3887 at time: 2965.76
Processed event: VehicleArriveIntersectionEvent, vehicle_id: 19, road_id: 1000000000000000191 id: 3887
processing event: VehicleEnterNewRoadEvent, vehicle_id: 4, road_id: 1000000000000000692 id: 3967 at time: 2966.38
Processed event: VehicleEnterNewRoadEvent, vehicle_id: 4, road_id: 1000000000000000692 id: 3967
processing event: VehicleDepartureEvent, vehicle_id: 4, road_id: 1000000000000000692, offset: 0.000000 id: 3970 at time: 2966.38
Processed event: VehicleDepartureEvent, vehicle_id: 4, road_id: 1000000000000000692, offset: 0.000000 id: 3970
Event is not valid: BusArrivalEvent, vehicle_id: 13, stop_id: 70 id: 3831 at time: 2966.74
processing event: BusArrivalEvent, vehicle_id: 13, stop_id: 70 id: 3908 at time: 2966.74
Processed event: BusArrivalEvent, vehicle_id: 13, stop_id: 70 id: 3908
processing event: PassengerOnboardEvent, passenger_id: 53 id: 3972 at time: 2966.74
Processed event: PassengerOnboardEvent, passenger_id: 53 id: 3972
processing event: VehicleEnterNewRoadEvent, vehicle_id: 10, road_id: 1000000000000001087 id: 3968 at time: 2967.09
Processed event: VehicleEnterNewRoadEvent, vehicle_id: 10, road_id: 1000000000000001087 id: 3968
processing event: VehicleDepartureEvent, vehicle_id: 10, road_id: 1000000000000001087, offset: 0.000000 id: 3974 at time: 2967.09
Processed event: VehicleDepartureEvent, vehicle_id: 10, road_id: 1000000000000001087, offset: 0.000000 id: 3974
processing event: VehicleEnterNewRoadEvent, vehicle_id: 19, road_id: 1000000000000000192 id: 3969 at time: 2967.56
Processed event: VehicleEnterNewRoadEvent, vehicle_id: 19, road_id: 1000000000000000192 id: 3969
processing event: VehicleDepartureEvent, vehicle_id: 19, road_id: 1000000000000000192, offset: 0.000000 id: 3976 at time: 2967.56
Processed event: VehicleDepartureEvent, vehicle_id: 19, road_id: 1000000000000000192, offset: 0.000000 id: 3976
Simulator::runFor: now_ = 2967.56 target = 2970
[progress] simulator time = 2970 / 3600
processing event: VehicleDepartureEvent, vehicle_id: 13, road_id: 1000000000000000024, offset: 481.780000 id: 3973 at time: 2971.74
Processed event: VehicleDepartureEvent, vehicle_id: 13, road_id: 1000000000000000024, offset: 481.780000 id: 3973
Simulator::runFor: now_ = 2971.74 target = 2980
[progress] simulator time = 2980 / 3600
processing event: VehicleArriveIntersectionEvent, vehicle_id: 1, road_id: 1000000000000000777 id: 3948 at time: 2980.05
Processed event: VehicleArriveIntersectionEvent, vehicle_id: 1, road_id: 1000000000000000777 id: 3948
processing event: VehicleArriveIntersectionEvent, vehicle_id: 4, road_id: 1000000000000000692 id: 3971 at time: 2980.78
Processed event: VehicleArriveIntersectionEvent, vehicle_id: 4, road_id: 1000000000000000692 id: 3971
processing event: VehicleEnterNewRoadEvent, vehicle_id: 1, road_id: 1000000000000000778 id: 3979 at time: 2981.85
Processed event: VehicleEnterNewRoadEvent, vehicle_id: 1, road_id: 1000000000000000778 id: 3979
processing event: VehicleDepartureEvent, vehicle_id: 1, road_id: 1000000000000000778, offset: 0.000000 id: 3981 at time: 2981.85
Processed event: VehicleDepartureEvent, vehicle_id: 1, road_id: 1000000000000000778, offset: 0.000000 id: 3981
processing event: PassengerRouteStartEvent, passenger_id: 69, route_id: 1 id: 68 at time: 2982
Processed event: PassengerRouteStartEvent, passenger_id: 69, route_id: 1 id: 68
processing event: OrderCreatedEvent, order_id: 69, available_pickups: 205 , available_dropoffs: 216 , passenger_id: 69, route_id: 1, passenger_num: 0 id: 3983 at time: 2982
Processed event: OrderCreatedEvent, order_id: 69, available_pickups: 205 , available_dropoffs: 216 , passenger_id: 69, route_id: 1, passenger_num: 2 id: 3983
processing event: VehicleArriveIntersectionEvent, vehicle_id: 11, road_id: 1000000000000000073 id: 3940 at time: 2982.08
Processed event: VehicleArriveIntersectionEvent, vehicle_id: 11, road_id: 1000000000000000073 id: 3940
processing event: VehicleEnterNewRoadEvent, vehicle_id: 4, road_id: 1000000000000000693 id: 3980 at time: 2982.58
Processed event: VehicleEnterNewRoadEvent, vehicle_id: 4, road_id: 1000000000000000693 id: 3980
processing event: VehicleDepartureEvent, vehicle_id: 4, road_id: 1000000000000000693, offset: 0.000000 id: 3985 at time: 2982.58
Processed event: VehicleDepartureEvent, vehicle_id: 4, road_id: 1000000000000000693, offset: 0.000000 id: 3985
processing event: VehicleEnterNewRoadEvent, vehicle_id: 11, road_id: 1000000000000001063 id: 3984 at time: 2983.88
Processed event: VehicleEnterNewRoadEvent, vehicle_id: 11, road_id: 1000000000000001063 id: 3984
processing event: VehicleDepartureEvent, vehicle_id: 11, road_id: 1000000000000001063, offset: 0.000000 id: 3987 at time: 2983.88
Processed event: VehicleDepartureEvent, vehicle_id: 11, road_id: 1000000000000001063, offset: 0.000000 id: 3987
processing event: VehicleArriveIntersectionEvent, vehicle_id: 1, road_id: 1000000000000000778 id: 3982 at time: 2985.09
Processed event: VehicleArriveIntersectionEvent, vehicle_id: 1, road_id: 1000000000000000778 id: 3982
processing event: VehicleEnterNewRoadEvent, vehicle_id: 1, road_id: 1000000000000000416 id: 3989 at time: 2986.89
Processed event: VehicleEnterNewRoadEvent, vehicle_id: 1, road_id: 1000000000000000416 id: 3989
processing event: VehicleDepartureEvent, vehicle_id: 1, road_id: 1000000000000000416, offset: 0.000000 id: 3990 at time: 2986.89
Processed event: VehicleDepartureEvent, vehicle_id: 1, road_id: 1000000000000000416, offset: 0.000000 id: 3990
processing event: VehicleArriveIntersectionEvent, vehicle_id: 6, road_id: 1000000000000000303 id: 3873 at time: 2986.94
Processed event: VehicleArriveIntersectionEvent, vehicle_id: 6, road_id: 1000000000000000303 id: 3873
processing event: VehicleArriveIntersectionEvent, vehicle_id: 5, road_id: 1000000000000000180 id: 3949 at time: 2988.25
Processed event: VehicleArriveIntersectionEvent, vehicle_id: 5, road_id: 1000000000000000180 id: 3949
processing event: VehicleArriveIntersectionEvent, vehicle_id: 17, road_id: 1000000000000000326 id: 3966 at time: 2988.35
Processed event: VehicleArriveIntersectionEvent, vehicle_id: 17, road_id: 1000000000000000326 id: 3966
processing event: VehicleArriveIntersectionEvent, vehicle_id: 16, road_id: 1000000000000000385 id: 3931 at time: 2988.48
Processed event: VehicleArriveIntersectionEvent, vehicle_id: 16, road_id: 1000000000000000385 id: 3931
processing event: VehicleEnterNewRoadEvent, vehicle_id: 6, road_id: 1000000000000000305 id: 3992 at time: 2988.74
Processed event: VehicleEnterNewRoadEvent, vehicle_id: 6, road_id: 1000000000000000305 id: 3992
processing event: VehicleDepartureEvent, vehicle_id: 6, road_id: 1000000000000000305, offset: 0.000000 id: 3996 at time: 2988.74
Processed event: VehicleDepartureEvent, vehicle_id: 6, road_id: 1000000000000000305, offset: 0.000000 id: 3996
processing event: VehicleArriveIntersectionEvent, vehicle_id: 20, road_id: 1000000000000000026 id: 3915 at time: 2989.36
Processed event: VehicleArriveIntersectionEvent, vehicle_id: 20, road_id: 1000000000000000026 id: 3915
Simulator::runFor: now_ = 2989.36 target = 2990
[progress] simulator time = 2990 / 3600
processing event: OrderMatchedEvent, order_id: 69, vehicle_id: 6 id: 3999 at time: 2990
Processed event: OrderMatchedEvent, order_id: 69, vehicle_id: 6 id: 3999
processing event: PassengerArrivalEvent, passenger_id: 69 id: 4001 at time: 2990
Processed event: PassengerArrivalEvent, passenger_id: 69 id: 4001
processing event: VehicleEnterNewRoadEvent, vehicle_id: 5, road_id: 1000000000000000481 id: 3993 at time: 2990.05
Processed event: VehicleEnterNewRoadEvent, vehicle_id: 5, road_id: 1000000000000000481 id: 3993
processing event: VehicleDepartureEvent, vehicle_id: 5, road_id: 1000000000000000481, offset: 0.000000 id: 4002 at time: 2990.05
Processed event: VehicleDepartureEvent, vehicle_id: 5, road_id: 1000000000000000481, offset: 0.000000 id: 4002
processing event: VehicleEnterNewRoadEvent, vehicle_id: 17, road_id: 1000000000000000193 id: 3994 at time: 2990.15
Processed event: VehicleEnterNewRoadEvent, vehicle_id: 17, road_id: 1000000000000000193 id: 3994
processing event: VehicleDepartureEvent, vehicle_id: 17, road_id: 1000000000000000193, offset: 0.000000 id: 4004 at time: 2990.15
Processed event: VehicleDepartureEvent, vehicle_id: 17, road_id: 1000000000000000193, offset: 0.000000 id: 4004
processing event: VehicleEnterNewRoadEvent, vehicle_id: 16, road_id: 1000000000000000684 id: 3995 at time: 2990.28
Processed event: VehicleEnterNewRoadEvent, vehicle_id: 16, road_id: 1000000000000000684 id: 3995
processing event: VehicleDepartureEvent, vehicle_id: 16, road_id: 1000000000000000684, offset: 0.000000 id: 4006 at time: 2990.28
Processed event: VehicleDepartureEvent, vehicle_id: 16, road_id: 1000000000000000684, offset: 0.000000 id: 4006
processing event: VehicleEnterNewRoadEvent, vehicle_id: 20, road_id: 1000000000000000297 id: 3998 at time: 2991.16
Processed event: VehicleEnterNewRoadEvent, vehicle_id: 20, road_id: 1000000000000000297 id: 3998
processing event: VehicleDepartureEvent, vehicle_id: 20, road_id: 1000000000000000297, offset: 0.000000 id: 4008 at time: 2991.16
Processed event: VehicleDepartureEvent, vehicle_id: 20, road_id: 1000000000000000297, offset: 0.000000 id: 4008
processing event: VehicleArriveIntersectionEvent, vehicle_id: 4, road_id: 1000000000000000693 id: 3986 at time: 2994.1
Processed event: VehicleArriveIntersectionEvent, vehicle_id: 4, road_id: 1000000000000000693 id: 3986
processing event: VehicleArriveIntersectionEvent, vehicle_id: 14, road_id: 1000000000000001037 id: 3954 at time: 2994.96
Processed event: VehicleArriveIntersectionEvent, vehicle_id: 14, road_id: 1000000000000001037 id: 3954
processing event: VehicleEnterNewRoadEvent, vehicle_id: 4, road_id: 1000000000000000001 id: 4010 at time: 2995.9
Processed event: VehicleEnterNewRoadEvent, vehicle_id: 4, road_id: 1000000000000000001 id: 4010
processing event: VehicleDepartureEvent, vehicle_id: 4, road_id: 1000000000000000001, offset: 0.000000 id: 4012 at time: 2995.9
Processed event: VehicleDepartureEvent, vehicle_id: 4, road_id: 1000000000000000001, offset: 0.000000 id: 4012
processing event: VehicleArriveIntersectionEvent, vehicle_id: 13, road_id: 1000000000000000024 id: 3978 at time: 2996.44
Processed event: VehicleArriveIntersectionEvent, vehicle_id: 13, road_id: 1000000000000000024 id: 3978
processing event: VehicleEnterNewRoadEvent, vehicle_id: 14, road_id: 1000000000000001178 id: 4011 at time: 2996.76
Processed event: VehicleEnterNewRoadEvent, vehicle_id: 14, road_id: 1000000000000001178 id: 4011
processing event: VehicleDepartureEvent, vehicle_id: 14, road_id: 1000000000000001178, offset: 0.000000 id: 4015 at time: 2996.76
Processed event: VehicleDepartureEvent, vehicle_id: 14, road_id: 1000000000000001178, offset: 0.000000 id: 4015
processing event: VehicleEnterNewRoadEvent, vehicle_id: 13, road_id: 1000000000000001036 id: 4014 at time: 2998.24
Processed event: VehicleEnterNewRoadEvent, vehicle_id: 13, road_id: 1000000000000001036 id: 4014
processing event: VehicleDepartureEvent, vehicle_id: 13, road_id: 1000000000000001036, offset: 0.000000 id: 4017 at time: 2998.24
Processed event: VehicleDepartureEvent, vehicle_id: 13, road_id: 1000000000000001036, offset: 0.000000 id: 4017
Simulator::runFor: now_ = 2998.24 target = 3000
[progress] simulator time = 3000 / 3600
processing event: VehicleArriveIntersectionEvent, vehicle_id: 9, road_id: 1000000000000000077 id: 3965 at time: 3001.53
Processed event: VehicleArriveIntersectionEvent, vehicle_id: 9, road_id: 1000000000000000077 id: 3965
processing event: VehicleEnterNewRoadEvent, vehicle_id: 9, road_id: 1000000000000000347 id: 4019 at time: 3003.33
Processed event: VehicleEnterNewRoadEvent, vehicle_id: 9, road_id: 1000000000000000347 id: 4019
processing event: VehicleDepartureEvent, vehicle_id: 9, road_id: 1000000000000000347, offset: 0.000000 id: 4020 at time: 3003.33
Processed event: VehicleDepartureEvent, vehicle_id: 9, road_id: 1000000000000000347, offset: 0.000000 id: 4020
Simulator::runFor: now_ = 3003.33 target = 3010
[progress] simulator time = 3010 / 3600
processing event: BusArrivalEvent, vehicle_id: 9, stop_id: 281 id: 4021 at time: 3015.33
Processed event: BusArrivalEvent, vehicle_id: 9, stop_id: 281 id: 4021
processing event: PassengerRouteEndEvent, passenger_id: 41, route_id: 1 id: 4022 at time: 3015.33
Passenger 41 finished all routes
Processed event: PassengerRouteEndEvent, passenger_id: 41, route_id: 1 id: 4022
processing event: PassengerDropoffEvent, passenger_id: 41 id: 4024 at time: 3015.33
Processed event: PassengerDropoffEvent, passenger_id: 41 id: 4024
processing event: OrderFinishedEvent, order_id: 41 id: 4025 at time: 3015.33
Processed event: OrderFinishedEvent, order_id: 41 id: 4025
processing event: VehicleArriveIntersectionEvent, vehicle_id: 20, road_id: 1000000000000000297 id: 4009 at time: 3015.46
Processed event: VehicleArriveIntersectionEvent, vehicle_id: 20, road_id: 1000000000000000297 id: 4009
processing event: VehicleArriveIntersectionEvent, vehicle_id: 1, road_id: 1000000000000000416 id: 3991 at time: 3017.13
Processed event: VehicleArriveIntersectionEvent, vehicle_id: 1, road_id: 1000000000000000416 id: 3991
processing event: VehicleEnterNewRoadEvent, vehicle_id: 20, road_id: 1000000000000000298 id: 4026 at time: 3017.26
Processed event: VehicleEnterNewRoadEvent, vehicle_id: 20, road_id: 1000000000000000298 id: 4026
processing event: VehicleDepartureEvent, vehicle_id: 20, road_id: 1000000000000000298, offset: 0.000000 id: 4028 at time: 3017.26
Processed event: VehicleDepartureEvent, vehicle_id: 20, road_id: 1000000000000000298, offset: 0.000000 id: 4028
processing event: VehicleEnterNewRoadEvent, vehicle_id: 1, road_id: 1000000000000000417 id: 4027 at time: 3018.93
Processed event: VehicleEnterNewRoadEvent, vehicle_id: 1, road_id: 1000000000000000417 id: 4027
processing event: VehicleDepartureEvent, vehicle_id: 1, road_id: 1000000000000000417, offset: 0.000000 id: 4030 at time: 3018.93
Processed event: VehicleDepartureEvent, vehicle_id: 1, road_id: 1000000000000000417, offset: 0.000000 id: 4030
Simulator::runFor: now_ = 3018.93 target = 3020
[progress] simulator time = 3020 / 3600
processing event: VehicleDepartureEvent, vehicle_id: 9, road_id: 1000000000000000347, offset: 66.650000 id: 4023 at time: 3020.33
Processed event: VehicleDepartureEvent, vehicle_id: 9, road_id: 1000000000000000347, offset: 66.650000 id: 4023
processing event: VehicleArriveIntersectionEvent, vehicle_id: 3, road_id: 1000000000000000209 id: 3957 at time: 3021.13
Processed event: VehicleArriveIntersectionEvent, vehicle_id: 3, road_id: 1000000000000000209 id: 3957
processing event: VehicleArriveIntersectionEvent, vehicle_id: 10, road_id: 1000000000000001087 id: 3975 at time: 3022
Processed event: VehicleArriveIntersectionEvent, vehicle_id: 10, road_id: 1000000000000001087 id: 3975
processing event: VehicleArriveIntersectionEvent, vehicle_id: 16, road_id: 1000000000000000684 id: 4007 at time: 3022.68
Processed event: VehicleArriveIntersectionEvent, vehicle_id: 16, road_id: 1000000000000000684 id: 4007
processing event: VehicleArriveIntersectionEvent, vehicle_id: 4, road_id: 1000000000000000001 id: 4013 at time: 3022.91
Processed event: VehicleArriveIntersectionEvent, vehicle_id: 4, road_id: 1000000000000000001 id: 4013
processing event: VehicleEnterNewRoadEvent, vehicle_id: 3, road_id: 1000000000000000210 id: 4033 at time: 3022.93
Processed event: VehicleEnterNewRoadEvent, vehicle_id: 3, road_id: 1000000000000000210 id: 4033
processing event: VehicleDepartureEvent, vehicle_id: 3, road_id: 1000000000000000210, offset: 0.000000 id: 4037 at time: 3022.93
Processed event: VehicleDepartureEvent, vehicle_id: 3, road_id: 1000000000000000210, offset: 0.000000 id: 4037
processing event: VehicleEnterNewRoadEvent, vehicle_id: 10, road_id: 1000000000000000002 id: 4034 at time: 3023.8
Processed event: VehicleEnterNewRoadEvent, vehicle_id: 10, road_id: 1000000000000000002 id: 4034
processing event: VehicleDepartureEvent, vehicle_id: 10, road_id: 1000000000000000002, offset: 0.000000 id: 4039 at time: 3023.8
Processed event: VehicleDepartureEvent, vehicle_id: 10, road_id: 1000000000000000002, offset: 0.000000 id: 4039
processing event: VehicleEnterNewRoadEvent, vehicle_id: 16, road_id: 1000000000000000685 id: 4035 at time: 3024.48
Processed event: VehicleEnterNewRoadEvent, vehicle_id: 16, road_id: 1000000000000000685 id: 4035
processing event: VehicleDepartureEvent, vehicle_id: 16, road_id: 1000000000000000685, offset: 0.000000 id: 4041 at time: 3024.48
Processed event: VehicleDepartureEvent, vehicle_id: 16, road_id: 1000000000000000685, offset: 0.000000 id: 4041
processing event: VehicleEnterNewRoadEvent, vehicle_id: 4, road_id: 1000000000000000002 id: 4036 at time: 3024.71
Processed event: VehicleEnterNewRoadEvent, vehicle_id: 4, road_id: 1000000000000000002 id: 4036
processing event: VehicleDepartureEvent, vehicle_id: 4, road_id: 1000000000000000002, offset: 0.000000 id: 4043 at time: 3024.71
Processed event: VehicleDepartureEvent, vehicle_id: 4, road_id: 1000000000000000002, offset: 0.000000 id: 4043
processing event: VehicleDepartureEvent, vehicle_id: 4, road_id: 1000000000000000002, offset: 0.000000 id: 4044 at time: 3025.71
Processed event: VehicleDepartureEvent, vehicle_id: 4, road_id: 1000000000000000002, offset: 0.000000 id: 4044
processing event: PassengerRouteStartEvent, passenger_id: 70, route_id: 1 id: 69 at time: 3029
Processed event: PassengerRouteStartEvent, passenger_id: 70, route_id: 1 id: 69
processing event: OrderCreatedEvent, order_id: 70, available_pickups: 130 , available_dropoffs: 124 , passenger_id: 70, route_id: 1, passenger_num: 0 id: 4046 at time: 3029
Processed event: OrderCreatedEvent, order_id: 70, available_pickups: 130 , available_dropoffs: 124 , passenger_id: 70, route_id: 1, passenger_num: 1 id: 4046
Simulator::runFor: now_ = 3029 target = 3030
[progress] simulator time = 3030 / 3600
processing event: OrderMatchedEvent, order_id: 70, vehicle_id: 12 id: 4047 at time: 3030
Processed event: OrderMatchedEvent, order_id: 70, vehicle_id: 12 id: 4047
processing event: VehicleDepartureEvent, vehicle_id: 12, road_id: 1000000000000000077, offset: 42.530000 id: 4048 at time: 3030
Processed event: VehicleDepartureEvent, vehicle_id: 12, road_id: 1000000000000000077, offset: 42.530000 id: 4048
processing event: PassengerArrivalEvent, passenger_id: 70 id: 4049 at time: 3030
Processed event: PassengerArrivalEvent, passenger_id: 70 id: 4049
processing event: VehicleArriveIntersectionEvent, vehicle_id: 7, road_id: 1000000000000000482 id: 3924 at time: 3030.3
Processed event: VehicleArriveIntersectionEvent, vehicle_id: 7, road_id: 1000000000000000482 id: 3924
processing event: VehicleEnterNewRoadEvent, vehicle_id: 7, road_id: 1000000000000000190 id: 4051 at time: 3032.1
Processed event: VehicleEnterNewRoadEvent, vehicle_id: 7, road_id: 1000000000000000190 id: 4051
processing event: VehicleDepartureEvent, vehicle_id: 7, road_id: 1000000000000000190, offset: 0.000000 id: 4052 at time: 3032.1
Processed event: VehicleDepartureEvent, vehicle_id: 7, road_id: 1000000000000000190, offset: 0.000000 id: 4052
processing event: VehicleArriveIntersectionEvent, vehicle_id: 16, road_id: 1000000000000000685 id: 4042 at time: 3033.67
Processed event: VehicleArriveIntersectionEvent, vehicle_id: 16, road_id: 1000000000000000685 id: 4042
Event is not valid: VehicleCheckPointEvent, vehicle_id: 8 id: 3904 at time: 3034.72
processing event: VehicleEnterNewRoadEvent, vehicle_id: 16, road_id: 1000000000000000690 id: 4054 at time: 3035.47
Processed event: VehicleEnterNewRoadEvent, vehicle_id: 16, road_id: 1000000000000000690 id: 4054
processing event: VehicleDepartureEvent, vehicle_id: 16, road_id: 1000000000000000690, offset: 0.000000 id: 4055 at time: 3035.47
Processed event: VehicleDepartureEvent, vehicle_id: 16, road_id: 1000000000000000690, offset: 0.000000 id: 4055
processing event: VehicleArriveIntersectionEvent, vehicle_id: 8, road_id: 1000000000000000200 id: 3913 at time: 3036.16
Processed event: VehicleArriveIntersectionEvent, vehicle_id: 8, road_id: 1000000000000000200 id: 3913
processing event: VehicleEnterNewRoadEvent, vehicle_id: 8, road_id: 1000000000000000026 id: 4057 at time: 3037.96
Processed event: VehicleEnterNewRoadEvent, vehicle_id: 8, road_id: 1000000000000000026 id: 4057
processing event: VehicleDepartureEvent, vehicle_id: 8, road_id: 1000000000000000026, offset: 0.000000 id: 4058 at time: 3037.96
Processed event: VehicleDepartureEvent, vehicle_id: 8, road_id: 1000000000000000026, offset: 0.000000 id: 4058
processing event: VehicleArriveIntersectionEvent, vehicle_id: 14, road_id: 1000000000000001178 id: 4016 at time: 3039.24
Processed event: VehicleArriveIntersectionEvent, vehicle_id: 14, road_id: 1000000000000001178 id: 4016
Simulator::runFor: now_ = 3039.24 target = 3040
[progress] simulator time = 3040 / 3600
processing event: VehicleEnterNewRoadEvent, vehicle_id: 14, road_id: 1000000000000001223 id: 4060 at time: 3041.05
Processed event: VehicleEnterNewRoadEvent, vehicle_id: 14, road_id: 1000000000000001223 id: 4060
processing event: VehicleDepartureEvent, vehicle_id: 14, road_id: 1000000000000001223, offset: 0.000000 id: 4061 at time: 3041.05
Processed event: VehicleDepartureEvent, vehicle_id: 14, road_id: 1000000000000001223, offset: 0.000000 id: 4061
Event is not valid: VehicleArriveIntersectionEvent, vehicle_id: 6, road_id: 1000000000000000305 id: 3997 at time: 3041.31
processing event: VehicleArriveIntersectionEvent, vehicle_id: 6, road_id: 1000000000000000305 id: 4000 at time: 3041.31
Processed event: VehicleArriveIntersectionEvent, vehicle_id: 6, road_id: 1000000000000000305 id: 4000
processing event: VehicleEnterNewRoadEvent, vehicle_id: 6, road_id: 1000000000000000306 id: 4063 at time: 3043.11
Processed event: VehicleEnterNewRoadEvent, vehicle_id: 6, road_id: 1000000000000000306 id: 4063
processing event: VehicleDepartureEvent, vehicle_id: 6, road_id: 1000000000000000306, offset: 0.000000 id: 4064 at time: 3043.11
Processed event: VehicleDepartureEvent, vehicle_id: 6, road_id: 1000000000000000306, offset: 0.000000 id: 4064
Event is not valid: VehicleArriveIntersectionEvent, vehicle_id: 10, road_id: 1000000000000000002 id: 4040 at time: 3046.66
processing event: VehicleArriveIntersectionEvent, vehicle_id: 10, road_id: 1000000000000000002 id: 4045 at time: 3046.66
Processed event: VehicleArriveIntersectionEvent, vehicle_id: 10, road_id: 1000000000000000002 id: 4045
processing event: VehicleCheckPointEvent, vehicle_id: 4 id: 4067 at time: 3047.13
Processed event: VehicleCheckPointEvent, vehicle_id: 4 id: 4067
processing event: VehicleQueuedEvent, vehicle_id: 4, front_queued_vehicle_id: 10 id: 4068 at time: 3047.13
Processed event: VehicleQueuedEvent, vehicle_id: 4, front_queued_vehicle_id: 10 id: 4068
Event is not valid: VehicleArriveIntersectionEvent, vehicle_id: 18, road_id: 1000000000000001036 id: 3939 at time: 3047.27
Event is not valid: VehicleArriveIntersectionEvent, vehicle_id: 18, road_id: 1000000000000001036 id: 3963 at time: 3047.27
processing event: VehicleArriveIntersectionEvent, vehicle_id: 18, road_id: 1000000000000001036 id: 4018 at time: 3047.27
Processed event: VehicleArriveIntersectionEvent, vehicle_id: 18, road_id: 1000000000000001036 id: 4018
processing event: BusArrivalEvent, vehicle_id: 20, stop_id: 236 id: 4029 at time: 3047.61
Processed event: BusArrivalEvent, vehicle_id: 20, stop_id: 236 id: 4029
processing event: PassengerOnboardEvent, passenger_id: 51 id: 4071 at time: 3047.61
Processed event: PassengerOnboardEvent, passenger_id: 51 id: 4071
processing event: VehicleEnterNewRoadEvent, vehicle_id: 10, road_id: 1000000000000000024 id: 4066 at time: 3048.46
Processed event: VehicleEnterNewRoadEvent, vehicle_id: 10, road_id: 1000000000000000024 id: 4066
processing event: VehicleDepartureEvent, vehicle_id: 10, road_id: 1000000000000000024, offset: 0.000000 id: 4074 at time: 3048.46
Processed event: VehicleDepartureEvent, vehicle_id: 10, road_id: 1000000000000000024, offset: 0.000000 id: 4074
processing event: VehicleEnterNewRoadEvent, vehicle_id: 18, road_id: 1000000000000001035 id: 4069 at time: 3049.07
Processed event: VehicleEnterNewRoadEvent, vehicle_id: 18, road_id: 1000000000000001035 id: 4069
processing event: VehicleDepartureEvent, vehicle_id: 18, road_id: 1000000000000001035, offset: 0.000000 id: 4077 at time: 3049.07
Processed event: VehicleDepartureEvent, vehicle_id: 18, road_id: 1000000000000001035, offset: 0.000000 id: 4077
processing event: VehicleArriveIntersectionEvent, vehicle_id: 4, road_id: 1000000000000000002 id: 4073 at time: 3049.9
Processed event: VehicleArriveIntersectionEvent, vehicle_id: 4, road_id: 1000000000000000002 id: 4073
Simulator::runFor: now_ = 3049.9 target = 3050
[progress] simulator time = 3050 / 3600
processing event: VehicleArriveIntersectionEvent, vehicle_id: 17, road_id: 1000000000000000193 id: 4005 at time: 3050.64
Processed event: VehicleArriveIntersectionEvent, vehicle_id: 17, road_id: 1000000000000000193 id: 4005
processing event: VehicleArriveIntersectionEvent, vehicle_id: 14, road_id: 1000000000000001223 id: 4062 at time: 3051.13
Processed event: VehicleArriveIntersectionEvent, vehicle_id: 14, road_id: 1000000000000001223 id: 4062
processing event: VehicleEnterNewRoadEvent, vehicle_id: 4, road_id: 1000000000000000003 id: 4079 at time: 3051.7
Processed event: VehicleEnterNewRoadEvent, vehicle_id: 4, road_id: 1000000000000000003 id: 4079
processing event: VehicleDepartureEvent, vehicle_id: 4, road_id: 1000000000000000003, offset: 0.000000 id: 4082 at time: 3051.7
Processed event: VehicleDepartureEvent, vehicle_id: 4, road_id: 1000000000000000003, offset: 0.000000 id: 4082
processing event: VehicleArriveIntersectionEvent, vehicle_id: 9, road_id: 1000000000000000347 id: 4032 at time: 3051.89
Processed event: VehicleArriveIntersectionEvent, vehicle_id: 9, road_id: 1000000000000000347 id: 4032
processing event: VehicleEnterNewRoadEvent, vehicle_id: 17, road_id: 1000000000000000341 id: 4080 at time: 3052.44
Processed event: VehicleEnterNewRoadEvent, vehicle_id: 17, road_id: 1000000000000000341 id: 4080
processing event: VehicleDepartureEvent, vehicle_id: 17, road_id: 1000000000000000341, offset: 0.000000 id: 4085 at time: 3052.44
Processed event: VehicleDepartureEvent, vehicle_id: 17, road_id: 1000000000000000341, offset: 0.000000 id: 4085
processing event: VehicleDepartureEvent, vehicle_id: 20, road_id: 1000000000000000298, offset: 168.560000 id: 4072 at time: 3052.61
Processed event: VehicleDepartureEvent, vehicle_id: 20, road_id: 1000000000000000298, offset: 168.560000 id: 4072
processing event: VehicleEnterNewRoadEvent, vehicle_id: 14, road_id: 1000000000000001222 id: 4081 at time: 3052.93
Processed event: VehicleEnterNewRoadEvent, vehicle_id: 14, road_id: 1000000000000001222 id: 4081
processing event: VehicleDepartureEvent, vehicle_id: 14, road_id: 1000000000000001222, offset: 0.000000 id: 4088 at time: 3052.93
Processed event: VehicleDepartureEvent, vehicle_id: 14, road_id: 1000000000000001222, offset: 0.000000 id: 4088
processing event: VehicleEnterNewRoadEvent, vehicle_id: 9, road_id: 1000000000000000561 id: 4084 at time: 3053.69
Processed event: VehicleEnterNewRoadEvent, vehicle_id: 9, road_id: 1000000000000000561 id: 4084
processing event: VehicleDepartureEvent, vehicle_id: 9, road_id: 1000000000000000561, offset: 0.000000 id: 4090 at time: 3053.69
Processed event: VehicleDepartureEvent, vehicle_id: 9, road_id: 1000000000000000561, offset: 0.000000 id: 4090
processing event: VehicleArriveIntersectionEvent, vehicle_id: 16, road_id: 1000000000000000690 id: 4056 at time: 3054.55
Processed event: VehicleArriveIntersectionEvent, vehicle_id: 16, road_id: 1000000000000000690 id: 4056
processing event: VehicleEnterNewRoadEvent, vehicle_id: 16, road_id: 1000000000000000692 id: 4092 at time: 3056.35
Processed event: VehicleEnterNewRoadEvent, vehicle_id: 16, road_id: 1000000000000000692 id: 4092
processing event: VehicleDepartureEvent, vehicle_id: 16, road_id: 1000000000000000692, offset: 0.000000 id: 4093 at time: 3056.35
Processed event: VehicleDepartureEvent, vehicle_id: 16, road_id: 1000000000000000692, offset: 0.000000 id: 4093
Simulator::runFor: now_ = 3056.35 target = 3060
[progress] simulator time = 3060 / 3600
processing event: BusArrivalEvent, vehicle_id: 8, stop_id: 272 id: 4059 at time: 3063.87
Processed event: BusArrivalEvent, vehicle_id: 8, stop_id: 272 id: 4059
processing event: PassengerOnboardEvent, passenger_id: 52 id: 4095 at time: 3063.87
Processed event: PassengerOnboardEvent, passenger_id: 52 id: 4095
processing event: VehicleArriveIntersectionEvent, vehicle_id: 20, road_id: 1000000000000000298 id: 4087 at time: 3065.83
Processed event: VehicleArriveIntersectionEvent, vehicle_id: 20, road_id: 1000000000000000298 id: 4087
processing event: VehicleArriveIntersectionEvent, vehicle_id: 12, road_id: 1000000000000000077 id: 4050 at time: 3065.91
Processed event: VehicleArriveIntersectionEvent, vehicle_id: 12, road_id: 1000000000000000077 id: 4050
processing event: VehicleArriveIntersectionEvent, vehicle_id: 1, road_id: 1000000000000000417 id: 4031 at time: 3066.28
Processed event: VehicleArriveIntersectionEvent, vehicle_id: 1, road_id: 1000000000000000417 id: 4031
Event is not valid: VehicleCheckPointEvent, vehicle_id: 15 id: 4070 at time: 3067.52
processing event: VehicleEnterNewRoadEvent, vehicle_id: 20, road_id: 1000000000000001065 id: 4097 at time: 3067.63
Processed event: VehicleEnterNewRoadEvent, vehicle_id: 20, road_id: 1000000000000001065 id: 4097
processing event: VehicleDepartureEvent, vehicle_id: 20, road_id: 1000000000000001065, offset: 0.000000 id: 4100 at time: 3067.63
Processed event: VehicleDepartureEvent, vehicle_id: 20, road_id: 1000000000000001065, offset: 0.000000 id: 4100
processing event: VehicleEnterNewRoadEvent, vehicle_id: 12, road_id: 1000000000000000127 id: 4098 at time: 3067.71
Processed event: VehicleEnterNewRoadEvent, vehicle_id: 12, road_id: 1000000000000000127 id: 4098
processing event: VehicleDepartureEvent, vehicle_id: 12, road_id: 1000000000000000127, offset: 0.000000 id: 4102 at time: 3067.71
Processed event: VehicleDepartureEvent, vehicle_id: 12, road_id: 1000000000000000127, offset: 0.000000 id: 4102
processing event: VehicleEnterNewRoadEvent, vehicle_id: 1, road_id: 1000000000000000424 id: 4099 at time: 3068.08
Processed event: VehicleEnterNewRoadEvent, vehicle_id: 1, road_id: 1000000000000000424 id: 4099
processing event: VehicleDepartureEvent, vehicle_id: 1, road_id: 1000000000000000424, offset: 0.000000 id: 4104 at time: 3068.08
Processed event: VehicleDepartureEvent, vehicle_id: 1, road_id: 1000000000000000424, offset: 0.000000 id: 4104
processing event: VehicleDepartureEvent, vehicle_id: 8, road_id: 1000000000000000026, offset: 143.950000 id: 4096 at time: 3068.87
Processed event: VehicleDepartureEvent, vehicle_id: 8, road_id: 1000000000000000026, offset: 143.950000 id: 4096
processing event: VehicleArriveIntersectionEvent, vehicle_id: 15, road_id: 1000000000000001036 id: 4076 at time: 3068.96
Processed event: VehicleArriveIntersectionEvent, vehicle_id: 15, road_id: 1000000000000001036 id: 4076
processing event: PassengerRouteStartEvent, passenger_id: 71, route_id: 1 id: 70 at time: 3069
Processed event: PassengerRouteStartEvent, passenger_id: 71, route_id: 1 id: 70
processing event: OrderCreatedEvent, order_id: 71, available_pickups: 127 , available_dropoffs: 267 , passenger_id: 71, route_id: 1, passenger_num: 0 id: 4109 at time: 3069
Processed event: OrderCreatedEvent, order_id: 71, available_pickups: 127 , available_dropoffs: 267 , passenger_id: 71, route_id: 1, passenger_num: 1 id: 4109
processing event: VehicleArriveIntersectionEvent, vehicle_id: 19, road_id: 1000000000000000192 id: 3977 at time: 3069.45
Processed event: VehicleArriveIntersectionEvent, vehicle_id: 19, road_id: 1000000000000000192 id: 3977
Simulator::runFor: now_ = 3069.45 target = 3070
[progress] simulator time = 3070 / 3600
processing event: OrderMatchedEvent, order_id: 71, vehicle_id: 20 id: 4111 at time: 3070
Processed event: OrderMatchedEvent, order_id: 71, vehicle_id: 20 id: 4111
processing event: PassengerArrivalEvent, passenger_id: 71 id: 4113 at time: 3070
Processed event: PassengerArrivalEvent, passenger_id: 71 id: 4113
processing event: VehicleArriveIntersectionEvent, vehicle_id: 7, road_id: 1000000000000000190 id: 4053 at time: 3070.45
Processed event: VehicleArriveIntersectionEvent, vehicle_id: 7, road_id: 1000000000000000190 id: 4053
processing event: VehicleArriveIntersectionEvent, vehicle_id: 16, road_id: 1000000000000000692 id: 4094 at time: 3070.75
Processed event: VehicleArriveIntersectionEvent, vehicle_id: 16, road_id: 1000000000000000692 id: 4094
processing event: VehicleEnterNewRoadEvent, vehicle_id: 15, road_id: 1000000000000001035 id: 4107 at time: 3070.76
Processed event: VehicleEnterNewRoadEvent, vehicle_id: 15, road_id: 1000000000000001035 id: 4107
processing event: VehicleDepartureEvent, vehicle_id: 15, road_id: 1000000000000001035, offset: 0.000000 id: 4117 at time: 3070.76
Processed event: VehicleDepartureEvent, vehicle_id: 15, road_id: 1000000000000001035, offset: 0.000000 id: 4117
processing event: VehicleEnterNewRoadEvent, vehicle_id: 19, road_id: 1000000000000000193 id: 4110 at time: 3071.25
Processed event: VehicleEnterNewRoadEvent, vehicle_id: 19, road_id: 1000000000000000193 id: 4110
processing event: VehicleDepartureEvent, vehicle_id: 19, road_id: 1000000000000000193, offset: 0.000000 id: 4119 at time: 3071.25
Processed event: VehicleDepartureEvent, vehicle_id: 19, road_id: 1000000000000000193, offset: 0.000000 id: 4119
processing event: VehicleEnterNewRoadEvent, vehicle_id: 7, road_id: 1000000000000000191 id: 4114 at time: 3072.25
Processed event: VehicleEnterNewRoadEvent, vehicle_id: 7, road_id: 1000000000000000191 id: 4114
processing event: VehicleDepartureEvent, vehicle_id: 7, road_id: 1000000000000000191, offset: 0.000000 id: 4121 at time: 3072.25
Processed event: VehicleDepartureEvent, vehicle_id: 7, road_id: 1000000000000000191, offset: 0.000000 id: 4121
processing event: VehicleEnterNewRoadEvent, vehicle_id: 16, road_id: 1000000000000000693 id: 4115 at time: 3072.55
Processed event: VehicleEnterNewRoadEvent, vehicle_id: 16, road_id: 1000000000000000693 id: 4115
processing event: VehicleDepartureEvent, vehicle_id: 16, road_id: 1000000000000000693, offset: 0.000000 id: 4123 at time: 3072.55
Processed event: VehicleDepartureEvent, vehicle_id: 16, road_id: 1000000000000000693, offset: 0.000000 id: 4123
processing event: PassengerRouteStartEvent, passenger_id: 72, route_id: 1 id: 71 at time: 3077
Processed event: PassengerRouteStartEvent, passenger_id: 72, route_id: 1 id: 71
processing event: OrderCreatedEvent, order_id: 72, available_pickups: 81 , available_dropoffs: 198 , passenger_id: 72, route_id: 1, passenger_num: 0 id: 4125 at time: 3077
Processed event: OrderCreatedEvent, order_id: 72, available_pickups: 81 , available_dropoffs: 198 , passenger_id: 72, route_id: 1, passenger_num: 2 id: 4125
Simulator::runFor: now_ = 3077 target = 3080
[progress] simulator time = 3080 / 3600
processing event: OrderMatchedEvent, order_id: 72, vehicle_id: 2 id: 4126 at time: 3080
Processed event: OrderMatchedEvent, order_id: 72, vehicle_id: 2 id: 4126
processing event: VehicleDepartureEvent, vehicle_id: 2, road_id: 1000000000000000234, offset: 383.960000 id: 4127 at time: 3080
Processed event: VehicleDepartureEvent, vehicle_id: 2, road_id: 1000000000000000234, offset: 383.960000 id: 4127
processing event: PassengerArrivalEvent, passenger_id: 72 id: 4128 at time: 3080
Processed event: PassengerArrivalEvent, passenger_id: 72 id: 4128
processing event: VehicleArriveIntersectionEvent, vehicle_id: 5, road_id: 1000000000000000481 id: 4003 at time: 3083.3
Processed event: VehicleArriveIntersectionEvent, vehicle_id: 5, road_id: 1000000000000000481 id: 4003
processing event: VehicleArriveIntersectionEvent, vehicle_id: 3, road_id: 1000000000000000210 id: 4038 at time: 3083.42
Processed event: VehicleArriveIntersectionEvent, vehicle_id: 3, road_id: 1000000000000000210 id: 4038
processing event: VehicleArriveIntersectionEvent, vehicle_id: 11, road_id: 1000000000000001063 id: 3988 at time: 3083.43
Processed event: VehicleArriveIntersectionEvent, vehicle_id: 11, road_id: 1000000000000001063 id: 3988
processing event: VehicleArriveIntersectionEvent, vehicle_id: 16, road_id: 1000000000000000693 id: 4124 at time: 3084.07
Processed event: VehicleArriveIntersectionEvent, vehicle_id: 16, road_id: 1000000000000000693 id: 4124
processing event: BusArrivalEvent, vehicle_id: 1, stop_id: 277 id: 4105 at time: 3085.01
Processed event: BusArrivalEvent, vehicle_id: 1, stop_id: 277 id: 4105
processing event: PassengerOnboardEvent, passenger_id: 13 id: 4134 at time: 3085.01
Processed event: PassengerOnboardEvent, passenger_id: 13 id: 4134
processing event: VehicleEnterNewRoadEvent, vehicle_id: 5, road_id: 1000000000000000482 id: 4130 at time: 3085.1
Processed event: VehicleEnterNewRoadEvent, vehicle_id: 5, road_id: 1000000000000000482 id: 4130
processing event: VehicleDepartureEvent, vehicle_id: 5, road_id: 1000000000000000482, offset: 0.000000 id: 4136 at time: 3085.1
Processed event: VehicleDepartureEvent, vehicle_id: 5, road_id: 1000000000000000482, offset: 0.000000 id: 4136
processing event: VehicleEnterNewRoadEvent, vehicle_id: 3, road_id: 1000000000000000157 id: 4131 at time: 3085.22
Processed event: VehicleEnterNewRoadEvent, vehicle_id: 3, road_id: 1000000000000000157 id: 4131
processing event: VehicleDepartureEvent, vehicle_id: 3, road_id: 1000000000000000157, offset: 0.000000 id: 4138 at time: 3085.22
Processed event: VehicleDepartureEvent, vehicle_id: 3, road_id: 1000000000000000157, offset: 0.000000 id: 4138
processing event: VehicleEnterNewRoadEvent, vehicle_id: 11, road_id: 1000000000000001062 id: 4132 at time: 3085.23
Processed event: VehicleEnterNewRoadEvent, vehicle_id: 11, road_id: 1000000000000001062 id: 4132
processing event: VehicleDepartureEvent, vehicle_id: 11, road_id: 1000000000000001062, offset: 0.000000 id: 4140 at time: 3085.23
Processed event: VehicleDepartureEvent, vehicle_id: 11, road_id: 1000000000000001062, offset: 0.000000 id: 4140
processing event: VehicleEnterNewRoadEvent, vehicle_id: 16, road_id: 1000000000000000001 id: 4133 at time: 3085.87
Processed event: VehicleEnterNewRoadEvent, vehicle_id: 16, road_id: 1000000000000000001 id: 4133
processing event: VehicleDepartureEvent, vehicle_id: 16, road_id: 1000000000000000001, offset: 0.000000 id: 4142 at time: 3085.87
Processed event: VehicleDepartureEvent, vehicle_id: 16, road_id: 1000000000000000001, offset: 0.000000 id: 4142
processing event: PassengerRouteStartEvent, passenger_id: 73, route_id: 1 id: 72 at time: 3088
Processed event: PassengerRouteStartEvent, passenger_id: 73, route_id: 1 id: 72
processing event: OrderCreatedEvent, order_id: 73, available_pickups: 128 , available_dropoffs: 190 , passenger_id: 73, route_id: 1, passenger_num: 0 id: 4144 at time: 3088
Processed event: OrderCreatedEvent, order_id: 73, available_pickups: 128 , available_dropoffs: 190 , passenger_id: 73, route_id: 1, passenger_num: 1 id: 4144
processing event: VehicleArriveIntersectionEvent, vehicle_id: 14, road_id: 1000000000000001222 id: 4089 at time: 3089.29
Processed event: VehicleArriveIntersectionEvent, vehicle_id: 14, road_id: 1000000000000001222 id: 4089
processing event: VehicleArriveIntersectionEvent, vehicle_id: 3, road_id: 1000000000000000157 id: 4139 at time: 3089.9
Processed event: VehicleArriveIntersectionEvent, vehicle_id: 3, road_id: 1000000000000000157 id: 4139
Simulator::runFor: now_ = 3089.9 target = 3090
[progress] simulator time = 3090 / 3600
processing event: OrderMatchedEvent, order_id: 73, vehicle_id: 11 id: 4147 at time: 3090
Processed event: OrderMatchedEvent, order_id: 73, vehicle_id: 11 id: 4147
processing event: PassengerArrivalEvent, passenger_id: 73 id: 4149 at time: 3090
Processed event: PassengerArrivalEvent, passenger_id: 73 id: 4149
processing event: VehicleDepartureEvent, vehicle_id: 1, road_id: 1000000000000000424, offset: 94.090000 id: 4135 at time: 3090.01
Processed event: VehicleDepartureEvent, vehicle_id: 1, road_id: 1000000000000000424, offset: 94.090000 id: 4135
processing event: VehicleEnterNewRoadEvent, vehicle_id: 14, road_id: 1000000000000001217 id: 4145 at time: 3091.09
Processed event: VehicleEnterNewRoadEvent, vehicle_id: 14, road_id: 1000000000000001217 id: 4145
processing event: VehicleDepartureEvent, vehicle_id: 14, road_id: 1000000000000001217, offset: 0.000000 id: 4151 at time: 3091.09
Processed event: VehicleDepartureEvent, vehicle_id: 14, road_id: 1000000000000001217, offset: 0.000000 id: 4151
processing event: VehicleEnterNewRoadEvent, vehicle_id: 3, road_id: 1000000000000000163 id: 4146 at time: 3091.7
Processed event: VehicleEnterNewRoadEvent, vehicle_id: 3, road_id: 1000000000000000163 id: 4146
processing event: VehicleDepartureEvent, vehicle_id: 3, road_id: 1000000000000000163, offset: 0.000000 id: 4153 at time: 3091.7
Processed event: VehicleDepartureEvent, vehicle_id: 3, road_id: 1000000000000000163, offset: 0.000000 id: 4153
processing event: VehicleArriveIntersectionEvent, vehicle_id: 6, road_id: 1000000000000000306 id: 4065 at time: 3091.89
Processed event: VehicleArriveIntersectionEvent, vehicle_id: 6, road_id: 1000000000000000306 id: 4065
processing event: VehicleArriveIntersectionEvent, vehicle_id: 2, road_id: 1000000000000000234 id: 4129 at time: 3092.25
Processed event: VehicleArriveIntersectionEvent, vehicle_id: 2, road_id: 1000000000000000234 id: 4129
processing event: VehicleArriveIntersectionEvent, vehicle_id: 3, road_id: 1000000000000000163 id: 4154 at time: 3093.14
Processed event: VehicleArriveIntersectionEvent, vehicle_id: 3, road_id: 1000000000000000163 id: 4154
processing event: VehicleEnterNewRoadEvent, vehicle_id: 6, road_id: 1000000000000000689 id: 4155 at time: 3093.69
Processed event: VehicleEnterNewRoadEvent, vehicle_id: 6, road_id: 1000000000000000689 id: 4155
processing event: VehicleDepartureEvent, vehicle_id: 6, road_id: 1000000000000000689, offset: 0.000000 id: 4158 at time: 3093.69
Processed event: VehicleDepartureEvent, vehicle_id: 6, road_id: 1000000000000000689, offset: 0.000000 id: 4158
Event is not valid: VehicleArriveIntersectionEvent, vehicle_id: 18, road_id: 1000000000000001035 id: 4078 at time: 3093.89
processing event: VehicleArriveIntersectionEvent, vehicle_id: 18, road_id: 1000000000000001035 id: 4118 at time: 3093.89
Processed event: VehicleArriveIntersectionEvent, vehicle_id: 18, road_id: 1000000000000001035 id: 4118
processing event: VehicleArriveIntersectionEvent, vehicle_id: 14, road_id: 1000000000000001217 id: 4152 at time: 3093.97
Processed event: VehicleArriveIntersectionEvent, vehicle_id: 14, road_id: 1000000000000001217 id: 4152
processing event: VehicleEnterNewRoadEvent, vehicle_id: 2, road_id: 1000000000000000060 id: 4156 at time: 3094.05
Processed event: VehicleEnterNewRoadEvent, vehicle_id: 2, road_id: 1000000000000000060 id: 4156
processing event: VehicleDepartureEvent, vehicle_id: 2, road_id: 1000000000000000060, offset: 0.000000 id: 4163 at time: 3094.05
Processed event: VehicleDepartureEvent, vehicle_id: 2, road_id: 1000000000000000060, offset: 0.000000 id: 4163
processing event: VehicleEnterNewRoadEvent, vehicle_id: 3, road_id: 1000000000000000164 id: 4157 at time: 3094.94
Processed event: VehicleEnterNewRoadEvent, vehicle_id: 3, road_id: 1000000000000000164 id: 4157
processing event: VehicleDepartureEvent, vehicle_id: 3, road_id: 1000000000000000164, offset: 0.000000 id: 4165 at time: 3094.94
Processed event: VehicleDepartureEvent, vehicle_id: 3, road_id: 1000000000000000164, offset: 0.000000 id: 4165
processing event: VehicleEnterNewRoadEvent, vehicle_id: 18, road_id: 1000000000000001034 id: 4160 at time: 3095.69
Processed event: VehicleEnterNewRoadEvent, vehicle_id: 18, road_id: 1000000000000001034 id: 4160
processing event: VehicleDepartureEvent, vehicle_id: 18, road_id: 1000000000000001034, offset: 0.000000 id: 4168 at time: 3095.69
Processed event: VehicleDepartureEvent, vehicle_id: 18, road_id: 1000000000000001034, offset: 0.000000 id: 4168
processing event: VehicleEnterNewRoadEvent, vehicle_id: 14, road_id: 1000000000000001216 id: 4162 at time: 3095.77
Processed event: VehicleEnterNewRoadEvent, vehicle_id: 14, road_id: 1000000000000001216 id: 4162
processing event: VehicleDepartureEvent, vehicle_id: 14, road_id: 1000000000000001216, offset: 0.000000 id: 4170 at time: 3095.77
Processed event: VehicleDepartureEvent, vehicle_id: 14, road_id: 1000000000000001216, offset: 0.000000 id: 4170
processing event: PassengerRouteStartEvent, passenger_id: 74, route_id: 1 id: 73 at time: 3096
Processed event: PassengerRouteStartEvent, passenger_id: 74, route_id: 1 id: 73
processing event: OrderCreatedEvent, order_id: 74, available_pickups: 92 , available_dropoffs: 206 , passenger_id: 74, route_id: 1, passenger_num: 0 id: 4172 at time: 3096
Processed event: OrderCreatedEvent, order_id: 74, available_pickups: 92 , available_dropoffs: 206 , passenger_id: 74, route_id: 1, passenger_num: 3 id: 4172
processing event: VehicleArriveIntersectionEvent, vehicle_id: 12, road_id: 1000000000000000127 id: 4103 at time: 3099.21
Processed event: VehicleArriveIntersectionEvent, vehicle_id: 12, road_id: 1000000000000000127 id: 4103
processing event: VehicleArriveIntersectionEvent, vehicle_id: 14, road_id: 1000000000000001216 id: 4171 at time: 3099.37
Processed event: VehicleArriveIntersectionEvent, vehicle_id: 14, road_id: 1000000000000001216 id: 4171
processing event: VehicleArriveIntersectionEvent, vehicle_id: 3, road_id: 1000000000000000164 id: 4166 at time: 3099.8
Processed event: VehicleArriveIntersectionEvent, vehicle_id: 3, road_id: 1000000000000000164 id: 4166
Simulator::runFor: now_ = 3099.8 target = 3100
[progress] simulator time = 3100 / 3600
processing event: OrderMatchedEvent, order_id: 74, vehicle_id: 16 id: 4176 at time: 3100
Processed event: OrderMatchedEvent, order_id: 74, vehicle_id: 16 id: 4176
processing event: PassengerArrivalEvent, passenger_id: 74 id: 4178 at time: 3100
Processed event: PassengerArrivalEvent, passenger_id: 74 id: 4178
processing event: VehicleEnterNewRoadEvent, vehicle_id: 12, road_id: 1000000000000000128 id: 4173 at time: 3101.01
Processed event: VehicleEnterNewRoadEvent, vehicle_id: 12, road_id: 1000000000000000128 id: 4173
processing event: VehicleDepartureEvent, vehicle_id: 12, road_id: 1000000000000000128, offset: 0.000000 id: 4179 at time: 3101.01
Processed event: VehicleDepartureEvent, vehicle_id: 12, road_id: 1000000000000000128, offset: 0.000000 id: 4179
processing event: VehicleEnterNewRoadEvent, vehicle_id: 14, road_id: 1000000000000001177 id: 4174 at time: 3101.17
Processed event: VehicleEnterNewRoadEvent, vehicle_id: 14, road_id: 1000000000000001177 id: 4174
processing event: VehicleDepartureEvent, vehicle_id: 14, road_id: 1000000000000001177, offset: 0.000000 id: 4181 at time: 3101.17
Processed event: VehicleDepartureEvent, vehicle_id: 14, road_id: 1000000000000001177, offset: 0.000000 id: 4181
processing event: VehicleEnterNewRoadEvent, vehicle_id: 3, road_id: 1000000000000000165 id: 4175 at time: 3101.6
Processed event: VehicleEnterNewRoadEvent, vehicle_id: 3, road_id: 1000000000000000165 id: 4175
processing event: VehicleDepartureEvent, vehicle_id: 3, road_id: 1000000000000000165, offset: 0.000000 id: 4183 at time: 3101.6
Processed event: VehicleDepartureEvent, vehicle_id: 3, road_id: 1000000000000000165, offset: 0.000000 id: 4183
processing event: VehicleArriveIntersectionEvent, vehicle_id: 9, road_id: 1000000000000000561 id: 4091 at time: 3102.66
Processed event: VehicleArriveIntersectionEvent, vehicle_id: 9, road_id: 1000000000000000561 id: 4091
processing event: VehicleArriveIntersectionEvent, vehicle_id: 3, road_id: 1000000000000000165 id: 4184 at time: 3102.86
Processed event: VehicleArriveIntersectionEvent, vehicle_id: 3, road_id: 1000000000000000165 id: 4184
processing event: VehicleArriveIntersectionEvent, vehicle_id: 4, road_id: 1000000000000000003 id: 4083 at time: 3104.45
Processed event: VehicleArriveIntersectionEvent, vehicle_id: 4, road_id: 1000000000000000003 id: 4083
processing event: VehicleEnterNewRoadEvent, vehicle_id: 9, road_id: 1000000000000000567 id: 4185 at time: 3104.46
Processed event: VehicleEnterNewRoadEvent, vehicle_id: 9, road_id: 1000000000000000567 id: 4185
processing event: VehicleDepartureEvent, vehicle_id: 9, road_id: 1000000000000000567, offset: 0.000000 id: 4188 at time: 3104.46
Processed event: VehicleDepartureEvent, vehicle_id: 9, road_id: 1000000000000000567, offset: 0.000000 id: 4188
processing event: VehicleEnterNewRoadEvent, vehicle_id: 3, road_id: 1000000000000000154 id: 4186 at time: 3104.66
Processed event: VehicleEnterNewRoadEvent, vehicle_id: 3, road_id: 1000000000000000154 id: 4186
processing event: VehicleDepartureEvent, vehicle_id: 3, road_id: 1000000000000000154, offset: 0.000000 id: 4190 at time: 3104.66
Processed event: VehicleDepartureEvent, vehicle_id: 3, road_id: 1000000000000000154, offset: 0.000000 id: 4190
processing event: VehicleArriveIntersectionEvent, vehicle_id: 6, road_id: 1000000000000000689 id: 4159 at time: 3104.85
Processed event: VehicleArriveIntersectionEvent, vehicle_id: 6, road_id: 1000000000000000689 id: 4159
processing event: VehicleArriveIntersectionEvent, vehicle_id: 12, road_id: 1000000000000000128 id: 4180 at time: 3105.15
Processed event: VehicleArriveIntersectionEvent, vehicle_id: 12, road_id: 1000000000000000128 id: 4180
processing event: VehicleArriveIntersectionEvent, vehicle_id: 1, road_id: 1000000000000000424 id: 4150 at time: 3105.48
Processed event: VehicleArriveIntersectionEvent, vehicle_id: 1, road_id: 1000000000000000424 id: 4150
processing event: VehicleArriveIntersectionEvent, vehicle_id: 17, road_id: 1000000000000000341 id: 4086 at time: 3105.9
Processed event: VehicleArriveIntersectionEvent, vehicle_id: 17, road_id: 1000000000000000341 id: 4086
processing event: VehicleEnterNewRoadEvent, vehicle_id: 4, road_id: 1000000000000000005 id: 4187 at time: 3106.25
Processed event: VehicleEnterNewRoadEvent, vehicle_id: 4, road_id: 1000000000000000005 id: 4187
processing event: VehicleDepartureEvent, vehicle_id: 4, road_id: 1000000000000000005, offset: 0.000000 id: 4196 at time: 3106.25
Processed event: VehicleDepartureEvent, vehicle_id: 4, road_id: 1000000000000000005, offset: 0.000000 id: 4196
processing event: VehicleEnterNewRoadEvent, vehicle_id: 6, road_id: 1000000000000000686 id: 4192 at time: 3106.65
Processed event: VehicleEnterNewRoadEvent, vehicle_id: 6, road_id: 1000000000000000686 id: 4192
processing event: VehicleDepartureEvent, vehicle_id: 6, road_id: 1000000000000000686, offset: 0.000000 id: 4198 at time: 3106.65
Processed event: VehicleDepartureEvent, vehicle_id: 6, road_id: 1000000000000000686, offset: 0.000000 id: 4198
processing event: VehicleEnterNewRoadEvent, vehicle_id: 12, road_id: 1000000000000000129 id: 4193 at time: 3106.95
Processed event: VehicleEnterNewRoadEvent, vehicle_id: 12, road_id: 1000000000000000129 id: 4193
processing event: VehicleDepartureEvent, vehicle_id: 12, road_id: 1000000000000000129, offset: 0.000000 id: 4200 at time: 3106.95
Processed event: VehicleDepartureEvent, vehicle_id: 12, road_id: 1000000000000000129, offset: 0.000000 id: 4200
processing event: VehicleEnterNewRoadEvent, vehicle_id: 1, road_id: 1000000000000000800 id: 4194 at time: 3107.28
Processed event: VehicleEnterNewRoadEvent, vehicle_id: 1, road_id: 1000000000000000800 id: 4194
processing event: VehicleDepartureEvent, vehicle_id: 1, road_id: 1000000000000000800, offset: 0.000000 id: 4202 at time: 3107.28
Processed event: VehicleDepartureEvent, vehicle_id: 1, road_id: 1000000000000000800, offset: 0.000000 id: 4202
processing event: VehicleEnterNewRoadEvent, vehicle_id: 17, road_id: 1000000000000000243 id: 4195 at time: 3107.7
Processed event: VehicleEnterNewRoadEvent, vehicle_id: 17, road_id: 1000000000000000243 id: 4195
processing event: VehicleDepartureEvent, vehicle_id: 17, road_id: 1000000000000000243, offset: 0.000000 id: 4204 at time: 3107.7
Processed event: VehicleDepartureEvent, vehicle_id: 17, road_id: 1000000000000000243, offset: 0.000000 id: 4204
Event is not valid: VehicleCheckPointEvent, vehicle_id: 13 id: 4108 at time: 3108.23
processing event: VehicleArriveIntersectionEvent, vehicle_id: 13, road_id: 1000000000000001036 id: 4116 at time: 3109.67
Processed event: VehicleArriveIntersectionEvent, vehicle_id: 13, road_id: 1000000000000001036 id: 4116
Simulator::runFor: now_ = 3109.67 target = 3110
[progress] simulator time = 3110 / 3600
processing event: VehicleArriveIntersectionEvent, vehicle_id: 8, road_id: 1000000000000000026 id: 4106 at time: 3111
Processed event: VehicleArriveIntersectionEvent, vehicle_id: 8, road_id: 1000000000000000026 id: 4106
processing event: VehicleArriveIntersectionEvent, vehicle_id: 12, road_id: 1000000000000000129 id: 4201 at time: 3111.27
Processed event: VehicleArriveIntersectionEvent, vehicle_id: 12, road_id: 1000000000000000129 id: 4201
processing event: VehicleEnterNewRoadEvent, vehicle_id: 13, road_id: 1000000000000000306 id: 4206 at time: 3111.47
Processed event: VehicleEnterNewRoadEvent, vehicle_id: 13, road_id: 1000000000000000306 id: 4206
processing event: VehicleDepartureEvent, vehicle_id: 13, road_id: 1000000000000000306, offset: 0.000000 id: 4209 at time: 3111.47
Processed event: VehicleDepartureEvent, vehicle_id: 13, road_id: 1000000000000000306, offset: 0.000000 id: 4209
processing event: VehicleArriveIntersectionEvent, vehicle_id: 3, road_id: 1000000000000000154 id: 4191 at time: 3111.5
Processed event: VehicleArriveIntersectionEvent, vehicle_id: 3, road_id: 1000000000000000154 id: 4191
processing event: VehicleEnterNewRoadEvent, vehicle_id: 8, road_id: 1000000000000001053 id: 4207 at time: 3112.8
Processed event: VehicleEnterNewRoadEvent, vehicle_id: 8, road_id: 1000000000000001053 id: 4207
processing event: VehicleDepartureEvent, vehicle_id: 8, road_id: 1000000000000001053, offset: 0.000000 id: 4212 at time: 3112.8
Processed event: VehicleDepartureEvent, vehicle_id: 8, road_id: 1000000000000001053, offset: 0.000000 id: 4212
Event is not valid: VehicleArriveIntersectionEvent, vehicle_id: 16, road_id: 1000000000000000001 id: 4143 at time: 3112.87
processing event: VehicleArriveIntersectionEvent, vehicle_id: 16, road_id: 1000000000000000001 id: 4177 at time: 3112.87
Processed event: VehicleArriveIntersectionEvent, vehicle_id: 16, road_id: 1000000000000000001 id: 4177
processing event: VehicleEnterNewRoadEvent, vehicle_id: 12, road_id: 1000000000000000588 id: 4208 at time: 3113.07
Processed event: VehicleEnterNewRoadEvent, vehicle_id: 12, road_id: 1000000000000000588 id: 4208
processing event: VehicleDepartureEvent, vehicle_id: 12, road_id: 1000000000000000588, offset: 0.000000 id: 4215 at time: 3113.07
Processed event: VehicleDepartureEvent, vehicle_id: 12, road_id: 1000000000000000588, offset: 0.000000 id: 4215
processing event: VehicleEnterNewRoadEvent, vehicle_id: 3, road_id: 1000000000000000055 id: 4211 at time: 3113.3
Processed event: VehicleEnterNewRoadEvent, vehicle_id: 3, road_id: 1000000000000000055 id: 4211
processing event: VehicleDepartureEvent, vehicle_id: 3, road_id: 1000000000000000055, offset: 0.000000 id: 4217 at time: 3113.3
Processed event: VehicleDepartureEvent, vehicle_id: 3, road_id: 1000000000000000055, offset: 0.000000 id: 4217
Event is not valid: VehicleCheckPointEvent, vehicle_id: 15 id: 4161 at time: 3114.15
processing event: VehicleEnterNewRoadEvent, vehicle_id: 16, road_id: 1000000000000000002 id: 4214 at time: 3114.67
Processed event: VehicleEnterNewRoadEvent, vehicle_id: 16, road_id: 1000000000000000002 id: 4214
processing event: VehicleDepartureEvent, vehicle_id: 16, road_id: 1000000000000000002, offset: 0.000000 id: 4219 at time: 3114.67
Processed event: VehicleDepartureEvent, vehicle_id: 16, road_id: 1000000000000000002, offset: 0.000000 id: 4219
processing event: VehicleArriveIntersectionEvent, vehicle_id: 15, road_id: 1000000000000001035 id: 4167 at time: 3115.59
Processed event: VehicleArriveIntersectionEvent, vehicle_id: 15, road_id: 1000000000000001035 id: 4167
processing event: VehicleArriveIntersectionEvent, vehicle_id: 9, road_id: 1000000000000000567 id: 4189 at time: 3115.8
Processed event: VehicleArriveIntersectionEvent, vehicle_id: 9, road_id: 1000000000000000567 id: 4189
processing event: VehicleEnterNewRoadEvent, vehicle_id: 15, road_id: 1000000000000001037 id: 4221 at time: 3117.39
Processed event: VehicleEnterNewRoadEvent, vehicle_id: 15, road_id: 1000000000000001037 id: 4221
processing event: VehicleDepartureEvent, vehicle_id: 15, road_id: 1000000000000001037, offset: 0.000000 id: 4223 at time: 3117.39
Processed event: VehicleDepartureEvent, vehicle_id: 15, road_id: 1000000000000001037, offset: 0.000000 id: 4223
processing event: VehicleEnterNewRoadEvent, vehicle_id: 9, road_id: 1000000000000000568 id: 4222 at time: 3117.6
Processed event: VehicleEnterNewRoadEvent, vehicle_id: 9, road_id: 1000000000000000568 id: 4222
processing event: VehicleDepartureEvent, vehicle_id: 9, road_id: 1000000000000000568, offset: 0.000000 id: 4225 at time: 3117.6
Processed event: VehicleDepartureEvent, vehicle_id: 9, road_id: 1000000000000000568, offset: 0.000000 id: 4225
processing event: VehicleArriveIntersectionEvent, vehicle_id: 12, road_id: 1000000000000000588 id: 4216 at time: 3119.19
Processed event: VehicleArriveIntersectionEvent, vehicle_id: 12, road_id: 1000000000000000588 id: 4216
Simulator::runFor: now_ = 3119.19 target = 3120
[progress] simulator time = 3120 / 3600
processing event: VehicleEnterNewRoadEvent, vehicle_id: 12, road_id: 1000000000000000584 id: 4227 at time: 3120.99
Processed event: VehicleEnterNewRoadEvent, vehicle_id: 12, road_id: 1000000000000000584 id: 4227
processing event: VehicleDepartureEvent, vehicle_id: 12, road_id: 1000000000000000584, offset: 0.000000 id: 4228 at time: 3120.99
Processed event: VehicleDepartureEvent, vehicle_id: 12, road_id: 1000000000000000584, offset: 0.000000 id: 4228
processing event: VehicleArriveIntersectionEvent, vehicle_id: 6, road_id: 1000000000000000686 id: 4199 at time: 3121.95
Processed event: VehicleArriveIntersectionEvent, vehicle_id: 6, road_id: 1000000000000000686 id: 4199
processing event: VehicleEnterNewRoadEvent, vehicle_id: 6, road_id: 1000000000000000688 id: 4230 at time: 3123.76
Processed event: VehicleEnterNewRoadEvent, vehicle_id: 6, road_id: 1000000000000000688 id: 4230
processing event: VehicleDepartureEvent, vehicle_id: 6, road_id: 1000000000000000688, offset: 0.000000 id: 4231 at time: 3123.76
Processed event: VehicleDepartureEvent, vehicle_id: 6, road_id: 1000000000000000688, offset: 0.000000 id: 4231
processing event: VehicleArriveIntersectionEvent, vehicle_id: 7, road_id: 1000000000000000191 id: 4122 at time: 3128.41
Processed event: VehicleArriveIntersectionEvent, vehicle_id: 7, road_id: 1000000000000000191 id: 4122
Simulator::runFor: now_ = 3128.41 target = 3130
[progress] simulator time = 3130 / 3600
processing event: VehicleEnterNewRoadEvent, vehicle_id: 7, road_id: 1000000000000000192 id: 4233 at time: 3130.21
Processed event: VehicleEnterNewRoadEvent, vehicle_id: 7, road_id: 1000000000000000192 id: 4233
processing event: VehicleDepartureEvent, vehicle_id: 7, road_id: 1000000000000000192, offset: 0.000000 id: 4234 at time: 3130.21
Processed event: VehicleDepartureEvent, vehicle_id: 7, road_id: 1000000000000000192, offset: 0.000000 id: 4234
processing event: VehicleArriveIntersectionEvent, vehicle_id: 19, road_id: 1000000000000000193 id: 4120 at time: 3131.73
Processed event: VehicleArriveIntersectionEvent, vehicle_id: 19, road_id: 1000000000000000193 id: 4120
processing event: VehicleEnterNewRoadEvent, vehicle_id: 19, road_id: 1000000000000000334 id: 4236 at time: 3133.53
Processed event: VehicleEnterNewRoadEvent, vehicle_id: 19, road_id: 1000000000000000334 id: 4236
processing event: VehicleDepartureEvent, vehicle_id: 19, road_id: 1000000000000000334, offset: 0.000000 id: 4237 at time: 3133.53
Processed event: VehicleDepartureEvent, vehicle_id: 19, road_id: 1000000000000000334, offset: 0.000000 id: 4237
processing event: VehicleArriveIntersectionEvent, vehicle_id: 1, road_id: 1000000000000000800 id: 4203 at time: 3134.46
Processed event: VehicleArriveIntersectionEvent, vehicle_id: 1, road_id: 1000000000000000800 id: 4203
processing event: VehicleArriveIntersectionEvent, vehicle_id: 18, road_id: 1000000000000001034 id: 4169 at time: 3135.84
Processed event: VehicleArriveIntersectionEvent, vehicle_id: 18, road_id: 1000000000000001034 id: 4169
processing event: VehicleEnterNewRoadEvent, vehicle_id: 1, road_id: 1000000000000000801 id: 4239 at time: 3136.26
Processed event: VehicleEnterNewRoadEvent, vehicle_id: 1, road_id: 1000000000000000801 id: 4239
processing event: VehicleDepartureEvent, vehicle_id: 1, road_id: 1000000000000000801, offset: 0.000000 id: 4241 at time: 3136.26
Processed event: VehicleDepartureEvent, vehicle_id: 1, road_id: 1000000000000000801, offset: 0.000000 id: 4241
processing event: VehicleArriveIntersectionEvent, vehicle_id: 2, road_id: 1000000000000000060 id: 4164 at time: 3136.89
Processed event: VehicleArriveIntersectionEvent, vehicle_id: 2, road_id: 1000000000000000060 id: 4164
processing event: VehicleArriveIntersectionEvent, vehicle_id: 16, road_id: 1000000000000000002 id: 4220 at time: 3137.54
Processed event: VehicleArriveIntersectionEvent, vehicle_id: 16, road_id: 1000000000000000002 id: 4220
processing event: VehicleEnterNewRoadEvent, vehicle_id: 18, road_id: 1000000000000001033 id: 4240 at time: 3137.64
Processed event: VehicleEnterNewRoadEvent, vehicle_id: 18, road_id: 1000000000000001033 id: 4240
processing event: VehicleDepartureEvent, vehicle_id: 18, road_id: 1000000000000001033, offset: 0.000000 id: 4245 at time: 3137.64
Processed event: VehicleDepartureEvent, vehicle_id: 18, road_id: 1000000000000001033, offset: 0.000000 id: 4245
processing event: VehicleArriveIntersectionEvent, vehicle_id: 19, road_id: 1000000000000000334 id: 4238 at time: 3138.22
Processed event: VehicleArriveIntersectionEvent, vehicle_id: 19, road_id: 1000000000000000334 id: 4238
processing event: VehicleEnterNewRoadEvent, vehicle_id: 2, road_id: 1000000000000000061 id: 4243 at time: 3138.69
Processed event: VehicleEnterNewRoadEvent, vehicle_id: 2, road_id: 1000000000000000061 id: 4243
processing event: VehicleDepartureEvent, vehicle_id: 2, road_id: 1000000000000000061, offset: 0.000000 id: 4248 at time: 3138.69
Processed event: VehicleDepartureEvent, vehicle_id: 2, road_id: 1000000000000000061, offset: 0.000000 id: 4248
processing event: VehicleEnterNewRoadEvent, vehicle_id: 16, road_id: 1000000000000000003 id: 4244 at time: 3139.34
Processed event: VehicleEnterNewRoadEvent, vehicle_id: 16, road_id: 1000000000000000003 id: 4244
processing event: VehicleDepartureEvent, vehicle_id: 16, road_id: 1000000000000000003, offset: 0.000000 id: 4250 at time: 3139.34
Processed event: VehicleDepartureEvent, vehicle_id: 16, road_id: 1000000000000000003, offset: 0.000000 id: 4250
Simulator::runFor: now_ = 3139.34 target = 3140
[progress] simulator time = 3140 / 3600
processing event: VehicleEnterNewRoadEvent, vehicle_id: 19, road_id: 1000000000000000089 id: 4247 at time: 3140.02
Processed event: VehicleEnterNewRoadEvent, vehicle_id: 19, road_id: 1000000000000000089 id: 4247
processing event: VehicleDepartureEvent, vehicle_id: 19, road_id: 1000000000000000089, offset: 0.000000 id: 4252 at time: 3140.02
Processed event: VehicleDepartureEvent, vehicle_id: 19, road_id: 1000000000000000089, offset: 0.000000 id: 4252
processing event: VehicleArriveIntersectionEvent, vehicle_id: 14, road_id: 1000000000000001177 id: 4182 at time: 3141.14
Processed event: VehicleArriveIntersectionEvent, vehicle_id: 14, road_id: 1000000000000001177 id: 4182
processing event: VehicleEnterNewRoadEvent, vehicle_id: 14, road_id: 1000000000000000014 id: 4254 at time: 3142.94
Processed event: VehicleEnterNewRoadEvent, vehicle_id: 14, road_id: 1000000000000000014 id: 4254
processing event: VehicleDepartureEvent, vehicle_id: 14, road_id: 1000000000000000014, offset: 0.000000 id: 4255 at time: 3142.94
Processed event: VehicleDepartureEvent, vehicle_id: 14, road_id: 1000000000000000014, offset: 0.000000 id: 4255
processing event: VehicleArriveIntersectionEvent, vehicle_id: 6, road_id: 1000000000000000688 id: 4232 at time: 3143.38
Processed event: VehicleArriveIntersectionEvent, vehicle_id: 6, road_id: 1000000000000000688 id: 4232
processing event: VehicleArriveIntersectionEvent, vehicle_id: 9, road_id: 1000000000000000568 id: 4226 at time: 3144.06
Processed event: VehicleArriveIntersectionEvent, vehicle_id: 9, road_id: 1000000000000000568 id: 4226
processing event: VehicleEnterNewRoadEvent, vehicle_id: 6, road_id: 1000000000000000683 id: 4257 at time: 3145.18
Processed event: VehicleEnterNewRoadEvent, vehicle_id: 6, road_id: 1000000000000000683 id: 4257
processing event: VehicleDepartureEvent, vehicle_id: 6, road_id: 1000000000000000683, offset: 0.000000 id: 4259 at time: 3145.18
Processed event: VehicleDepartureEvent, vehicle_id: 6, road_id: 1000000000000000683, offset: 0.000000 id: 4259
processing event: VehicleEnterNewRoadEvent, vehicle_id: 9, road_id: 1000000000000000569 id: 4258 at time: 3145.86
Processed event: VehicleEnterNewRoadEvent, vehicle_id: 9, road_id: 1000000000000000569 id: 4258
processing event: VehicleDepartureEvent, vehicle_id: 9, road_id: 1000000000000000569, offset: 0.000000 id: 4261 at time: 3145.86
Processed event: VehicleDepartureEvent, vehicle_id: 9, road_id: 1000000000000000569, offset: 0.000000 id: 4261
processing event: VehicleArriveIntersectionEvent, vehicle_id: 12, road_id: 1000000000000000584 id: 4229 at time: 3147.28
Processed event: VehicleArriveIntersectionEvent, vehicle_id: 12, road_id: 1000000000000000584 id: 4229
processing event: VehicleEnterNewRoadEvent, vehicle_id: 12, road_id: 1000000000000000585 id: 4263 at time: 3149.08
Processed event: VehicleEnterNewRoadEvent, vehicle_id: 12, road_id: 1000000000000000585 id: 4263
processing event: VehicleDepartureEvent, vehicle_id: 12, road_id: 1000000000000000585, offset: 0.000000 id: 4264 at time: 3149.08
Processed event: VehicleDepartureEvent, vehicle_id: 12, road_id: 1000000000000000585, offset: 0.000000 id: 4264
Simulator::runFor: now_ = 3149.08 target = 3150
[progress] simulator time = 3150 / 3600
processing event: BusArrivalEvent, vehicle_id: 14, stop_id: 153 id: 4256 at time: 3154.22
Processed event: BusArrivalEvent, vehicle_id: 14, stop_id: 153 id: 4256
processing event: PassengerRouteEndEvent, passenger_id: 37, route_id: 1 id: 4266 at time: 3154.22
Passenger 37 finished all routes
Processed event: PassengerRouteEndEvent, passenger_id: 37, route_id: 1 id: 4266
processing event: PassengerDropoffEvent, passenger_id: 37 id: 4268 at time: 3154.22
Processed event: PassengerDropoffEvent, passenger_id: 37 id: 4268
processing event: OrderFinishedEvent, order_id: 37 id: 4269 at time: 3154.22
Processed event: OrderFinishedEvent, order_id: 37 id: 4269
processing event: VehicleArriveIntersectionEvent, vehicle_id: 6, road_id: 1000000000000000683 id: 4260 at time: 3154.36
Processed event: VehicleArriveIntersectionEvent, vehicle_id: 6, road_id: 1000000000000000683 id: 4260
processing event: VehicleEnterNewRoadEvent, vehicle_id: 6, road_id: 1000000000000000680 id: 4270 at time: 3156.16
Processed event: VehicleEnterNewRoadEvent, vehicle_id: 6, road_id: 1000000000000000680 id: 4270
processing event: VehicleDepartureEvent, vehicle_id: 6, road_id: 1000000000000000680, offset: 0.000000 id: 4271 at time: 3156.16
Processed event: VehicleDepartureEvent, vehicle_id: 6, road_id: 1000000000000000680, offset: 0.000000 id: 4271
processing event: VehicleArriveIntersectionEvent, vehicle_id: 3, road_id: 1000000000000000055 id: 4218 at time: 3157.58
Processed event: VehicleArriveIntersectionEvent, vehicle_id: 3, road_id: 1000000000000000055 id: 4218
processing event: PassengerRouteStartEvent, passenger_id: 75, route_id: 1 id: 74 at time: 3158
Processed event: PassengerRouteStartEvent, passenger_id: 75, route_id: 1 id: 74
processing event: OrderCreatedEvent, order_id: 75, available_pickups: 251 , available_dropoffs: 44 , passenger_id: 75, route_id: 1, passenger_num: 0 id: 4274 at time: 3158
Processed event: OrderCreatedEvent, order_id: 75, available_pickups: 251 , available_dropoffs: 44 , passenger_id: 75, route_id: 1, passenger_num: 1 id: 4274
processing event: VehicleDepartureEvent, vehicle_id: 14, road_id: 1000000000000000014, offset: 62.700000 id: 4267 at time: 3159.22
Processed event: VehicleDepartureEvent, vehicle_id: 14, road_id: 1000000000000000014, offset: 62.700000 id: 4267
processing event: VehicleEnterNewRoadEvent, vehicle_id: 3, road_id: 1000000000000000056 id: 4273 at time: 3159.38
Processed event: VehicleEnterNewRoadEvent, vehicle_id: 3, road_id: 1000000000000000056 id: 4273
processing event: VehicleDepartureEvent, vehicle_id: 3, road_id: 1000000000000000056, offset: 0.000000 id: 4276 at time: 3159.38
Processed event: VehicleDepartureEvent, vehicle_id: 3, road_id: 1000000000000000056, offset: 0.000000 id: 4276
processing event: VehicleArriveIntersectionEvent, vehicle_id: 10, road_id: 1000000000000000024 id: 4075 at time: 3159.89
Processed event: VehicleArriveIntersectionEvent, vehicle_id: 10, road_id: 1000000000000000024 id: 4075
Simulator::runFor: now_ = 3159.89 target = 3160
[progress] simulator time = 3160 / 3600
processing event: OrderMatchedEvent, order_id: 75, vehicle_id: 8 id: 4279 at time: 3160
Processed event: OrderMatchedEvent, order_id: 75, vehicle_id: 8 id: 4279
processing event: PassengerArrivalEvent, passenger_id: 75 id: 4281 at time: 3160
Processed event: PassengerArrivalEvent, passenger_id: 75 id: 4281
processing event: VehicleArriveIntersectionEvent, vehicle_id: 13, road_id: 1000000000000000306 id: 4210 at time: 3160.26
Processed event: VehicleArriveIntersectionEvent, vehicle_id: 13, road_id: 1000000000000000306 id: 4210
processing event: PassengerRouteStartEvent, passenger_id: 76, route_id: 1 id: 75 at time: 3161
Processed event: PassengerRouteStartEvent, passenger_id: 76, route_id: 1 id: 75
processing event: OrderCreatedEvent, order_id: 76, available_pickups: 36 , available_dropoffs: 192 , passenger_id: 76, route_id: 1, passenger_num: 0 id: 4283 at time: 3161
Processed event: OrderCreatedEvent, order_id: 76, available_pickups: 36 , available_dropoffs: 192 , passenger_id: 76, route_id: 1, passenger_num: 2 id: 4283
processing event: VehicleEnterNewRoadEvent, vehicle_id: 10, road_id: 1000000000000000061 id: 4278 at time: 3161.69
Processed event: VehicleEnterNewRoadEvent, vehicle_id: 10, road_id: 1000000000000000061 id: 4278
processing event: VehicleDepartureEvent, vehicle_id: 10, road_id: 1000000000000000061, offset: 0.000000 id: 4284 at time: 3161.69
Processed event: VehicleDepartureEvent, vehicle_id: 10, road_id: 1000000000000000061, offset: 0.000000 id: 4284
processing event: VehicleEnterNewRoadEvent, vehicle_id: 13, road_id: 1000000000000000689 id: 4282 at time: 3162.06
Processed event: VehicleEnterNewRoadEvent, vehicle_id: 13, road_id: 1000000000000000689 id: 4282
processing event: VehicleDepartureEvent, vehicle_id: 13, road_id: 1000000000000000689, offset: 0.000000 id: 4286 at time: 3162.06
Processed event: VehicleDepartureEvent, vehicle_id: 13, road_id: 1000000000000000689, offset: 0.000000 id: 4286
Event is not valid: VehicleArriveIntersectionEvent, vehicle_id: 8, road_id: 1000000000000001053 id: 4213 at time: 3162.31
processing event: VehicleArriveIntersectionEvent, vehicle_id: 8, road_id: 1000000000000001053 id: 4280 at time: 3162.31
Processed event: VehicleArriveIntersectionEvent, vehicle_id: 8, road_id: 1000000000000001053 id: 4280
processing event: VehicleArriveIntersectionEvent, vehicle_id: 15, road_id: 1000000000000001037 id: 4224 at time: 3164.01
Processed event: VehicleArriveIntersectionEvent, vehicle_id: 15, road_id: 1000000000000001037 id: 4224
processing event: VehicleEnterNewRoadEvent, vehicle_id: 8, road_id: 1000000000000001127 id: 4288 at time: 3164.11
Processed event: VehicleEnterNewRoadEvent, vehicle_id: 8, road_id: 1000000000000001127 id: 4288
processing event: VehicleDepartureEvent, vehicle_id: 8, road_id: 1000000000000001127, offset: 0.000000 id: 4290 at time: 3164.11
Processed event: VehicleDepartureEvent, vehicle_id: 8, road_id: 1000000000000001127, offset: 0.000000 id: 4290
processing event: VehicleEnterNewRoadEvent, vehicle_id: 15, road_id: 1000000000000001178 id: 4289 at time: 3165.81
Processed event: VehicleEnterNewRoadEvent, vehicle_id: 15, road_id: 1000000000000001178 id: 4289
processing event: VehicleDepartureEvent, vehicle_id: 15, road_id: 1000000000000001178, offset: 0.000000 id: 4292 at time: 3165.81
Processed event: VehicleDepartureEvent, vehicle_id: 15, road_id: 1000000000000001178, offset: 0.000000 id: 4292
processing event: VehicleArriveIntersectionEvent, vehicle_id: 9, road_id: 1000000000000000569 id: 4262 at time: 3167.46
Processed event: VehicleArriveIntersectionEvent, vehicle_id: 9, road_id: 1000000000000000569 id: 4262
processing event: VehicleArriveIntersectionEvent, vehicle_id: 1, road_id: 1000000000000000801 id: 4242 at time: 3168.13
Processed event: VehicleArriveIntersectionEvent, vehicle_id: 1, road_id: 1000000000000000801 id: 4242
processing event: VehicleEnterNewRoadEvent, vehicle_id: 9, road_id: 1000000000000000411 id: 4294 at time: 3169.26
Processed event: VehicleEnterNewRoadEvent, vehicle_id: 9, road_id: 1000000000000000411 id: 4294
processing event: VehicleDepartureEvent, vehicle_id: 9, road_id: 1000000000000000411, offset: 0.000000 id: 4296 at time: 3169.26
Processed event: VehicleDepartureEvent, vehicle_id: 9, road_id: 1000000000000000411, offset: 0.000000 id: 4296
processing event: VehicleArriveIntersectionEvent, vehicle_id: 18, road_id: 1000000000000001033 id: 4246 at time: 3169.5
Processed event: VehicleArriveIntersectionEvent, vehicle_id: 18, road_id: 1000000000000001033 id: 4246
processing event: VehicleEnterNewRoadEvent, vehicle_id: 1, road_id: 1000000000000000066 id: 4295 at time: 3169.93
Processed event: VehicleEnterNewRoadEvent, vehicle_id: 1, road_id: 1000000000000000066 id: 4295
processing event: VehicleDepartureEvent, vehicle_id: 1, road_id: 1000000000000000066, offset: 0.000000 id: 4299 at time: 3169.93
Processed event: VehicleDepartureEvent, vehicle_id: 1, road_id: 1000000000000000066, offset: 0.000000 id: 4299
Simulator::runFor: now_ = 3169.93 target = 3170
[progress] simulator time = 3170 / 3600
processing event: OrderMatchedEvent, order_id: 76, vehicle_id: 2 id: 4301 at time: 3170
Processed event: OrderMatchedEvent, order_id: 76, vehicle_id: 2 id: 4301
processing event: PassengerArrivalEvent, passenger_id: 76 id: 4303 at time: 3170
Processed event: PassengerArrivalEvent, passenger_id: 76 id: 4303
processing event: VehicleEnterNewRoadEvent, vehicle_id: 18, road_id: 1000000000000001032 id: 4298 at time: 3171.3
Processed event: VehicleEnterNewRoadEvent, vehicle_id: 18, road_id: 1000000000000001032 id: 4298
processing event: VehicleDepartureEvent, vehicle_id: 18, road_id: 1000000000000001032, offset: 0.000000 id: 4304 at time: 3171.3
Processed event: VehicleDepartureEvent, vehicle_id: 18, road_id: 1000000000000001032, offset: 0.000000 id: 4304
processing event: VehicleArriveIntersectionEvent, vehicle_id: 13, road_id: 1000000000000000689 id: 4287 at time: 3173.22
Processed event: VehicleArriveIntersectionEvent, vehicle_id: 13, road_id: 1000000000000000689 id: 4287
processing event: VehicleEnterNewRoadEvent, vehicle_id: 13, road_id: 1000000000000000686 id: 4306 at time: 3175.02
Processed event: VehicleEnterNewRoadEvent, vehicle_id: 13, road_id: 1000000000000000686 id: 4306
processing event: VehicleDepartureEvent, vehicle_id: 13, road_id: 1000000000000000686, offset: 0.000000 id: 4307 at time: 3175.02
Processed event: VehicleDepartureEvent, vehicle_id: 13, road_id: 1000000000000000686, offset: 0.000000 id: 4307
Event is not valid: VehicleArriveIntersectionEvent, vehicle_id: 11, road_id: 1000000000000001062 id: 4141 at time: 3179.74
processing event: VehicleArriveIntersectionEvent, vehicle_id: 11, road_id: 1000000000000001062 id: 4148 at time: 3179.74
Processed event: VehicleArriveIntersectionEvent, vehicle_id: 11, road_id: 1000000000000001062 id: 4148
processing event: VehicleArriveIntersectionEvent, vehicle_id: 1, road_id: 1000000000000000066 id: 4300 at time: 3179.83
Processed event: VehicleArriveIntersectionEvent, vehicle_id: 1, road_id: 1000000000000000066 id: 4300
Simulator::runFor: now_ = 3179.83 target = 3180
[progress] simulator time = 3180 / 3600
processing event: VehicleEnterNewRoadEvent, vehicle_id: 11, road_id: 1000000000000000180 id: 4309 at time: 3181.54
Processed event: VehicleEnterNewRoadEvent, vehicle_id: 11, road_id: 1000000000000000180 id: 4309
processing event: VehicleDepartureEvent, vehicle_id: 11, road_id: 1000000000000000180, offset: 0.000000 id: 4311 at time: 3181.54
Processed event: VehicleDepartureEvent, vehicle_id: 11, road_id: 1000000000000000180, offset: 0.000000 id: 4311
processing event: VehicleEnterNewRoadEvent, vehicle_id: 1, road_id: 1000000000000000067 id: 4310 at time: 3181.63
Processed event: VehicleEnterNewRoadEvent, vehicle_id: 1, road_id: 1000000000000000067 id: 4310
processing event: VehicleDepartureEvent, vehicle_id: 1, road_id: 1000000000000000067, offset: 0.000000 id: 4313 at time: 3181.63
Processed event: VehicleDepartureEvent, vehicle_id: 1, road_id: 1000000000000000067, offset: 0.000000 id: 4313
processing event: VehicleArriveIntersectionEvent, vehicle_id: 1, road_id: 1000000000000000067 id: 4314 at time: 3182.17
Processed event: VehicleArriveIntersectionEvent, vehicle_id: 1, road_id: 1000000000000000067 id: 4314
processing event: VehicleEnterNewRoadEvent, vehicle_id: 1, road_id: 1000000000000000768 id: 4315 at time: 3183.97
Processed event: VehicleEnterNewRoadEvent, vehicle_id: 1, road_id: 1000000000000000768 id: 4315
processing event: VehicleDepartureEvent, vehicle_id: 1, road_id: 1000000000000000768, offset: 0.000000 id: 4316 at time: 3183.97
Processed event: VehicleDepartureEvent, vehicle_id: 1, road_id: 1000000000000000768, offset: 0.000000 id: 4316
processing event: VehicleArriveIntersectionEvent, vehicle_id: 12, road_id: 1000000000000000585 id: 4265 at time: 3184.18
Processed event: VehicleArriveIntersectionEvent, vehicle_id: 12, road_id: 1000000000000000585 id: 4265
processing event: VehicleArriveIntersectionEvent, vehicle_id: 1, road_id: 1000000000000000768 id: 4317 at time: 3185.41
Processed event: VehicleArriveIntersectionEvent, vehicle_id: 1, road_id: 1000000000000000768 id: 4317
processing event: VehicleEnterNewRoadEvent, vehicle_id: 12, road_id: 1000000000000000620 id: 4318 at time: 3185.98
Processed event: VehicleEnterNewRoadEvent, vehicle_id: 12, road_id: 1000000000000000620 id: 4318
processing event: VehicleDepartureEvent, vehicle_id: 12, road_id: 1000000000000000620, offset: 0.000000 id: 4320 at time: 3185.98
Processed event: VehicleDepartureEvent, vehicle_id: 12, road_id: 1000000000000000620, offset: 0.000000 id: 4320
processing event: VehicleEnterNewRoadEvent, vehicle_id: 1, road_id: 1000000000000000766 id: 4319 at time: 3187.21
Processed event: VehicleEnterNewRoadEvent, vehicle_id: 1, road_id: 1000000000000000766 id: 4319
processing event: VehicleDepartureEvent, vehicle_id: 1, road_id: 1000000000000000766, offset: 0.000000 id: 4322 at time: 3187.21
Processed event: VehicleDepartureEvent, vehicle_id: 1, road_id: 1000000000000000766, offset: 0.000000 id: 4322
processing event: VehicleArriveIntersectionEvent, vehicle_id: 5, road_id: 1000000000000000482 id: 4137 at time: 3187.89
Processed event: VehicleArriveIntersectionEvent, vehicle_id: 5, road_id: 1000000000000000482 id: 4137
processing event: VehicleArriveIntersectionEvent, vehicle_id: 14, road_id: 1000000000000000014 id: 4275 at time: 3187.9
Processed event: VehicleArriveIntersectionEvent, vehicle_id: 14, road_id: 1000000000000000014 id: 4275
processing event: VehicleArriveIntersectionEvent, vehicle_id: 6, road_id: 1000000000000000680 id: 4272 at time: 3188.56
Processed event: VehicleArriveIntersectionEvent, vehicle_id: 6, road_id: 1000000000000000680 id: 4272
processing event: VehicleEnterNewRoadEvent, vehicle_id: 5, road_id: 1000000000000000190 id: 4324 at time: 3189.69
Processed event: VehicleEnterNewRoadEvent, vehicle_id: 5, road_id: 1000000000000000190 id: 4324
processing event: VehicleDepartureEvent, vehicle_id: 5, road_id: 1000000000000000190, offset: 0.000000 id: 4327 at time: 3189.69
Processed event: VehicleDepartureEvent, vehicle_id: 5, road_id: 1000000000000000190, offset: 0.000000 id: 4327
processing event: VehicleEnterNewRoadEvent, vehicle_id: 14, road_id: 1000000000000000640 id: 4325 at time: 3189.7
Processed event: VehicleEnterNewRoadEvent, vehicle_id: 14, road_id: 1000000000000000640 id: 4325
processing event: VehicleDepartureEvent, vehicle_id: 14, road_id: 1000000000000000640, offset: 0.000000 id: 4329 at time: 3189.7
Processed event: VehicleDepartureEvent, vehicle_id: 14, road_id: 1000000000000000640, offset: 0.000000 id: 4329
Simulator::runFor: now_ = 3189.7 target = 3190
[progress] simulator time = 3190 / 3600
processing event: VehicleArriveIntersectionEvent, vehicle_id: 13, road_id: 1000000000000000686 id: 4308 at time: 3190.32
Processed event: VehicleArriveIntersectionEvent, vehicle_id: 13, road_id: 1000000000000000686 id: 4308
processing event: VehicleEnterNewRoadEvent, vehicle_id: 6, road_id: 1000000000000000682 id: 4326 at time: 3190.36
Processed event: VehicleEnterNewRoadEvent, vehicle_id: 6, road_id: 1000000000000000682 id: 4326
processing event: VehicleDepartureEvent, vehicle_id: 6, road_id: 1000000000000000682, offset: 0.000000 id: 4332 at time: 3190.36
Processed event: VehicleDepartureEvent, vehicle_id: 6, road_id: 1000000000000000682, offset: 0.000000 id: 4332
processing event: VehicleArriveIntersectionEvent, vehicle_id: 9, road_id: 1000000000000000411 id: 4297 at time: 3191.59
Processed event: VehicleArriveIntersectionEvent, vehicle_id: 9, road_id: 1000000000000000411 id: 4297
processing event: VehicleArriveIntersectionEvent, vehicle_id: 4, road_id: 1000000000000000005 id: 4197 at time: 3191.94
Processed event: VehicleArriveIntersectionEvent, vehicle_id: 4, road_id: 1000000000000000005 id: 4197
processing event: VehicleArriveIntersectionEvent, vehicle_id: 16, road_id: 1000000000000000003 id: 4251 at time: 3192.08
Processed event: VehicleArriveIntersectionEvent, vehicle_id: 16, road_id: 1000000000000000003 id: 4251
processing event: VehicleEnterNewRoadEvent, vehicle_id: 13, road_id: 1000000000000000688 id: 4331 at time: 3192.12
Processed event: VehicleEnterNewRoadEvent, vehicle_id: 13, road_id: 1000000000000000688 id: 4331
processing event: VehicleDepartureEvent, vehicle_id: 13, road_id: 1000000000000000688, offset: 0.000000 id: 4337 at time: 3192.12
Processed event: VehicleDepartureEvent, vehicle_id: 13, road_id: 1000000000000000688, offset: 0.000000 id: 4337
processing event: VehicleArriveIntersectionEvent, vehicle_id: 14, road_id: 1000000000000000640 id: 4330 at time: 3193.3
Processed event: VehicleArriveIntersectionEvent, vehicle_id: 14, road_id: 1000000000000000640 id: 4330
processing event: VehicleEnterNewRoadEvent, vehicle_id: 9, road_id: 1000000000000000412 id: 4334 at time: 3193.39
Processed event: VehicleEnterNewRoadEvent, vehicle_id: 9, road_id: 1000000000000000412 id: 4334
processing event: VehicleDepartureEvent, vehicle_id: 9, road_id: 1000000000000000412, offset: 0.000000 id: 4340 at time: 3193.39
Processed event: VehicleDepartureEvent, vehicle_id: 9, road_id: 1000000000000000412, offset: 0.000000 id: 4340
processing event: VehicleEnterNewRoadEvent, vehicle_id: 4, road_id: 1000000000000000303 id: 4335 at time: 3193.74
Processed event: VehicleEnterNewRoadEvent, vehicle_id: 4, road_id: 1000000000000000303 id: 4335
processing event: VehicleDepartureEvent, vehicle_id: 4, road_id: 1000000000000000303, offset: 0.000000 id: 4342 at time: 3193.74
Processed event: VehicleDepartureEvent, vehicle_id: 4, road_id: 1000000000000000303, offset: 0.000000 id: 4342
processing event: VehicleEnterNewRoadEvent, vehicle_id: 16, road_id: 1000000000000000005 id: 4336 at time: 3193.88
Processed event: VehicleEnterNewRoadEvent, vehicle_id: 16, road_id: 1000000000000000005 id: 4336
processing event: VehicleDepartureEvent, vehicle_id: 16, road_id: 1000000000000000005, offset: 0.000000 id: 4344 at time: 3193.88
Processed event: VehicleDepartureEvent, vehicle_id: 16, road_id: 1000000000000000005, offset: 0.000000 id: 4344
processing event: PassengerRouteStartEvent, passenger_id: 77, route_id: 1 id: 76 at time: 3194
Processed event: PassengerRouteStartEvent, passenger_id: 77, route_id: 1 id: 76
processing event: OrderCreatedEvent, order_id: 77, available_pickups: 249 , available_dropoffs: 158 , passenger_id: 77, route_id: 1, passenger_num: 0 id: 4346 at time: 3194
Processed event: OrderCreatedEvent, order_id: 77, available_pickups: 249 , available_dropoffs: 158 , passenger_id: 77, route_id: 1, passenger_num: 1 id: 4346
processing event: PassengerRouteStartEvent, passenger_id: 78, route_id: 1 id: 77 at time: 3195
Processed event: PassengerRouteStartEvent, passenger_id: 78, route_id: 1 id: 77
processing event: OrderCreatedEvent, order_id: 78, available_pickups: 114 , available_dropoffs: 283 , passenger_id: 78, route_id: 1, passenger_num: 0 id: 4347 at time: 3195
Processed event: OrderCreatedEvent, order_id: 78, available_pickups: 114 , available_dropoffs: 283 , passenger_id: 78, route_id: 1, passenger_num: 2 id: 4347
processing event: VehicleEnterNewRoadEvent, vehicle_id: 14, road_id: 1000000000000000641 id: 4339 at time: 3195.1
Processed event: VehicleEnterNewRoadEvent, vehicle_id: 14, road_id: 1000000000000000641 id: 4339
processing event: VehicleDepartureEvent, vehicle_id: 14, road_id: 1000000000000000641, offset: 0.000000 id: 4348 at time: 3195.1
Processed event: VehicleDepartureEvent, vehicle_id: 14, road_id: 1000000000000000641, offset: 0.000000 id: 4348
Event is not valid: VehicleArriveIntersectionEvent, vehicle_id: 20, road_id: 1000000000000001065 id: 4101 at time: 3195.8
processing event: VehicleArriveIntersectionEvent, vehicle_id: 20, road_id: 1000000000000001065 id: 4112 at time: 3195.8
Processed event: VehicleArriveIntersectionEvent, vehicle_id: 20, road_id: 1000000000000001065 id: 4112
processing event: VehicleArriveIntersectionEvent, vehicle_id: 18, road_id: 1000000000000001032 id: 4305 at time: 3196.86
Processed event: VehicleArriveIntersectionEvent, vehicle_id: 18, road_id: 1000000000000001032 id: 4305
processing event: VehicleEnterNewRoadEvent, vehicle_id: 20, road_id: 1000000000000001064 id: 4350 at time: 3197.6
Processed event: VehicleEnterNewRoadEvent, vehicle_id: 20, road_id: 1000000000000001064 id: 4350
processing event: VehicleDepartureEvent, vehicle_id: 20, road_id: 1000000000000001064, offset: 0.000000 id: 4352 at time: 3197.6
Processed event: VehicleDepartureEvent, vehicle_id: 20, road_id: 1000000000000001064, offset: 0.000000 id: 4352
processing event: VehicleArriveIntersectionEvent, vehicle_id: 14, road_id: 1000000000000000641 id: 4349 at time: 3197.98
Processed event: VehicleArriveIntersectionEvent, vehicle_id: 14, road_id: 1000000000000000641 id: 4349
processing event: VehicleEnterNewRoadEvent, vehicle_id: 18, road_id: 1000000000000001031 id: 4351 at time: 3198.67
Processed event: VehicleEnterNewRoadEvent, vehicle_id: 18, road_id: 1000000000000001031 id: 4351
processing event: VehicleDepartureEvent, vehicle_id: 18, road_id: 1000000000000001031, offset: 0.000000 id: 4355 at time: 3198.67
Processed event: VehicleDepartureEvent, vehicle_id: 18, road_id: 1000000000000001031, offset: 0.000000 id: 4355
processing event: VehicleArriveIntersectionEvent, vehicle_id: 17, road_id: 1000000000000000243 id: 4205 at time: 3199.51
Processed event: VehicleArriveIntersectionEvent, vehicle_id: 17, road_id: 1000000000000000243 id: 4205
processing event: VehicleEnterNewRoadEvent, vehicle_id: 14, road_id: 1000000000000000694 id: 4354 at time: 3199.78
Processed event: VehicleEnterNewRoadEvent, vehicle_id: 14, road_id: 1000000000000000694 id: 4354
processing event: VehicleDepartureEvent, vehicle_id: 14, road_id: 1000000000000000694, offset: 0.000000 id: 4358 at time: 3199.78
Processed event: VehicleDepartureEvent, vehicle_id: 14, road_id: 1000000000000000694, offset: 0.000000 id: 4358
Simulator::runFor: now_ = 3199.78 target = 3200
[progress] simulator time = 3200 / 3600
processing event: OrderMatchedEvent, order_id: 78, vehicle_id: 13 id: 4360 at time: 3200
Processed event: OrderMatchedEvent, order_id: 78, vehicle_id: 13 id: 4360
processing event: OrderMatchedEvent, order_id: 77, vehicle_id: 11 id: 4362 at time: 3200
Processed event: OrderMatchedEvent, order_id: 77, vehicle_id: 11 id: 4362
processing event: PassengerArrivalEvent, passenger_id: 78 id: 4364 at time: 3200
Processed event: PassengerArrivalEvent, passenger_id: 78 id: 4364
processing event: PassengerArrivalEvent, passenger_id: 77 id: 4365 at time: 3200
Processed event: PassengerArrivalEvent, passenger_id: 77 id: 4365
processing event: VehicleArriveIntersectionEvent, vehicle_id: 6, road_id: 1000000000000000682 id: 4333 at time: 3200.44
Processed event: VehicleArriveIntersectionEvent, vehicle_id: 6, road_id: 1000000000000000682 id: 4333
processing event: VehicleEnterNewRoadEvent, vehicle_id: 17, road_id: 1000000000000001102 id: 4357 at time: 3201.31
Processed event: VehicleEnterNewRoadEvent, vehicle_id: 17, road_id: 1000000000000001102 id: 4357
processing event: VehicleDepartureEvent, vehicle_id: 17, road_id: 1000000000000001102, offset: 0.000000 id: 4367 at time: 3201.31
Processed event: VehicleDepartureEvent, vehicle_id: 17, road_id: 1000000000000001102, offset: 0.000000 id: 4367
processing event: BusArrivalEvent, vehicle_id: 12, stop_id: 130 id: 4321 at time: 3201.61
Processed event: BusArrivalEvent, vehicle_id: 12, stop_id: 130 id: 4321
processing event: PassengerOnboardEvent, passenger_id: 70 id: 4369 at time: 3201.61
Processed event: PassengerOnboardEvent, passenger_id: 70 id: 4369
Event is not valid: BusArrivalEvent, vehicle_id: 11, stop_id: 292 id: 4312 at time: 3202.06
processing event: BusArrivalEvent, vehicle_id: 11, stop_id: 292 id: 4363 at time: 3202.06
Processed event: BusArrivalEvent, vehicle_id: 11, stop_id: 292 id: 4363
processing event: PassengerRouteEndEvent, passenger_id: 29, route_id: 1 id: 4371 at time: 3202.06
Passenger 29 finished all routes
Processed event: PassengerRouteEndEvent, passenger_id: 29, route_id: 1 id: 4371
processing event: PassengerDropoffEvent, passenger_id: 29 id: 4373 at time: 3202.06
Processed event: PassengerDropoffEvent, passenger_id: 29 id: 4373
processing event: OrderFinishedEvent, order_id: 29 id: 4374 at time: 3202.06
Processed event: OrderFinishedEvent, order_id: 29 id: 4374
processing event: VehicleEnterNewRoadEvent, vehicle_id: 6, road_id: 1000000000000000362 id: 4366 at time: 3202.24
Processed event: VehicleEnterNewRoadEvent, vehicle_id: 6, road_id: 1000000000000000362 id: 4366
processing event: VehicleDepartureEvent, vehicle_id: 6, road_id: 1000000000000000362, offset: 0.000000 id: 4375 at time: 3202.24
Processed event: VehicleDepartureEvent, vehicle_id: 6, road_id: 1000000000000000362, offset: 0.000000 id: 4375
processing event: VehicleArriveIntersectionEvent, vehicle_id: 8, road_id: 1000000000000001127 id: 4291 at time: 3203.17
Processed event: VehicleArriveIntersectionEvent, vehicle_id: 8, road_id: 1000000000000001127 id: 4291
Event is not valid: VehicleArriveIntersectionEvent, vehicle_id: 2, road_id: 1000000000000000061 id: 4249 at time: 3204.94
Event is not valid: VehicleArriveIntersectionEvent, vehicle_id: 2, road_id: 1000000000000000061 id: 4285 at time: 3204.94
processing event: VehicleArriveIntersectionEvent, vehicle_id: 2, road_id: 1000000000000000061 id: 4302 at time: 3204.94
Processed event: VehicleArriveIntersectionEvent, vehicle_id: 2, road_id: 1000000000000000061 id: 4302
processing event: VehicleEnterNewRoadEvent, vehicle_id: 8, road_id: 1000000000000001199 id: 4377 at time: 3204.97
Processed event: VehicleEnterNewRoadEvent, vehicle_id: 8, road_id: 1000000000000001199 id: 4377
processing event: VehicleDepartureEvent, vehicle_id: 8, road_id: 1000000000000001199, offset: 0.000000 id: 4380 at time: 3204.97
Processed event: VehicleDepartureEvent, vehicle_id: 8, road_id: 1000000000000001199, offset: 0.000000 id: 4380
processing event: VehicleDepartureEvent, vehicle_id: 12, road_id: 1000000000000000620, offset: 86.850000 id: 4370 at time: 3206.61
Processed event: VehicleDepartureEvent, vehicle_id: 12, road_id: 1000000000000000620, offset: 86.850000 id: 4370
processing event: VehicleEnterNewRoadEvent, vehicle_id: 2, road_id: 1000000000000000377 id: 4378 at time: 3206.74
Processed event: VehicleEnterNewRoadEvent, vehicle_id: 2, road_id: 1000000000000000377 id: 4378
processing event: VehicleDepartureEvent, vehicle_id: 2, road_id: 1000000000000000377, offset: 0.000000 id: 4384 at time: 3206.74
Processed event: VehicleDepartureEvent, vehicle_id: 2, road_id: 1000000000000000377, offset: 0.000000 id: 4384
processing event: VehicleDepartureEvent, vehicle_id: 11, road_id: 1000000000000000180, offset: 114.020000 id: 4372 at time: 3207.06
Processed event: VehicleDepartureEvent, vehicle_id: 11, road_id: 1000000000000000180, offset: 114.020000 id: 4372
processing event: BusArrivalEvent, vehicle_id: 19, stop_id: 103 id: 4253 at time: 3207.64
Processed event: BusArrivalEvent, vehicle_id: 19, stop_id: 103 id: 4253
processing event: PassengerRouteEndEvent, passenger_id: 47, route_id: 1 id: 4387 at time: 3207.64
Passenger 47 finished all routes
Processed event: PassengerRouteEndEvent, passenger_id: 47, route_id: 1 id: 4387
processing event: PassengerDropoffEvent, passenger_id: 47 id: 4388 at time: 3207.64
Processed event: PassengerDropoffEvent, passenger_id: 47 id: 4388
processing event: OrderFinishedEvent, order_id: 47 id: 4389 at time: 3207.64
Processed event: OrderFinishedEvent, order_id: 47 id: 4389
processing event: VehicleArriveIntersectionEvent, vehicle_id: 15, road_id: 1000000000000001178 id: 4293 at time: 3208.3
Processed event: VehicleArriveIntersectionEvent, vehicle_id: 15, road_id: 1000000000000001178 id: 4293
Simulator::runFor: now_ = 3208.3 target = 3210
[progress] simulator time = 3210 / 3600
processing event: VehicleEnterNewRoadEvent, vehicle_id: 15, road_id: 1000000000000001223 id: 4390 at time: 3210.1
Processed event: VehicleEnterNewRoadEvent, vehicle_id: 15, road_id: 1000000000000001223 id: 4390
processing event: VehicleDepartureEvent, vehicle_id: 15, road_id: 1000000000000001223, offset: 0.000000 id: 4391 at time: 3210.1
Processed event: VehicleDepartureEvent, vehicle_id: 15, road_id: 1000000000000001223, offset: 0.000000 id: 4391
Event is not valid: VehicleArriveIntersectionEvent, vehicle_id: 13, road_id: 1000000000000000688 id: 4338 at time: 3211.74
processing event: VehicleArriveIntersectionEvent, vehicle_id: 13, road_id: 1000000000000000688 id: 4361 at time: 3211.74
Processed event: VehicleArriveIntersectionEvent, vehicle_id: 13, road_id: 1000000000000000688 id: 4361
processing event: VehicleEnterNewRoadEvent, vehicle_id: 13, road_id: 1000000000000000683 id: 4393 at time: 3213.54
Processed event: VehicleEnterNewRoadEvent, vehicle_id: 13, road_id: 1000000000000000683 id: 4393
processing event: VehicleDepartureEvent, vehicle_id: 13, road_id: 1000000000000000683, offset: 0.000000 id: 4394 at time: 3213.54
Processed event: VehicleDepartureEvent, vehicle_id: 13, road_id: 1000000000000000683, offset: 0.000000 id: 4394
processing event: VehicleArriveIntersectionEvent, vehicle_id: 18, road_id: 1000000000000001031 id: 4356 at time: 3214.87
Processed event: VehicleArriveIntersectionEvent, vehicle_id: 18, road_id: 1000000000000001031 id: 4356
processing event: VehicleEnterNewRoadEvent, vehicle_id: 18, road_id: 1000000000000001030 id: 4396 at time: 3216.67
Processed event: VehicleEnterNewRoadEvent, vehicle_id: 18, road_id: 1000000000000001030 id: 4396
processing event: VehicleDepartureEvent, vehicle_id: 18, road_id: 1000000000000001030, offset: 0.000000 id: 4397 at time: 3216.67
Processed event: VehicleDepartureEvent, vehicle_id: 18, road_id: 1000000000000001030, offset: 0.000000 id: 4397
processing event: VehicleArriveIntersectionEvent, vehicle_id: 12, road_id: 1000000000000000620 id: 4382 at time: 3218.7
Processed event: VehicleArriveIntersectionEvent, vehicle_id: 12, road_id: 1000000000000000620 id: 4382
processing event: PassengerRouteStartEvent, passenger_id: 79, route_id: 1 id: 78 at time: 3219
Processed event: PassengerRouteStartEvent, passenger_id: 79, route_id: 1 id: 78
processing event: OrderCreatedEvent, order_id: 79, available_pickups: 88 , available_dropoffs: 186 , passenger_id: 79, route_id: 1, passenger_num: 0 id: 4400 at time: 3219
Processed event: OrderCreatedEvent, order_id: 79, available_pickups: 88 , available_dropoffs: 186 , passenger_id: 79, route_id: 1, passenger_num: 2 id: 4400
Simulator::runFor: now_ = 3219 target = 3220
[progress] simulator time = 3220 / 3600
processing event: OrderMatchedEvent, order_id: 79, vehicle_id: 16 id: 4401 at time: 3220
Processed event: OrderMatchedEvent, order_id: 79, vehicle_id: 16 id: 4401
processing event: PassengerArrivalEvent, passenger_id: 79 id: 4403 at time: 3220
Processed event: PassengerArrivalEvent, passenger_id: 79 id: 4403
processing event: VehicleArriveIntersectionEvent, vehicle_id: 15, road_id: 1000000000000001223 id: 4392 at time: 3220.18
Processed event: VehicleArriveIntersectionEvent, vehicle_id: 15, road_id: 1000000000000001223 id: 4392
processing event: VehicleEnterNewRoadEvent, vehicle_id: 12, road_id: 1000000000000000412 id: 4399 at time: 3220.5
Processed event: VehicleEnterNewRoadEvent, vehicle_id: 12, road_id: 1000000000000000412 id: 4399
processing event: VehicleDepartureEvent, vehicle_id: 12, road_id: 1000000000000000412, offset: 0.000000 id: 4405 at time: 3220.5
Processed event: VehicleDepartureEvent, vehicle_id: 12, road_id: 1000000000000000412, offset: 0.000000 id: 4405
Event is not valid: VehicleArriveIntersectionEvent, vehicle_id: 9, road_id: 1000000000000000412 id: 4341 at time: 3220.93
processing event: VehicleArriveIntersectionEvent, vehicle_id: 9, road_id: 1000000000000000412 id: 4406 at time: 3220.93
Processed event: VehicleArriveIntersectionEvent, vehicle_id: 9, road_id: 1000000000000000412 id: 4406
processing event: VehicleEnterNewRoadEvent, vehicle_id: 15, road_id: 1000000000000001222 id: 4404 at time: 3221.98
Processed event: VehicleEnterNewRoadEvent, vehicle_id: 15, road_id: 1000000000000001222 id: 4404
processing event: VehicleDepartureEvent, vehicle_id: 15, road_id: 1000000000000001222, offset: 0.000000 id: 4409 at time: 3221.98
Processed event: VehicleDepartureEvent, vehicle_id: 15, road_id: 1000000000000001222, offset: 0.000000 id: 4409
processing event: VehicleArriveIntersectionEvent, vehicle_id: 13, road_id: 1000000000000000683 id: 4395 at time: 3222.72
Processed event: VehicleArriveIntersectionEvent, vehicle_id: 13, road_id: 1000000000000000683 id: 4395
processing event: VehicleEnterNewRoadEvent, vehicle_id: 9, road_id: 1000000000000000587 id: 4407 at time: 3222.73
Processed event: VehicleEnterNewRoadEvent, vehicle_id: 9, road_id: 1000000000000000587 id: 4407
processing event: VehicleDepartureEvent, vehicle_id: 9, road_id: 1000000000000000587, offset: 0.000000 id: 4413 at time: 3222.73
Processed event: VehicleDepartureEvent, vehicle_id: 9, road_id: 1000000000000000587, offset: 0.000000 id: 4413
processing event: VehicleEnterNewRoadEvent, vehicle_id: 13, road_id: 1000000000000000680 id: 4411 at time: 3224.52
Processed event: VehicleEnterNewRoadEvent, vehicle_id: 13, road_id: 1000000000000000680 id: 4411
processing event: VehicleDepartureEvent, vehicle_id: 13, road_id: 1000000000000000680, offset: 0.000000 id: 4415 at time: 3224.52
Processed event: VehicleDepartureEvent, vehicle_id: 13, road_id: 1000000000000000680, offset: 0.000000 id: 4415
processing event: VehicleArriveIntersectionEvent, vehicle_id: 20, road_id: 1000000000000001064 id: 4353 at time: 3226.04
Processed event: VehicleArriveIntersectionEvent, vehicle_id: 20, road_id: 1000000000000001064 id: 4353
Event is not valid: VehicleCheckPointEvent, vehicle_id: 10 id: 4379 at time: 3226.5
processing event: VehicleArriveIntersectionEvent, vehicle_id: 1, road_id: 1000000000000000766 id: 4323 at time: 3226.99
Processed event: VehicleArriveIntersectionEvent, vehicle_id: 1, road_id: 1000000000000000766 id: 4323
processing event: VehicleEnterNewRoadEvent, vehicle_id: 20, road_id: 1000000000000000168 id: 4417 at time: 3227.84
Processed event: VehicleEnterNewRoadEvent, vehicle_id: 20, road_id: 1000000000000000168 id: 4417
processing event: VehicleDepartureEvent, vehicle_id: 20, road_id: 1000000000000000168, offset: 0.000000 id: 4419 at time: 3227.84
Processed event: VehicleDepartureEvent, vehicle_id: 20, road_id: 1000000000000000168, offset: 0.000000 id: 4419
processing event: VehicleArriveIntersectionEvent, vehicle_id: 10, road_id: 1000000000000000061 id: 4383 at time: 3227.94
Processed event: VehicleArriveIntersectionEvent, vehicle_id: 10, road_id: 1000000000000000061 id: 4383
processing event: VehicleArriveIntersectionEvent, vehicle_id: 5, road_id: 1000000000000000190 id: 4328 at time: 3228.03
Processed event: VehicleArriveIntersectionEvent, vehicle_id: 5, road_id: 1000000000000000190 id: 4328
processing event: VehicleEnterNewRoadEvent, vehicle_id: 1, road_id: 1000000000000000767 id: 4418 at time: 3228.79
Processed event: VehicleEnterNewRoadEvent, vehicle_id: 1, road_id: 1000000000000000767 id: 4418
processing event: VehicleDepartureEvent, vehicle_id: 1, road_id: 1000000000000000767, offset: 0.000000 id: 4423 at time: 3228.79
Processed event: VehicleDepartureEvent, vehicle_id: 1, road_id: 1000000000000000767, offset: 0.000000 id: 4423
processing event: VehicleEnterNewRoadEvent, vehicle_id: 10, road_id: 1000000000000000377 id: 4421 at time: 3229.74
Processed event: VehicleEnterNewRoadEvent, vehicle_id: 10, road_id: 1000000000000000377 id: 4421
processing event: VehicleDepartureEvent, vehicle_id: 10, road_id: 1000000000000000377, offset: 0.000000 id: 4425 at time: 3229.74
Processed event: VehicleDepartureEvent, vehicle_id: 10, road_id: 1000000000000000377, offset: 0.000000 id: 4425
processing event: VehicleEnterNewRoadEvent, vehicle_id: 5, road_id: 1000000000000000191 id: 4422 at time: 3229.83
Processed event: VehicleEnterNewRoadEvent, vehicle_id: 5, road_id: 1000000000000000191 id: 4422
processing event: VehicleDepartureEvent, vehicle_id: 5, road_id: 1000000000000000191, offset: 0.000000 id: 4427 at time: 3229.83
Processed event: VehicleDepartureEvent, vehicle_id: 5, road_id: 1000000000000000191, offset: 0.000000 id: 4427
Simulator::runFor: now_ = 3229.83 target = 3230
[progress] simulator time = 3230 / 3600
processing event: VehicleArriveIntersectionEvent, vehicle_id: 3, road_id: 1000000000000000056 id: 4277 at time: 3231.75
Processed event: VehicleArriveIntersectionEvent, vehicle_id: 3, road_id: 1000000000000000056 id: 4277
processing event: VehicleArriveIntersectionEvent, vehicle_id: 7, road_id: 1000000000000000192 id: 4235 at time: 3232.1
Processed event: VehicleArriveIntersectionEvent, vehicle_id: 7, road_id: 1000000000000000192 id: 4235
processing event: VehicleEnterNewRoadEvent, vehicle_id: 3, road_id: 1000000000000000423 id: 4429 at time: 3233.55
Processed event: VehicleEnterNewRoadEvent, vehicle_id: 3, road_id: 1000000000000000423 id: 4429
processing event: VehicleDepartureEvent, vehicle_id: 3, road_id: 1000000000000000423, offset: 0.000000 id: 4431 at time: 3233.55
Processed event: VehicleDepartureEvent, vehicle_id: 3, road_id: 1000000000000000423, offset: 0.000000 id: 4431
processing event: VehicleEnterNewRoadEvent, vehicle_id: 7, road_id: 1000000000000000193 id: 4430 at time: 3233.9
Processed event: VehicleEnterNewRoadEvent, vehicle_id: 7, road_id: 1000000000000000193 id: 4430
processing event: VehicleDepartureEvent, vehicle_id: 7, road_id: 1000000000000000193, offset: 0.000000 id: 4433 at time: 3233.9
Processed event: VehicleDepartureEvent, vehicle_id: 7, road_id: 1000000000000000193, offset: 0.000000 id: 4433
processing event: VehicleArriveIntersectionEvent, vehicle_id: 20, road_id: 1000000000000000168 id: 4420 at time: 3235.41
Processed event: VehicleArriveIntersectionEvent, vehicle_id: 20, road_id: 1000000000000000168 id: 4420
processing event: VehicleArriveIntersectionEvent, vehicle_id: 14, road_id: 1000000000000000694 id: 4359 at time: 3236.14
Processed event: VehicleArriveIntersectionEvent, vehicle_id: 14, road_id: 1000000000000000694 id: 4359
processing event: VehicleEnterNewRoadEvent, vehicle_id: 20, road_id: 1000000000000000161 id: 4435 at time: 3237.21
Processed event: VehicleEnterNewRoadEvent, vehicle_id: 20, road_id: 1000000000000000161 id: 4435
processing event: VehicleDepartureEvent, vehicle_id: 20, road_id: 1000000000000000161, offset: 0.000000 id: 4437 at time: 3237.21
Processed event: VehicleDepartureEvent, vehicle_id: 20, road_id: 1000000000000000161, offset: 0.000000 id: 4437
processing event: VehicleEnterNewRoadEvent, vehicle_id: 14, road_id: 1000000000000000695 id: 4436 at time: 3237.94
Processed event: VehicleEnterNewRoadEvent, vehicle_id: 14, road_id: 1000000000000000695 id: 4436
processing event: VehicleDepartureEvent, vehicle_id: 14, road_id: 1000000000000000695, offset: 0.000000 id: 4439 at time: 3237.94
Processed event: VehicleDepartureEvent, vehicle_id: 14, road_id: 1000000000000000695, offset: 0.000000 id: 4439
processing event: VehicleArriveIntersectionEvent, vehicle_id: 20, road_id: 1000000000000000161 id: 4438 at time: 3238.65
Processed event: VehicleArriveIntersectionEvent, vehicle_id: 20, road_id: 1000000000000000161 id: 4438
Simulator::runFor: now_ = 3238.65 target = 3240
[progress] simulator time = 3240 / 3600
processing event: VehicleEnterNewRoadEvent, vehicle_id: 20, road_id: 1000000000000000162 id: 4441 at time: 3240.45
Processed event: VehicleEnterNewRoadEvent, vehicle_id: 20, road_id: 1000000000000000162 id: 4441
processing event: VehicleDepartureEvent, vehicle_id: 20, road_id: 1000000000000000162, offset: 0.000000 id: 4442 at time: 3240.45
Processed event: VehicleDepartureEvent, vehicle_id: 20, road_id: 1000000000000000162, offset: 0.000000 id: 4442
processing event: VehicleArriveIntersectionEvent, vehicle_id: 20, road_id: 1000000000000000162 id: 4443 at time: 3244.41
Processed event: VehicleArriveIntersectionEvent, vehicle_id: 20, road_id: 1000000000000000162 id: 4443
processing event: VehicleEnterNewRoadEvent, vehicle_id: 20, road_id: 1000000000000000163 id: 4444 at time: 3246.21
Processed event: VehicleEnterNewRoadEvent, vehicle_id: 20, road_id: 1000000000000000163 id: 4444
processing event: VehicleDepartureEvent, vehicle_id: 20, road_id: 1000000000000000163, offset: 0.000000 id: 4445 at time: 3246.21
Processed event: VehicleDepartureEvent, vehicle_id: 20, road_id: 1000000000000000163, offset: 0.000000 id: 4445
Event is not valid: VehicleCheckPointEvent, vehicle_id: 12 id: 4408 at time: 3246.61
processing event: VehicleArriveIntersectionEvent, vehicle_id: 20, road_id: 1000000000000000163 id: 4446 at time: 3247.65
Processed event: VehicleArriveIntersectionEvent, vehicle_id: 20, road_id: 1000000000000000163 id: 4446
processing event: VehicleArriveIntersectionEvent, vehicle_id: 14, road_id: 1000000000000000695 id: 4440 at time: 3248.03
Processed event: VehicleArriveIntersectionEvent, vehicle_id: 14, road_id: 1000000000000000695 id: 4440
processing event: VehicleArriveIntersectionEvent, vehicle_id: 12, road_id: 1000000000000000412 id: 4412 at time: 3248.05
Processed event: VehicleArriveIntersectionEvent, vehicle_id: 12, road_id: 1000000000000000412 id: 4412
processing event: VehicleEnterNewRoadEvent, vehicle_id: 20, road_id: 1000000000000000153 id: 4447 at time: 3249.45
Processed event: VehicleEnterNewRoadEvent, vehicle_id: 20, road_id: 1000000000000000153 id: 4447
processing event: VehicleDepartureEvent, vehicle_id: 20, road_id: 1000000000000000153, offset: 0.000000 id: 4450 at time: 3249.45
Processed event: VehicleDepartureEvent, vehicle_id: 20, road_id: 1000000000000000153, offset: 0.000000 id: 4450
processing event: VehicleEnterNewRoadEvent, vehicle_id: 14, road_id: 1000000000000000031 id: 4448 at time: 3249.83
Processed event: VehicleEnterNewRoadEvent, vehicle_id: 14, road_id: 1000000000000000031 id: 4448
processing event: VehicleDepartureEvent, vehicle_id: 14, road_id: 1000000000000000031, offset: 0.000000 id: 4452 at time: 3249.83
Processed event: VehicleDepartureEvent, vehicle_id: 14, road_id: 1000000000000000031, offset: 0.000000 id: 4452
processing event: VehicleEnterNewRoadEvent, vehicle_id: 12, road_id: 1000000000000000413 id: 4449 at time: 3249.85
Processed event: VehicleEnterNewRoadEvent, vehicle_id: 12, road_id: 1000000000000000413 id: 4449
processing event: VehicleDepartureEvent, vehicle_id: 12, road_id: 1000000000000000413, offset: 0.000000 id: 4454 at time: 3249.85
Processed event: VehicleDepartureEvent, vehicle_id: 12, road_id: 1000000000000000413, offset: 0.000000 id: 4454
Simulator::runFor: now_ = 3249.85 target = 3250
[progress] simulator time = 3250 / 3600
processing event: VehicleArriveIntersectionEvent, vehicle_id: 11, road_id: 1000000000000000180 id: 4386 at time: 3250.62
Processed event: VehicleArriveIntersectionEvent, vehicle_id: 11, road_id: 1000000000000000180 id: 4386
processing event: VehicleArriveIntersectionEvent, vehicle_id: 6, road_id: 1000000000000000362 id: 4376 at time: 3250.67
Processed event: VehicleArriveIntersectionEvent, vehicle_id: 6, road_id: 1000000000000000362 id: 4376
processing event: VehicleArriveIntersectionEvent, vehicle_id: 8, road_id: 1000000000000001199 id: 4381 at time: 3251.42
Processed event: VehicleArriveIntersectionEvent, vehicle_id: 8, road_id: 1000000000000001199 id: 4381
processing event: VehicleEnterNewRoadEvent, vehicle_id: 11, road_id: 1000000000000000481 id: 4456 at time: 3252.42
Processed event: VehicleEnterNewRoadEvent, vehicle_id: 11, road_id: 1000000000000000481 id: 4456
processing event: VehicleDepartureEvent, vehicle_id: 11, road_id: 1000000000000000481, offset: 0.000000 id: 4459 at time: 3252.42
Processed event: VehicleDepartureEvent, vehicle_id: 11, road_id: 1000000000000000481, offset: 0.000000 id: 4459
processing event: VehicleEnterNewRoadEvent, vehicle_id: 6, road_id: 1000000000000000777 id: 4457 at time: 3252.47
Processed event: VehicleEnterNewRoadEvent, vehicle_id: 6, road_id: 1000000000000000777 id: 4457
processing event: VehicleDepartureEvent, vehicle_id: 6, road_id: 1000000000000000777, offset: 0.000000 id: 4461 at time: 3252.47
Processed event: VehicleDepartureEvent, vehicle_id: 6, road_id: 1000000000000000777, offset: 0.000000 id: 4461
processing event: VehicleArriveIntersectionEvent, vehicle_id: 18, road_id: 1000000000000001030 id: 4398 at time: 3253.03
Processed event: VehicleArriveIntersectionEvent, vehicle_id: 18, road_id: 1000000000000001030 id: 4398
processing event: VehicleEnterNewRoadEvent, vehicle_id: 8, road_id: 1000000000000001227 id: 4458 at time: 3253.22
Processed event: VehicleEnterNewRoadEvent, vehicle_id: 8, road_id: 1000000000000001227 id: 4458
processing event: VehicleDepartureEvent, vehicle_id: 8, road_id: 1000000000000001227, offset: 0.000000 id: 4464 at time: 3253.22
Processed event: VehicleDepartureEvent, vehicle_id: 8, road_id: 1000000000000001227, offset: 0.000000 id: 4464
processing event: VehicleArriveIntersectionEvent, vehicle_id: 8, road_id: 1000000000000001227 id: 4465 at time: 3254.48
Processed event: VehicleArriveIntersectionEvent, vehicle_id: 8, road_id: 1000000000000001227 id: 4465
processing event: VehicleEnterNewRoadEvent, vehicle_id: 18, road_id: 1000000000000001029 id: 4463 at time: 3254.83
Processed event: VehicleEnterNewRoadEvent, vehicle_id: 18, road_id: 1000000000000001029 id: 4463
processing event: VehicleDepartureEvent, vehicle_id: 18, road_id: 1000000000000001029, offset: 0.000000 id: 4467 at time: 3254.83
Processed event: VehicleDepartureEvent, vehicle_id: 18, road_id: 1000000000000001029, offset: 0.000000 id: 4467
processing event: VehicleArriveIntersectionEvent, vehicle_id: 20, road_id: 1000000000000000153 id: 4451 at time: 3255.93
Processed event: VehicleArriveIntersectionEvent, vehicle_id: 20, road_id: 1000000000000000153 id: 4451
processing event: VehicleEnterNewRoadEvent, vehicle_id: 8, road_id: 1000000000000001226 id: 4466 at time: 3256.28
Processed event: VehicleEnterNewRoadEvent, vehicle_id: 8, road_id: 1000000000000001226 id: 4466
processing event: VehicleDepartureEvent, vehicle_id: 8, road_id: 1000000000000001226, offset: 0.000000 id: 4470 at time: 3256.28
Processed event: VehicleDepartureEvent, vehicle_id: 8, road_id: 1000000000000001226, offset: 0.000000 id: 4470
processing event: VehicleArriveIntersectionEvent, vehicle_id: 13, road_id: 1000000000000000680 id: 4416 at time: 3256.93
Processed event: VehicleArriveIntersectionEvent, vehicle_id: 13, road_id: 1000000000000000680 id: 4416
processing event: VehicleEnterNewRoadEvent, vehicle_id: 20, road_id: 1000000000000001192 id: 4469 at time: 3257.73
Processed event: VehicleEnterNewRoadEvent, vehicle_id: 20, road_id: 1000000000000001192 id: 4469
processing event: VehicleDepartureEvent, vehicle_id: 20, road_id: 1000000000000001192, offset: 0.000000 id: 4473 at time: 3257.73
Processed event: VehicleDepartureEvent, vehicle_id: 20, road_id: 1000000000000001192, offset: 0.000000 id: 4473
processing event: VehicleArriveIntersectionEvent, vehicle_id: 8, road_id: 1000000000000001226 id: 4471 at time: 3258.08
Processed event: VehicleArriveIntersectionEvent, vehicle_id: 8, road_id: 1000000000000001226 id: 4471
processing event: VehicleArriveIntersectionEvent, vehicle_id: 15, road_id: 1000000000000001222 id: 4410 at time: 3258.34
Processed event: VehicleArriveIntersectionEvent, vehicle_id: 15, road_id: 1000000000000001222 id: 4410
processing event: VehicleEnterNewRoadEvent, vehicle_id: 13, road_id: 1000000000000000682 id: 4472 at time: 3258.73
Processed event: VehicleEnterNewRoadEvent, vehicle_id: 13, road_id: 1000000000000000682 id: 4472
processing event: VehicleDepartureEvent, vehicle_id: 13, road_id: 1000000000000000682, offset: 0.000000 id: 4477 at time: 3258.73
Processed event: VehicleDepartureEvent, vehicle_id: 13, road_id: 1000000000000000682, offset: 0.000000 id: 4477
processing event: VehicleEnterNewRoadEvent, vehicle_id: 8, road_id: 1000000000000000663 id: 4475 at time: 3259.88
Processed event: VehicleEnterNewRoadEvent, vehicle_id: 8, road_id: 1000000000000000663 id: 4475
processing event: VehicleDepartureEvent, vehicle_id: 8, road_id: 1000000000000000663, offset: 0.000000 id: 4479 at time: 3259.88
Processed event: VehicleDepartureEvent, vehicle_id: 8, road_id: 1000000000000000663, offset: 0.000000 id: 4479
Simulator::runFor: now_ = 3259.88 target = 3260
[progress] simulator time = 3260 / 3600
processing event: VehicleEnterNewRoadEvent, vehicle_id: 15, road_id: 1000000000000000431 id: 4476 at time: 3260.14
Processed event: VehicleEnterNewRoadEvent, vehicle_id: 15, road_id: 1000000000000000431 id: 4476
processing event: VehicleDepartureEvent, vehicle_id: 15, road_id: 1000000000000000431, offset: 0.000000 id: 4481 at time: 3260.14
Processed event: VehicleDepartureEvent, vehicle_id: 15, road_id: 1000000000000000431, offset: 0.000000 id: 4481
processing event: VehicleArriveIntersectionEvent, vehicle_id: 9, road_id: 1000000000000000587 id: 4414 at time: 3260.89
Processed event: VehicleArriveIntersectionEvent, vehicle_id: 9, road_id: 1000000000000000587 id: 4414
processing event: BusArrivalEvent, vehicle_id: 4, stop_id: 113 id: 4343 at time: 3261.03
Processed event: BusArrivalEvent, vehicle_id: 4, stop_id: 113 id: 4343
processing event: PassengerRouteEndEvent, passenger_id: 36, route_id: 1 id: 4484 at time: 3261.03
Passenger 36 finished all routes
Processed event: PassengerRouteEndEvent, passenger_id: 36, route_id: 1 id: 4484
processing event: PassengerDropoffEvent, passenger_id: 36 id: 4486 at time: 3261.03
Processed event: PassengerDropoffEvent, passenger_id: 36 id: 4486
processing event: OrderFinishedEvent, order_id: 36 id: 4487 at time: 3261.03
Processed event: OrderFinishedEvent, order_id: 36 id: 4487
processing event: VehicleEnterNewRoadEvent, vehicle_id: 9, road_id: 1000000000000001059 id: 4483 at time: 3262.69
Processed event: VehicleEnterNewRoadEvent, vehicle_id: 9, road_id: 1000000000000001059 id: 4483
processing event: VehicleDepartureEvent, vehicle_id: 9, road_id: 1000000000000001059, offset: 0.000000 id: 4488 at time: 3262.69
Processed event: VehicleDepartureEvent, vehicle_id: 9, road_id: 1000000000000001059, offset: 0.000000 id: 4488
processing event: VehicleDepartureEvent, vehicle_id: 4, road_id: 1000000000000000303, offset: 373.830000 id: 4485 at time: 3266.03
Processed event: VehicleDepartureEvent, vehicle_id: 4, road_id: 1000000000000000303, offset: 373.830000 id: 4485
processing event: VehicleArriveIntersectionEvent, vehicle_id: 13, road_id: 1000000000000000682 id: 4478 at time: 3268.81
Processed event: VehicleArriveIntersectionEvent, vehicle_id: 13, road_id: 1000000000000000682 id: 4478
Simulator::runFor: now_ = 3268.81 target = 3270
[progress] simulator time = 3270 / 3600
processing event: VehicleEnterNewRoadEvent, vehicle_id: 13, road_id: 1000000000000000362 id: 4491 at time: 3270.61
Processed event: VehicleEnterNewRoadEvent, vehicle_id: 13, road_id: 1000000000000000362 id: 4491
processing event: VehicleDepartureEvent, vehicle_id: 13, road_id: 1000000000000000362, offset: 0.000000 id: 4492 at time: 3270.61
Processed event: VehicleDepartureEvent, vehicle_id: 13, road_id: 1000000000000000362, offset: 0.000000 id: 4492
processing event: VehicleArriveIntersectionEvent, vehicle_id: 1, road_id: 1000000000000000767 id: 4424 at time: 3278.66
Processed event: VehicleArriveIntersectionEvent, vehicle_id: 1, road_id: 1000000000000000767 id: 4424
Event is not valid: VehicleArriveIntersectionEvent, vehicle_id: 16, road_id: 1000000000000000005 id: 4345 at time: 3279.57
processing event: VehicleArriveIntersectionEvent, vehicle_id: 16, road_id: 1000000000000000005 id: 4402 at time: 3279.57
Processed event: VehicleArriveIntersectionEvent, vehicle_id: 16, road_id: 1000000000000000005 id: 4402
Simulator::runFor: now_ = 3279.57 target = 3280
[progress] simulator time = 3280 / 3600
processing event: VehicleEnterNewRoadEvent, vehicle_id: 1, road_id: 1000000000000000026 id: 4494 at time: 3280.46
Processed event: VehicleEnterNewRoadEvent, vehicle_id: 1, road_id: 1000000000000000026 id: 4494
processing event: VehicleDepartureEvent, vehicle_id: 1, road_id: 1000000000000000026, offset: 0.000000 id: 4496 at time: 3280.46
Processed event: VehicleDepartureEvent, vehicle_id: 1, road_id: 1000000000000000026, offset: 0.000000 id: 4496
processing event: VehicleEnterNewRoadEvent, vehicle_id: 16, road_id: 1000000000000000303 id: 4495 at time: 3281.37
Processed event: VehicleEnterNewRoadEvent, vehicle_id: 16, road_id: 1000000000000000303 id: 4495
processing event: VehicleDepartureEvent, vehicle_id: 16, road_id: 1000000000000000303, offset: 0.000000 id: 4498 at time: 3281.37
Processed event: VehicleDepartureEvent, vehicle_id: 16, road_id: 1000000000000000303, offset: 0.000000 id: 4498
Event is not valid: VehicleArriveIntersectionEvent, vehicle_id: 4, road_id: 1000000000000000303 id: 4490 at time: 3284.42
processing event: VehicleArriveIntersectionEvent, vehicle_id: 4, road_id: 1000000000000000303 id: 4499 at time: 3284.42
Processed event: VehicleArriveIntersectionEvent, vehicle_id: 4, road_id: 1000000000000000303 id: 4499
processing event: VehicleArriveIntersectionEvent, vehicle_id: 5, road_id: 1000000000000000191 id: 4428 at time: 3286
Processed event: VehicleArriveIntersectionEvent, vehicle_id: 5, road_id: 1000000000000000191 id: 4428
processing event: VehicleEnterNewRoadEvent, vehicle_id: 4, road_id: 1000000000000000005 id: 4500 at time: 3286.22
Processed event: VehicleEnterNewRoadEvent, vehicle_id: 4, road_id: 1000000000000000005 id: 4500
processing event: VehicleDepartureEvent, vehicle_id: 4, road_id: 1000000000000000005, offset: 0.000000 id: 4504 at time: 3286.22
Processed event: VehicleDepartureEvent, vehicle_id: 4, road_id: 1000000000000000005, offset: 0.000000 id: 4504
processing event: VehicleArriveIntersectionEvent, vehicle_id: 20, road_id: 1000000000000001192 id: 4474 at time: 3287.61
Processed event: VehicleArriveIntersectionEvent, vehicle_id: 20, road_id: 1000000000000001192 id: 4474
processing event: VehicleEnterNewRoadEvent, vehicle_id: 5, road_id: 1000000000000000192 id: 4502 at time: 3287.8
Processed event: VehicleEnterNewRoadEvent, vehicle_id: 5, road_id: 1000000000000000192 id: 4502
processing event: VehicleDepartureEvent, vehicle_id: 5, road_id: 1000000000000000192, offset: 0.000000 id: 4507 at time: 3287.8
Processed event: VehicleDepartureEvent, vehicle_id: 5, road_id: 1000000000000000192, offset: 0.000000 id: 4507
processing event: VehicleArriveIntersectionEvent, vehicle_id: 6, road_id: 1000000000000000777 id: 4462 at time: 3288.29
Processed event: VehicleArriveIntersectionEvent, vehicle_id: 6, road_id: 1000000000000000777 id: 4462
processing event: VehicleArriveIntersectionEvent, vehicle_id: 2, road_id: 1000000000000000377 id: 4385 at time: 3289.01
Processed event: VehicleArriveIntersectionEvent, vehicle_id: 2, road_id: 1000000000000000377 id: 4385
processing event: VehicleEnterNewRoadEvent, vehicle_id: 20, road_id: 1000000000000001194 id: 4506 at time: 3289.41
Processed event: VehicleEnterNewRoadEvent, vehicle_id: 20, road_id: 1000000000000001194 id: 4506
processing event: VehicleDepartureEvent, vehicle_id: 20, road_id: 1000000000000001194, offset: 0.000000 id: 4511 at time: 3289.41
Processed event: VehicleDepartureEvent, vehicle_id: 20, road_id: 1000000000000001194, offset: 0.000000 id: 4511
Simulator::runFor: now_ = 3289.41 target = 3290
[progress] simulator time = 3290 / 3600
processing event: VehicleArriveIntersectionEvent, vehicle_id: 17, road_id: 1000000000000001102 id: 4368 at time: 3290.06
Processed event: VehicleArriveIntersectionEvent, vehicle_id: 17, road_id: 1000000000000001102 id: 4368
processing event: VehicleEnterNewRoadEvent, vehicle_id: 6, road_id: 1000000000000000778 id: 4509 at time: 3290.09
Processed event: VehicleEnterNewRoadEvent, vehicle_id: 6, road_id: 1000000000000000778 id: 4509
processing event: VehicleDepartureEvent, vehicle_id: 6, road_id: 1000000000000000778, offset: 0.000000 id: 4514 at time: 3290.09
Processed event: VehicleDepartureEvent, vehicle_id: 6, road_id: 1000000000000000778, offset: 0.000000 id: 4514
processing event: VehicleEnterNewRoadEvent, vehicle_id: 2, road_id: 1000000000000000378 id: 4510 at time: 3290.81
Processed event: VehicleEnterNewRoadEvent, vehicle_id: 2, road_id: 1000000000000000378 id: 4510
processing event: VehicleDepartureEvent, vehicle_id: 2, road_id: 1000000000000000378, offset: 0.000000 id: 4516 at time: 3290.81
Processed event: VehicleDepartureEvent, vehicle_id: 2, road_id: 1000000000000000378, offset: 0.000000 id: 4516
processing event: VehicleArriveIntersectionEvent, vehicle_id: 8, road_id: 1000000000000000663 id: 4480 at time: 3290.84
Processed event: VehicleArriveIntersectionEvent, vehicle_id: 8, road_id: 1000000000000000663 id: 4480
processing event: VehicleEnterNewRoadEvent, vehicle_id: 17, road_id: 1000000000000000458 id: 4513 at time: 3291.86
Processed event: VehicleEnterNewRoadEvent, vehicle_id: 17, road_id: 1000000000000000458 id: 4513
processing event: VehicleDepartureEvent, vehicle_id: 17, road_id: 1000000000000000458, offset: 0.000000 id: 4519 at time: 3291.86
Processed event: VehicleDepartureEvent, vehicle_id: 17, road_id: 1000000000000000458, offset: 0.000000 id: 4519
processing event: VehicleArriveIntersectionEvent, vehicle_id: 14, road_id: 1000000000000000031 id: 4453 at time: 3292.31
Processed event: VehicleArriveIntersectionEvent, vehicle_id: 14, road_id: 1000000000000000031 id: 4453
processing event: VehicleEnterNewRoadEvent, vehicle_id: 8, road_id: 1000000000000000664 id: 4518 at time: 3292.64
Processed event: VehicleEnterNewRoadEvent, vehicle_id: 8, road_id: 1000000000000000664 id: 4518
processing event: VehicleDepartureEvent, vehicle_id: 8, road_id: 1000000000000000664, offset: 0.000000 id: 4522 at time: 3292.64
Processed event: VehicleDepartureEvent, vehicle_id: 8, road_id: 1000000000000000664, offset: 0.000000 id: 4522
processing event: VehicleArriveIntersectionEvent, vehicle_id: 6, road_id: 1000000000000000778 id: 4515 at time: 3293.33
Processed event: VehicleArriveIntersectionEvent, vehicle_id: 6, road_id: 1000000000000000778 id: 4515
processing event: VehicleEnterNewRoadEvent, vehicle_id: 14, road_id: 1000000000000000238 id: 4521 at time: 3294.11
Processed event: VehicleEnterNewRoadEvent, vehicle_id: 14, road_id: 1000000000000000238 id: 4521
processing event: VehicleDepartureEvent, vehicle_id: 14, road_id: 1000000000000000238, offset: 0.000000 id: 4525 at time: 3294.11
Processed event: VehicleDepartureEvent, vehicle_id: 14, road_id: 1000000000000000238, offset: 0.000000 id: 4525
processing event: VehicleArriveIntersectionEvent, vehicle_id: 7, road_id: 1000000000000000193 id: 4434 at time: 3294.39
Processed event: VehicleArriveIntersectionEvent, vehicle_id: 7, road_id: 1000000000000000193 id: 4434
processing event: VehicleEnterNewRoadEvent, vehicle_id: 6, road_id: 1000000000000000416 id: 4524 at time: 3295.13
Processed event: VehicleEnterNewRoadEvent, vehicle_id: 6, road_id: 1000000000000000416 id: 4524
processing event: VehicleDepartureEvent, vehicle_id: 6, road_id: 1000000000000000416, offset: 0.000000 id: 4528 at time: 3295.13
Processed event: VehicleDepartureEvent, vehicle_id: 6, road_id: 1000000000000000416, offset: 0.000000 id: 4528
processing event: VehicleEnterNewRoadEvent, vehicle_id: 7, road_id: 1000000000000000341 id: 4527 at time: 3296.19
Processed event: VehicleEnterNewRoadEvent, vehicle_id: 7, road_id: 1000000000000000341 id: 4527
processing event: VehicleDepartureEvent, vehicle_id: 7, road_id: 1000000000000000341, offset: 0.000000 id: 4530 at time: 3296.19
Processed event: VehicleDepartureEvent, vehicle_id: 7, road_id: 1000000000000000341, offset: 0.000000 id: 4530
processing event: VehicleArriveIntersectionEvent, vehicle_id: 12, road_id: 1000000000000000413 id: 4455 at time: 3297.91
Processed event: VehicleArriveIntersectionEvent, vehicle_id: 12, road_id: 1000000000000000413 id: 4455
processing event: VehicleArriveIntersectionEvent, vehicle_id: 18, road_id: 1000000000000001029 id: 4468 at time: 3299.3
Processed event: VehicleArriveIntersectionEvent, vehicle_id: 18, road_id: 1000000000000001029 id: 4468
processing event: VehicleEnterNewRoadEvent, vehicle_id: 12, road_id: 1000000000000000151 id: 4532 at time: 3299.71
Processed event: VehicleEnterNewRoadEvent, vehicle_id: 12, road_id: 1000000000000000151 id: 4532
processing event: VehicleDepartureEvent, vehicle_id: 12, road_id: 1000000000000000151, offset: 0.000000 id: 4534 at time: 3299.71
Processed event: VehicleDepartureEvent, vehicle_id: 12, road_id: 1000000000000000151, offset: 0.000000 id: 4534
Simulator::runFor: now_ = 3299.71 target = 3300
[progress] simulator time = 3300 / 3600
processing event: VehicleArriveIntersectionEvent, vehicle_id: 9, road_id: 1000000000000001059 id: 4489 at time: 3300.5
Processed event: VehicleArriveIntersectionEvent, vehicle_id: 9, road_id: 1000000000000001059 id: 4489
processing event: VehicleEnterNewRoadEvent, vehicle_id: 18, road_id: 1000000000000001028 id: 4533 at time: 3301.1
Processed event: VehicleEnterNewRoadEvent, vehicle_id: 18, road_id: 1000000000000001028 id: 4533
processing event: VehicleDepartureEvent, vehicle_id: 18, road_id: 1000000000000001028, offset: 0.000000 id: 4537 at time: 3301.1
Processed event: VehicleDepartureEvent, vehicle_id: 18, road_id: 1000000000000001028, offset: 0.000000 id: 4537
Event is not valid: BusArrivalEvent, vehicle_id: 16, stop_id: 24 id: 4501 at time: 3301.9
processing event: BusArrivalEvent, vehicle_id: 16, stop_id: 24 id: 4503 at time: 3301.9
Processed event: BusArrivalEvent, vehicle_id: 16, stop_id: 24 id: 4503
processing event: PassengerOnboardEvent, passenger_id: 66 id: 4539 at time: 3301.9
Processed event: PassengerOnboardEvent, passenger_id: 66 id: 4539
processing event: VehicleEnterNewRoadEvent, vehicle_id: 9, road_id: 1000000000000000374 id: 4536 at time: 3302.3
Processed event: VehicleEnterNewRoadEvent, vehicle_id: 9, road_id: 1000000000000000374 id: 4536
processing event: VehicleDepartureEvent, vehicle_id: 9, road_id: 1000000000000000374, offset: 0.000000 id: 4541 at time: 3302.3
Processed event: VehicleDepartureEvent, vehicle_id: 9, road_id: 1000000000000000374, offset: 0.000000 id: 4541
processing event: VehicleArriveIntersectionEvent, vehicle_id: 15, road_id: 1000000000000000431 id: 4482 at time: 3304.61
Processed event: VehicleArriveIntersectionEvent, vehicle_id: 15, road_id: 1000000000000000431 id: 4482
processing event: VehicleArriveIntersectionEvent, vehicle_id: 3, road_id: 1000000000000000423 id: 4432 at time: 3304.84
Processed event: VehicleArriveIntersectionEvent, vehicle_id: 3, road_id: 1000000000000000423 id: 4432
processing event: VehicleEnterNewRoadEvent, vehicle_id: 15, road_id: 1000000000000000152 id: 4543 at time: 3306.41
Processed event: VehicleEnterNewRoadEvent, vehicle_id: 15, road_id: 1000000000000000152 id: 4543
processing event: VehicleDepartureEvent, vehicle_id: 15, road_id: 1000000000000000152, offset: 0.000000 id: 4545 at time: 3306.41
Processed event: VehicleDepartureEvent, vehicle_id: 15, road_id: 1000000000000000152, offset: 0.000000 id: 4545
processing event: VehicleEnterNewRoadEvent, vehicle_id: 3, road_id: 1000000000000000360 id: 4544 at time: 3306.64
Processed event: VehicleEnterNewRoadEvent, vehicle_id: 3, road_id: 1000000000000000360 id: 4544
processing event: VehicleDepartureEvent, vehicle_id: 3, road_id: 1000000000000000360, offset: 0.000000 id: 4547 at time: 3306.64
Processed event: VehicleDepartureEvent, vehicle_id: 3, road_id: 1000000000000000360, offset: 0.000000 id: 4547
processing event: VehicleDepartureEvent, vehicle_id: 16, road_id: 1000000000000000303, offset: 114.030000 id: 4540 at time: 3306.9
Processed event: VehicleDepartureEvent, vehicle_id: 16, road_id: 1000000000000000303, offset: 114.030000 id: 4540
processing event: VehicleArriveIntersectionEvent, vehicle_id: 20, road_id: 1000000000000001194 id: 4512 at time: 3309.03
Processed event: VehicleArriveIntersectionEvent, vehicle_id: 20, road_id: 1000000000000001194 id: 4512
Simulator::runFor: now_ = 3309.03 target = 3310
[progress] simulator time = 3310 / 3600
processing event: VehicleEnterNewRoadEvent, vehicle_id: 20, road_id: 1000000000000001193 id: 4550 at time: 3310.83
Processed event: VehicleEnterNewRoadEvent, vehicle_id: 20, road_id: 1000000000000001193 id: 4550
processing event: VehicleDepartureEvent, vehicle_id: 20, road_id: 1000000000000001193, offset: 0.000000 id: 4551 at time: 3310.83
Processed event: VehicleDepartureEvent, vehicle_id: 20, road_id: 1000000000000001193, offset: 0.000000 id: 4551
processing event: VehicleArriveIntersectionEvent, vehicle_id: 10, road_id: 1000000000000000377 id: 4426 at time: 3312.01
Processed event: VehicleArriveIntersectionEvent, vehicle_id: 10, road_id: 1000000000000000377 id: 4426
processing event: VehicleArriveIntersectionEvent, vehicle_id: 18, road_id: 1000000000000001028 id: 4538 at time: 3312.62
Processed event: VehicleArriveIntersectionEvent, vehicle_id: 18, road_id: 1000000000000001028 id: 4538
processing event: VehicleArriveIntersectionEvent, vehicle_id: 15, road_id: 1000000000000000152 id: 4546 at time: 3312.89
Processed event: VehicleArriveIntersectionEvent, vehicle_id: 15, road_id: 1000000000000000152 id: 4546
processing event: VehicleEnterNewRoadEvent, vehicle_id: 10, road_id: 1000000000000001131 id: 4553 at time: 3313.81
Processed event: VehicleEnterNewRoadEvent, vehicle_id: 10, road_id: 1000000000000001131 id: 4553
processing event: VehicleDepartureEvent, vehicle_id: 10, road_id: 1000000000000001131, offset: 0.000000 id: 4556 at time: 3313.81
Processed event: VehicleDepartureEvent, vehicle_id: 10, road_id: 1000000000000001131, offset: 0.000000 id: 4556
processing event: VehicleEnterNewRoadEvent, vehicle_id: 18, road_id: 1000000000000000335 id: 4554 at time: 3314.42
Processed event: VehicleEnterNewRoadEvent, vehicle_id: 18, road_id: 1000000000000000335 id: 4554
processing event: VehicleDepartureEvent, vehicle_id: 18, road_id: 1000000000000000335, offset: 0.000000 id: 4558 at time: 3314.42
Processed event: VehicleDepartureEvent, vehicle_id: 18, road_id: 1000000000000000335, offset: 0.000000 id: 4558
processing event: VehicleEnterNewRoadEvent, vehicle_id: 15, road_id: 1000000000000000159 id: 4555 at time: 3314.69
Processed event: VehicleEnterNewRoadEvent, vehicle_id: 15, road_id: 1000000000000000159 id: 4555
processing event: VehicleDepartureEvent, vehicle_id: 15, road_id: 1000000000000000159, offset: 0.000000 id: 4560 at time: 3314.69
Processed event: VehicleDepartureEvent, vehicle_id: 15, road_id: 1000000000000000159, offset: 0.000000 id: 4560
processing event: VehicleArriveIntersectionEvent, vehicle_id: 3, road_id: 1000000000000000360 id: 4548 at time: 3314.74
Processed event: VehicleArriveIntersectionEvent, vehicle_id: 3, road_id: 1000000000000000360 id: 4548
processing event: VehicleArriveIntersectionEvent, vehicle_id: 15, road_id: 1000000000000000159 id: 4561 at time: 3315.95
Processed event: VehicleArriveIntersectionEvent, vehicle_id: 15, road_id: 1000000000000000159 id: 4561
processing event: VehicleArriveIntersectionEvent, vehicle_id: 8, road_id: 1000000000000000664 id: 4523 at time: 3316.22
Processed event: VehicleArriveIntersectionEvent, vehicle_id: 8, road_id: 1000000000000000664 id: 4523
processing event: VehicleEnterNewRoadEvent, vehicle_id: 3, road_id: 1000000000000000723 id: 4562 at time: 3316.54
Processed event: VehicleEnterNewRoadEvent, vehicle_id: 3, road_id: 1000000000000000723 id: 4562
processing event: VehicleDepartureEvent, vehicle_id: 3, road_id: 1000000000000000723, offset: 0.000000 id: 4565 at time: 3316.54
Processed event: VehicleDepartureEvent, vehicle_id: 3, road_id: 1000000000000000723, offset: 0.000000 id: 4565
processing event: VehicleEnterNewRoadEvent, vehicle_id: 15, road_id: 1000000000000000160 id: 4563 at time: 3317.75
Processed event: VehicleEnterNewRoadEvent, vehicle_id: 15, road_id: 1000000000000000160 id: 4563
processing event: VehicleDepartureEvent, vehicle_id: 15, road_id: 1000000000000000160, offset: 0.000000 id: 4567 at time: 3317.75
Processed event: VehicleDepartureEvent, vehicle_id: 15, road_id: 1000000000000000160, offset: 0.000000 id: 4567
processing event: VehicleEnterNewRoadEvent, vehicle_id: 8, road_id: 1000000000000000665 id: 4564 at time: 3318.02
Processed event: VehicleEnterNewRoadEvent, vehicle_id: 8, road_id: 1000000000000000665 id: 4564
processing event: VehicleDepartureEvent, vehicle_id: 8, road_id: 1000000000000000665, offset: 0.000000 id: 4569 at time: 3318.02
Processed event: VehicleDepartureEvent, vehicle_id: 8, road_id: 1000000000000000665, offset: 0.000000 id: 4569
processing event: VehicleArriveIntersectionEvent, vehicle_id: 13, road_id: 1000000000000000362 id: 4493 at time: 3319.03
Processed event: VehicleArriveIntersectionEvent, vehicle_id: 13, road_id: 1000000000000000362 id: 4493
Simulator::runFor: now_ = 3319.03 target = 3320
[progress] simulator time = 3320 / 3600
processing event: VehicleEnterNewRoadEvent, vehicle_id: 13, road_id: 1000000000000000385 id: 4571 at time: 3320.83
Processed event: VehicleEnterNewRoadEvent, vehicle_id: 13, road_id: 1000000000000000385 id: 4571
processing event: VehicleDepartureEvent, vehicle_id: 13, road_id: 1000000000000000385, offset: 0.000000 id: 4572 at time: 3320.83
Processed event: VehicleDepartureEvent, vehicle_id: 13, road_id: 1000000000000000385, offset: 0.000000 id: 4572
processing event: BusArrivalEvent, vehicle_id: 6, stop_id: 246 id: 4529 at time: 3321.91
Processed event: BusArrivalEvent, vehicle_id: 6, stop_id: 246 id: 4529
processing event: PassengerOnboardEvent, passenger_id: 55 id: 4574 at time: 3321.91
Processed event: PassengerOnboardEvent, passenger_id: 55 id: 4574
processing event: VehicleArriveIntersectionEvent, vehicle_id: 15, road_id: 1000000000000000160 id: 4568 at time: 3324.23
Processed event: VehicleArriveIntersectionEvent, vehicle_id: 15, road_id: 1000000000000000160 id: 4568
processing event: VehicleEnterNewRoadEvent, vehicle_id: 15, road_id: 1000000000000000161 id: 4576 at time: 3326.03
Processed event: VehicleEnterNewRoadEvent, vehicle_id: 15, road_id: 1000000000000000161 id: 4576
processing event: VehicleDepartureEvent, vehicle_id: 15, road_id: 1000000000000000161, offset: 0.000000 id: 4577 at time: 3326.03
Processed event: VehicleDepartureEvent, vehicle_id: 15, road_id: 1000000000000000161, offset: 0.000000 id: 4577
processing event: VehicleDepartureEvent, vehicle_id: 6, road_id: 1000000000000000416, offset: 148.770000 id: 4575 at time: 3326.91
Processed event: VehicleDepartureEvent, vehicle_id: 6, road_id: 1000000000000000416, offset: 148.770000 id: 4575
processing event: VehicleArriveIntersectionEvent, vehicle_id: 15, road_id: 1000000000000000161 id: 4578 at time: 3327.47
Processed event: VehicleArriveIntersectionEvent, vehicle_id: 15, road_id: 1000000000000000161 id: 4578
processing event: VehicleArriveIntersectionEvent, vehicle_id: 20, road_id: 1000000000000001193 id: 4552 at time: 3327.75
Processed event: VehicleArriveIntersectionEvent, vehicle_id: 20, road_id: 1000000000000001193 id: 4552
processing event: VehicleEnterNewRoadEvent, vehicle_id: 15, road_id: 1000000000000000156 id: 4580 at time: 3329.27
Processed event: VehicleEnterNewRoadEvent, vehicle_id: 15, road_id: 1000000000000000156 id: 4580
processing event: VehicleDepartureEvent, vehicle_id: 15, road_id: 1000000000000000156, offset: 0.000000 id: 4582 at time: 3329.27
Processed event: VehicleDepartureEvent, vehicle_id: 15, road_id: 1000000000000000156, offset: 0.000000 id: 4582
processing event: VehicleEnterNewRoadEvent, vehicle_id: 20, road_id: 1000000000000001181 id: 4581 at time: 3329.55
Processed event: VehicleEnterNewRoadEvent, vehicle_id: 20, road_id: 1000000000000001181 id: 4581
processing event: VehicleDepartureEvent, vehicle_id: 20, road_id: 1000000000000001181, offset: 0.000000 id: 4584 at time: 3329.55
Processed event: VehicleDepartureEvent, vehicle_id: 20, road_id: 1000000000000001181, offset: 0.000000 id: 4584
Simulator::runFor: now_ = 3329.55 target = 3330
[progress] simulator time = 3330 / 3600
processing event: VehicleArriveIntersectionEvent, vehicle_id: 6, road_id: 1000000000000000416 id: 4579 at time: 3330.38
Processed event: VehicleArriveIntersectionEvent, vehicle_id: 6, road_id: 1000000000000000416 id: 4579
processing event: VehicleEnterNewRoadEvent, vehicle_id: 6, road_id: 1000000000000000421 id: 4586 at time: 3332.18
Processed event: VehicleEnterNewRoadEvent, vehicle_id: 6, road_id: 1000000000000000421 id: 4586
processing event: VehicleDepartureEvent, vehicle_id: 6, road_id: 1000000000000000421, offset: 0.000000 id: 4587 at time: 3332.18
Processed event: VehicleDepartureEvent, vehicle_id: 6, road_id: 1000000000000000421, offset: 0.000000 id: 4587
processing event: VehicleArriveIntersectionEvent, vehicle_id: 15, road_id: 1000000000000000156 id: 4583 at time: 3334.67
Processed event: VehicleArriveIntersectionEvent, vehicle_id: 15, road_id: 1000000000000000156 id: 4583
processing event: VehicleArriveIntersectionEvent, vehicle_id: 14, road_id: 1000000000000000238 id: 4526 at time: 3334.97
Processed event: VehicleArriveIntersectionEvent, vehicle_id: 14, road_id: 1000000000000000238 id: 4526
processing event: VehicleEnterNewRoadEvent, vehicle_id: 15, road_id: 1000000000000000330 id: 4589 at time: 3336.47
Processed event: VehicleEnterNewRoadEvent, vehicle_id: 15, road_id: 1000000000000000330 id: 4589
processing event: VehicleDepartureEvent, vehicle_id: 15, road_id: 1000000000000000330, offset: 0.000000 id: 4591 at time: 3336.47
Processed event: VehicleDepartureEvent, vehicle_id: 15, road_id: 1000000000000000330, offset: 0.000000 id: 4591
processing event: VehicleEnterNewRoadEvent, vehicle_id: 14, road_id: 1000000000000000100 id: 4590 at time: 3336.77
Processed event: VehicleEnterNewRoadEvent, vehicle_id: 14, road_id: 1000000000000000100 id: 4590
processing event: VehicleDepartureEvent, vehicle_id: 14, road_id: 1000000000000000100, offset: 0.000000 id: 4593 at time: 3336.77
Processed event: VehicleDepartureEvent, vehicle_id: 14, road_id: 1000000000000000100, offset: 0.000000 id: 4593
processing event: VehicleArriveIntersectionEvent, vehicle_id: 18, road_id: 1000000000000000335 id: 4559 at time: 3337.1
Processed event: VehicleArriveIntersectionEvent, vehicle_id: 18, road_id: 1000000000000000335 id: 4559
processing event: BusArrivalEvent, vehicle_id: 8, stop_id: 268 id: 4570 at time: 3338.07
Processed event: BusArrivalEvent, vehicle_id: 8, stop_id: 268 id: 4570
processing event: PassengerRouteEndEvent, passenger_id: 52, route_id: 1 id: 4596 at time: 3338.07
Passenger 52 finished all routes
Processed event: PassengerRouteEndEvent, passenger_id: 52, route_id: 1 id: 4596
processing event: PassengerDropoffEvent, passenger_id: 52 id: 4598 at time: 3338.07
Processed event: PassengerDropoffEvent, passenger_id: 52 id: 4598
processing event: OrderFinishedEvent, order_id: 52 id: 4599 at time: 3338.07
Processed event: OrderFinishedEvent, order_id: 52 id: 4599
processing event: BusArrivalEvent, vehicle_id: 13, stop_id: 104 id: 4573 at time: 3338.09
Processed event: BusArrivalEvent, vehicle_id: 13, stop_id: 104 id: 4573
processing event: PassengerRouteEndEvent, passenger_id: 53, route_id: 1 id: 4600 at time: 3338.09
Passenger 53 finished all routes
Processed event: PassengerRouteEndEvent, passenger_id: 53, route_id: 1 id: 4600
processing event: PassengerDropoffEvent, passenger_id: 53 id: 4602 at time: 3338.09
Processed event: PassengerDropoffEvent, passenger_id: 53 id: 4602
processing event: OrderFinishedEvent, order_id: 53 id: 4603 at time: 3338.09
Processed event: OrderFinishedEvent, order_id: 53 id: 4603
processing event: VehicleEnterNewRoadEvent, vehicle_id: 18, road_id: 1000000000000000697 id: 4595 at time: 3338.9
Processed event: VehicleEnterNewRoadEvent, vehicle_id: 18, road_id: 1000000000000000697 id: 4595
processing event: VehicleDepartureEvent, vehicle_id: 18, road_id: 1000000000000000697, offset: 0.000000 id: 4604 at time: 3338.9
Processed event: VehicleDepartureEvent, vehicle_id: 18, road_id: 1000000000000000697, offset: 0.000000 id: 4604
processing event: VehicleArriveIntersectionEvent, vehicle_id: 10, road_id: 1000000000000001131 id: 4557 at time: 3339.19
Processed event: VehicleArriveIntersectionEvent, vehicle_id: 10, road_id: 1000000000000001131 id: 4557
Simulator::runFor: now_ = 3339.19 target = 3340
[progress] simulator time = 3340 / 3600
processing event: VehicleEnterNewRoadEvent, vehicle_id: 10, road_id: 1000000000000001130 id: 4606 at time: 3340.99
Processed event: VehicleEnterNewRoadEvent, vehicle_id: 10, road_id: 1000000000000001130 id: 4606
processing event: VehicleDepartureEvent, vehicle_id: 10, road_id: 1000000000000001130, offset: 0.000000 id: 4607 at time: 3340.99
Processed event: VehicleDepartureEvent, vehicle_id: 10, road_id: 1000000000000001130, offset: 0.000000 id: 4607
processing event: PassengerRouteStartEvent, passenger_id: 80, route_id: 1 id: 79 at time: 3341
Processed event: PassengerRouteStartEvent, passenger_id: 80, route_id: 1 id: 79
processing event: OrderCreatedEvent, order_id: 80, available_pickups: 28 , available_dropoffs: 130 , passenger_id: 80, route_id: 1, passenger_num: 0 id: 4609 at time: 3341
Processed event: OrderCreatedEvent, order_id: 80, available_pickups: 28 , available_dropoffs: 130 , passenger_id: 80, route_id: 1, passenger_num: 3 id: 4609
processing event: VehicleDepartureEvent, vehicle_id: 8, road_id: 1000000000000000665, offset: 111.380000 id: 4597 at time: 3343.07
Processed event: VehicleDepartureEvent, vehicle_id: 8, road_id: 1000000000000000665, offset: 111.380000 id: 4597
processing event: VehicleDepartureEvent, vehicle_id: 13, road_id: 1000000000000000385, offset: 95.850000 id: 4601 at time: 3343.09
Processed event: VehicleDepartureEvent, vehicle_id: 13, road_id: 1000000000000000385, offset: 95.850000 id: 4601
processing event: PassengerRouteStartEvent, passenger_id: 81, route_id: 1 id: 80 at time: 3344
Processed event: PassengerRouteStartEvent, passenger_id: 81, route_id: 1 id: 80
processing event: OrderCreatedEvent, order_id: 81, available_pickups: 6 , available_dropoffs: 103 , passenger_id: 81, route_id: 1, passenger_num: 0 id: 4612 at time: 3344
Processed event: OrderCreatedEvent, order_id: 81, available_pickups: 6 , available_dropoffs: 103 , passenger_id: 81, route_id: 1, passenger_num: 1 id: 4612
processing event: VehicleArriveIntersectionEvent, vehicle_id: 11, road_id: 1000000000000000481 id: 4460 at time: 3345.67
Processed event: VehicleArriveIntersectionEvent, vehicle_id: 11, road_id: 1000000000000000481 id: 4460
processing event: VehicleEnterNewRoadEvent, vehicle_id: 11, road_id: 1000000000000000482 id: 4613 at time: 3347.47
Processed event: VehicleEnterNewRoadEvent, vehicle_id: 11, road_id: 1000000000000000482 id: 4613
processing event: VehicleDepartureEvent, vehicle_id: 11, road_id: 1000000000000000482, offset: 0.000000 id: 4614 at time: 3347.47
Processed event: VehicleDepartureEvent, vehicle_id: 11, road_id: 1000000000000000482, offset: 0.000000 id: 4614
processing event: VehicleArriveIntersectionEvent, vehicle_id: 1, road_id: 1000000000000000026 id: 4497 at time: 3348.5
Processed event: VehicleArriveIntersectionEvent, vehicle_id: 1, road_id: 1000000000000000026 id: 4497
processing event: VehicleArriveIntersectionEvent, vehicle_id: 20, road_id: 1000000000000001181 id: 4585 at time: 3348.64
Processed event: VehicleArriveIntersectionEvent, vehicle_id: 20, road_id: 1000000000000001181 id: 4585
processing event: VehicleArriveIntersectionEvent, vehicle_id: 18, road_id: 1000000000000000697 id: 4605 at time: 3349.34
Processed event: VehicleArriveIntersectionEvent, vehicle_id: 18, road_id: 1000000000000000697 id: 4605
processing event: VehicleArriveIntersectionEvent, vehicle_id: 9, road_id: 1000000000000000374 id: 4542 at time: 3349.46
Processed event: VehicleArriveIntersectionEvent, vehicle_id: 9, road_id: 1000000000000000374 id: 4542
processing event: VehicleArriveIntersectionEvent, vehicle_id: 7, road_id: 1000000000000000341 id: 4531 at time: 3349.66
Processed event: VehicleArriveIntersectionEvent, vehicle_id: 7, road_id: 1000000000000000341 id: 4531
processing event: VehicleArriveIntersectionEvent, vehicle_id: 8, road_id: 1000000000000000665 id: 4610 at time: 3349.67
Processed event: VehicleArriveIntersectionEvent, vehicle_id: 8, road_id: 1000000000000000665 id: 4610
Simulator::runFor: now_ = 3349.67 target = 3350
[progress] simulator time = 3350 / 3600
processing event: OrderMatchedEvent, order_id: 81, vehicle_id: 1 id: 4622 at time: 3350
Processed event: OrderMatchedEvent, order_id: 81, vehicle_id: 1 id: 4622
processing event: OrderMatchedEvent, order_id: 80, vehicle_id: 17 id: 4623 at time: 3350
Processed event: OrderMatchedEvent, order_id: 80, vehicle_id: 17 id: 4623
processing event: PassengerArrivalEvent, passenger_id: 81 id: 4625 at time: 3350
Processed event: PassengerArrivalEvent, passenger_id: 81 id: 4625
processing event: PassengerArrivalEvent, passenger_id: 80 id: 4626 at time: 3350
Processed event: PassengerArrivalEvent, passenger_id: 80 id: 4626
processing event: VehicleEnterNewRoadEvent, vehicle_id: 1, road_id: 1000000000000000027 id: 4616 at time: 3350.3
Processed event: VehicleEnterNewRoadEvent, vehicle_id: 1, road_id: 1000000000000000027 id: 4616
processing event: VehicleDepartureEvent, vehicle_id: 1, road_id: 1000000000000000027, offset: 0.000000 id: 4627 at time: 3350.3
Processed event: VehicleDepartureEvent, vehicle_id: 1, road_id: 1000000000000000027, offset: 0.000000 id: 4627
processing event: VehicleEnterNewRoadEvent, vehicle_id: 20, road_id: 1000000000000001049 id: 4617 at time: 3350.44
Processed event: VehicleEnterNewRoadEvent, vehicle_id: 20, road_id: 1000000000000001049 id: 4617
processing event: VehicleDepartureEvent, vehicle_id: 20, road_id: 1000000000000001049, offset: 0.000000 id: 4629 at time: 3350.44
Processed event: VehicleDepartureEvent, vehicle_id: 20, road_id: 1000000000000001049, offset: 0.000000 id: 4629
Event is not valid: VehicleArriveIntersectionEvent, vehicle_id: 17, road_id: 1000000000000000458 id: 4520 at time: 3350.73
processing event: VehicleArriveIntersectionEvent, vehicle_id: 17, road_id: 1000000000000000458 id: 4624 at time: 3350.73
Processed event: VehicleArriveIntersectionEvent, vehicle_id: 17, road_id: 1000000000000000458 id: 4624
processing event: VehicleEnterNewRoadEvent, vehicle_id: 18, road_id: 1000000000000000696 id: 4618 at time: 3351.14
Processed event: VehicleEnterNewRoadEvent, vehicle_id: 18, road_id: 1000000000000000696 id: 4618
processing event: VehicleDepartureEvent, vehicle_id: 18, road_id: 1000000000000000696, offset: 0.000000 id: 4632 at time: 3351.14
Processed event: VehicleDepartureEvent, vehicle_id: 18, road_id: 1000000000000000696, offset: 0.000000 id: 4632
processing event: VehicleEnterNewRoadEvent, vehicle_id: 9, road_id: 1000000000000000375 id: 4619 at time: 3351.26
Processed event: VehicleEnterNewRoadEvent, vehicle_id: 9, road_id: 1000000000000000375 id: 4619
processing event: VehicleDepartureEvent, vehicle_id: 9, road_id: 1000000000000000375, offset: 0.000000 id: 4634 at time: 3351.26
Processed event: VehicleDepartureEvent, vehicle_id: 9, road_id: 1000000000000000375, offset: 0.000000 id: 4634
processing event: VehicleEnterNewRoadEvent, vehicle_id: 7, road_id: 1000000000000000243 id: 4620 at time: 3351.46
Processed event: VehicleEnterNewRoadEvent, vehicle_id: 7, road_id: 1000000000000000243 id: 4620
processing event: VehicleDepartureEvent, vehicle_id: 7, road_id: 1000000000000000243, offset: 0.000000 id: 4636 at time: 3351.46
Processed event: VehicleDepartureEvent, vehicle_id: 7, road_id: 1000000000000000243, offset: 0.000000 id: 4636
processing event: VehicleEnterNewRoadEvent, vehicle_id: 8, road_id: 1000000000000000666 id: 4621 at time: 3351.47
Processed event: VehicleEnterNewRoadEvent, vehicle_id: 8, road_id: 1000000000000000666 id: 4621
processing event: VehicleDepartureEvent, vehicle_id: 8, road_id: 1000000000000000666, offset: 0.000000 id: 4638 at time: 3351.47
Processed event: VehicleDepartureEvent, vehicle_id: 8, road_id: 1000000000000000666, offset: 0.000000 id: 4638
processing event: VehicleEnterNewRoadEvent, vehicle_id: 17, road_id: 1000000000000000459 id: 4631 at time: 3352.53
Processed event: VehicleEnterNewRoadEvent, vehicle_id: 17, road_id: 1000000000000000459 id: 4631
processing event: VehicleDepartureEvent, vehicle_id: 17, road_id: 1000000000000000459, offset: 0.000000 id: 4640 at time: 3352.53
Processed event: VehicleDepartureEvent, vehicle_id: 17, road_id: 1000000000000000459, offset: 0.000000 id: 4640
processing event: VehicleArriveIntersectionEvent, vehicle_id: 14, road_id: 1000000000000000100 id: 4594 at time: 3355.86
Processed event: VehicleArriveIntersectionEvent, vehicle_id: 14, road_id: 1000000000000000100 id: 4594
processing event: PassengerRouteStartEvent, passenger_id: 82, route_id: 1 id: 81 at time: 3357
Processed event: PassengerRouteStartEvent, passenger_id: 82, route_id: 1 id: 81
processing event: OrderCreatedEvent, order_id: 82, available_pickups: 145 , available_dropoffs: 136 , passenger_id: 82, route_id: 1, passenger_num: 0 id: 4643 at time: 3357
Processed event: OrderCreatedEvent, order_id: 82, available_pickups: 145 , available_dropoffs: 136 , passenger_id: 82, route_id: 1, passenger_num: 1 id: 4643
processing event: VehicleEnterNewRoadEvent, vehicle_id: 14, road_id: 1000000000000000197 id: 4642 at time: 3357.66
Processed event: VehicleEnterNewRoadEvent, vehicle_id: 14, road_id: 1000000000000000197 id: 4642
processing event: VehicleDepartureEvent, vehicle_id: 14, road_id: 1000000000000000197, offset: 0.000000 id: 4644 at time: 3357.66
Processed event: VehicleDepartureEvent, vehicle_id: 14, road_id: 1000000000000000197, offset: 0.000000 id: 4644
processing event: VehicleArriveIntersectionEvent, vehicle_id: 10, road_id: 1000000000000001130 id: 4608 at time: 3358.27
Processed event: VehicleArriveIntersectionEvent, vehicle_id: 10, road_id: 1000000000000001130 id: 4608
Simulator::runFor: now_ = 3358.27 target = 3360
[progress] simulator time = 3360 / 3600
processing event: OrderMatchedEvent, order_id: 82, vehicle_id: 8 id: 4647 at time: 3360
Processed event: OrderMatchedEvent, order_id: 82, vehicle_id: 8 id: 4647
processing event: PassengerArrivalEvent, passenger_id: 82 id: 4649 at time: 3360
Processed event: PassengerArrivalEvent, passenger_id: 82 id: 4649
processing event: VehicleEnterNewRoadEvent, vehicle_id: 10, road_id: 1000000000000000541 id: 4646 at time: 3360.07
Processed event: VehicleEnterNewRoadEvent, vehicle_id: 10, road_id: 1000000000000000541 id: 4646
processing event: VehicleDepartureEvent, vehicle_id: 10, road_id: 1000000000000000541, offset: 0.000000 id: 4650 at time: 3360.07
Processed event: VehicleDepartureEvent, vehicle_id: 10, road_id: 1000000000000000541, offset: 0.000000 id: 4650
processing event: VehicleArriveIntersectionEvent, vehicle_id: 12, road_id: 1000000000000000151 id: 4535 at time: 3360.74
Processed event: VehicleArriveIntersectionEvent, vehicle_id: 12, road_id: 1000000000000000151 id: 4535
processing event: VehicleEnterNewRoadEvent, vehicle_id: 12, road_id: 1000000000000000648 id: 4652 at time: 3362.54
Processed event: VehicleEnterNewRoadEvent, vehicle_id: 12, road_id: 1000000000000000648 id: 4652
processing event: VehicleDepartureEvent, vehicle_id: 12, road_id: 1000000000000000648, offset: 0.000000 id: 4653 at time: 3362.54
Processed event: VehicleDepartureEvent, vehicle_id: 12, road_id: 1000000000000000648, offset: 0.000000 id: 4653
processing event: VehicleArriveIntersectionEvent, vehicle_id: 6, road_id: 1000000000000000421 id: 4588 at time: 3363.14
Processed event: VehicleArriveIntersectionEvent, vehicle_id: 6, road_id: 1000000000000000421 id: 4588
processing event: VehicleArriveIntersectionEvent, vehicle_id: 2, road_id: 1000000000000000378 id: 4517 at time: 3364.26
Processed event: VehicleArriveIntersectionEvent, vehicle_id: 2, road_id: 1000000000000000378 id: 4517
processing event: VehicleEnterNewRoadEvent, vehicle_id: 6, road_id: 1000000000000000780 id: 4655 at time: 3364.94
Processed event: VehicleEnterNewRoadEvent, vehicle_id: 6, road_id: 1000000000000000780 id: 4655
processing event: VehicleDepartureEvent, vehicle_id: 6, road_id: 1000000000000000780, offset: 0.000000 id: 4657 at time: 3364.94
Processed event: VehicleDepartureEvent, vehicle_id: 6, road_id: 1000000000000000780, offset: 0.000000 id: 4657
processing event: VehicleEnterNewRoadEvent, vehicle_id: 2, road_id: 1000000000000000496 id: 4656 at time: 3366.06
Processed event: VehicleEnterNewRoadEvent, vehicle_id: 2, road_id: 1000000000000000496 id: 4656
processing event: VehicleDepartureEvent, vehicle_id: 2, road_id: 1000000000000000496, offset: 0.000000 id: 4659 at time: 3366.06
Processed event: VehicleDepartureEvent, vehicle_id: 2, road_id: 1000000000000000496, offset: 0.000000 id: 4659
processing event: VehicleArriveIntersectionEvent, vehicle_id: 18, road_id: 1000000000000000696 id: 4633 at time: 3367.7
Processed event: VehicleArriveIntersectionEvent, vehicle_id: 18, road_id: 1000000000000000696 id: 4633
processing event: VehicleArriveIntersectionEvent, vehicle_id: 12, road_id: 1000000000000000648 id: 4654 at time: 3367.76
Processed event: VehicleArriveIntersectionEvent, vehicle_id: 12, road_id: 1000000000000000648 id: 4654
processing event: VehicleArriveIntersectionEvent, vehicle_id: 6, road_id: 1000000000000000780 id: 4658 at time: 3367.82
Processed event: VehicleArriveIntersectionEvent, vehicle_id: 6, road_id: 1000000000000000780 id: 4658
processing event: VehicleEnterNewRoadEvent, vehicle_id: 18, road_id: 1000000000000000367 id: 4661 at time: 3369.5
Processed event: VehicleEnterNewRoadEvent, vehicle_id: 18, road_id: 1000000000000000367 id: 4661
processing event: VehicleDepartureEvent, vehicle_id: 18, road_id: 1000000000000000367, offset: 0.000000 id: 4664 at time: 3369.5
Processed event: VehicleDepartureEvent, vehicle_id: 18, road_id: 1000000000000000367, offset: 0.000000 id: 4664
processing event: VehicleEnterNewRoadEvent, vehicle_id: 12, road_id: 1000000000000000647 id: 4662 at time: 3369.56
Processed event: VehicleEnterNewRoadEvent, vehicle_id: 12, road_id: 1000000000000000647 id: 4662
processing event: VehicleDepartureEvent, vehicle_id: 12, road_id: 1000000000000000647, offset: 0.000000 id: 4666 at time: 3369.56
Processed event: VehicleDepartureEvent, vehicle_id: 12, road_id: 1000000000000000647, offset: 0.000000 id: 4666
processing event: VehicleEnterNewRoadEvent, vehicle_id: 6, road_id: 1000000000000000779 id: 4663 at time: 3369.62
Processed event: VehicleEnterNewRoadEvent, vehicle_id: 6, road_id: 1000000000000000779 id: 4663
processing event: VehicleDepartureEvent, vehicle_id: 6, road_id: 1000000000000000779, offset: 0.000000 id: 4668 at time: 3369.62
Processed event: VehicleDepartureEvent, vehicle_id: 6, road_id: 1000000000000000779, offset: 0.000000 id: 4668
processing event: VehicleArriveIntersectionEvent, vehicle_id: 12, road_id: 1000000000000000647 id: 4667 at time: 3369.74
Processed event: VehicleArriveIntersectionEvent, vehicle_id: 12, road_id: 1000000000000000647 id: 4667
Simulator::runFor: now_ = 3369.74 target = 3370
[progress] simulator time = 3370 / 3600
processing event: VehicleArriveIntersectionEvent, vehicle_id: 18, road_id: 1000000000000000367 id: 4665 at time: 3371.12
Processed event: VehicleArriveIntersectionEvent, vehicle_id: 18, road_id: 1000000000000000367 id: 4665
processing event: VehicleEnterNewRoadEvent, vehicle_id: 12, road_id: 1000000000000000358 id: 4670 at time: 3371.54
Processed event: VehicleEnterNewRoadEvent, vehicle_id: 12, road_id: 1000000000000000358 id: 4670
processing event: VehicleDepartureEvent, vehicle_id: 12, road_id: 1000000000000000358, offset: 0.000000 id: 4672 at time: 3371.54
Processed event: VehicleDepartureEvent, vehicle_id: 12, road_id: 1000000000000000358, offset: 0.000000 id: 4672
processing event: VehicleArriveIntersectionEvent, vehicle_id: 4, road_id: 1000000000000000005 id: 4505 at time: 3371.91
Processed event: VehicleArriveIntersectionEvent, vehicle_id: 4, road_id: 1000000000000000005 id: 4505
processing event: VehicleArriveIntersectionEvent, vehicle_id: 16, road_id: 1000000000000000303 id: 4549 at time: 3372.06
Processed event: VehicleArriveIntersectionEvent, vehicle_id: 16, road_id: 1000000000000000303 id: 4549
processing event: BusArrivalEvent, vehicle_id: 10, stop_id: 151 id: 4651 at time: 3372.12
Processed event: BusArrivalEvent, vehicle_id: 10, stop_id: 151 id: 4651
processing event: PassengerOnboardEvent, passenger_id: 38 id: 4676 at time: 3372.12
Processed event: PassengerOnboardEvent, passenger_id: 38 id: 4676
processing event: VehicleEnterNewRoadEvent, vehicle_id: 18, road_id: 1000000000000000698 id: 4671 at time: 3372.92
Processed event: VehicleEnterNewRoadEvent, vehicle_id: 18, road_id: 1000000000000000698 id: 4671
processing event: VehicleDepartureEvent, vehicle_id: 18, road_id: 1000000000000000698, offset: 0.000000 id: 4678 at time: 3372.92
Processed event: VehicleDepartureEvent, vehicle_id: 18, road_id: 1000000000000000698, offset: 0.000000 id: 4678
processing event: VehicleEnterNewRoadEvent, vehicle_id: 4, road_id: 1000000000000001093 id: 4674 at time: 3373.71
Processed event: VehicleEnterNewRoadEvent, vehicle_id: 4, road_id: 1000000000000001093 id: 4674
processing event: VehicleDepartureEvent, vehicle_id: 4, road_id: 1000000000000001093, offset: 0.000000 id: 4680 at time: 3373.71
Processed event: VehicleDepartureEvent, vehicle_id: 4, road_id: 1000000000000001093, offset: 0.000000 id: 4680
processing event: VehicleEnterNewRoadEvent, vehicle_id: 16, road_id: 1000000000000000311 id: 4675 at time: 3373.86
Processed event: VehicleEnterNewRoadEvent, vehicle_id: 16, road_id: 1000000000000000311 id: 4675
processing event: VehicleDepartureEvent, vehicle_id: 16, road_id: 1000000000000000311, offset: 0.000000 id: 4682 at time: 3373.86
Processed event: VehicleDepartureEvent, vehicle_id: 16, road_id: 1000000000000000311, offset: 0.000000 id: 4682
processing event: VehicleArriveIntersectionEvent, vehicle_id: 14, road_id: 1000000000000000197 id: 4645 at time: 3374.58
Processed event: VehicleArriveIntersectionEvent, vehicle_id: 14, road_id: 1000000000000000197 id: 4645
processing event: VehicleArriveIntersectionEvent, vehicle_id: 3, road_id: 1000000000000000723 id: 4566 at time: 3376.31
Processed event: VehicleArriveIntersectionEvent, vehicle_id: 3, road_id: 1000000000000000723 id: 4566
processing event: VehicleEnterNewRoadEvent, vehicle_id: 14, road_id: 1000000000000000235 id: 4684 at time: 3376.38
Processed event: VehicleEnterNewRoadEvent, vehicle_id: 14, road_id: 1000000000000000235 id: 4684
processing event: VehicleDepartureEvent, vehicle_id: 14, road_id: 1000000000000000235, offset: 0.000000 id: 4686 at time: 3376.38
Processed event: VehicleDepartureEvent, vehicle_id: 14, road_id: 1000000000000000235, offset: 0.000000 id: 4686
processing event: VehicleDepartureEvent, vehicle_id: 10, road_id: 1000000000000000541, offset: 66.930000 id: 4677 at time: 3377.12
Processed event: VehicleDepartureEvent, vehicle_id: 10, road_id: 1000000000000000541, offset: 66.930000 id: 4677
processing event: VehicleArriveIntersectionEvent, vehicle_id: 12, road_id: 1000000000000000358 id: 4673 at time: 3377.48
Processed event: VehicleArriveIntersectionEvent, vehicle_id: 12, road_id: 1000000000000000358 id: 4673
processing event: VehicleEnterNewRoadEvent, vehicle_id: 3, road_id: 1000000000000000724 id: 4685 at time: 3378.11
Processed event: VehicleEnterNewRoadEvent, vehicle_id: 3, road_id: 1000000000000000724 id: 4685
processing event: VehicleDepartureEvent, vehicle_id: 3, road_id: 1000000000000000724, offset: 0.000000 id: 4690 at time: 3378.11
Processed event: VehicleDepartureEvent, vehicle_id: 3, road_id: 1000000000000000724, offset: 0.000000 id: 4690
processing event: VehicleEnterNewRoadEvent, vehicle_id: 12, road_id: 1000000000000000382 id: 4689 at time: 3379.28
Processed event: VehicleEnterNewRoadEvent, vehicle_id: 12, road_id: 1000000000000000382 id: 4689
processing event: VehicleDepartureEvent, vehicle_id: 12, road_id: 1000000000000000382, offset: 0.000000 id: 4692 at time: 3379.28
Processed event: VehicleDepartureEvent, vehicle_id: 12, road_id: 1000000000000000382, offset: 0.000000 id: 4692
processing event: VehicleArriveIntersectionEvent, vehicle_id: 3, road_id: 1000000000000000724 id: 4691 at time: 3379.37
Processed event: VehicleArriveIntersectionEvent, vehicle_id: 3, road_id: 1000000000000000724 id: 4691
Simulator::runFor: now_ = 3379.37 target = 3380
[progress] simulator time = 3380 / 3600
processing event: BusArrivalEvent, vehicle_id: 15, stop_id: 126 id: 4592 at time: 3380.43
Processed event: BusArrivalEvent, vehicle_id: 15, stop_id: 126 id: 4592
processing event: PassengerRouteEndEvent, passenger_id: 27, route_id: 1 id: 4695 at time: 3380.43
Passenger 27 finished all routes
Processed event: PassengerRouteEndEvent, passenger_id: 27, route_id: 1 id: 4695
processing event: PassengerDropoffEvent, passenger_id: 27 id: 4697 at time: 3380.43
Processed event: PassengerDropoffEvent, passenger_id: 27 id: 4697
processing event: OrderFinishedEvent, order_id: 27 id: 4698 at time: 3380.43
Processed event: OrderFinishedEvent, order_id: 27 id: 4698
processing event: VehicleEnterNewRoadEvent, vehicle_id: 3, road_id: 1000000000000000346 id: 4694 at time: 3381.17
Processed event: VehicleEnterNewRoadEvent, vehicle_id: 3, road_id: 1000000000000000346 id: 4694
processing event: VehicleDepartureEvent, vehicle_id: 3, road_id: 1000000000000000346, offset: 0.000000 id: 4699 at time: 3381.17
Processed event: VehicleDepartureEvent, vehicle_id: 3, road_id: 1000000000000000346, offset: 0.000000 id: 4699
processing event: VehicleArriveIntersectionEvent, vehicle_id: 1, road_id: 1000000000000000027 id: 4628 at time: 3381.99
Processed event: VehicleArriveIntersectionEvent, vehicle_id: 1, road_id: 1000000000000000027 id: 4628
processing event: VehicleArriveIntersectionEvent, vehicle_id: 10, road_id: 1000000000000000541 id: 4688 at time: 3382.35
Processed event: VehicleArriveIntersectionEvent, vehicle_id: 10, road_id: 1000000000000000541 id: 4688
processing event: VehicleEnterNewRoadEvent, vehicle_id: 1, road_id: 1000000000000000028 id: 4701 at time: 3383.79
Processed event: VehicleEnterNewRoadEvent, vehicle_id: 1, road_id: 1000000000000000028 id: 4701
processing event: VehicleDepartureEvent, vehicle_id: 1, road_id: 1000000000000000028, offset: 0.000000 id: 4703 at time: 3383.79
Processed event: VehicleDepartureEvent, vehicle_id: 1, road_id: 1000000000000000028, offset: 0.000000 id: 4703
processing event: VehicleEnterNewRoadEvent, vehicle_id: 10, road_id: 1000000000000000542 id: 4702 at time: 3384.15
Processed event: VehicleEnterNewRoadEvent, vehicle_id: 10, road_id: 1000000000000000542 id: 4702
processing event: VehicleDepartureEvent, vehicle_id: 10, road_id: 1000000000000000542, offset: 0.000000 id: 4705 at time: 3384.15
Processed event: VehicleDepartureEvent, vehicle_id: 10, road_id: 1000000000000000542, offset: 0.000000 id: 4705
processing event: VehicleArriveIntersectionEvent, vehicle_id: 13, road_id: 1000000000000000385 id: 4611 at time: 3384.34
Processed event: VehicleArriveIntersectionEvent, vehicle_id: 13, road_id: 1000000000000000385 id: 4611
processing event: VehicleDepartureEvent, vehicle_id: 15, road_id: 1000000000000000330, offset: 244.180000 id: 4696 at time: 3385.43
Processed event: VehicleDepartureEvent, vehicle_id: 15, road_id: 1000000000000000330, offset: 244.180000 id: 4696
processing event: VehicleEnterNewRoadEvent, vehicle_id: 13, road_id: 1000000000000000684 id: 4707 at time: 3386.14
Processed event: VehicleEnterNewRoadEvent, vehicle_id: 13, road_id: 1000000000000000684 id: 4707
processing event: VehicleDepartureEvent, vehicle_id: 13, road_id: 1000000000000000684, offset: 0.000000 id: 4709 at time: 3386.14
Processed event: VehicleDepartureEvent, vehicle_id: 13, road_id: 1000000000000000684, offset: 0.000000 id: 4709
Event is not valid: VehicleArriveIntersectionEvent, vehicle_id: 8, road_id: 1000000000000000666 id: 4639 at time: 3386.75
processing event: VehicleArriveIntersectionEvent, vehicle_id: 8, road_id: 1000000000000000666 id: 4648 at time: 3386.75
Processed event: VehicleArriveIntersectionEvent, vehicle_id: 8, road_id: 1000000000000000666 id: 4648
processing event: VehicleEnterNewRoadEvent, vehicle_id: 8, road_id: 1000000000000000667 id: 4711 at time: 3388.55
Processed event: VehicleEnterNewRoadEvent, vehicle_id: 8, road_id: 1000000000000000667 id: 4711
processing event: VehicleDepartureEvent, vehicle_id: 8, road_id: 1000000000000000667, offset: 0.000000 id: 4712 at time: 3388.55
Processed event: VehicleDepartureEvent, vehicle_id: 8, road_id: 1000000000000000667, offset: 0.000000 id: 4712
processing event: VehicleArriveIntersectionEvent, vehicle_id: 5, road_id: 1000000000000000192 id: 4508 at time: 3389.69
Processed event: VehicleArriveIntersectionEvent, vehicle_id: 5, road_id: 1000000000000000192 id: 4508
Simulator::runFor: now_ = 3389.69 target = 3390
[progress] simulator time = 3390 / 3600
processing event: VehicleArriveIntersectionEvent, vehicle_id: 18, road_id: 1000000000000000698 id: 4679 at time: 3390.56
Processed event: VehicleArriveIntersectionEvent, vehicle_id: 18, road_id: 1000000000000000698 id: 4679
processing event: VehicleArriveIntersectionEvent, vehicle_id: 2, road_id: 1000000000000000496 id: 4660 at time: 3391.44
Processed event: VehicleArriveIntersectionEvent, vehicle_id: 2, road_id: 1000000000000000496 id: 4660
processing event: VehicleEnterNewRoadEvent, vehicle_id: 5, road_id: 1000000000000000193 id: 4714 at time: 3391.49
Processed event: VehicleEnterNewRoadEvent, vehicle_id: 5, road_id: 1000000000000000193 id: 4714
processing event: VehicleDepartureEvent, vehicle_id: 5, road_id: 1000000000000000193, offset: 0.000000 id: 4717 at time: 3391.49
Processed event: VehicleDepartureEvent, vehicle_id: 5, road_id: 1000000000000000193, offset: 0.000000 id: 4717
processing event: PassengerRouteStartEvent, passenger_id: 83, route_id: 1 id: 82 at time: 3392
Processed event: PassengerRouteStartEvent, passenger_id: 83, route_id: 1 id: 82
processing event: OrderCreatedEvent, order_id: 83, available_pickups: 223 , available_dropoffs: 199 , passenger_id: 83, route_id: 1, passenger_num: 0 id: 4719 at time: 3392
Processed event: OrderCreatedEvent, order_id: 83, available_pickups: 223 , available_dropoffs: 199 , passenger_id: 83, route_id: 1, passenger_num: 2 id: 4719
processing event: VehicleEnterNewRoadEvent, vehicle_id: 18, road_id: 1000000000000000699 id: 4715 at time: 3392.36
Processed event: VehicleEnterNewRoadEvent, vehicle_id: 18, road_id: 1000000000000000699 id: 4715
processing event: VehicleDepartureEvent, vehicle_id: 18, road_id: 1000000000000000699, offset: 0.000000 id: 4720 at time: 3392.36
Processed event: VehicleDepartureEvent, vehicle_id: 18, road_id: 1000000000000000699, offset: 0.000000 id: 4720
processing event: VehicleArriveIntersectionEvent, vehicle_id: 17, road_id: 1000000000000000459 id: 4641 at time: 3392.49
Processed event: VehicleArriveIntersectionEvent, vehicle_id: 17, road_id: 1000000000000000459 id: 4641
processing event: VehicleEnterNewRoadEvent, vehicle_id: 2, road_id: 1000000000000000498 id: 4716 at time: 3393.24
Processed event: VehicleEnterNewRoadEvent, vehicle_id: 2, road_id: 1000000000000000498 id: 4716
processing event: VehicleDepartureEvent, vehicle_id: 2, road_id: 1000000000000000498, offset: 0.000000 id: 4723 at time: 3393.24
Processed event: VehicleDepartureEvent, vehicle_id: 2, road_id: 1000000000000000498, offset: 0.000000 id: 4723
processing event: VehicleArriveIntersectionEvent, vehicle_id: 12, road_id: 1000000000000000382 id: 4693 at time: 3393.5
Processed event: VehicleArriveIntersectionEvent, vehicle_id: 12, road_id: 1000000000000000382 id: 4693
processing event: VehicleEnterNewRoadEvent, vehicle_id: 17, road_id: 1000000000000000460 id: 4722 at time: 3394.29
Processed event: VehicleEnterNewRoadEvent, vehicle_id: 17, road_id: 1000000000000000460 id: 4722
processing event: VehicleDepartureEvent, vehicle_id: 17, road_id: 1000000000000000460, offset: 0.000000 id: 4726 at time: 3394.29
Processed event: VehicleDepartureEvent, vehicle_id: 17, road_id: 1000000000000000460, offset: 0.000000 id: 4726
processing event: VehicleEnterNewRoadEvent, vehicle_id: 12, road_id: 1000000000000000383 id: 4725 at time: 3395.3
Processed event: VehicleEnterNewRoadEvent, vehicle_id: 12, road_id: 1000000000000000383 id: 4725
processing event: VehicleDepartureEvent, vehicle_id: 12, road_id: 1000000000000000383, offset: 0.000000 id: 4728 at time: 3395.3
Processed event: VehicleDepartureEvent, vehicle_id: 12, road_id: 1000000000000000383, offset: 0.000000 id: 4728
processing event: VehicleArriveIntersectionEvent, vehicle_id: 20, road_id: 1000000000000001049 id: 4630 at time: 3399.58
Processed event: VehicleArriveIntersectionEvent, vehicle_id: 20, road_id: 1000000000000001049 id: 4630
Simulator::runFor: now_ = 3399.58 target = 3400
[progress] simulator time = 3400 / 3600
processing event: OrderMatchedEvent, order_id: 83, vehicle_id: 4 id: 4731 at time: 3400
Processed event: OrderMatchedEvent, order_id: 83, vehicle_id: 4 id: 4731
processing event: PassengerArrivalEvent, passenger_id: 83 id: 4733 at time: 3400
Processed event: PassengerArrivalEvent, passenger_id: 83 id: 4733
processing event: VehicleArriveIntersectionEvent, vehicle_id: 8, road_id: 1000000000000000667 id: 4713 at time: 3400.25
Processed event: VehicleArriveIntersectionEvent, vehicle_id: 8, road_id: 1000000000000000667 id: 4713
processing event: VehicleArriveIntersectionEvent, vehicle_id: 15, road_id: 1000000000000000330 id: 4708 at time: 3400.88
Processed event: VehicleArriveIntersectionEvent, vehicle_id: 15, road_id: 1000000000000000330 id: 4708
processing event: VehicleEnterNewRoadEvent, vehicle_id: 20, road_id: 1000000000000001048 id: 4730 at time: 3401.38
Processed event: VehicleEnterNewRoadEvent, vehicle_id: 20, road_id: 1000000000000001048 id: 4730
processing event: VehicleDepartureEvent, vehicle_id: 20, road_id: 1000000000000001048, offset: 0.000000 id: 4736 at time: 3401.38
Processed event: VehicleDepartureEvent, vehicle_id: 20, road_id: 1000000000000001048, offset: 0.000000 id: 4736
processing event: VehicleEnterNewRoadEvent, vehicle_id: 8, road_id: 1000000000000000668 id: 4734 at time: 3402.05
Processed event: VehicleEnterNewRoadEvent, vehicle_id: 8, road_id: 1000000000000000668 id: 4734
processing event: VehicleDepartureEvent, vehicle_id: 8, road_id: 1000000000000000668, offset: 0.000000 id: 4738 at time: 3402.05
Processed event: VehicleDepartureEvent, vehicle_id: 8, road_id: 1000000000000000668, offset: 0.000000 id: 4738
processing event: VehicleArriveIntersectionEvent, vehicle_id: 3, road_id: 1000000000000000346 id: 4700 at time: 3402.41
Processed event: VehicleArriveIntersectionEvent, vehicle_id: 3, road_id: 1000000000000000346 id: 4700
processing event: VehicleArriveIntersectionEvent, vehicle_id: 18, road_id: 1000000000000000699 id: 4721 at time: 3402.63
Processed event: VehicleArriveIntersectionEvent, vehicle_id: 18, road_id: 1000000000000000699 id: 4721
processing event: VehicleEnterNewRoadEvent, vehicle_id: 15, road_id: 1000000000000000331 id: 4735 at time: 3402.68
Processed event: VehicleEnterNewRoadEvent, vehicle_id: 15, road_id: 1000000000000000331 id: 4735
processing event: VehicleDepartureEvent, vehicle_id: 15, road_id: 1000000000000000331, offset: 0.000000 id: 4742 at time: 3402.68
Processed event: VehicleDepartureEvent, vehicle_id: 15, road_id: 1000000000000000331, offset: 0.000000 id: 4742
processing event: VehicleEnterNewRoadEvent, vehicle_id: 3, road_id: 1000000000000000347 id: 4740 at time: 3404.21
Processed event: VehicleEnterNewRoadEvent, vehicle_id: 3, road_id: 1000000000000000347 id: 4740
processing event: VehicleDepartureEvent, vehicle_id: 3, road_id: 1000000000000000347, offset: 0.000000 id: 4744 at time: 3404.21
Processed event: VehicleDepartureEvent, vehicle_id: 3, road_id: 1000000000000000347, offset: 0.000000 id: 4744
processing event: VehicleEnterNewRoadEvent, vehicle_id: 18, road_id: 1000000000000000051 id: 4741 at time: 3404.43
Processed event: VehicleEnterNewRoadEvent, vehicle_id: 18, road_id: 1000000000000000051 id: 4741
processing event: VehicleDepartureEvent, vehicle_id: 18, road_id: 1000000000000000051, offset: 0.000000 id: 4746 at time: 3404.43
Processed event: VehicleDepartureEvent, vehicle_id: 18, road_id: 1000000000000000051, offset: 0.000000 id: 4746
processing event: VehicleArriveIntersectionEvent, vehicle_id: 6, road_id: 1000000000000000779 id: 4669 at time: 3405.08
Processed event: VehicleArriveIntersectionEvent, vehicle_id: 6, road_id: 1000000000000000779 id: 4669
processing event: VehicleEnterNewRoadEvent, vehicle_id: 6, road_id: 1000000000000000385 id: 4748 at time: 3406.88
Processed event: VehicleEnterNewRoadEvent, vehicle_id: 6, road_id: 1000000000000000385 id: 4748
processing event: VehicleDepartureEvent, vehicle_id: 6, road_id: 1000000000000000385, offset: 0.000000 id: 4749 at time: 3406.88
Processed event: VehicleDepartureEvent, vehicle_id: 6, road_id: 1000000000000000385, offset: 0.000000 id: 4749
processing event: VehicleArriveIntersectionEvent, vehicle_id: 10, road_id: 1000000000000000542 id: 4706 at time: 3409.54
Processed event: VehicleArriveIntersectionEvent, vehicle_id: 10, road_id: 1000000000000000542 id: 4706
Simulator::runFor: now_ = 3409.54 target = 3410
[progress] simulator time = 3410 / 3600
processing event: VehicleEnterNewRoadEvent, vehicle_id: 10, road_id: 1000000000000000144 id: 4751 at time: 3411.34
Processed event: VehicleEnterNewRoadEvent, vehicle_id: 10, road_id: 1000000000000000144 id: 4751
processing event: VehicleDepartureEvent, vehicle_id: 10, road_id: 1000000000000000144, offset: 0.000000 id: 4752 at time: 3411.34
Processed event: VehicleDepartureEvent, vehicle_id: 10, road_id: 1000000000000000144, offset: 0.000000 id: 4752
processing event: PassengerRouteStartEvent, passenger_id: 84, route_id: 1 id: 83 at time: 3412
Processed event: PassengerRouteStartEvent, passenger_id: 84, route_id: 1 id: 83
processing event: OrderCreatedEvent, order_id: 84, available_pickups: 223 , available_dropoffs: 65 , passenger_id: 84, route_id: 1, passenger_num: 0 id: 4754 at time: 3412
Processed event: OrderCreatedEvent, order_id: 84, available_pickups: 223 , available_dropoffs: 65 , passenger_id: 84, route_id: 1, passenger_num: 3 id: 4754
processing event: VehicleArriveIntersectionEvent, vehicle_id: 9, road_id: 1000000000000000375 id: 4635 at time: 3412.11
Processed event: VehicleArriveIntersectionEvent, vehicle_id: 9, road_id: 1000000000000000375 id: 4635
processing event: VehicleEnterNewRoadEvent, vehicle_id: 9, road_id: 1000000000000000308 id: 4755 at time: 3413.91
Processed event: VehicleEnterNewRoadEvent, vehicle_id: 9, road_id: 1000000000000000308 id: 4755
processing event: VehicleDepartureEvent, vehicle_id: 9, road_id: 1000000000000000308, offset: 0.000000 id: 4756 at time: 3413.91
Processed event: VehicleDepartureEvent, vehicle_id: 9, road_id: 1000000000000000308, offset: 0.000000 id: 4756
processing event: BusArrivalEvent, vehicle_id: 3, stop_id: 281 id: 4745 at time: 3416.21
Processed event: BusArrivalEvent, vehicle_id: 3, stop_id: 281 id: 4745
processing event: PassengerOnboardEvent, passenger_id: 45 id: 4758 at time: 3416.21
Processed event: PassengerOnboardEvent, passenger_id: 45 id: 4758
processing event: VehicleArriveIntersectionEvent, vehicle_id: 1, road_id: 1000000000000000028 id: 4704 at time: 3416.55
Processed event: VehicleArriveIntersectionEvent, vehicle_id: 1, road_id: 1000000000000000028 id: 4704
processing event: VehicleArriveIntersectionEvent, vehicle_id: 16, road_id: 1000000000000000311 id: 4683 at time: 3417.78
Processed event: VehicleArriveIntersectionEvent, vehicle_id: 16, road_id: 1000000000000000311 id: 4683
Event is not valid: VehicleArriveIntersectionEvent, vehicle_id: 4, road_id: 1000000000000001093 id: 4681 at time: 3417.82
processing event: VehicleArriveIntersectionEvent, vehicle_id: 4, road_id: 1000000000000001093 id: 4732 at time: 3417.82
Processed event: VehicleArriveIntersectionEvent, vehicle_id: 4, road_id: 1000000000000001093 id: 4732
processing event: VehicleEnterNewRoadEvent, vehicle_id: 1, road_id: 1000000000000000030 id: 4760 at time: 3418.35
Processed event: VehicleEnterNewRoadEvent, vehicle_id: 1, road_id: 1000000000000000030 id: 4760
processing event: VehicleDepartureEvent, vehicle_id: 1, road_id: 1000000000000000030, offset: 0.000000 id: 4763 at time: 3418.35
Processed event: VehicleDepartureEvent, vehicle_id: 1, road_id: 1000000000000000030, offset: 0.000000 id: 4763
processing event: VehicleArriveIntersectionEvent, vehicle_id: 13, road_id: 1000000000000000684 id: 4710 at time: 3418.54
Processed event: VehicleArriveIntersectionEvent, vehicle_id: 13, road_id: 1000000000000000684 id: 4710
processing event: VehicleEnterNewRoadEvent, vehicle_id: 16, road_id: 1000000000000000322 id: 4761 at time: 3419.58
Processed event: VehicleEnterNewRoadEvent, vehicle_id: 16, road_id: 1000000000000000322 id: 4761
processing event: VehicleDepartureEvent, vehicle_id: 16, road_id: 1000000000000000322, offset: 0.000000 id: 4766 at time: 3419.58
Processed event: VehicleDepartureEvent, vehicle_id: 16, road_id: 1000000000000000322, offset: 0.000000 id: 4766
processing event: VehicleEnterNewRoadEvent, vehicle_id: 4, road_id: 1000000000000001092 id: 4762 at time: 3419.62
Processed event: VehicleEnterNewRoadEvent, vehicle_id: 4, road_id: 1000000000000001092 id: 4762
processing event: VehicleDepartureEvent, vehicle_id: 4, road_id: 1000000000000001092, offset: 0.000000 id: 4768 at time: 3419.62
Processed event: VehicleDepartureEvent, vehicle_id: 4, road_id: 1000000000000001092, offset: 0.000000 id: 4768
Simulator::runFor: now_ = 3419.62 target = 3420
[progress] simulator time = 3420 / 3600
processing event: OrderMatchedEvent, order_id: 84, vehicle_id: 3 id: 4770 at time: 3420
Processed event: OrderMatchedEvent, order_id: 84, vehicle_id: 3 id: 4770
processing event: PassengerArrivalEvent, passenger_id: 84 id: 4771 at time: 3420
Processed event: PassengerArrivalEvent, passenger_id: 84 id: 4771
processing event: VehicleEnterNewRoadEvent, vehicle_id: 13, road_id: 1000000000000000685 id: 4765 at time: 3420.34
Processed event: VehicleEnterNewRoadEvent, vehicle_id: 13, road_id: 1000000000000000685 id: 4765
processing event: VehicleDepartureEvent, vehicle_id: 13, road_id: 1000000000000000685, offset: 0.000000 id: 4772 at time: 3420.34
Processed event: VehicleDepartureEvent, vehicle_id: 13, road_id: 1000000000000000685, offset: 0.000000 id: 4772
processing event: VehicleDepartureEvent, vehicle_id: 3, road_id: 1000000000000000347, offset: 66.650000 id: 4759 at time: 3421.21
Processed event: VehicleDepartureEvent, vehicle_id: 3, road_id: 1000000000000000347, offset: 66.650000 id: 4759
processing event: VehicleArriveIntersectionEvent, vehicle_id: 1, road_id: 1000000000000000030 id: 4764 at time: 3425.19
Processed event: VehicleArriveIntersectionEvent, vehicle_id: 1, road_id: 1000000000000000030 id: 4764
processing event: VehicleEnterNewRoadEvent, vehicle_id: 1, road_id: 1000000000000000178 id: 4775 at time: 3426.99
Processed event: VehicleEnterNewRoadEvent, vehicle_id: 1, road_id: 1000000000000000178 id: 4775
processing event: VehicleDepartureEvent, vehicle_id: 1, road_id: 1000000000000000178, offset: 0.000000 id: 4776 at time: 3426.99
Processed event: VehicleDepartureEvent, vehicle_id: 1, road_id: 1000000000000000178, offset: 0.000000 id: 4776
processing event: VehicleArriveIntersectionEvent, vehicle_id: 18, road_id: 1000000000000000051 id: 4747 at time: 3427.29
Processed event: VehicleArriveIntersectionEvent, vehicle_id: 18, road_id: 1000000000000000051 id: 4747
processing event: VehicleEnterNewRoadEvent, vehicle_id: 18, road_id: 1000000000000000339 id: 4778 at time: 3429.09
Processed event: VehicleEnterNewRoadEvent, vehicle_id: 18, road_id: 1000000000000000339 id: 4778
processing event: VehicleDepartureEvent, vehicle_id: 18, road_id: 1000000000000000339, offset: 0.000000 id: 4779 at time: 3429.09
Processed event: VehicleDepartureEvent, vehicle_id: 18, road_id: 1000000000000000339, offset: 0.000000 id: 4779
processing event: VehicleArriveIntersectionEvent, vehicle_id: 13, road_id: 1000000000000000685 id: 4773 at time: 3429.52
Processed event: VehicleArriveIntersectionEvent, vehicle_id: 13, road_id: 1000000000000000685 id: 4773
Simulator::runFor: now_ = 3429.52 target = 3430
[progress] simulator time = 3430 / 3600
processing event: VehicleEnterNewRoadEvent, vehicle_id: 13, road_id: 1000000000000000690 id: 4781 at time: 3431.32
Processed event: VehicleEnterNewRoadEvent, vehicle_id: 13, road_id: 1000000000000000690 id: 4781
processing event: VehicleDepartureEvent, vehicle_id: 13, road_id: 1000000000000000690, offset: 0.000000 id: 4782 at time: 3431.32
Processed event: VehicleDepartureEvent, vehicle_id: 13, road_id: 1000000000000000690, offset: 0.000000 id: 4782
processing event: PassengerRouteStartEvent, passenger_id: 85, route_id: 1 id: 84 at time: 3433
Processed event: PassengerRouteStartEvent, passenger_id: 85, route_id: 1 id: 84
processing event: OrderCreatedEvent, order_id: 85, available_pickups: 11 , available_dropoffs: 143 , passenger_id: 85, route_id: 1, passenger_num: 0 id: 4784 at time: 3433
Processed event: OrderCreatedEvent, order_id: 85, available_pickups: 11 , available_dropoffs: 143 , passenger_id: 85, route_id: 1, passenger_num: 1 id: 4784
processing event: VehicleArriveIntersectionEvent, vehicle_id: 17, road_id: 1000000000000000460 id: 4727 at time: 3437.68
Processed event: VehicleArriveIntersectionEvent, vehicle_id: 17, road_id: 1000000000000000460 id: 4727
processing event: BusArrivalEvent, vehicle_id: 14, stop_id: 45 id: 4687 at time: 3438.91
Processed event: BusArrivalEvent, vehicle_id: 14, stop_id: 45 id: 4687
processing event: PassengerOnboardEvent, passenger_id: 43 id: 4786 at time: 3438.91
Processed event: PassengerOnboardEvent, passenger_id: 43 id: 4786
processing event: VehicleEnterNewRoadEvent, vehicle_id: 17, road_id: 1000000000000000474 id: 4785 at time: 3439.48
Processed event: VehicleEnterNewRoadEvent, vehicle_id: 17, road_id: 1000000000000000474 id: 4785
processing event: VehicleDepartureEvent, vehicle_id: 17, road_id: 1000000000000000474, offset: 0.000000 id: 4788 at time: 3439.48
Processed event: VehicleDepartureEvent, vehicle_id: 17, road_id: 1000000000000000474, offset: 0.000000 id: 4788
Simulator::runFor: now_ = 3439.48 target = 3440
[progress] simulator time = 3440 / 3600
processing event: OrderMatchedEvent, order_id: 85, vehicle_id: 5 id: 4790 at time: 3440
Processed event: OrderMatchedEvent, order_id: 85, vehicle_id: 5 id: 4790
processing event: PassengerArrivalEvent, passenger_id: 85 id: 4792 at time: 3440
Processed event: PassengerArrivalEvent, passenger_id: 85 id: 4792
processing event: BusArrivalEvent, vehicle_id: 18, stop_id: 128 id: 4780 at time: 3440.78
Processed event: BusArrivalEvent, vehicle_id: 18, stop_id: 128 id: 4780
processing event: PassengerRouteEndEvent, passenger_id: 44, route_id: 1 id: 4793 at time: 3440.78
Passenger 44 finished all routes
Processed event: PassengerRouteEndEvent, passenger_id: 44, route_id: 1 id: 4793
processing event: PassengerDropoffEvent, passenger_id: 44 id: 4795 at time: 3440.78
Processed event: PassengerDropoffEvent, passenger_id: 44 id: 4795
processing event: OrderFinishedEvent, order_id: 44 id: 4796 at time: 3440.78
Processed event: OrderFinishedEvent, order_id: 44 id: 4796
processing event: VehicleArriveIntersectionEvent, vehicle_id: 7, road_id: 1000000000000000243 id: 4637 at time: 3443.26
Processed event: VehicleArriveIntersectionEvent, vehicle_id: 7, road_id: 1000000000000000243 id: 4637
processing event: VehicleDepartureEvent, vehicle_id: 14, road_id: 1000000000000000235, offset: 347.360000 id: 4787 at time: 3443.91
Processed event: VehicleDepartureEvent, vehicle_id: 14, road_id: 1000000000000000235, offset: 347.360000 id: 4787
processing event: VehicleEnterNewRoadEvent, vehicle_id: 7, road_id: 1000000000000000244 id: 4797 at time: 3445.06
Processed event: VehicleEnterNewRoadEvent, vehicle_id: 7, road_id: 1000000000000000244 id: 4797
processing event: VehicleDepartureEvent, vehicle_id: 7, road_id: 1000000000000000244, offset: 0.000000 id: 4799 at time: 3445.06
Processed event: VehicleDepartureEvent, vehicle_id: 7, road_id: 1000000000000000244, offset: 0.000000 id: 4799
processing event: VehicleDepartureEvent, vehicle_id: 18, road_id: 1000000000000000339, offset: 64.970000 id: 4794 at time: 3445.78
Processed event: VehicleDepartureEvent, vehicle_id: 18, road_id: 1000000000000000339, offset: 64.970000 id: 4794
processing event: VehicleArriveIntersectionEvent, vehicle_id: 20, road_id: 1000000000000001048 id: 4737 at time: 3449.27
Processed event: VehicleArriveIntersectionEvent, vehicle_id: 20, road_id: 1000000000000001048 id: 4737
Simulator::runFor: now_ = 3449.27 target = 3450
[progress] simulator time = 3450 / 3600
processing event: VehicleArriveIntersectionEvent, vehicle_id: 11, road_id: 1000000000000000482 id: 4615 at time: 3450.26
Processed event: VehicleArriveIntersectionEvent, vehicle_id: 11, road_id: 1000000000000000482 id: 4615
processing event: VehicleArriveIntersectionEvent, vehicle_id: 13, road_id: 1000000000000000690 id: 4783 at time: 3450.41
Processed event: VehicleArriveIntersectionEvent, vehicle_id: 13, road_id: 1000000000000000690 id: 4783
processing event: BusArrivalEvent, vehicle_id: 2, stop_id: 81 id: 4724 at time: 3450.66
Processed event: BusArrivalEvent, vehicle_id: 2, stop_id: 81 id: 4724
processing event: PassengerOnboardEvent, passenger_id: 72 id: 4805 at time: 3450.66
Processed event: PassengerOnboardEvent, passenger_id: 72 id: 4805
processing event: PassengerRouteStartEvent, passenger_id: 86, route_id: 1 id: 85 at time: 3451
Processed event: PassengerRouteStartEvent, passenger_id: 86, route_id: 1 id: 85
processing event: OrderCreatedEvent, order_id: 86, available_pickups: 236 , available_dropoffs: 104 , passenger_id: 86, route_id: 1, passenger_num: 0 id: 4807 at time: 3451
Processed event: OrderCreatedEvent, order_id: 86, available_pickups: 236 , available_dropoffs: 104 , passenger_id: 86, route_id: 1, passenger_num: 2 id: 4807
processing event: VehicleEnterNewRoadEvent, vehicle_id: 20, road_id: 1000000000000001047 id: 4802 at time: 3451.07
Processed event: VehicleEnterNewRoadEvent, vehicle_id: 20, road_id: 1000000000000001047 id: 4802
processing event: VehicleDepartureEvent, vehicle_id: 20, road_id: 1000000000000001047, offset: 0.000000 id: 4808 at time: 3451.07
Processed event: VehicleDepartureEvent, vehicle_id: 20, road_id: 1000000000000001047, offset: 0.000000 id: 4808
Event is not valid: VehicleArriveIntersectionEvent, vehicle_id: 5, road_id: 1000000000000000193 id: 4718 at time: 3451.97
processing event: VehicleArriveIntersectionEvent, vehicle_id: 5, road_id: 1000000000000000193 id: 4791 at time: 3451.97
Processed event: VehicleArriveIntersectionEvent, vehicle_id: 5, road_id: 1000000000000000193 id: 4791
processing event: VehicleArriveIntersectionEvent, vehicle_id: 12, road_id: 1000000000000000383 id: 4729 at time: 3452.01
Processed event: VehicleArriveIntersectionEvent, vehicle_id: 12, road_id: 1000000000000000383 id: 4729
processing event: VehicleEnterNewRoadEvent, vehicle_id: 11, road_id: 1000000000000000190 id: 4803 at time: 3452.06
Processed event: VehicleEnterNewRoadEvent, vehicle_id: 11, road_id: 1000000000000000190 id: 4803
processing event: VehicleDepartureEvent, vehicle_id: 11, road_id: 1000000000000000190, offset: 0.000000 id: 4812 at time: 3452.06
Processed event: VehicleDepartureEvent, vehicle_id: 11, road_id: 1000000000000000190, offset: 0.000000 id: 4812
processing event: VehicleEnterNewRoadEvent, vehicle_id: 13, road_id: 1000000000000000692 id: 4804 at time: 3452.21
Processed event: VehicleEnterNewRoadEvent, vehicle_id: 13, road_id: 1000000000000000692 id: 4804
processing event: VehicleDepartureEvent, vehicle_id: 13, road_id: 1000000000000000692, offset: 0.000000 id: 4814 at time: 3452.21
Processed event: VehicleDepartureEvent, vehicle_id: 13, road_id: 1000000000000000692, offset: 0.000000 id: 4814
processing event: VehicleArriveIntersectionEvent, vehicle_id: 3, road_id: 1000000000000000347 id: 4774 at time: 3452.77
Processed event: VehicleArriveIntersectionEvent, vehicle_id: 3, road_id: 1000000000000000347 id: 4774
processing event: VehicleArriveIntersectionEvent, vehicle_id: 8, road_id: 1000000000000000668 id: 4739 at time: 3453.54
Processed event: VehicleArriveIntersectionEvent, vehicle_id: 8, road_id: 1000000000000000668 id: 4739
processing event: VehicleEnterNewRoadEvent, vehicle_id: 5, road_id: 1000000000000000334 id: 4810 at time: 3453.77
Processed event: VehicleEnterNewRoadEvent, vehicle_id: 5, road_id: 1000000000000000334 id: 4810
processing event: VehicleDepartureEvent, vehicle_id: 5, road_id: 1000000000000000334, offset: 0.000000 id: 4818 at time: 3453.77
Processed event: VehicleDepartureEvent, vehicle_id: 5, road_id: 1000000000000000334, offset: 0.000000 id: 4818
processing event: VehicleEnterNewRoadEvent, vehicle_id: 12, road_id: 1000000000000000430 id: 4811 at time: 3453.81
Processed event: VehicleEnterNewRoadEvent, vehicle_id: 12, road_id: 1000000000000000430 id: 4811
processing event: VehicleDepartureEvent, vehicle_id: 12, road_id: 1000000000000000430, offset: 0.000000 id: 4820 at time: 3453.81
Processed event: VehicleDepartureEvent, vehicle_id: 12, road_id: 1000000000000000430, offset: 0.000000 id: 4820
processing event: VehicleEnterNewRoadEvent, vehicle_id: 3, road_id: 1000000000000000077 id: 4816 at time: 3454.57
Processed event: VehicleEnterNewRoadEvent, vehicle_id: 3, road_id: 1000000000000000077 id: 4816
processing event: VehicleDepartureEvent, vehicle_id: 3, road_id: 1000000000000000077, offset: 0.000000 id: 4822 at time: 3454.57
Processed event: VehicleDepartureEvent, vehicle_id: 3, road_id: 1000000000000000077, offset: 0.000000 id: 4822
processing event: VehicleArriveIntersectionEvent, vehicle_id: 1, road_id: 1000000000000000178 id: 4777 at time: 3454.89
Processed event: VehicleArriveIntersectionEvent, vehicle_id: 1, road_id: 1000000000000000178 id: 4777
processing event: VehicleEnterNewRoadEvent, vehicle_id: 8, road_id: 1000000000000000103 id: 4817 at time: 3455.34
Processed event: VehicleEnterNewRoadEvent, vehicle_id: 8, road_id: 1000000000000000103 id: 4817
processing event: VehicleDepartureEvent, vehicle_id: 8, road_id: 1000000000000000103, offset: 0.000000 id: 4825 at time: 3455.34
Processed event: VehicleDepartureEvent, vehicle_id: 8, road_id: 1000000000000000103, offset: 0.000000 id: 4825
processing event: VehicleDepartureEvent, vehicle_id: 2, road_id: 1000000000000000498, offset: 318.990000 id: 4806 at time: 3455.66
Processed event: VehicleDepartureEvent, vehicle_id: 2, road_id: 1000000000000000498, offset: 318.990000 id: 4806
processing event: VehicleEnterNewRoadEvent, vehicle_id: 1, road_id: 1000000000000000179 id: 4824 at time: 3456.69
Processed event: VehicleEnterNewRoadEvent, vehicle_id: 1, road_id: 1000000000000000179 id: 4824
processing event: VehicleDepartureEvent, vehicle_id: 1, road_id: 1000000000000000179, offset: 0.000000 id: 4828 at time: 3456.69
Processed event: VehicleDepartureEvent, vehicle_id: 1, road_id: 1000000000000000179, offset: 0.000000 id: 4828
processing event: VehicleArriveIntersectionEvent, vehicle_id: 5, road_id: 1000000000000000334 id: 4819 at time: 3458.45
Processed event: VehicleArriveIntersectionEvent, vehicle_id: 5, road_id: 1000000000000000334 id: 4819
processing event: VehicleArriveIntersectionEvent, vehicle_id: 14, road_id: 1000000000000000235 id: 4798 at time: 3458.97
Processed event: VehicleArriveIntersectionEvent, vehicle_id: 14, road_id: 1000000000000000235 id: 4798
processing event: VehicleArriveIntersectionEvent, vehicle_id: 16, road_id: 1000000000000000322 id: 4767 at time: 3459.55
Processed event: VehicleArriveIntersectionEvent, vehicle_id: 16, road_id: 1000000000000000322 id: 4767
processing event: VehicleArriveIntersectionEvent, vehicle_id: 4, road_id: 1000000000000001092 id: 4769 at time: 3459.76
Processed event: VehicleArriveIntersectionEvent, vehicle_id: 4, road_id: 1000000000000001092 id: 4769
Simulator::runFor: now_ = 3459.76 target = 3460
[progress] simulator time = 3460 / 3600
processing event: OrderMatchedEvent, order_id: 86, vehicle_id: 7 id: 4834 at time: 3460
Processed event: OrderMatchedEvent, order_id: 86, vehicle_id: 7 id: 4834
processing event: PassengerArrivalEvent, passenger_id: 86 id: 4836 at time: 3460
Processed event: PassengerArrivalEvent, passenger_id: 86 id: 4836
processing event: VehicleEnterNewRoadEvent, vehicle_id: 5, road_id: 1000000000000000089 id: 4830 at time: 3460.25
Processed event: VehicleEnterNewRoadEvent, vehicle_id: 5, road_id: 1000000000000000089 id: 4830
processing event: VehicleDepartureEvent, vehicle_id: 5, road_id: 1000000000000000089, offset: 0.000000 id: 4837 at time: 3460.25
Processed event: VehicleDepartureEvent, vehicle_id: 5, road_id: 1000000000000000089, offset: 0.000000 id: 4837
processing event: VehicleEnterNewRoadEvent, vehicle_id: 14, road_id: 1000000000000000018 id: 4831 at time: 3460.77
Processed event: VehicleEnterNewRoadEvent, vehicle_id: 14, road_id: 1000000000000000018 id: 4831
processing event: VehicleDepartureEvent, vehicle_id: 14, road_id: 1000000000000000018, offset: 0.000000 id: 4839 at time: 3460.77
Processed event: VehicleDepartureEvent, vehicle_id: 14, road_id: 1000000000000000018, offset: 0.000000 id: 4839
processing event: VehicleEnterNewRoadEvent, vehicle_id: 16, road_id: 1000000000000000098 id: 4832 at time: 3461.35
Processed event: VehicleEnterNewRoadEvent, vehicle_id: 16, road_id: 1000000000000000098 id: 4832
processing event: VehicleDepartureEvent, vehicle_id: 16, road_id: 1000000000000000098, offset: 0.000000 id: 4841 at time: 3461.35
Processed event: VehicleDepartureEvent, vehicle_id: 16, road_id: 1000000000000000098, offset: 0.000000 id: 4841
processing event: VehicleEnterNewRoadEvent, vehicle_id: 4, road_id: 1000000000000001091 id: 4833 at time: 3461.56
Processed event: VehicleEnterNewRoadEvent, vehicle_id: 4, road_id: 1000000000000001091 id: 4833
processing event: VehicleDepartureEvent, vehicle_id: 4, road_id: 1000000000000001091, offset: 0.000000 id: 4843 at time: 3461.56
Processed event: VehicleDepartureEvent, vehicle_id: 4, road_id: 1000000000000001091, offset: 0.000000 id: 4843
processing event: VehicleArriveIntersectionEvent, vehicle_id: 6, road_id: 1000000000000000385 id: 4750 at time: 3465.39
Processed event: VehicleArriveIntersectionEvent, vehicle_id: 6, road_id: 1000000000000000385 id: 4750
processing event: VehicleArriveIntersectionEvent, vehicle_id: 13, road_id: 1000000000000000692 id: 4815 at time: 3466.61
Processed event: VehicleArriveIntersectionEvent, vehicle_id: 13, road_id: 1000000000000000692 id: 4815
processing event: VehicleEnterNewRoadEvent, vehicle_id: 6, road_id: 1000000000000000684 id: 4845 at time: 3467.19
Processed event: VehicleEnterNewRoadEvent, vehicle_id: 6, road_id: 1000000000000000684 id: 4845
processing event: VehicleDepartureEvent, vehicle_id: 6, road_id: 1000000000000000684, offset: 0.000000 id: 4847 at time: 3467.19
Processed event: VehicleDepartureEvent, vehicle_id: 6, road_id: 1000000000000000684, offset: 0.000000 id: 4847
processing event: VehicleEnterNewRoadEvent, vehicle_id: 13, road_id: 1000000000000000693 id: 4846 at time: 3468.41
Processed event: VehicleEnterNewRoadEvent, vehicle_id: 13, road_id: 1000000000000000693 id: 4846
processing event: VehicleDepartureEvent, vehicle_id: 13, road_id: 1000000000000000693, offset: 0.000000 id: 4849 at time: 3468.41
Processed event: VehicleDepartureEvent, vehicle_id: 13, road_id: 1000000000000000693, offset: 0.000000 id: 4849
Simulator::runFor: now_ = 3468.41 target = 3470
[progress] simulator time = 3470 / 3600
processing event: VehicleArriveIntersectionEvent, vehicle_id: 15, road_id: 1000000000000000331 id: 4743 at time: 3471.62
Processed event: VehicleArriveIntersectionEvent, vehicle_id: 15, road_id: 1000000000000000331 id: 4743
processing event: VehicleEnterNewRoadEvent, vehicle_id: 15, road_id: 1000000000000000698 id: 4851 at time: 3473.42
Processed event: VehicleEnterNewRoadEvent, vehicle_id: 15, road_id: 1000000000000000698 id: 4851
processing event: VehicleDepartureEvent, vehicle_id: 15, road_id: 1000000000000000698, offset: 0.000000 id: 4852 at time: 3473.42
Processed event: VehicleDepartureEvent, vehicle_id: 15, road_id: 1000000000000000698, offset: 0.000000 id: 4852
processing event: VehicleArriveIntersectionEvent, vehicle_id: 8, road_id: 1000000000000000103 id: 4826 at time: 3476.94
Processed event: VehicleArriveIntersectionEvent, vehicle_id: 8, road_id: 1000000000000000103 id: 4826
processing event: VehicleArriveIntersectionEvent, vehicle_id: 14, road_id: 1000000000000000018 id: 4840 at time: 3476.97
Processed event: VehicleArriveIntersectionEvent, vehicle_id: 14, road_id: 1000000000000000018 id: 4840
processing event: VehicleEnterNewRoadEvent, vehicle_id: 8, road_id: 1000000000000000104 id: 4854 at time: 3478.74
Processed event: VehicleEnterNewRoadEvent, vehicle_id: 8, road_id: 1000000000000000104 id: 4854
processing event: VehicleDepartureEvent, vehicle_id: 8, road_id: 1000000000000000104, offset: 0.000000 id: 4856 at time: 3478.74
Processed event: VehicleDepartureEvent, vehicle_id: 8, road_id: 1000000000000000104, offset: 0.000000 id: 4856
processing event: VehicleEnterNewRoadEvent, vehicle_id: 14, road_id: 1000000000000000019 id: 4855 at time: 3478.77
Processed event: VehicleEnterNewRoadEvent, vehicle_id: 14, road_id: 1000000000000000019 id: 4855
processing event: VehicleDepartureEvent, vehicle_id: 14, road_id: 1000000000000000019, offset: 0.000000 id: 4858 at time: 3478.77
Processed event: VehicleDepartureEvent, vehicle_id: 14, road_id: 1000000000000000019, offset: 0.000000 id: 4858
processing event: VehicleArriveIntersectionEvent, vehicle_id: 13, road_id: 1000000000000000693 id: 4850 at time: 3479.93
Processed event: VehicleArriveIntersectionEvent, vehicle_id: 13, road_id: 1000000000000000693 id: 4850
Simulator::runFor: now_ = 3479.93 target = 3480
[progress] simulator time = 3480 / 3600
processing event: VehicleArriveIntersectionEvent, vehicle_id: 9, road_id: 1000000000000000308 id: 4757 at time: 3480.69
Processed event: VehicleArriveIntersectionEvent, vehicle_id: 9, road_id: 1000000000000000308 id: 4757
processing event: VehicleEnterNewRoadEvent, vehicle_id: 13, road_id: 1000000000000000001 id: 4860 at time: 3481.73
Processed event: VehicleEnterNewRoadEvent, vehicle_id: 13, road_id: 1000000000000000001 id: 4860
processing event: VehicleDepartureEvent, vehicle_id: 13, road_id: 1000000000000000001, offset: 0.000000 id: 4862 at time: 3481.73
Processed event: VehicleDepartureEvent, vehicle_id: 13, road_id: 1000000000000000001, offset: 0.000000 id: 4862
processing event: PassengerRouteStartEvent, passenger_id: 87, route_id: 1 id: 86 at time: 3482
Processed event: PassengerRouteStartEvent, passenger_id: 87, route_id: 1 id: 86
processing event: OrderCreatedEvent, order_id: 87, available_pickups: 91 , available_dropoffs: 294 , passenger_id: 87, route_id: 1, passenger_num: 0 id: 4864 at time: 3482
Processed event: OrderCreatedEvent, order_id: 87, available_pickups: 91 , available_dropoffs: 294 , passenger_id: 87, route_id: 1, passenger_num: 3 id: 4864
processing event: VehicleEnterNewRoadEvent, vehicle_id: 9, road_id: 1000000000000000309 id: 4861 at time: 3482.5
Processed event: VehicleEnterNewRoadEvent, vehicle_id: 9, road_id: 1000000000000000309 id: 4861
processing event: VehicleDepartureEvent, vehicle_id: 9, road_id: 1000000000000000309, offset: 0.000000 id: 4865 at time: 3482.5
Processed event: VehicleDepartureEvent, vehicle_id: 9, road_id: 1000000000000000309, offset: 0.000000 id: 4865
Simulator::runFor: now_ = 3482.5 target = 3490
[progress] simulator time = 3490 / 3600
processing event: OrderMatchedEvent, order_id: 87, vehicle_id: 17 id: 4867 at time: 3490
Processed event: OrderMatchedEvent, order_id: 87, vehicle_id: 17 id: 4867
processing event: PassengerArrivalEvent, passenger_id: 87 id: 4869 at time: 3490
Processed event: PassengerArrivalEvent, passenger_id: 87 id: 4869
processing event: VehicleArriveIntersectionEvent, vehicle_id: 11, road_id: 1000000000000000190 id: 4813 at time: 3490.41
Processed event: VehicleArriveIntersectionEvent, vehicle_id: 11, road_id: 1000000000000000190 id: 4813
processing event: VehicleArriveIntersectionEvent, vehicle_id: 15, road_id: 1000000000000000698 id: 4853 at time: 3491.07
Processed event: VehicleArriveIntersectionEvent, vehicle_id: 15, road_id: 1000000000000000698 id: 4853
processing event: VehicleEnterNewRoadEvent, vehicle_id: 11, road_id: 1000000000000000191 id: 4870 at time: 3492.21
Processed event: VehicleEnterNewRoadEvent, vehicle_id: 11, road_id: 1000000000000000191 id: 4870
processing event: VehicleDepartureEvent, vehicle_id: 11, road_id: 1000000000000000191, offset: 0.000000 id: 4872 at time: 3492.21
Processed event: VehicleDepartureEvent, vehicle_id: 11, road_id: 1000000000000000191, offset: 0.000000 id: 4872
processing event: VehicleArriveIntersectionEvent, vehicle_id: 10, road_id: 1000000000000000144 id: 4753 at time: 3492.34
Processed event: VehicleArriveIntersectionEvent, vehicle_id: 10, road_id: 1000000000000000144 id: 4753
processing event: VehicleEnterNewRoadEvent, vehicle_id: 15, road_id: 1000000000000000699 id: 4871 at time: 3492.87
Processed event: VehicleEnterNewRoadEvent, vehicle_id: 15, road_id: 1000000000000000699 id: 4871
processing event: VehicleDepartureEvent, vehicle_id: 15, road_id: 1000000000000000699, offset: 0.000000 id: 4875 at time: 3492.87
Processed event: VehicleDepartureEvent, vehicle_id: 15, road_id: 1000000000000000699, offset: 0.000000 id: 4875
processing event: VehicleEnterNewRoadEvent, vehicle_id: 10, road_id: 1000000000000000308 id: 4874 at time: 3494.14
Processed event: VehicleEnterNewRoadEvent, vehicle_id: 10, road_id: 1000000000000000308 id: 4874
processing event: VehicleDepartureEvent, vehicle_id: 10, road_id: 1000000000000000308, offset: 0.000000 id: 4877 at time: 3494.14
Processed event: VehicleDepartureEvent, vehicle_id: 10, road_id: 1000000000000000308, offset: 0.000000 id: 4877
processing event: VehicleArriveIntersectionEvent, vehicle_id: 3, road_id: 1000000000000000077 id: 4823 at time: 3498.14
Processed event: VehicleArriveIntersectionEvent, vehicle_id: 3, road_id: 1000000000000000077 id: 4823
processing event: VehicleArriveIntersectionEvent, vehicle_id: 6, road_id: 1000000000000000684 id: 4848 at time: 3499.59
Processed event: VehicleArriveIntersectionEvent, vehicle_id: 6, road_id: 1000000000000000684 id: 4848
processing event: VehicleEnterNewRoadEvent, vehicle_id: 3, road_id: 1000000000000000127 id: 4879 at time: 3499.94
Processed event: VehicleEnterNewRoadEvent, vehicle_id: 3, road_id: 1000000000000000127 id: 4879
processing event: VehicleDepartureEvent, vehicle_id: 3, road_id: 1000000000000000127, offset: 0.000000 id: 4881 at time: 3499.94
Processed event: VehicleDepartureEvent, vehicle_id: 3, road_id: 1000000000000000127, offset: 0.000000 id: 4881
Simulator::runFor: now_ = 3499.94 target = 3500
[progress] simulator time = 3500 / 3600
processing event: VehicleEnterNewRoadEvent, vehicle_id: 6, road_id: 1000000000000000685 id: 4880 at time: 3501.39
Processed event: VehicleEnterNewRoadEvent, vehicle_id: 6, road_id: 1000000000000000685 id: 4880
processing event: VehicleDepartureEvent, vehicle_id: 6, road_id: 1000000000000000685, offset: 0.000000 id: 4883 at time: 3501.39
Processed event: VehicleDepartureEvent, vehicle_id: 6, road_id: 1000000000000000685, offset: 0.000000 id: 4883
processing event: VehicleArriveIntersectionEvent, vehicle_id: 15, road_id: 1000000000000000699 id: 4876 at time: 3503.13
Processed event: VehicleArriveIntersectionEvent, vehicle_id: 15, road_id: 1000000000000000699 id: 4876
Event is not valid: VehicleArriveIntersectionEvent, vehicle_id: 7, road_id: 1000000000000000244 id: 4800 at time: 3503.93
processing event: VehicleArriveIntersectionEvent, vehicle_id: 7, road_id: 1000000000000000244 id: 4835 at time: 3503.93
Processed event: VehicleArriveIntersectionEvent, vehicle_id: 7, road_id: 1000000000000000244 id: 4835
processing event: VehicleArriveIntersectionEvent, vehicle_id: 14, road_id: 1000000000000000019 id: 4859 at time: 3504.33
Processed event: VehicleArriveIntersectionEvent, vehicle_id: 14, road_id: 1000000000000000019 id: 4859
processing event: VehicleEnterNewRoadEvent, vehicle_id: 15, road_id: 1000000000000000051 id: 4885 at time: 3504.93
Processed event: VehicleEnterNewRoadEvent, vehicle_id: 15, road_id: 1000000000000000051 id: 4885
processing event: VehicleDepartureEvent, vehicle_id: 15, road_id: 1000000000000000051, offset: 0.000000 id: 4888 at time: 3504.93
Processed event: VehicleDepartureEvent, vehicle_id: 15, road_id: 1000000000000000051, offset: 0.000000 id: 4888
processing event: VehicleArriveIntersectionEvent, vehicle_id: 1, road_id: 1000000000000000179 id: 4829 at time: 3505.12
Processed event: VehicleArriveIntersectionEvent, vehicle_id: 1, road_id: 1000000000000000179 id: 4829
processing event: VehicleArriveIntersectionEvent, vehicle_id: 2, road_id: 1000000000000000498 id: 4827 at time: 3505.17
Processed event: VehicleArriveIntersectionEvent, vehicle_id: 2, road_id: 1000000000000000498 id: 4827
processing event: VehicleEnterNewRoadEvent, vehicle_id: 7, road_id: 1000000000000000245 id: 4886 at time: 3505.73
Processed event: VehicleEnterNewRoadEvent, vehicle_id: 7, road_id: 1000000000000000245 id: 4886
processing event: VehicleDepartureEvent, vehicle_id: 7, road_id: 1000000000000000245, offset: 0.000000 id: 4892 at time: 3505.73
Processed event: VehicleDepartureEvent, vehicle_id: 7, road_id: 1000000000000000245, offset: 0.000000 id: 4892
processing event: VehicleEnterNewRoadEvent, vehicle_id: 14, road_id: 1000000000000000020 id: 4887 at time: 3506.13
Processed event: VehicleEnterNewRoadEvent, vehicle_id: 14, road_id: 1000000000000000020 id: 4887
processing event: VehicleDepartureEvent, vehicle_id: 14, road_id: 1000000000000000020, offset: 0.000000 id: 4894 at time: 3506.13
Processed event: VehicleDepartureEvent, vehicle_id: 14, road_id: 1000000000000000020, offset: 0.000000 id: 4894
Event is not valid: VehicleArriveIntersectionEvent, vehicle_id: 17, road_id: 1000000000000000474 id: 4789 at time: 3506.44
processing event: VehicleArriveIntersectionEvent, vehicle_id: 17, road_id: 1000000000000000474 id: 4868 at time: 3506.44
Processed event: VehicleArriveIntersectionEvent, vehicle_id: 17, road_id: 1000000000000000474 id: 4868
processing event: VehicleEnterNewRoadEvent, vehicle_id: 1, road_id: 1000000000000000187 id: 4890 at time: 3506.92
Processed event: VehicleEnterNewRoadEvent, vehicle_id: 1, road_id: 1000000000000000187 id: 4890
processing event: VehicleDepartureEvent, vehicle_id: 1, road_id: 1000000000000000187, offset: 0.000000 id: 4897 at time: 3506.92
Processed event: VehicleDepartureEvent, vehicle_id: 1, road_id: 1000000000000000187, offset: 0.000000 id: 4897
processing event: VehicleEnterNewRoadEvent, vehicle_id: 2, road_id: 1000000000000000538 id: 4891 at time: 3506.97
Processed event: VehicleEnterNewRoadEvent, vehicle_id: 2, road_id: 1000000000000000538 id: 4891
processing event: VehicleDepartureEvent, vehicle_id: 2, road_id: 1000000000000000538, offset: 0.000000 id: 4899 at time: 3506.97
Processed event: VehicleDepartureEvent, vehicle_id: 2, road_id: 1000000000000000538, offset: 0.000000 id: 4899
processing event: VehicleArriveIntersectionEvent, vehicle_id: 8, road_id: 1000000000000000104 id: 4857 at time: 3507.36
Processed event: VehicleArriveIntersectionEvent, vehicle_id: 8, road_id: 1000000000000000104 id: 4857
processing event: VehicleArriveIntersectionEvent, vehicle_id: 20, road_id: 1000000000000001047 id: 4809 at time: 3508.13
Processed event: VehicleArriveIntersectionEvent, vehicle_id: 20, road_id: 1000000000000001047 id: 4809
processing event: VehicleEnterNewRoadEvent, vehicle_id: 17, road_id: 1000000000000000222 id: 4896 at time: 3508.24
Processed event: VehicleEnterNewRoadEvent, vehicle_id: 17, road_id: 1000000000000000222 id: 4896
processing event: VehicleDepartureEvent, vehicle_id: 17, road_id: 1000000000000000222, offset: 0.000000 id: 4903 at time: 3508.24
Processed event: VehicleDepartureEvent, vehicle_id: 17, road_id: 1000000000000000222, offset: 0.000000 id: 4903
processing event: VehicleArriveIntersectionEvent, vehicle_id: 13, road_id: 1000000000000000001 id: 4863 at time: 3508.73
Processed event: VehicleArriveIntersectionEvent, vehicle_id: 13, road_id: 1000000000000000001 id: 4863
processing event: VehicleEnterNewRoadEvent, vehicle_id: 8, road_id: 1000000000000000105 id: 4901 at time: 3509.16
Processed event: VehicleEnterNewRoadEvent, vehicle_id: 8, road_id: 1000000000000000105 id: 4901
processing event: VehicleDepartureEvent, vehicle_id: 8, road_id: 1000000000000000105, offset: 0.000000 id: 4906 at time: 3509.16
Processed event: VehicleDepartureEvent, vehicle_id: 8, road_id: 1000000000000000105, offset: 0.000000 id: 4906
processing event: VehicleArriveIntersectionEvent, vehicle_id: 16, road_id: 1000000000000000098 id: 4842 at time: 3509.23
Processed event: VehicleArriveIntersectionEvent, vehicle_id: 16, road_id: 1000000000000000098 id: 4842
processing event: VehicleEnterNewRoadEvent, vehicle_id: 20, road_id: 1000000000000001046 id: 4902 at time: 3509.93
Processed event: VehicleEnterNewRoadEvent, vehicle_id: 20, road_id: 1000000000000001046 id: 4902
processing event: VehicleDepartureEvent, vehicle_id: 20, road_id: 1000000000000001046, offset: 0.000000 id: 4909 at time: 3509.93
Processed event: VehicleDepartureEvent, vehicle_id: 20, road_id: 1000000000000001046, offset: 0.000000 id: 4909
Simulator::runFor: now_ = 3509.93 target = 3510
[progress] simulator time = 3510 / 3600
processing event: VehicleEnterNewRoadEvent, vehicle_id: 13, road_id: 1000000000000000002 id: 4905 at time: 3510.53
Processed event: VehicleEnterNewRoadEvent, vehicle_id: 13, road_id: 1000000000000000002 id: 4905
processing event: VehicleDepartureEvent, vehicle_id: 13, road_id: 1000000000000000002, offset: 0.000000 id: 4911 at time: 3510.53
Processed event: VehicleDepartureEvent, vehicle_id: 13, road_id: 1000000000000000002, offset: 0.000000 id: 4911
processing event: VehicleArriveIntersectionEvent, vehicle_id: 6, road_id: 1000000000000000685 id: 4884 at time: 3510.57
Processed event: VehicleArriveIntersectionEvent, vehicle_id: 6, road_id: 1000000000000000685 id: 4884
processing event: VehicleEnterNewRoadEvent, vehicle_id: 16, road_id: 1000000000000001033 id: 4908 at time: 3511.03
Processed event: VehicleEnterNewRoadEvent, vehicle_id: 16, road_id: 1000000000000001033 id: 4908
processing event: VehicleDepartureEvent, vehicle_id: 16, road_id: 1000000000000001033, offset: 0.000000 id: 4914 at time: 3511.03
Processed event: VehicleDepartureEvent, vehicle_id: 16, road_id: 1000000000000001033, offset: 0.000000 id: 4914
processing event: VehicleEnterNewRoadEvent, vehicle_id: 6, road_id: 1000000000000000690 id: 4913 at time: 3512.37
Processed event: VehicleEnterNewRoadEvent, vehicle_id: 6, road_id: 1000000000000000690 id: 4913
processing event: VehicleDepartureEvent, vehicle_id: 6, road_id: 1000000000000000690, offset: 0.000000 id: 4916 at time: 3512.37
Processed event: VehicleDepartureEvent, vehicle_id: 6, road_id: 1000000000000000690, offset: 0.000000 id: 4916
Simulator::runFor: now_ = 3512.37 target = 3520
[progress] simulator time = 3520 / 3600
processing event: VehicleArriveIntersectionEvent, vehicle_id: 4, road_id: 1000000000000001091 id: 4844 at time: 3520.43
Processed event: VehicleArriveIntersectionEvent, vehicle_id: 4, road_id: 1000000000000001091 id: 4844
processing event: VehicleEnterNewRoadEvent, vehicle_id: 4, road_id: 1000000000000000244 id: 4918 at time: 3522.23
Processed event: VehicleEnterNewRoadEvent, vehicle_id: 4, road_id: 1000000000000000244 id: 4918
processing event: VehicleDepartureEvent, vehicle_id: 4, road_id: 1000000000000000244, offset: 0.000000 id: 4919 at time: 3522.23
Processed event: VehicleDepartureEvent, vehicle_id: 4, road_id: 1000000000000000244, offset: 0.000000 id: 4919
processing event: VehicleArriveIntersectionEvent, vehicle_id: 12, road_id: 1000000000000000430 id: 4821 at time: 3527.07
Processed event: VehicleArriveIntersectionEvent, vehicle_id: 12, road_id: 1000000000000000430 id: 4821
processing event: VehicleArriveIntersectionEvent, vehicle_id: 15, road_id: 1000000000000000051 id: 4889 at time: 3527.79
Processed event: VehicleArriveIntersectionEvent, vehicle_id: 15, road_id: 1000000000000000051 id: 4889
processing event: VehicleArriveIntersectionEvent, vehicle_id: 2, road_id: 1000000000000000538 id: 4900 at time: 3528.39
Processed event: VehicleArriveIntersectionEvent, vehicle_id: 2, road_id: 1000000000000000538 id: 4900
processing event: VehicleEnterNewRoadEvent, vehicle_id: 12, road_id: 1000000000000000431 id: 4921 at time: 3528.87
Processed event: VehicleEnterNewRoadEvent, vehicle_id: 12, road_id: 1000000000000000431 id: 4921
processing event: VehicleDepartureEvent, vehicle_id: 12, road_id: 1000000000000000431, offset: 0.000000 id: 4924 at time: 3528.87
Processed event: VehicleDepartureEvent, vehicle_id: 12, road_id: 1000000000000000431, offset: 0.000000 id: 4924
processing event: VehicleEnterNewRoadEvent, vehicle_id: 15, road_id: 1000000000000000339 id: 4922 at time: 3529.59
Processed event: VehicleEnterNewRoadEvent, vehicle_id: 15, road_id: 1000000000000000339 id: 4922
processing event: VehicleDepartureEvent, vehicle_id: 15, road_id: 1000000000000000339, offset: 0.000000 id: 4926 at time: 3529.59
Processed event: VehicleDepartureEvent, vehicle_id: 15, road_id: 1000000000000000339, offset: 0.000000 id: 4926
Simulator::runFor: now_ = 3529.59 target = 3530
[progress] simulator time = 3530 / 3600
processing event: VehicleEnterNewRoadEvent, vehicle_id: 2, road_id: 1000000000000000545 id: 4923 at time: 3530.19
Processed event: VehicleEnterNewRoadEvent, vehicle_id: 2, road_id: 1000000000000000545 id: 4923
processing event: VehicleDepartureEvent, vehicle_id: 2, road_id: 1000000000000000545, offset: 0.000000 id: 4928 at time: 3530.19
Processed event: VehicleDepartureEvent, vehicle_id: 2, road_id: 1000000000000000545, offset: 0.000000 id: 4928
processing event: VehicleArriveIntersectionEvent, vehicle_id: 3, road_id: 1000000000000000127 id: 4882 at time: 3531.44
Processed event: VehicleArriveIntersectionEvent, vehicle_id: 3, road_id: 1000000000000000127 id: 4882
processing event: VehicleArriveIntersectionEvent, vehicle_id: 6, road_id: 1000000000000000690 id: 4917 at time: 3531.46
Processed event: VehicleArriveIntersectionEvent, vehicle_id: 6, road_id: 1000000000000000690 id: 4917
processing event: VehicleEnterNewRoadEvent, vehicle_id: 3, road_id: 1000000000000000167 id: 4930 at time: 3533.24
Processed event: VehicleEnterNewRoadEvent, vehicle_id: 3, road_id: 1000000000000000167 id: 4930
processing event: VehicleDepartureEvent, vehicle_id: 3, road_id: 1000000000000000167, offset: 0.000000 id: 4932 at time: 3533.24
Processed event: VehicleDepartureEvent, vehicle_id: 3, road_id: 1000000000000000167, offset: 0.000000 id: 4932
processing event: VehicleEnterNewRoadEvent, vehicle_id: 6, road_id: 1000000000000000692 id: 4931 at time: 3533.26
Processed event: VehicleEnterNewRoadEvent, vehicle_id: 6, road_id: 1000000000000000692 id: 4931
processing event: VehicleDepartureEvent, vehicle_id: 6, road_id: 1000000000000000692, offset: 0.000000 id: 4934 at time: 3533.26
Processed event: VehicleDepartureEvent, vehicle_id: 6, road_id: 1000000000000000692, offset: 0.000000 id: 4934
processing event: VehicleArriveIntersectionEvent, vehicle_id: 13, road_id: 1000000000000000002 id: 4912 at time: 3533.4
Processed event: VehicleArriveIntersectionEvent, vehicle_id: 13, road_id: 1000000000000000002 id: 4912
processing event: VehicleArriveIntersectionEvent, vehicle_id: 8, road_id: 1000000000000000105 id: 4907 at time: 3535.09
Processed event: VehicleArriveIntersectionEvent, vehicle_id: 8, road_id: 1000000000000000105 id: 4907
processing event: VehicleEnterNewRoadEvent, vehicle_id: 13, road_id: 1000000000000000024 id: 4936 at time: 3535.2
Processed event: VehicleEnterNewRoadEvent, vehicle_id: 13, road_id: 1000000000000000024 id: 4936
processing event: VehicleDepartureEvent, vehicle_id: 13, road_id: 1000000000000000024, offset: 0.000000 id: 4938 at time: 3535.2
Processed event: VehicleDepartureEvent, vehicle_id: 13, road_id: 1000000000000000024, offset: 0.000000 id: 4938
processing event: VehicleEnterNewRoadEvent, vehicle_id: 8, road_id: 1000000000000000106 id: 4937 at time: 3536.89
Processed event: VehicleEnterNewRoadEvent, vehicle_id: 8, road_id: 1000000000000000106 id: 4937
processing event: VehicleDepartureEvent, vehicle_id: 8, road_id: 1000000000000000106, offset: 0.000000 id: 4940 at time: 3536.89
Processed event: VehicleDepartureEvent, vehicle_id: 8, road_id: 1000000000000000106, offset: 0.000000 id: 4940
processing event: VehicleArriveIntersectionEvent, vehicle_id: 14, road_id: 1000000000000000020 id: 4895 at time: 3537.99
Processed event: VehicleArriveIntersectionEvent, vehicle_id: 14, road_id: 1000000000000000020 id: 4895
processing event: VehicleArriveIntersectionEvent, vehicle_id: 2, road_id: 1000000000000000545 id: 4929 at time: 3539.01
Processed event: VehicleArriveIntersectionEvent, vehicle_id: 2, road_id: 1000000000000000545 id: 4929
processing event: VehicleEnterNewRoadEvent, vehicle_id: 14, road_id: 1000000000000000021 id: 4942 at time: 3539.79
Processed event: VehicleEnterNewRoadEvent, vehicle_id: 14, road_id: 1000000000000000021 id: 4942
processing event: VehicleDepartureEvent, vehicle_id: 14, road_id: 1000000000000000021, offset: 0.000000 id: 4944 at time: 3539.79
Processed event: VehicleDepartureEvent, vehicle_id: 14, road_id: 1000000000000000021, offset: 0.000000 id: 4944
Simulator::runFor: now_ = 3539.79 target = 3540
[progress] simulator time = 3540 / 3600
processing event: VehicleArriveIntersectionEvent, vehicle_id: 20, road_id: 1000000000000001046 id: 4910 at time: 3540.18
Processed event: VehicleArriveIntersectionEvent, vehicle_id: 20, road_id: 1000000000000001046 id: 4910
processing event: VehicleEnterNewRoadEvent, vehicle_id: 2, road_id: 1000000000000000539 id: 4943 at time: 3540.81
Processed event: VehicleEnterNewRoadEvent, vehicle_id: 2, road_id: 1000000000000000539 id: 4943
processing event: VehicleDepartureEvent, vehicle_id: 2, road_id: 1000000000000000539, offset: 0.000000 id: 4947 at time: 3540.81
Processed event: VehicleDepartureEvent, vehicle_id: 2, road_id: 1000000000000000539, offset: 0.000000 id: 4947
processing event: VehicleEnterNewRoadEvent, vehicle_id: 20, road_id: 1000000000000000095 id: 4946 at time: 3541.98
Processed event: VehicleEnterNewRoadEvent, vehicle_id: 20, road_id: 1000000000000000095 id: 4946
processing event: VehicleDepartureEvent, vehicle_id: 20, road_id: 1000000000000000095, offset: 0.000000 id: 4949 at time: 3541.98
Processed event: VehicleDepartureEvent, vehicle_id: 20, road_id: 1000000000000000095, offset: 0.000000 id: 4949
processing event: VehicleArriveIntersectionEvent, vehicle_id: 16, road_id: 1000000000000001033 id: 4915 at time: 3542.9
Processed event: VehicleArriveIntersectionEvent, vehicle_id: 16, road_id: 1000000000000001033 id: 4915
processing event: PassengerRouteStartEvent, passenger_id: 88, route_id: 1 id: 87 at time: 3543
Processed event: PassengerRouteStartEvent, passenger_id: 88, route_id: 1 id: 87
processing event: OrderCreatedEvent, order_id: 88, available_pickups: 244 , available_dropoffs: 84 , passenger_id: 88, route_id: 1, passenger_num: 0 id: 4952 at time: 3543
Processed event: OrderCreatedEvent, order_id: 88, available_pickups: 244 , available_dropoffs: 84 , passenger_id: 88, route_id: 1, passenger_num: 2 id: 4952
processing event: VehicleEnterNewRoadEvent, vehicle_id: 16, road_id: 1000000000000001032 id: 4951 at time: 3544.7
Processed event: VehicleEnterNewRoadEvent, vehicle_id: 16, road_id: 1000000000000001032 id: 4951
processing event: VehicleDepartureEvent, vehicle_id: 16, road_id: 1000000000000001032, offset: 0.000000 id: 4953 at time: 3544.7
Processed event: VehicleDepartureEvent, vehicle_id: 16, road_id: 1000000000000001032, offset: 0.000000 id: 4953
processing event: BusArrivalEvent, vehicle_id: 17, stop_id: 30 id: 4904 at time: 3544.82
Processed event: BusArrivalEvent, vehicle_id: 17, stop_id: 30 id: 4904
processing event: PassengerRouteEndEvent, passenger_id: 32, route_id: 1 id: 4955 at time: 3544.82
Passenger 32 finished all routes
Processed event: PassengerRouteEndEvent, passenger_id: 32, route_id: 1 id: 4955
processing event: PassengerDropoffEvent, passenger_id: 32 id: 4957 at time: 3544.82
Processed event: PassengerDropoffEvent, passenger_id: 32 id: 4957
processing event: OrderFinishedEvent, order_id: 32 id: 4958 at time: 3544.82
Processed event: OrderFinishedEvent, order_id: 32 id: 4958
processing event: VehicleArriveIntersectionEvent, vehicle_id: 7, road_id: 1000000000000000245 id: 4893 at time: 3545.87
Processed event: VehicleArriveIntersectionEvent, vehicle_id: 7, road_id: 1000000000000000245 id: 4893
processing event: VehicleArriveIntersectionEvent, vehicle_id: 6, road_id: 1000000000000000692 id: 4935 at time: 3547.66
Processed event: VehicleArriveIntersectionEvent, vehicle_id: 6, road_id: 1000000000000000692 id: 4935
processing event: VehicleEnterNewRoadEvent, vehicle_id: 7, road_id: 1000000000000000037 id: 4959 at time: 3547.68
Processed event: VehicleEnterNewRoadEvent, vehicle_id: 7, road_id: 1000000000000000037 id: 4959
processing event: VehicleDepartureEvent, vehicle_id: 7, road_id: 1000000000000000037, offset: 0.000000 id: 4961 at time: 3547.68
Processed event: VehicleDepartureEvent, vehicle_id: 7, road_id: 1000000000000000037, offset: 0.000000 id: 4961
processing event: VehicleArriveIntersectionEvent, vehicle_id: 11, road_id: 1000000000000000191 id: 4873 at time: 3548.37
Processed event: VehicleArriveIntersectionEvent, vehicle_id: 11, road_id: 1000000000000000191 id: 4873
processing event: VehicleEnterNewRoadEvent, vehicle_id: 6, road_id: 1000000000000000693 id: 4960 at time: 3549.46
Processed event: VehicleEnterNewRoadEvent, vehicle_id: 6, road_id: 1000000000000000693 id: 4960
processing event: VehicleDepartureEvent, vehicle_id: 6, road_id: 1000000000000000693, offset: 0.000000 id: 4964 at time: 3549.46
Processed event: VehicleDepartureEvent, vehicle_id: 6, road_id: 1000000000000000693, offset: 0.000000 id: 4964
processing event: VehicleDepartureEvent, vehicle_id: 17, road_id: 1000000000000000222, offset: 203.180000 id: 4956 at time: 3549.82
Processed event: VehicleDepartureEvent, vehicle_id: 17, road_id: 1000000000000000222, offset: 203.180000 id: 4956
Simulator::runFor: now_ = 3549.82 target = 3550
[progress] simulator time = 3550 / 3600
processing event: OrderMatchedEvent, order_id: 88, vehicle_id: 3 id: 4967 at time: 3550
Processed event: OrderMatchedEvent, order_id: 88, vehicle_id: 3 id: 4967
processing event: PassengerArrivalEvent, passenger_id: 88 id: 4969 at time: 3550
Processed event: PassengerArrivalEvent, passenger_id: 88 id: 4969
processing event: VehicleEnterNewRoadEvent, vehicle_id: 11, road_id: 1000000000000000192 id: 4963 at time: 3550.17
Processed event: VehicleEnterNewRoadEvent, vehicle_id: 11, road_id: 1000000000000000192 id: 4963
processing event: VehicleDepartureEvent, vehicle_id: 11, road_id: 1000000000000000192, offset: 0.000000 id: 4970 at time: 3550.17
Processed event: VehicleDepartureEvent, vehicle_id: 11, road_id: 1000000000000000192, offset: 0.000000 id: 4970
processing event: PassengerRouteStartEvent, passenger_id: 89, route_id: 1 id: 88 at time: 3551
Processed event: PassengerRouteStartEvent, passenger_id: 89, route_id: 1 id: 88
processing event: OrderCreatedEvent, order_id: 89, available_pickups: 57 , available_dropoffs: 196 , passenger_id: 89, route_id: 1, passenger_num: 0 id: 4972 at time: 3551
Processed event: OrderCreatedEvent, order_id: 89, available_pickups: 57 , available_dropoffs: 196 , passenger_id: 89, route_id: 1, passenger_num: 3 id: 4972
processing event: BusArrivalEvent, vehicle_id: 20, stop_id: 264 id: 4950 at time: 3552.56
Processed event: BusArrivalEvent, vehicle_id: 20, stop_id: 264 id: 4950
processing event: PassengerRouteEndEvent, passenger_id: 51, route_id: 1 id: 4973 at time: 3552.56
Passenger 51 finished all routes
Processed event: PassengerRouteEndEvent, passenger_id: 51, route_id: 1 id: 4973
processing event: PassengerDropoffEvent, passenger_id: 51 id: 4975 at time: 3552.56
Processed event: PassengerDropoffEvent, passenger_id: 51 id: 4975
processing event: OrderFinishedEvent, order_id: 51 id: 4976 at time: 3552.56
Processed event: OrderFinishedEvent, order_id: 51 id: 4976
processing event: VehicleArriveIntersectionEvent, vehicle_id: 5, road_id: 1000000000000000089 id: 4838 at time: 3553.68
Processed event: VehicleArriveIntersectionEvent, vehicle_id: 5, road_id: 1000000000000000089 id: 4838
processing event: VehicleEnterNewRoadEvent, vehicle_id: 5, road_id: 1000000000000000090 id: 4977 at time: 3555.48
Processed event: VehicleEnterNewRoadEvent, vehicle_id: 5, road_id: 1000000000000000090 id: 4977
processing event: VehicleDepartureEvent, vehicle_id: 5, road_id: 1000000000000000090, offset: 0.000000 id: 4978 at time: 3555.48
Processed event: VehicleDepartureEvent, vehicle_id: 5, road_id: 1000000000000000090, offset: 0.000000 id: 4978
processing event: VehicleDepartureEvent, vehicle_id: 20, road_id: 1000000000000000095, offset: 58.820000 id: 4974 at time: 3557.56
Processed event: VehicleDepartureEvent, vehicle_id: 20, road_id: 1000000000000000095, offset: 58.820000 id: 4974
Event is not valid: VehicleArriveIntersectionEvent, vehicle_id: 3, road_id: 1000000000000000167 id: 4933 at time: 3558.26
processing event: VehicleArriveIntersectionEvent, vehicle_id: 3, road_id: 1000000000000000167 id: 4968 at time: 3558.26
Processed event: VehicleArriveIntersectionEvent, vehicle_id: 3, road_id: 1000000000000000167 id: 4968
Simulator::runFor: now_ = 3558.26 target = 3560
[progress] simulator time = 3560 / 3600
processing event: OrderMatchedEvent, order_id: 89, vehicle_id: 6 id: 4982 at time: 3560
Processed event: OrderMatchedEvent, order_id: 89, vehicle_id: 6 id: 4982
processing event: PassengerArrivalEvent, passenger_id: 89 id: 4984 at time: 3560
Processed event: PassengerArrivalEvent, passenger_id: 89 id: 4984
processing event: VehicleEnterNewRoadEvent, vehicle_id: 3, road_id: 1000000000000000732 id: 4981 at time: 3560.06
Processed event: VehicleEnterNewRoadEvent, vehicle_id: 3, road_id: 1000000000000000732 id: 4981
processing event: VehicleDepartureEvent, vehicle_id: 3, road_id: 1000000000000000732, offset: 0.000000 id: 4985 at time: 3560.06
Processed event: VehicleDepartureEvent, vehicle_id: 3, road_id: 1000000000000000732, offset: 0.000000 id: 4985
processing event: VehicleArriveIntersectionEvent, vehicle_id: 3, road_id: 1000000000000000732 id: 4986 at time: 3560.78
Processed event: VehicleArriveIntersectionEvent, vehicle_id: 3, road_id: 1000000000000000732 id: 4986
processing event: VehicleArriveIntersectionEvent, vehicle_id: 10, road_id: 1000000000000000308 id: 4878 at time: 3560.93
Processed event: VehicleArriveIntersectionEvent, vehicle_id: 10, road_id: 1000000000000000308 id: 4878
Event is not valid: VehicleArriveIntersectionEvent, vehicle_id: 6, road_id: 1000000000000000693 id: 4965 at time: 3560.98
processing event: VehicleArriveIntersectionEvent, vehicle_id: 6, road_id: 1000000000000000693 id: 4983 at time: 3560.98
Processed event: VehicleArriveIntersectionEvent, vehicle_id: 6, road_id: 1000000000000000693 id: 4983
processing event: VehicleEnterNewRoadEvent, vehicle_id: 3, road_id: 1000000000000000733 id: 4987 at time: 3562.58
Processed event: VehicleEnterNewRoadEvent, vehicle_id: 3, road_id: 1000000000000000733 id: 4987
processing event: VehicleDepartureEvent, vehicle_id: 3, road_id: 1000000000000000733, offset: 0.000000 id: 4990 at time: 3562.58
Processed event: VehicleDepartureEvent, vehicle_id: 3, road_id: 1000000000000000733, offset: 0.000000 id: 4990
processing event: VehicleEnterNewRoadEvent, vehicle_id: 10, road_id: 1000000000000000309 id: 4988 at time: 3562.73
Processed event: VehicleEnterNewRoadEvent, vehicle_id: 10, road_id: 1000000000000000309 id: 4988
processing event: VehicleDepartureEvent, vehicle_id: 10, road_id: 1000000000000000309, offset: 0.000000 id: 4992 at time: 3562.73
Processed event: VehicleDepartureEvent, vehicle_id: 10, road_id: 1000000000000000309, offset: 0.000000 id: 4992
processing event: VehicleEnterNewRoadEvent, vehicle_id: 6, road_id: 1000000000000000001 id: 4989 at time: 3562.78
Processed event: VehicleEnterNewRoadEvent, vehicle_id: 6, road_id: 1000000000000000001 id: 4989
processing event: VehicleDepartureEvent, vehicle_id: 6, road_id: 1000000000000000001, offset: 0.000000 id: 4994 at time: 3562.78
Processed event: VehicleDepartureEvent, vehicle_id: 6, road_id: 1000000000000000001, offset: 0.000000 id: 4994
processing event: VehicleArriveIntersectionEvent, vehicle_id: 2, road_id: 1000000000000000539 id: 4948 at time: 3565.48
Processed event: VehicleArriveIntersectionEvent, vehicle_id: 2, road_id: 1000000000000000539 id: 4948
processing event: VehicleArriveIntersectionEvent, vehicle_id: 3, road_id: 1000000000000000733 id: 4991 at time: 3565.82
Processed event: VehicleArriveIntersectionEvent, vehicle_id: 3, road_id: 1000000000000000733 id: 4991
Event is not valid: VehicleArriveIntersectionEvent, vehicle_id: 9, road_id: 1000000000000000309 id: 4866 at time: 3566.74
processing event: VehicleArriveIntersectionEvent, vehicle_id: 9, road_id: 1000000000000000309 id: 4993 at time: 3566.74
Processed event: VehicleArriveIntersectionEvent, vehicle_id: 9, road_id: 1000000000000000309 id: 4993
processing event: VehicleEnterNewRoadEvent, vehicle_id: 2, road_id: 1000000000000000541 id: 4996 at time: 3567.28
Processed event: VehicleEnterNewRoadEvent, vehicle_id: 2, road_id: 1000000000000000541 id: 4996
processing event: VehicleDepartureEvent, vehicle_id: 2, road_id: 1000000000000000541, offset: 0.000000 id: 5000 at time: 3567.28
Processed event: VehicleDepartureEvent, vehicle_id: 2, road_id: 1000000000000000541, offset: 0.000000 id: 5000
processing event: VehicleArriveIntersectionEvent, vehicle_id: 18, road_id: 1000000000000000339 id: 4801 at time: 3567.48
Processed event: VehicleArriveIntersectionEvent, vehicle_id: 18, road_id: 1000000000000000339 id: 4801
processing event: VehicleEnterNewRoadEvent, vehicle_id: 3, road_id: 1000000000000000361 id: 4997 at time: 3567.62
Processed event: VehicleEnterNewRoadEvent, vehicle_id: 3, road_id: 1000000000000000361 id: 4997
processing event: VehicleDepartureEvent, vehicle_id: 3, road_id: 1000000000000000361, offset: 0.000000 id: 5003 at time: 3567.62
Processed event: VehicleDepartureEvent, vehicle_id: 3, road_id: 1000000000000000361, offset: 0.000000 id: 5003
processing event: VehicleEnterNewRoadEvent, vehicle_id: 9, road_id: 1000000000000000005 id: 4998 at time: 3568.54
Processed event: VehicleEnterNewRoadEvent, vehicle_id: 9, road_id: 1000000000000000005 id: 4998
processing event: VehicleDepartureEvent, vehicle_id: 9, road_id: 1000000000000000005, offset: 0.000000 id: 5006 at time: 3568.54
Processed event: VehicleDepartureEvent, vehicle_id: 9, road_id: 1000000000000000005, offset: 0.000000 id: 5006
processing event: VehicleArriveIntersectionEvent, vehicle_id: 8, road_id: 1000000000000000106 id: 4941 at time: 3568.75
Processed event: VehicleArriveIntersectionEvent, vehicle_id: 8, road_id: 1000000000000000106 id: 4941
processing event: VehicleEnterNewRoadEvent, vehicle_id: 18, road_id: 1000000000000000341 id: 5002 at time: 3569.28
Processed event: VehicleEnterNewRoadEvent, vehicle_id: 18, road_id: 1000000000000000341 id: 5002
processing event: VehicleDepartureEvent, vehicle_id: 18, road_id: 1000000000000000341, offset: 0.000000 id: 5009 at time: 3569.28
Processed event: VehicleDepartureEvent, vehicle_id: 18, road_id: 1000000000000000341, offset: 0.000000 id: 5009
Simulator::runFor: now_ = 3569.28 target = 3570
[progress] simulator time = 3570 / 3600
processing event: VehicleArriveIntersectionEvent, vehicle_id: 16, road_id: 1000000000000001032 id: 4954 at time: 3570.26
Processed event: VehicleArriveIntersectionEvent, vehicle_id: 16, road_id: 1000000000000001032 id: 4954
processing event: VehicleEnterNewRoadEvent, vehicle_id: 8, road_id: 1000000000000000420 id: 5008 at time: 3570.55
Processed event: VehicleEnterNewRoadEvent, vehicle_id: 8, road_id: 1000000000000000420 id: 5008
processing event: VehicleDepartureEvent, vehicle_id: 8, road_id: 1000000000000000420, offset: 0.000000 id: 5012 at time: 3570.55
Processed event: VehicleDepartureEvent, vehicle_id: 8, road_id: 1000000000000000420, offset: 0.000000 id: 5012
processing event: BusArrivalEvent, vehicle_id: 4, stop_id: 215 id: 4920 at time: 3571.64
Processed event: BusArrivalEvent, vehicle_id: 4, stop_id: 215 id: 4920
processing event: PassengerOnboardEvent, passenger_id: 39 id: 5014 at time: 3571.64
Processed event: PassengerOnboardEvent, passenger_id: 39 id: 5014
processing event: VehicleEnterNewRoadEvent, vehicle_id: 16, road_id: 1000000000000001031 id: 5011 at time: 3572.06
Processed event: VehicleEnterNewRoadEvent, vehicle_id: 16, road_id: 1000000000000001031 id: 5011
processing event: VehicleDepartureEvent, vehicle_id: 16, road_id: 1000000000000001031, offset: 0.000000 id: 5016 at time: 3572.06
Processed event: VehicleDepartureEvent, vehicle_id: 16, road_id: 1000000000000001031, offset: 0.000000 id: 5016
processing event: VehicleArriveIntersectionEvent, vehicle_id: 12, road_id: 1000000000000000431 id: 4925 at time: 3573.34
Processed event: VehicleArriveIntersectionEvent, vehicle_id: 12, road_id: 1000000000000000431 id: 4925
processing event: VehicleEnterNewRoadEvent, vehicle_id: 12, road_id: 1000000000000000152 id: 5018 at time: 3575.14
Processed event: VehicleEnterNewRoadEvent, vehicle_id: 12, road_id: 1000000000000000152 id: 5018
processing event: VehicleDepartureEvent, vehicle_id: 12, road_id: 1000000000000000152, offset: 0.000000 id: 5019 at time: 3575.14
Processed event: VehicleDepartureEvent, vehicle_id: 12, road_id: 1000000000000000152, offset: 0.000000 id: 5019
processing event: VehicleDepartureEvent, vehicle_id: 4, road_id: 1000000000000000244, offset: 274.500000 id: 5015 at time: 3576.64
Processed event: VehicleDepartureEvent, vehicle_id: 4, road_id: 1000000000000000244, offset: 274.500000 id: 5015
processing event: VehicleArriveIntersectionEvent, vehicle_id: 20, road_id: 1000000000000000095 id: 4980 at time: 3577.22
Processed event: VehicleArriveIntersectionEvent, vehicle_id: 20, road_id: 1000000000000000095 id: 4980
processing event: VehicleEnterNewRoadEvent, vehicle_id: 20, road_id: 1000000000000001046 id: 5022 at time: 3579.02
Processed event: VehicleEnterNewRoadEvent, vehicle_id: 20, road_id: 1000000000000001046 id: 5022
processing event: VehicleDepartureEvent, vehicle_id: 20, road_id: 1000000000000001046, offset: 0.000000 id: 5023 at time: 3579.02
Processed event: VehicleDepartureEvent, vehicle_id: 20, road_id: 1000000000000001046, offset: 0.000000 id: 5023
processing event: VehicleArriveIntersectionEvent, vehicle_id: 14, road_id: 1000000000000000021 id: 4945 at time: 3579.94
Processed event: VehicleArriveIntersectionEvent, vehicle_id: 14, road_id: 1000000000000000021 id: 4945
Simulator::runFor: now_ = 3579.94 target = 3580
[progress] simulator time = 3580 / 3600
processing event: VehicleArriveIntersectionEvent, vehicle_id: 12, road_id: 1000000000000000152 id: 5020 at time: 3581.62
Processed event: VehicleArriveIntersectionEvent, vehicle_id: 12, road_id: 1000000000000000152 id: 5020
processing event: VehicleEnterNewRoadEvent, vehicle_id: 14, road_id: 1000000000000000033 id: 5025 at time: 3581.74
Processed event: VehicleEnterNewRoadEvent, vehicle_id: 14, road_id: 1000000000000000033 id: 5025
processing event: VehicleDepartureEvent, vehicle_id: 14, road_id: 1000000000000000033, offset: 0.000000 id: 5027 at time: 3581.74
Processed event: VehicleDepartureEvent, vehicle_id: 14, road_id: 1000000000000000033, offset: 0.000000 id: 5027
processing event: VehicleEnterNewRoadEvent, vehicle_id: 12, road_id: 1000000000000000159 id: 5026 at time: 3583.42
Processed event: VehicleEnterNewRoadEvent, vehicle_id: 12, road_id: 1000000000000000159 id: 5026
processing event: VehicleDepartureEvent, vehicle_id: 12, road_id: 1000000000000000159, offset: 0.000000 id: 5029 at time: 3583.42
Processed event: VehicleDepartureEvent, vehicle_id: 12, road_id: 1000000000000000159, offset: 0.000000 id: 5029
processing event: VehicleArriveIntersectionEvent, vehicle_id: 2, road_id: 1000000000000000541 id: 5001 at time: 3584.56
Processed event: VehicleArriveIntersectionEvent, vehicle_id: 2, road_id: 1000000000000000541 id: 5001
processing event: VehicleArriveIntersectionEvent, vehicle_id: 12, road_id: 1000000000000000159 id: 5030 at time: 3584.68
Processed event: VehicleArriveIntersectionEvent, vehicle_id: 12, road_id: 1000000000000000159 id: 5030
processing event: VehicleArriveIntersectionEvent, vehicle_id: 4, road_id: 1000000000000000244 id: 5021 at time: 3586.09
Processed event: VehicleArriveIntersectionEvent, vehicle_id: 4, road_id: 1000000000000000244 id: 5021
processing event: VehicleEnterNewRoadEvent, vehicle_id: 2, road_id: 1000000000000000542 id: 5031 at time: 3586.36
Processed event: VehicleEnterNewRoadEvent, vehicle_id: 2, road_id: 1000000000000000542 id: 5031
processing event: VehicleDepartureEvent, vehicle_id: 2, road_id: 1000000000000000542, offset: 0.000000 id: 5034 at time: 3586.36
Processed event: VehicleDepartureEvent, vehicle_id: 2, road_id: 1000000000000000542, offset: 0.000000 id: 5034
processing event: VehicleEnterNewRoadEvent, vehicle_id: 12, road_id: 1000000000000000169 id: 5032 at time: 3586.48
Processed event: VehicleEnterNewRoadEvent, vehicle_id: 12, road_id: 1000000000000000169 id: 5032
processing event: VehicleDepartureEvent, vehicle_id: 12, road_id: 1000000000000000169, offset: 0.000000 id: 5036 at time: 3586.48
Processed event: VehicleDepartureEvent, vehicle_id: 12, road_id: 1000000000000000169, offset: 0.000000 id: 5036
processing event: VehicleEnterNewRoadEvent, vehicle_id: 4, road_id: 1000000000000000095 id: 5033 at time: 3587.89
Processed event: VehicleEnterNewRoadEvent, vehicle_id: 4, road_id: 1000000000000000095 id: 5033
processing event: VehicleDepartureEvent, vehicle_id: 4, road_id: 1000000000000000095, offset: 0.000000 id: 5038 at time: 3587.89
Processed event: VehicleDepartureEvent, vehicle_id: 4, road_id: 1000000000000000095, offset: 0.000000 id: 5038
processing event: VehicleArriveIntersectionEvent, vehicle_id: 16, road_id: 1000000000000001031 id: 5017 at time: 3588.26
Processed event: VehicleArriveIntersectionEvent, vehicle_id: 16, road_id: 1000000000000001031 id: 5017
processing event: VehicleArriveIntersectionEvent, vehicle_id: 6, road_id: 1000000000000000001 id: 4995 at time: 3589.78
Processed event: VehicleArriveIntersectionEvent, vehicle_id: 6, road_id: 1000000000000000001 id: 4995
Simulator::runFor: now_ = 3589.78 target = 3590
[progress] simulator time = 3590 / 3600
processing event: VehicleEnterNewRoadEvent, vehicle_id: 16, road_id: 1000000000000001030 id: 5040 at time: 3590.06
Processed event: VehicleEnterNewRoadEvent, vehicle_id: 16, road_id: 1000000000000001030 id: 5040
processing event: VehicleDepartureEvent, vehicle_id: 16, road_id: 1000000000000001030, offset: 0.000000 id: 5042 at time: 3590.06
Processed event: VehicleDepartureEvent, vehicle_id: 16, road_id: 1000000000000001030, offset: 0.000000 id: 5042
processing event: VehicleArriveIntersectionEvent, vehicle_id: 7, road_id: 1000000000000000037 id: 4962 at time: 3590.16
Processed event: VehicleArriveIntersectionEvent, vehicle_id: 7, road_id: 1000000000000000037 id: 4962
processing event: VehicleEnterNewRoadEvent, vehicle_id: 6, road_id: 1000000000000000002 id: 5041 at time: 3591.58
Processed event: VehicleEnterNewRoadEvent, vehicle_id: 6, road_id: 1000000000000000002 id: 5041
processing event: VehicleDepartureEvent, vehicle_id: 6, road_id: 1000000000000000002, offset: 0.000000 id: 5045 at time: 3591.58
Processed event: VehicleDepartureEvent, vehicle_id: 6, road_id: 1000000000000000002, offset: 0.000000 id: 5045
processing event: VehicleEnterNewRoadEvent, vehicle_id: 7, road_id: 1000000000000000253 id: 5044 at time: 3591.96
Processed event: VehicleEnterNewRoadEvent, vehicle_id: 7, road_id: 1000000000000000253 id: 5044
processing event: VehicleDepartureEvent, vehicle_id: 7, road_id: 1000000000000000253, offset: 0.000000 id: 5047 at time: 3591.96
Processed event: VehicleDepartureEvent, vehicle_id: 7, road_id: 1000000000000000253, offset: 0.000000 id: 5047
processing event: VehicleArriveIntersectionEvent, vehicle_id: 12, road_id: 1000000000000000169 id: 5037 at time: 3592.78
Processed event: VehicleArriveIntersectionEvent, vehicle_id: 12, road_id: 1000000000000000169 id: 5037
processing event: BusArrivalEvent, vehicle_id: 7, stop_id: 59 id: 5048 at time: 3593.12
Processed event: BusArrivalEvent, vehicle_id: 7, stop_id: 59 id: 5048
processing event: PassengerRouteEndEvent, passenger_id: 26, route_id: 1 id: 5050 at time: 3593.12
Passenger 26 finished all routes
Processed event: PassengerRouteEndEvent, passenger_id: 26, route_id: 1 id: 5050
processing event: PassengerDropoffEvent, passenger_id: 26 id: 5052 at time: 3593.12
Processed event: PassengerDropoffEvent, passenger_id: 26 id: 5052
processing event: OrderFinishedEvent, order_id: 26 id: 5053 at time: 3593.12
Processed event: OrderFinishedEvent, order_id: 26 id: 5053
processing event: VehicleEnterNewRoadEvent, vehicle_id: 12, road_id: 1000000000000000199 id: 5049 at time: 3594.58
Processed event: VehicleEnterNewRoadEvent, vehicle_id: 12, road_id: 1000000000000000199 id: 5049
processing event: VehicleDepartureEvent, vehicle_id: 12, road_id: 1000000000000000199, offset: 0.000000 id: 5054 at time: 3594.58
Processed event: VehicleDepartureEvent, vehicle_id: 12, road_id: 1000000000000000199, offset: 0.000000 id: 5054
processing event: VehicleArriveIntersectionEvent, vehicle_id: 3, road_id: 1000000000000000361 id: 5004 at time: 3598.05
Processed event: VehicleArriveIntersectionEvent, vehicle_id: 3, road_id: 1000000000000000361 id: 5004
processing event: VehicleDepartureEvent, vehicle_id: 7, road_id: 1000000000000000253, offset: 6.470000 id: 5051 at time: 3598.12
Processed event: VehicleDepartureEvent, vehicle_id: 7, road_id: 1000000000000000253, offset: 6.470000 id: 5051
processing event: VehicleArriveIntersectionEvent, vehicle_id: 17, road_id: 1000000000000000222 id: 4966 at time: 3598.57
Processed event: VehicleArriveIntersectionEvent, vehicle_id: 17, road_id: 1000000000000000222 id: 4966
processing event: VehicleEnterNewRoadEvent, vehicle_id: 3, road_id: 1000000000000000382 id: 5056 at time: 3599.85
Processed event: VehicleEnterNewRoadEvent, vehicle_id: 3, road_id: 1000000000000000382 id: 5056
processing event: VehicleDepartureEvent, vehicle_id: 3, road_id: 1000000000000000382, offset: 0.000000 id: 5059 at time: 3599.85
Processed event: VehicleDepartureEvent, vehicle_id: 3, road_id: 1000000000000000382, offset: 0.000000 id: 5059
Simulator::runFor: now_ = 3599.85 target = 3600
[progress] simulator time = 3600 / 3600 (done)
Running time: 151682ms
Metrics collection produced 778 passenger records. Provide --metrics_output=path to write results.
