log_path: D:\PythonProject5\logs\simulator\simulation-23-20260817080100-63029a0f
Loading map from D:\PythonProject5\data\linkong_20260817_160059_3edaa8e6_area\map\map_file_b25e67ef171f4772a5658af72f577b73.json
Loading walking links from D:\PythonProject5\data\linkong_20260817_160059_3edaa8e6_area\walk_links\walk_links.json
Loading stops from D:\PythonProject5\data\linkong_20260817_160059_3edaa8e6_area\stops\stop_file_b97051fb6dd049ccb4821e97bc5270a7.json
Loading signal from D:\PythonProject5\data\linkong_20260817_160059_3edaa8e6_area\signals\signal_file_31b1e56f8e2f4968b00f42b0833a2c14.json
Loading walking signals from D:\PythonProject5\data\linkong_20260817_160059_3edaa8e6_area\walk_signals\walk_signals.json
Loading buses from D:\PythonProject5\data\linkong_20260817_160059_3edaa8e6_area\buses\bus_file_432f719171f942a68f8610b0fabc5da5.json
Loading orders from D:\PythonProject5\data\linkong_20260817_160059_3edaa8e6_area\orders\order_file_42f96a4e20eb4523985c490bd43c9cc1.json
Simulator::runFor: now_ = 0 target = 10
[progress] simulator time = 10 / 3600
Simulator::runFor: now_ = 10 target = 20
[progress] simulator time = 20 / 3600
processing event: PassengerRouteStartEvent, passenger_id: 1, route_id: 1 id: 0 at time: 22
Processed event: PassengerRouteStartEvent, passenger_id: 1, route_id: 1 id: 0
processing event: OrderCreatedEvent, order_id: 1, available_pickups: 39 , available_dropoffs: 71 , passenger_id: 1, route_id: 1, passenger_num: 0 id: 453 at time: 22
Processed event: OrderCreatedEvent, order_id: 1, available_pickups: 39 , available_dropoffs: 71 , passenger_id: 1, route_id: 1, passenger_num: 2 id: 453
Simulator::runFor: now_ = 22 target = 30
[progress] simulator time = 30 / 3600
processing event: OrderMatchedEvent, order_id: 1, vehicle_id: 4 id: 454 at time: 30
Processed event: OrderMatchedEvent, order_id: 1, vehicle_id: 4 id: 454
processing event: VehicleDepartureEvent, vehicle_id: 4, road_id: 1000000000000001105, offset: 35.710000 id: 455 at time: 30
Processed event: VehicleDepartureEvent, vehicle_id: 4, road_id: 1000000000000001105, offset: 35.710000 id: 455
processing event: PassengerArrivalEvent, passenger_id: 1 id: 456 at time: 30
Processed event: PassengerArrivalEvent, passenger_id: 1 id: 456
Simulator::runFor: now_ = 30 target = 40
[progress] simulator time = 40 / 3600
processing event: VehicleArriveIntersectionEvent, vehicle_id: 4, road_id: 1000000000000001105 id: 457 at time: 44.6337
Processed event: VehicleArriveIntersectionEvent, vehicle_id: 4, road_id: 1000000000000001105 id: 457
Simulator::runFor: now_ = 44.6337 target = 50
[progress] simulator time = 50 / 3600
Simulator::runFor: now_ = 50 target = 60
[progress] simulator time = 60 / 3600
Simulator::runFor: now_ = 60 target = 70
[progress] simulator time = 70 / 3600
Simulator::runFor: now_ = 70 target = 80
[progress] simulator time = 80 / 3600
processing event: VehicleEnterNewRoadEvent, vehicle_id: 4, road_id: 1000000000000000907 id: 458 at time: 85.2491
Processed event: VehicleEnterNewRoadEvent, vehicle_id: 4, road_id: 1000000000000000907 id: 458
processing event: VehicleDepartureEvent, vehicle_id: 4, road_id: 1000000000000000907, offset: 0.000000 id: 459 at time: 85.2491
Processed event: VehicleDepartureEvent, vehicle_id: 4, road_id: 1000000000000000907, offset: 0.000000 id: 459
Simulator::runFor: now_ = 85.2491 target = 90
[progress] simulator time = 90 / 3600
Simulator::runFor: now_ = 90 target = 100
[progress] simulator time = 100 / 3600
processing event: VehicleArriveIntersectionEvent, vehicle_id: 4, road_id: 1000000000000000907 id: 460 at time: 105.051
Processed event: VehicleArriveIntersectionEvent, vehicle_id: 4, road_id: 1000000000000000907 id: 460
processing event: VehicleEnterNewRoadEvent, vehicle_id: 4, road_id: 1000000000000000908 id: 461 at time: 106.851
Processed event: VehicleEnterNewRoadEvent, vehicle_id: 4, road_id: 1000000000000000908 id: 461
processing event: VehicleDepartureEvent, vehicle_id: 4, road_id: 1000000000000000908, offset: 0.000000 id: 462 at time: 106.851
Processed event: VehicleDepartureEvent, vehicle_id: 4, road_id: 1000000000000000908, offset: 0.000000 id: 462
Simulator::runFor: now_ = 106.851 target = 110
[progress] simulator time = 110 / 3600
processing event: PassengerRouteStartEvent, passenger_id: 2, route_id: 1 id: 1 at time: 117
Processed event: PassengerRouteStartEvent, passenger_id: 2, route_id: 1 id: 1
processing event: OrderCreatedEvent, order_id: 2, available_pickups: 25 , available_dropoffs: 71 , passenger_id: 2, route_id: 1, passenger_num: 0 id: 464 at time: 117
Processed event: OrderCreatedEvent, order_id: 2, available_pickups: 25 , available_dropoffs: 71 , passenger_id: 2, route_id: 1, passenger_num: 1 id: 464
Simulator::runFor: now_ = 117 target = 120
[progress] simulator time = 120 / 3600
processing event: OrderMatchedEvent, order_id: 2, vehicle_id: 10 id: 465 at time: 120
Processed event: OrderMatchedEvent, order_id: 2, vehicle_id: 10 id: 465
processing event: VehicleDepartureEvent, vehicle_id: 10, road_id: 1000000000000000646, offset: 241.550000 id: 466 at time: 120
Processed event: VehicleDepartureEvent, vehicle_id: 10, road_id: 1000000000000000646, offset: 241.550000 id: 466
processing event: PassengerArrivalEvent, passenger_id: 2 id: 467 at time: 120
Processed event: PassengerArrivalEvent, passenger_id: 2 id: 467
Simulator::runFor: now_ = 120 target = 130
[progress] simulator time = 130 / 3600
processing event: VehicleArriveIntersectionEvent, vehicle_id: 10, road_id: 1000000000000000646 id: 468 at time: 130.342
Processed event: VehicleArriveIntersectionEvent, vehicle_id: 10, road_id: 1000000000000000646 id: 468
processing event: VehicleArriveIntersectionEvent, vehicle_id: 4, road_id: 1000000000000000908 id: 463 at time: 131.334
Processed event: VehicleArriveIntersectionEvent, vehicle_id: 4, road_id: 1000000000000000908 id: 463
processing event: VehicleEnterNewRoadEvent, vehicle_id: 10, road_id: 1000000000000001102 id: 469 at time: 132.67
Processed event: VehicleEnterNewRoadEvent, vehicle_id: 10, road_id: 1000000000000001102 id: 469
processing event: VehicleDepartureEvent, vehicle_id: 10, road_id: 1000000000000001102, offset: 0.000000 id: 471 at time: 132.67
Processed event: VehicleDepartureEvent, vehicle_id: 10, road_id: 1000000000000001102, offset: 0.000000 id: 471
Simulator::runFor: now_ = 132.67 target = 140
[progress] simulator time = 140 / 3600
processing event: VehicleEnterNewRoadEvent, vehicle_id: 4, road_id: 1000000000000000181 id: 470 at time: 145.8
Processed event: VehicleEnterNewRoadEvent, vehicle_id: 4, road_id: 1000000000000000181 id: 470
processing event: VehicleDepartureEvent, vehicle_id: 4, road_id: 1000000000000000181, offset: 0.000000 id: 473 at time: 145.8
Processed event: VehicleDepartureEvent, vehicle_id: 4, road_id: 1000000000000000181, offset: 0.000000 id: 473
Simulator::runFor: now_ = 145.8 target = 150
[progress] simulator time = 150 / 3600
Simulator::runFor: now_ = 150 target = 160
[progress] simulator time = 160 / 3600
Simulator::runFor: now_ = 160 target = 170
[progress] simulator time = 170 / 3600
processing event: VehicleArriveIntersectionEvent, vehicle_id: 10, road_id: 1000000000000001102 id: 472 at time: 175.694
Processed event: VehicleArriveIntersectionEvent, vehicle_id: 10, road_id: 1000000000000001102 id: 472
processing event: VehicleArriveIntersectionEvent, vehicle_id: 4, road_id: 1000000000000000181 id: 474 at time: 175.863
Processed event: VehicleArriveIntersectionEvent, vehicle_id: 4, road_id: 1000000000000000181 id: 474
Simulator::runFor: now_ = 175.863 target = 180
[progress] simulator time = 180 / 3600
Simulator::runFor: now_ = 180 target = 190
[progress] simulator time = 190 / 3600
processing event: VehicleEnterNewRoadEvent, vehicle_id: 10, road_id: 1000000000000001385 id: 475 at time: 193.8
Processed event: VehicleEnterNewRoadEvent, vehicle_id: 10, road_id: 1000000000000001385 id: 475
processing event: VehicleDepartureEvent, vehicle_id: 10, road_id: 1000000000000001385, offset: 0.000000 id: 477 at time: 193.8
Processed event: VehicleDepartureEvent, vehicle_id: 10, road_id: 1000000000000001385, offset: 0.000000 id: 477
Simulator::runFor: now_ = 193.8 target = 200
[progress] simulator time = 200 / 3600
processing event: VehicleArriveIntersectionEvent, vehicle_id: 10, road_id: 1000000000000001385 id: 478 at time: 207.482
Processed event: VehicleArriveIntersectionEvent, vehicle_id: 10, road_id: 1000000000000001385 id: 478
processing event: VehicleEnterNewRoadEvent, vehicle_id: 10, road_id: 1000000000000001097 id: 479 at time: 209.282
Processed event: VehicleEnterNewRoadEvent, vehicle_id: 10, road_id: 1000000000000001097 id: 479
processing event: VehicleDepartureEvent, vehicle_id: 10, road_id: 1000000000000001097, offset: 0.000000 id: 480 at time: 209.282
Processed event: VehicleDepartureEvent, vehicle_id: 10, road_id: 1000000000000001097, offset: 0.000000 id: 480
Simulator::runFor: now_ = 209.282 target = 210
[progress] simulator time = 210 / 3600
Simulator::runFor: now_ = 210 target = 220
[progress] simulator time = 220 / 3600
Simulator::runFor: now_ = 220 target = 230
[progress] simulator time = 230 / 3600
Simulator::runFor: now_ = 230 target = 240
[progress] simulator time = 240 / 3600
Simulator::runFor: now_ = 240 target = 250
[progress] simulator time = 250 / 3600
processing event: VehicleEnterNewRoadEvent, vehicle_id: 4, road_id: 1000000000000000183 id: 476 at time: 257.025
Processed event: VehicleEnterNewRoadEvent, vehicle_id: 4, road_id: 1000000000000000183 id: 476
processing event: VehicleDepartureEvent, vehicle_id: 4, road_id: 1000000000000000183, offset: 0.000000 id: 482 at time: 257.025
Processed event: VehicleDepartureEvent, vehicle_id: 4, road_id: 1000000000000000183, offset: 0.000000 id: 482
Simulator::runFor: now_ = 257.025 target = 260
[progress] simulator time = 260 / 3600
processing event: VehicleArriveIntersectionEvent, vehicle_id: 10, road_id: 1000000000000001097 id: 481 at time: 267.248
Processed event: VehicleArriveIntersectionEvent, vehicle_id: 10, road_id: 1000000000000001097 id: 481
processing event: VehicleEnterNewRoadEvent, vehicle_id: 10, road_id: 1000000000000001098 id: 484 at time: 268.247
Processed event: VehicleEnterNewRoadEvent, vehicle_id: 10, road_id: 1000000000000001098 id: 484
processing event: VehicleDepartureEvent, vehicle_id: 10, road_id: 1000000000000001098, offset: 0.000000 id: 485 at time: 268.247
Processed event: VehicleDepartureEvent, vehicle_id: 10, road_id: 1000000000000001098, offset: 0.000000 id: 485
Simulator::runFor: now_ = 268.247 target = 270
[progress] simulator time = 270 / 3600
Simulator::runFor: now_ = 270 target = 280
[progress] simulator time = 280 / 3600
Simulator::runFor: now_ = 280 target = 290
[progress] simulator time = 290 / 3600
Simulator::runFor: now_ = 290 target = 300
[progress] simulator time = 300 / 3600
Simulator::runFor: now_ = 300 target = 310
[progress] simulator time = 310 / 3600
Simulator::runFor: now_ = 310 target = 320
[progress] simulator time = 320 / 3600
Simulator::runFor: now_ = 320 target = 330
[progress] simulator time = 330 / 3600
Simulator::runFor: now_ = 330 target = 340
[progress] simulator time = 340 / 3600
Simulator::runFor: now_ = 340 target = 350
[progress] simulator time = 350 / 3600
Simulator::runFor: now_ = 350 target = 360
[progress] simulator time = 360 / 3600
Simulator::runFor: now_ = 360 target = 370
[progress] simulator time = 370 / 3600
processing event: VehicleArriveIntersectionEvent, vehicle_id: 4, road_id: 1000000000000000183 id: 483 at time: 376.017
Processed event: VehicleArriveIntersectionEvent, vehicle_id: 4, road_id: 1000000000000000183 id: 483
Simulator::runFor: now_ = 376.017 target = 380
[progress] simulator time = 380 / 3600
processing event: VehicleEnterNewRoadEvent, vehicle_id: 4, road_id: 1000000000000001835 id: 487 at time: 380.606
Processed event: VehicleEnterNewRoadEvent, vehicle_id: 4, road_id: 1000000000000001835 id: 487
processing event: VehicleDepartureEvent, vehicle_id: 4, road_id: 1000000000000001835, offset: 0.000000 id: 488 at time: 380.606
Processed event: VehicleDepartureEvent, vehicle_id: 4, road_id: 1000000000000001835, offset: 0.000000 id: 488
processing event: VehicleArriveIntersectionEvent, vehicle_id: 10, road_id: 1000000000000001098 id: 486 at time: 387.059
Processed event: VehicleArriveIntersectionEvent, vehicle_id: 10, road_id: 1000000000000001098 id: 486
Simulator::runFor: now_ = 387.059 target = 390
[progress] simulator time = 390 / 3600
Simulator::runFor: now_ = 390 target = 400
[progress] simulator time = 400 / 3600
processing event: VehicleEnterNewRoadEvent, vehicle_id: 10, road_id: 1000000000000001100 id: 490 at time: 403.673
Processed event: VehicleEnterNewRoadEvent, vehicle_id: 10, road_id: 1000000000000001100 id: 490
processing event: VehicleDepartureEvent, vehicle_id: 10, road_id: 1000000000000001100, offset: 0.000000 id: 491 at time: 403.673
Processed event: VehicleDepartureEvent, vehicle_id: 10, road_id: 1000000000000001100, offset: 0.000000 id: 491
Simulator::runFor: now_ = 403.673 target = 410
[progress] simulator time = 410 / 3600
Simulator::runFor: now_ = 410 target = 420
[progress] simulator time = 420 / 3600
Simulator::runFor: now_ = 420 target = 430
[progress] simulator time = 430 / 3600
processing event: VehicleArriveIntersectionEvent, vehicle_id: 10, road_id: 1000000000000001100 id: 492 at time: 432.836
Processed event: VehicleArriveIntersectionEvent, vehicle_id: 10, road_id: 1000000000000001100 id: 492
processing event: VehicleEnterNewRoadEvent, vehicle_id: 10, road_id: 1000000000000001106 id: 493 at time: 434.636
Processed event: VehicleEnterNewRoadEvent, vehicle_id: 10, road_id: 1000000000000001106 id: 493
processing event: VehicleDepartureEvent, vehicle_id: 10, road_id: 1000000000000001106, offset: 0.000000 id: 494 at time: 434.636
Processed event: VehicleDepartureEvent, vehicle_id: 10, road_id: 1000000000000001106, offset: 0.000000 id: 494
processing event: VehicleArriveIntersectionEvent, vehicle_id: 4, road_id: 1000000000000001835 id: 489 at time: 435.151
Processed event: VehicleArriveIntersectionEvent, vehicle_id: 4, road_id: 1000000000000001835 id: 489
Simulator::runFor: now_ = 435.151 target = 440
[progress] simulator time = 440 / 3600
Simulator::runFor: now_ = 440 target = 450
[progress] simulator time = 450 / 3600
processing event: VehicleArriveIntersectionEvent, vehicle_id: 10, road_id: 1000000000000001106 id: 495 at time: 459.118
Processed event: VehicleArriveIntersectionEvent, vehicle_id: 10, road_id: 1000000000000001106 id: 495
Simulator::runFor: now_ = 459.118 target = 460
[progress] simulator time = 460 / 3600
processing event: VehicleEnterNewRoadEvent, vehicle_id: 10, road_id: 1000000000000001105 id: 497 at time: 460.919
Processed event: VehicleEnterNewRoadEvent, vehicle_id: 10, road_id: 1000000000000001105 id: 497
processing event: VehicleDepartureEvent, vehicle_id: 10, road_id: 1000000000000001105, offset: 0.000000 id: 498 at time: 460.919
Processed event: VehicleDepartureEvent, vehicle_id: 10, road_id: 1000000000000001105, offset: 0.000000 id: 498
Simulator::runFor: now_ = 460.919 target = 470
[progress] simulator time = 470 / 3600
Simulator::runFor: now_ = 470 target = 480
[progress] simulator time = 480 / 3600
processing event: VehicleArriveIntersectionEvent, vehicle_id: 10, road_id: 1000000000000001105 id: 499 at time: 481.981
Processed event: VehicleArriveIntersectionEvent, vehicle_id: 10, road_id: 1000000000000001105 id: 499
Simulator::runFor: now_ = 481.981 target = 490
[progress] simulator time = 490 / 3600
processing event: VehicleEnterNewRoadEvent, vehicle_id: 10, road_id: 1000000000000000252 id: 500 at time: 492.381
Processed event: VehicleEnterNewRoadEvent, vehicle_id: 10, road_id: 1000000000000000252 id: 500
processing event: VehicleDepartureEvent, vehicle_id: 10, road_id: 1000000000000000252, offset: 0.000000 id: 501 at time: 492.381
Processed event: VehicleDepartureEvent, vehicle_id: 10, road_id: 1000000000000000252, offset: 0.000000 id: 501
processing event: VehicleEnterNewRoadEvent, vehicle_id: 4, road_id: 1000000000000000646 id: 496 at time: 498.932
Processed event: VehicleEnterNewRoadEvent, vehicle_id: 4, road_id: 1000000000000000646 id: 496
processing event: VehicleDepartureEvent, vehicle_id: 4, road_id: 1000000000000000646, offset: 0.000000 id: 503 at time: 498.932
Processed event: VehicleDepartureEvent, vehicle_id: 4, road_id: 1000000000000000646, offset: 0.000000 id: 503
Simulator::runFor: now_ = 498.932 target = 500
[progress] simulator time = 500 / 3600
Simulator::runFor: now_ = 500 target = 510
[progress] simulator time = 510 / 3600
Simulator::runFor: now_ = 510 target = 520
[progress] simulator time = 520 / 3600
Simulator::runFor: now_ = 520 target = 530
[progress] simulator time = 530 / 3600
Simulator::runFor: now_ = 530 target = 540
[progress] simulator time = 540 / 3600
processing event: VehicleArriveIntersectionEvent, vehicle_id: 10, road_id: 1000000000000000252 id: 502 at time: 541.346
Processed event: VehicleArriveIntersectionEvent, vehicle_id: 10, road_id: 1000000000000000252 id: 502
Simulator::runFor: now_ = 541.346 target = 550
[progress] simulator time = 550 / 3600
processing event: VehicleArriveIntersectionEvent, vehicle_id: 4, road_id: 1000000000000000646 id: 504 at time: 552.758
Processed event: VehicleArriveIntersectionEvent, vehicle_id: 4, road_id: 1000000000000000646 id: 504
Simulator::runFor: now_ = 552.758 target = 560
[progress] simulator time = 560 / 3600
Simulator::runFor: now_ = 560 target = 570
[progress] simulator time = 570 / 3600
processing event: VehicleEnterNewRoadEvent, vehicle_id: 4, road_id: 1000000000000000648 id: 506 at time: 574.46
Processed event: VehicleEnterNewRoadEvent, vehicle_id: 4, road_id: 1000000000000000648 id: 506
processing event: VehicleDepartureEvent, vehicle_id: 4, road_id: 1000000000000000648, offset: 0.000000 id: 507 at time: 574.46
Processed event: VehicleDepartureEvent, vehicle_id: 4, road_id: 1000000000000000648, offset: 0.000000 id: 507
processing event: VehicleArriveIntersectionEvent, vehicle_id: 4, road_id: 1000000000000000648 id: 508 at time: 576.08
Processed event: VehicleArriveIntersectionEvent, vehicle_id: 4, road_id: 1000000000000000648 id: 508
Simulator::runFor: now_ = 576.08 target = 580
[progress] simulator time = 580 / 3600
Simulator::runFor: now_ = 580 target = 590
[progress] simulator time = 590 / 3600
processing event: VehicleEnterNewRoadEvent, vehicle_id: 10, road_id: 1000000000000001754 id: 505 at time: 597.197
Processed event: VehicleEnterNewRoadEvent, vehicle_id: 10, road_id: 1000000000000001754 id: 505
processing event: VehicleDepartureEvent, vehicle_id: 10, road_id: 1000000000000001754, offset: 0.000000 id: 510 at time: 597.197
Processed event: VehicleDepartureEvent, vehicle_id: 10, road_id: 1000000000000001754, offset: 0.000000 id: 510
Simulator::runFor: now_ = 597.197 target = 600
[progress] simulator time = 600 / 3600
Simulator::runFor: now_ = 600 target = 610
[progress] simulator time = 610 / 3600
processing event: VehicleEnterNewRoadEvent, vehicle_id: 4, road_id: 1000000000000000897 id: 509 at time: 614.01
Processed event: VehicleEnterNewRoadEvent, vehicle_id: 4, road_id: 1000000000000000897 id: 509
processing event: VehicleDepartureEvent, vehicle_id: 4, road_id: 1000000000000000897, offset: 0.000000 id: 512 at time: 614.01
Processed event: VehicleDepartureEvent, vehicle_id: 4, road_id: 1000000000000000897, offset: 0.000000 id: 512
Simulator::runFor: now_ = 614.01 target = 620
[progress] simulator time = 620 / 3600
processing event: VehicleArriveIntersectionEvent, vehicle_id: 4, road_id: 1000000000000000897 id: 513 at time: 620.85
Processed event: VehicleArriveIntersectionEvent, vehicle_id: 4, road_id: 1000000000000000897 id: 513
Simulator::runFor: now_ = 620.85 target = 630
[progress] simulator time = 630 / 3600
Simulator::runFor: now_ = 630 target = 640
[progress] simulator time = 640 / 3600
Simulator::runFor: now_ = 640 target = 650
[progress] simulator time = 650 / 3600
processing event: VehicleEnterNewRoadEvent, vehicle_id: 4, road_id: 1000000000000001789 id: 514 at time: 655.538
Processed event: VehicleEnterNewRoadEvent, vehicle_id: 4, road_id: 1000000000000001789 id: 514
processing event: VehicleDepartureEvent, vehicle_id: 4, road_id: 1000000000000001789, offset: 0.000000 id: 515 at time: 655.538
Processed event: VehicleDepartureEvent, vehicle_id: 4, road_id: 1000000000000001789, offset: 0.000000 id: 515
Simulator::runFor: now_ = 655.538 target = 660
[progress] simulator time = 660 / 3600
Simulator::runFor: now_ = 660 target = 670
[progress] simulator time = 670 / 3600
Simulator::runFor: now_ = 670 target = 680
[progress] simulator time = 680 / 3600
Simulator::runFor: now_ = 680 target = 690
[progress] simulator time = 690 / 3600
processing event: VehicleArriveIntersectionEvent, vehicle_id: 4, road_id: 1000000000000001789 id: 516 at time: 691.901
Processed event: VehicleArriveIntersectionEvent, vehicle_id: 4, road_id: 1000000000000001789 id: 516
processing event: VehicleArriveIntersectionEvent, vehicle_id: 10, road_id: 1000000000000001754 id: 511 at time: 694.227
Processed event: VehicleArriveIntersectionEvent, vehicle_id: 10, road_id: 1000000000000001754 id: 511
Simulator::runFor: now_ = 694.227 target = 700
[progress] simulator time = 700 / 3600
Simulator::runFor: now_ = 700 target = 710
[progress] simulator time = 710 / 3600
Simulator::runFor: now_ = 710 target = 720
[progress] simulator time = 720 / 3600
Simulator::runFor: now_ = 720 target = 730
[progress] simulator time = 730 / 3600
processing event: VehicleEnterNewRoadEvent, vehicle_id: 4, road_id: 1000000000000001795 id: 517 at time: 734.638
Processed event: VehicleEnterNewRoadEvent, vehicle_id: 4, road_id: 1000000000000001795 id: 517
processing event: VehicleDepartureEvent, vehicle_id: 4, road_id: 1000000000000001795, offset: 0.000000 id: 519 at time: 734.638
Processed event: VehicleDepartureEvent, vehicle_id: 4, road_id: 1000000000000001795, offset: 0.000000 id: 519
Simulator::runFor: now_ = 734.638 target = 740
[progress] simulator time = 740 / 3600
Simulator::runFor: now_ = 740 target = 750
[progress] simulator time = 750 / 3600
processing event: VehicleEnterNewRoadEvent, vehicle_id: 10, road_id: 1000000000000000267 id: 518 at time: 752.288
Processed event: VehicleEnterNewRoadEvent, vehicle_id: 10, road_id: 1000000000000000267 id: 518
processing event: VehicleDepartureEvent, vehicle_id: 10, road_id: 1000000000000000267, offset: 0.000000 id: 521 at time: 752.288
Processed event: VehicleDepartureEvent, vehicle_id: 10, road_id: 1000000000000000267, offset: 0.000000 id: 521
Simulator::runFor: now_ = 752.288 target = 760
[progress] simulator time = 760 / 3600
Simulator::runFor: now_ = 760 target = 770
[progress] simulator time = 770 / 3600
Simulator::runFor: now_ = 770 target = 780
[progress] simulator time = 780 / 3600
Simulator::runFor: now_ = 780 target = 790
[progress] simulator time = 790 / 3600
Simulator::runFor: now_ = 790 target = 800
[progress] simulator time = 800 / 3600
processing event: PassengerRouteStartEvent, passenger_id: 3, route_id: 1 id: 2 at time: 803
Processed event: PassengerRouteStartEvent, passenger_id: 3, route_id: 1 id: 2
processing event: OrderCreatedEvent, order_id: 3, available_pickups: 58 83 , available_dropoffs: 71 , passenger_id: 3, route_id: 1, passenger_num: 0 id: 523 at time: 803
Processed event: OrderCreatedEvent, order_id: 3, available_pickups: 58 83 , available_dropoffs: 71 , passenger_id: 3, route_id: 1, passenger_num: 2 id: 523
Simulator::runFor: now_ = 803 target = 810
[progress] simulator time = 810 / 3600
processing event: OrderMatchedEvent, order_id: 3, vehicle_id: 3 id: 524 at time: 810
Processed event: OrderMatchedEvent, order_id: 3, vehicle_id: 3 id: 524
processing event: VehicleDepartureEvent, vehicle_id: 3, road_id: 1000000000000001042, offset: 102.160000 id: 525 at time: 810
Processed event: VehicleDepartureEvent, vehicle_id: 3, road_id: 1000000000000001042, offset: 102.160000 id: 525
processing event: PassengerArrivalEvent, passenger_id: 3 id: 526 at time: 810
Processed event: PassengerArrivalEvent, passenger_id: 3 id: 526
processing event: PassengerRouteStartEvent, passenger_id: 4, route_id: 1 id: 3 at time: 820
Processed event: PassengerRouteStartEvent, passenger_id: 4, route_id: 1 id: 3
processing event: OrderCreatedEvent, order_id: 4, available_pickups: 41 , available_dropoffs: 68 , passenger_id: 4, route_id: 1, passenger_num: 0 id: 528 at time: 820
Processed event: OrderCreatedEvent, order_id: 4, available_pickups: 41 , available_dropoffs: 68 , passenger_id: 4, route_id: 1, passenger_num: 2 id: 528
Simulator::runFor: now_ = 820 target = 820
[progress] simulator time = 820 / 3600
processing event: OrderMatchedEvent, order_id: 4, vehicle_id: 10 id: 529 at time: 820
Processed event: OrderMatchedEvent, order_id: 4, vehicle_id: 10 id: 529
processing event: PassengerArrivalEvent, passenger_id: 4 id: 531 at time: 820
Processed event: PassengerArrivalEvent, passenger_id: 4 id: 531
Event is not valid: BusArrivalEvent, vehicle_id: 10, stop_id: 25 id: 522 at time: 822.942
processing event: BusArrivalEvent, vehicle_id: 10, stop_id: 25 id: 530 at time: 822.942
Processed event: BusArrivalEvent, vehicle_id: 10, stop_id: 25 id: 530
processing event: PassengerOnboardEvent, passenger_id: 2 id: 532 at time: 822.942
Processed event: PassengerOnboardEvent, passenger_id: 2 id: 532
processing event: VehicleArriveIntersectionEvent, vehicle_id: 3, road_id: 1000000000000001042 id: 527 at time: 826.893
Processed event: VehicleArriveIntersectionEvent, vehicle_id: 3, road_id: 1000000000000001042 id: 527
processing event: VehicleDepartureEvent, vehicle_id: 10, road_id: 1000000000000000267, offset: 392.480000 id: 533 at time: 827.942
Processed event: VehicleDepartureEvent, vehicle_id: 10, road_id: 1000000000000000267, offset: 392.480000 id: 533
Simulator::runFor: now_ = 827.942 target = 830
[progress] simulator time = 830 / 3600
processing event: VehicleArriveIntersectionEvent, vehicle_id: 4, road_id: 1000000000000001795 id: 520 at time: 832.748
Processed event: VehicleArriveIntersectionEvent, vehicle_id: 4, road_id: 1000000000000001795 id: 520
processing event: VehicleEnterNewRoadEvent, vehicle_id: 4, road_id: 1000000000000001794 id: 536 at time: 834.548
Processed event: VehicleEnterNewRoadEvent, vehicle_id: 4, road_id: 1000000000000001794 id: 536
processing event: VehicleDepartureEvent, vehicle_id: 4, road_id: 1000000000000001794, offset: 0.000000 id: 537 at time: 834.548
Processed event: VehicleDepartureEvent, vehicle_id: 4, road_id: 1000000000000001794, offset: 0.000000 id: 537
processing event: VehicleEnterNewRoadEvent, vehicle_id: 3, road_id: 1000000000000000628 id: 534 at time: 838.01
Processed event: VehicleEnterNewRoadEvent, vehicle_id: 3, road_id: 1000000000000000628 id: 534
processing event: VehicleDepartureEvent, vehicle_id: 3, road_id: 1000000000000000628, offset: 0.000000 id: 539 at time: 838.01
Processed event: VehicleDepartureEvent, vehicle_id: 3, road_id: 1000000000000000628, offset: 0.000000 id: 539
Simulator::runFor: now_ = 838.01 target = 840
[progress] simulator time = 840 / 3600
Simulator::runFor: now_ = 840 target = 850
[progress] simulator time = 850 / 3600
processing event: VehicleArriveIntersectionEvent, vehicle_id: 10, road_id: 1000000000000000267 id: 535 at time: 854.318
Processed event: VehicleArriveIntersectionEvent, vehicle_id: 10, road_id: 1000000000000000267 id: 535
processing event: VehicleArriveIntersectionEvent, vehicle_id: 3, road_id: 1000000000000000628 id: 540 at time: 856.012
Processed event: VehicleArriveIntersectionEvent, vehicle_id: 3, road_id: 1000000000000000628 id: 540
Simulator::runFor: now_ = 856.012 target = 860
[progress] simulator time = 860 / 3600
processing event: VehicleEnterNewRoadEvent, vehicle_id: 3, road_id: 1000000000000001044 id: 542 at time: 865.8
Processed event: VehicleEnterNewRoadEvent, vehicle_id: 3, road_id: 1000000000000001044 id: 542
processing event: VehicleDepartureEvent, vehicle_id: 3, road_id: 1000000000000001044, offset: 0.000000 id: 543 at time: 865.8
Processed event: VehicleDepartureEvent, vehicle_id: 3, road_id: 1000000000000001044, offset: 0.000000 id: 543
Simulator::runFor: now_ = 865.8 target = 870
[progress] simulator time = 870 / 3600
Simulator::runFor: now_ = 870 target = 880
[progress] simulator time = 880 / 3600
Simulator::runFor: now_ = 880 target = 890
[progress] simulator time = 890 / 3600
processing event: VehicleArriveIntersectionEvent, vehicle_id: 4, road_id: 1000000000000001794 id: 538 at time: 890.893
Processed event: VehicleArriveIntersectionEvent, vehicle_id: 4, road_id: 1000000000000001794 id: 538
processing event: VehicleEnterNewRoadEvent, vehicle_id: 10, road_id: 1000000000000001748 id: 541 at time: 899.649
Processed event: VehicleEnterNewRoadEvent, vehicle_id: 10, road_id: 1000000000000001748 id: 541
processing event: VehicleDepartureEvent, vehicle_id: 10, road_id: 1000000000000001748, offset: 0.000000 id: 546 at time: 899.649
Processed event: VehicleDepartureEvent, vehicle_id: 10, road_id: 1000000000000001748, offset: 0.000000 id: 546
Simulator::runFor: now_ = 899.649 target = 900
[progress] simulator time = 900 / 3600
Simulator::runFor: now_ = 900 target = 910
[progress] simulator time = 910 / 3600
Simulator::runFor: now_ = 910 target = 920
[progress] simulator time = 920 / 3600
Simulator::runFor: now_ = 920 target = 930
[progress] simulator time = 930 / 3600
Simulator::runFor: now_ = 930 target = 940
[progress] simulator time = 940 / 3600
processing event: VehicleArriveIntersectionEvent, vehicle_id: 3, road_id: 1000000000000001044 id: 544 at time: 947.888
Processed event: VehicleArriveIntersectionEvent, vehicle_id: 3, road_id: 1000000000000001044 id: 544
processing event: VehicleArriveIntersectionEvent, vehicle_id: 10, road_id: 1000000000000001748 id: 547 at time: 948.614
Processed event: VehicleArriveIntersectionEvent, vehicle_id: 10, road_id: 1000000000000001748 id: 547
processing event: VehicleEnterNewRoadEvent, vehicle_id: 3, road_id: 1000000000000000682 id: 548 at time: 949.689
Processed event: VehicleEnterNewRoadEvent, vehicle_id: 3, road_id: 1000000000000000682 id: 548
processing event: VehicleDepartureEvent, vehicle_id: 3, road_id: 1000000000000000682, offset: 0.000000 id: 550 at time: 949.689
Processed event: VehicleDepartureEvent, vehicle_id: 3, road_id: 1000000000000000682, offset: 0.000000 id: 550
Simulator::runFor: now_ = 949.689 target = 950
[progress] simulator time = 950 / 3600
processing event: VehicleEnterNewRoadEvent, vehicle_id: 10, road_id: 1000000000000000907 id: 549 at time: 955.198
Processed event: VehicleEnterNewRoadEvent, vehicle_id: 10, road_id: 1000000000000000907 id: 549
processing event: VehicleDepartureEvent, vehicle_id: 10, road_id: 1000000000000000907, offset: 0.000000 id: 552 at time: 955.198
Processed event: VehicleDepartureEvent, vehicle_id: 10, road_id: 1000000000000000907, offset: 0.000000 id: 552
Simulator::runFor: now_ = 955.198 target = 960
[progress] simulator time = 960 / 3600
Simulator::runFor: now_ = 960 target = 970
[progress] simulator time = 970 / 3600
processing event: VehicleEnterNewRoadEvent, vehicle_id: 4, road_id: 1000000000000001793 id: 545 at time: 974.076
Processed event: VehicleEnterNewRoadEvent, vehicle_id: 4, road_id: 1000000000000001793 id: 545
processing event: VehicleDepartureEvent, vehicle_id: 4, road_id: 1000000000000001793, offset: 0.000000 id: 554 at time: 974.076
Processed event: VehicleDepartureEvent, vehicle_id: 4, road_id: 1000000000000001793, offset: 0.000000 id: 554
processing event: VehicleArriveIntersectionEvent, vehicle_id: 10, road_id: 1000000000000000907 id: 553 at time: 975
Processed event: VehicleArriveIntersectionEvent, vehicle_id: 10, road_id: 1000000000000000907 id: 553
processing event: VehicleEnterNewRoadEvent, vehicle_id: 10, road_id: 1000000000000000908 id: 556 at time: 976.8
Processed event: VehicleEnterNewRoadEvent, vehicle_id: 10, road_id: 1000000000000000908 id: 556
processing event: VehicleDepartureEvent, vehicle_id: 10, road_id: 1000000000000000908, offset: 0.000000 id: 557 at time: 976.8
Processed event: VehicleDepartureEvent, vehicle_id: 10, road_id: 1000000000000000908, offset: 0.000000 id: 557
Simulator::runFor: now_ = 976.8 target = 980
[progress] simulator time = 980 / 3600
Simulator::runFor: now_ = 980 target = 990
[progress] simulator time = 990 / 3600
Simulator::runFor: now_ = 990 target = 1000
[progress] simulator time = 1000 / 3600
processing event: VehicleArriveIntersectionEvent, vehicle_id: 10, road_id: 1000000000000000908 id: 558 at time: 1001.28
Processed event: VehicleArriveIntersectionEvent, vehicle_id: 10, road_id: 1000000000000000908 id: 558
processing event: VehicleEnterNewRoadEvent, vehicle_id: 10, road_id: 1000000000000000181 id: 559 at time: 1009.8
Processed event: VehicleEnterNewRoadEvent, vehicle_id: 10, road_id: 1000000000000000181 id: 559
processing event: VehicleDepartureEvent, vehicle_id: 10, road_id: 1000000000000000181, offset: 0.000000 id: 560 at time: 1009.8
Processed event: VehicleDepartureEvent, vehicle_id: 10, road_id: 1000000000000000181, offset: 0.000000 id: 560
Simulator::runFor: now_ = 1009.8 target = 1010
[progress] simulator time = 1010 / 3600
Simulator::runFor: now_ = 1010 target = 1020
[progress] simulator time = 1020 / 3600
processing event: PassengerRouteStartEvent, passenger_id: 5, route_id: 1 id: 4 at time: 1028
Processed event: PassengerRouteStartEvent, passenger_id: 5, route_id: 1 id: 4
processing event: OrderCreatedEvent, order_id: 5, available_pickups: 2 81 , available_dropoffs: 71 , passenger_id: 5, route_id: 1, passenger_num: 0 id: 562 at time: 1028
Processed event: OrderCreatedEvent, order_id: 5, available_pickups: 2 81 , available_dropoffs: 71 , passenger_id: 5, route_id: 1, passenger_num: 2 id: 562
Simulator::runFor: now_ = 1028 target = 1030
[progress] simulator time = 1030 / 3600
processing event: OrderMatchedEvent, order_id: 5, vehicle_id: 10 id: 563 at time: 1030
Processed event: OrderMatchedEvent, order_id: 5, vehicle_id: 10 id: 563
processing event: PassengerArrivalEvent, passenger_id: 5 id: 565 at time: 1030
Processed event: PassengerArrivalEvent, passenger_id: 5 id: 565
Event is not valid: VehicleArriveIntersectionEvent, vehicle_id: 10, road_id: 1000000000000000181 id: 561 at time: 1039.86
processing event: VehicleArriveIntersectionEvent, vehicle_id: 10, road_id: 1000000000000000181 id: 564 at time: 1039.86
Processed event: VehicleArriveIntersectionEvent, vehicle_id: 10, road_id: 1000000000000000181 id: 564
Simulator::runFor: now_ = 1039.86 target = 1040
[progress] simulator time = 1040 / 3600
processing event: VehicleArriveIntersectionEvent, vehicle_id: 3, road_id: 1000000000000000682 id: 551 at time: 1042.4
Processed event: VehicleArriveIntersectionEvent, vehicle_id: 3, road_id: 1000000000000000682 id: 551
processing event: VehicleEnterNewRoadEvent, vehicle_id: 3, road_id: 1000000000000001045 id: 567 at time: 1044.2
Processed event: VehicleEnterNewRoadEvent, vehicle_id: 3, road_id: 1000000000000001045 id: 567
processing event: VehicleDepartureEvent, vehicle_id: 3, road_id: 1000000000000001045, offset: 0.000000 id: 568 at time: 1044.2
Processed event: VehicleDepartureEvent, vehicle_id: 3, road_id: 1000000000000001045, offset: 0.000000 id: 568
Simulator::runFor: now_ = 1044.2 target = 1050
[progress] simulator time = 1050 / 3600
processing event: VehicleEnterNewRoadEvent, vehicle_id: 10, road_id: 1000000000000000183 id: 566 at time: 1058.01
Processed event: VehicleEnterNewRoadEvent, vehicle_id: 10, road_id: 1000000000000000183 id: 566
processing event: VehicleDepartureEvent, vehicle_id: 10, road_id: 1000000000000000183, offset: 0.000000 id: 570 at time: 1058.01
Processed event: VehicleDepartureEvent, vehicle_id: 10, road_id: 1000000000000000183, offset: 0.000000 id: 570
Simulator::runFor: now_ = 1058.01 target = 1060
[progress] simulator time = 1060 / 3600
Simulator::runFor: now_ = 1060 target = 1070
[progress] simulator time = 1070 / 3600
Simulator::runFor: now_ = 1070 target = 1080
[progress] simulator time = 1080 / 3600
Simulator::runFor: now_ = 1080 target = 1090
[progress] simulator time = 1090 / 3600
processing event: VehicleArriveIntersectionEvent, vehicle_id: 4, road_id: 1000000000000001793 id: 555 at time: 1091.45
Processed event: VehicleArriveIntersectionEvent, vehicle_id: 4, road_id: 1000000000000001793 id: 555
processing event: VehicleEnterNewRoadEvent, vehicle_id: 4, road_id: 1000000000000000658 id: 572 at time: 1092.45
Processed event: VehicleEnterNewRoadEvent, vehicle_id: 4, road_id: 1000000000000000658 id: 572
processing event: VehicleDepartureEvent, vehicle_id: 4, road_id: 1000000000000000658, offset: 0.000000 id: 573 at time: 1092.45
Processed event: VehicleDepartureEvent, vehicle_id: 4, road_id: 1000000000000000658, offset: 0.000000 id: 573
Simulator::runFor: now_ = 1092.45 target = 1100
[progress] simulator time = 1100 / 3600
Simulator::runFor: now_ = 1100 target = 1110
[progress] simulator time = 1110 / 3600
Simulator::runFor: now_ = 1110 target = 1120
[progress] simulator time = 1120 / 3600
Simulator::runFor: now_ = 1120 target = 1130
[progress] simulator time = 1130 / 3600
processing event: VehicleArriveIntersectionEvent, vehicle_id: 3, road_id: 1000000000000001045 id: 569 at time: 1133.85
Processed event: VehicleArriveIntersectionEvent, vehicle_id: 3, road_id: 1000000000000001045 id: 569
processing event: VehicleEnterNewRoadEvent, vehicle_id: 3, road_id: 1000000000000001054 id: 575 at time: 1135.65
Processed event: VehicleEnterNewRoadEvent, vehicle_id: 3, road_id: 1000000000000001054 id: 575
processing event: VehicleDepartureEvent, vehicle_id: 3, road_id: 1000000000000001054, offset: 0.000000 id: 576 at time: 1135.65
Processed event: VehicleDepartureEvent, vehicle_id: 3, road_id: 1000000000000001054, offset: 0.000000 id: 576
processing event: PassengerRouteStartEvent, passenger_id: 6, route_id: 1 id: 5 at time: 1138
Processed event: PassengerRouteStartEvent, passenger_id: 6, route_id: 1 id: 5
processing event: OrderCreatedEvent, order_id: 6, available_pickups: 41 , available_dropoffs: 71 , passenger_id: 6, route_id: 1, passenger_num: 0 id: 578 at time: 1138
Processed event: OrderCreatedEvent, order_id: 6, available_pickups: 41 , available_dropoffs: 71 , passenger_id: 6, route_id: 1, passenger_num: 2 id: 578
processing event: VehicleArriveIntersectionEvent, vehicle_id: 3, road_id: 1000000000000001054 id: 577 at time: 1138.89
Processed event: VehicleArriveIntersectionEvent, vehicle_id: 3, road_id: 1000000000000001054 id: 577
Simulator::runFor: now_ = 1138.89 target = 1140
[progress] simulator time = 1140 / 3600
processing event: OrderMatchedEvent, order_id: 6, vehicle_id: 6 id: 580 at time: 1140
Processed event: OrderMatchedEvent, order_id: 6, vehicle_id: 6 id: 580
processing event: VehicleDepartureEvent, vehicle_id: 6, road_id: 1000000000000001100, offset: 86.070000 id: 581 at time: 1140
Processed event: VehicleDepartureEvent, vehicle_id: 6, road_id: 1000000000000001100, offset: 86.070000 id: 581
processing event: PassengerArrivalEvent, passenger_id: 6 id: 582 at time: 1140
Processed event: PassengerArrivalEvent, passenger_id: 6 id: 582
Simulator::runFor: now_ = 1140 target = 1150
[progress] simulator time = 1150 / 3600
processing event: BusArrivalEvent, vehicle_id: 4, stop_id: 39 id: 574 at time: 1153.14
Processed event: BusArrivalEvent, vehicle_id: 4, stop_id: 39 id: 574
processing event: PassengerOnboardEvent, passenger_id: 1 id: 584 at time: 1153.14
Processed event: PassengerOnboardEvent, passenger_id: 1 id: 584
processing event: VehicleArriveIntersectionEvent, vehicle_id: 6, road_id: 1000000000000001100 id: 583 at time: 1153.67
Processed event: VehicleArriveIntersectionEvent, vehicle_id: 6, road_id: 1000000000000001100 id: 583
processing event: VehicleEnterNewRoadEvent, vehicle_id: 6, road_id: 1000000000000001106 id: 586 at time: 1155.47
Processed event: VehicleEnterNewRoadEvent, vehicle_id: 6, road_id: 1000000000000001106 id: 586
processing event: VehicleDepartureEvent, vehicle_id: 6, road_id: 1000000000000001106, offset: 0.000000 id: 587 at time: 1155.47
Processed event: VehicleDepartureEvent, vehicle_id: 6, road_id: 1000000000000001106, offset: 0.000000 id: 587
processing event: VehicleDepartureEvent, vehicle_id: 4, road_id: 1000000000000000658, offset: 337.150000 id: 585 at time: 1158.14
Processed event: VehicleDepartureEvent, vehicle_id: 4, road_id: 1000000000000000658, offset: 337.150000 id: 585
Simulator::runFor: now_ = 1158.14 target = 1160
[progress] simulator time = 1160 / 3600
Simulator::runFor: now_ = 1160 target = 1170
[progress] simulator time = 1170 / 3600
processing event: VehicleArriveIntersectionEvent, vehicle_id: 10, road_id: 1000000000000000183 id: 571 at time: 1177
Processed event: VehicleArriveIntersectionEvent, vehicle_id: 10, road_id: 1000000000000000183 id: 571
processing event: VehicleArriveIntersectionEvent, vehicle_id: 6, road_id: 1000000000000001106 id: 588 at time: 1179.95
Processed event: VehicleArriveIntersectionEvent, vehicle_id: 6, road_id: 1000000000000001106 id: 588
Simulator::runFor: now_ = 1179.95 target = 1180
[progress] simulator time = 1180 / 3600
processing event: VehicleEnterNewRoadEvent, vehicle_id: 6, road_id: 1000000000000001105 id: 591 at time: 1181.75
Processed event: VehicleEnterNewRoadEvent, vehicle_id: 6, road_id: 1000000000000001105 id: 591
processing event: VehicleDepartureEvent, vehicle_id: 6, road_id: 1000000000000001105, offset: 0.000000 id: 592 at time: 1181.75
Processed event: VehicleDepartureEvent, vehicle_id: 6, road_id: 1000000000000001105, offset: 0.000000 id: 592
processing event: PassengerRouteStartEvent, passenger_id: 7, route_id: 1 id: 6 at time: 1182
Processed event: PassengerRouteStartEvent, passenger_id: 7, route_id: 1 id: 6
processing event: OrderCreatedEvent, order_id: 7, available_pickups: 41 , available_dropoffs: 68 , passenger_id: 7, route_id: 1, passenger_num: 0 id: 594 at time: 1182
Processed event: OrderCreatedEvent, order_id: 7, available_pickups: 41 , available_dropoffs: 68 , passenger_id: 7, route_id: 1, passenger_num: 1 id: 594
Simulator::runFor: now_ = 1182 target = 1190
[progress] simulator time = 1190 / 3600
processing event: OrderMatchedEvent, order_id: 7, vehicle_id: 10 id: 595 at time: 1190
Processed event: OrderMatchedEvent, order_id: 7, vehicle_id: 10 id: 595
processing event: PassengerArrivalEvent, passenger_id: 7 id: 596 at time: 1190
Processed event: PassengerArrivalEvent, passenger_id: 7 id: 596
Simulator::runFor: now_ = 1190 target = 1200
[progress] simulator time = 1200 / 3600
processing event: VehicleEnterNewRoadEvent, vehicle_id: 3, road_id: 1000000000000001379 id: 579 at time: 1202.03
Processed event: VehicleEnterNewRoadEvent, vehicle_id: 3, road_id: 1000000000000001379 id: 579
processing event: VehicleDepartureEvent, vehicle_id: 3, road_id: 1000000000000001379, offset: 0.000000 id: 597 at time: 1202.03
Processed event: VehicleDepartureEvent, vehicle_id: 3, road_id: 1000000000000001379, offset: 0.000000 id: 597
processing event: VehicleArriveIntersectionEvent, vehicle_id: 6, road_id: 1000000000000001105 id: 593 at time: 1202.81
Processed event: VehicleArriveIntersectionEvent, vehicle_id: 6, road_id: 1000000000000001105 id: 593
Simulator::runFor: now_ = 1202.81 target = 1210
[progress] simulator time = 1210 / 3600
processing event: PassengerRouteStartEvent, passenger_id: 8, route_id: 1 id: 7 at time: 1214
Processed event: PassengerRouteStartEvent, passenger_id: 8, route_id: 1 id: 7
processing event: OrderCreatedEvent, order_id: 8, available_pickups: 71 , available_dropoffs: 74 , passenger_id: 8, route_id: 1, passenger_num: 0 id: 600 at time: 1214
Processed event: OrderCreatedEvent, order_id: 8, available_pickups: 71 , available_dropoffs: 74 , passenger_id: 8, route_id: 1, passenger_num: 1 id: 600
processing event: VehicleArriveIntersectionEvent, vehicle_id: 4, road_id: 1000000000000000658 id: 589 at time: 1214.82
Processed event: VehicleArriveIntersectionEvent, vehicle_id: 4, road_id: 1000000000000000658 id: 589
Simulator::runFor: now_ = 1214.82 target = 1220
[progress] simulator time = 1220 / 3600
processing event: OrderMatchedEvent, order_id: 8, vehicle_id: 9 id: 602 at time: 1220
Processed event: OrderMatchedEvent, order_id: 8, vehicle_id: 9 id: 602
processing event: VehicleDepartureEvent, vehicle_id: 9, road_id: 1000000000000000246, offset: 223.440000 id: 603 at time: 1220
Processed event: VehicleDepartureEvent, vehicle_id: 9, road_id: 1000000000000000246, offset: 223.440000 id: 603
processing event: PassengerArrivalEvent, passenger_id: 8 id: 604 at time: 1220
Processed event: PassengerArrivalEvent, passenger_id: 8 id: 604
processing event: VehicleEnterNewRoadEvent, vehicle_id: 6, road_id: 1000000000000000252 id: 599 at time: 1225.22
Processed event: VehicleEnterNewRoadEvent, vehicle_id: 6, road_id: 1000000000000000252 id: 599
processing event: VehicleDepartureEvent, vehicle_id: 6, road_id: 1000000000000000252, offset: 0.000000 id: 606 at time: 1225.22
Processed event: VehicleDepartureEvent, vehicle_id: 6, road_id: 1000000000000000252, offset: 0.000000 id: 606
Simulator::runFor: now_ = 1225.22 target = 1230
[progress] simulator time = 1230 / 3600
Simulator::runFor: now_ = 1230 target = 1240
[progress] simulator time = 1240 / 3600
Simulator::runFor: now_ = 1240 target = 1250
[progress] simulator time = 1250 / 3600
processing event: PassengerRouteStartEvent, passenger_id: 9, route_id: 1 id: 8 at time: 1251
Processed event: PassengerRouteStartEvent, passenger_id: 9, route_id: 1 id: 8
processing event: OrderCreatedEvent, order_id: 9, available_pickups: 41 , available_dropoffs: 68 , passenger_id: 9, route_id: 1, passenger_num: 0 id: 608 at time: 1251
Processed event: OrderCreatedEvent, order_id: 9, available_pickups: 41 , available_dropoffs: 68 , passenger_id: 9, route_id: 1, passenger_num: 2 id: 608
processing event: VehicleArriveIntersectionEvent, vehicle_id: 3, road_id: 1000000000000001379 id: 598 at time: 1257.65
Processed event: VehicleArriveIntersectionEvent, vehicle_id: 3, road_id: 1000000000000001379 id: 598
Simulator::runFor: now_ = 1257.65 target = 1260
[progress] simulator time = 1260 / 3600
processing event: OrderMatchedEvent, order_id: 9, vehicle_id: 7 id: 610 at time: 1260
Processed event: OrderMatchedEvent, order_id: 9, vehicle_id: 7 id: 610
processing event: VehicleDepartureEvent, vehicle_id: 7, road_id: 1000000000000001038, offset: 54.970000 id: 611 at time: 1260
Processed event: VehicleDepartureEvent, vehicle_id: 7, road_id: 1000000000000001038, offset: 54.970000 id: 611
processing event: PassengerArrivalEvent, passenger_id: 9 id: 612 at time: 1260
Processed event: PassengerArrivalEvent, passenger_id: 9 id: 612
processing event: VehicleEnterNewRoadEvent, vehicle_id: 10, road_id: 1000000000000000184 id: 590 at time: 1264.13
Processed event: VehicleEnterNewRoadEvent, vehicle_id: 10, road_id: 1000000000000000184 id: 590
processing event: VehicleDepartureEvent, vehicle_id: 10, road_id: 1000000000000000184, offset: 0.000000 id: 614 at time: 1264.13
Processed event: VehicleDepartureEvent, vehicle_id: 10, road_id: 1000000000000000184, offset: 0.000000 id: 614
Simulator::runFor: now_ = 1264.13 target = 1270
[progress] simulator time = 1270 / 3600
processing event: VehicleArriveIntersectionEvent, vehicle_id: 6, road_id: 1000000000000000252 id: 607 at time: 1274.18
Processed event: VehicleArriveIntersectionEvent, vehicle_id: 6, road_id: 1000000000000000252 id: 607
Simulator::runFor: now_ = 1274.18 target = 1280
[progress] simulator time = 1280 / 3600
processing event: VehicleEnterNewRoadEvent, vehicle_id: 4, road_id: 1000000000000000673 id: 601 at time: 1286.86
Processed event: VehicleEnterNewRoadEvent, vehicle_id: 4, road_id: 1000000000000000673 id: 601
processing event: VehicleDepartureEvent, vehicle_id: 4, road_id: 1000000000000000673, offset: 0.000000 id: 617 at time: 1286.86
Processed event: VehicleDepartureEvent, vehicle_id: 4, road_id: 1000000000000000673, offset: 0.000000 id: 617
Simulator::runFor: now_ = 1286.86 target = 1290
[progress] simulator time = 1290 / 3600
processing event: VehicleArriveIntersectionEvent, vehicle_id: 9, road_id: 1000000000000000246 id: 605 at time: 1291.93
Processed event: VehicleArriveIntersectionEvent, vehicle_id: 9, road_id: 1000000000000000246 id: 605
processing event: VehicleArriveIntersectionEvent, vehicle_id: 7, road_id: 1000000000000001038 id: 613 at time: 1293.31
Processed event: VehicleArriveIntersectionEvent, vehicle_id: 7, road_id: 1000000000000001038 id: 613
processing event: VehicleEnterNewRoadEvent, vehicle_id: 3, road_id: 1000000000000001380 id: 609 at time: 1297.8
Processed event: VehicleEnterNewRoadEvent, vehicle_id: 3, road_id: 1000000000000001380 id: 609
processing event: VehicleEnterNewRoadEvent, vehicle_id: 7, road_id: 1000000000000001041 id: 620 at time: 1297.8
Processed event: VehicleEnterNewRoadEvent, vehicle_id: 7, road_id: 1000000000000001041 id: 620
processing event: VehicleDepartureEvent, vehicle_id: 3, road_id: 1000000000000001380, offset: 0.000000 id: 621 at time: 1297.8
Processed event: VehicleDepartureEvent, vehicle_id: 3, road_id: 1000000000000001380, offset: 0.000000 id: 621
processing event: VehicleDepartureEvent, vehicle_id: 7, road_id: 1000000000000001041, offset: 0.000000 id: 622 at time: 1297.8
Processed event: VehicleDepartureEvent, vehicle_id: 7, road_id: 1000000000000001041, offset: 0.000000 id: 622
Simulator::runFor: now_ = 1297.8 target = 1300
[progress] simulator time = 1300 / 3600
processing event: VehicleArriveIntersectionEvent, vehicle_id: 3, road_id: 1000000000000001380 id: 623 at time: 1305.36
Processed event: VehicleArriveIntersectionEvent, vehicle_id: 3, road_id: 1000000000000001380 id: 623
processing event: VehicleEnterNewRoadEvent, vehicle_id: 3, road_id: 1000000000000001381 id: 625 at time: 1307.16
Processed event: VehicleEnterNewRoadEvent, vehicle_id: 3, road_id: 1000000000000001381 id: 625
processing event: VehicleDepartureEvent, vehicle_id: 3, road_id: 1000000000000001381, offset: 0.000000 id: 626 at time: 1307.16
Processed event: VehicleDepartureEvent, vehicle_id: 3, road_id: 1000000000000001381, offset: 0.000000 id: 626
Simulator::runFor: now_ = 1307.16 target = 1310
[progress] simulator time = 1310 / 3600
processing event: VehicleEnterNewRoadEvent, vehicle_id: 9, road_id: 1000000000000000645 id: 619 at time: 1311.7
Processed event: VehicleEnterNewRoadEvent, vehicle_id: 9, road_id: 1000000000000000645 id: 619
processing event: VehicleDepartureEvent, vehicle_id: 9, road_id: 1000000000000000645, offset: 0.000000 id: 628 at time: 1311.7
Processed event: VehicleDepartureEvent, vehicle_id: 9, road_id: 1000000000000000645, offset: 0.000000 id: 628
processing event: VehicleArriveIntersectionEvent, vehicle_id: 9, road_id: 1000000000000000645 id: 629 at time: 1315.12
Processed event: VehicleArriveIntersectionEvent, vehicle_id: 9, road_id: 1000000000000000645 id: 629
processing event: VehicleEnterNewRoadEvent, vehicle_id: 9, road_id: 1000000000000000646 id: 630 at time: 1319.76
Processed event: VehicleEnterNewRoadEvent, vehicle_id: 9, road_id: 1000000000000000646 id: 630
processing event: VehicleDepartureEvent, vehicle_id: 9, road_id: 1000000000000000646, offset: 0.000000 id: 631 at time: 1319.76
Processed event: VehicleDepartureEvent, vehicle_id: 9, road_id: 1000000000000000646, offset: 0.000000 id: 631
Simulator::runFor: now_ = 1319.76 target = 1320
[progress] simulator time = 1320 / 3600
processing event: VehicleArriveIntersectionEvent, vehicle_id: 10, road_id: 1000000000000000184 id: 615 at time: 1321.74
Processed event: VehicleArriveIntersectionEvent, vehicle_id: 10, road_id: 1000000000000000184 id: 615
processing event: VehicleArriveIntersectionEvent, vehicle_id: 7, road_id: 1000000000000001041 id: 624 at time: 1322.46
Processed event: VehicleArriveIntersectionEvent, vehicle_id: 7, road_id: 1000000000000001041 id: 624
processing event: VehicleEnterNewRoadEvent, vehicle_id: 10, road_id: 1000000000000001387 id: 633 at time: 1322.74
Processed event: VehicleEnterNewRoadEvent, vehicle_id: 10, road_id: 1000000000000001387 id: 633
processing event: VehicleDepartureEvent, vehicle_id: 10, road_id: 1000000000000001387, offset: 0.000000 id: 635 at time: 1322.74
Processed event: VehicleDepartureEvent, vehicle_id: 10, road_id: 1000000000000001387, offset: 0.000000 id: 635
processing event: VehicleArriveIntersectionEvent, vehicle_id: 3, road_id: 1000000000000001381 id: 627 at time: 1323.9
Processed event: VehicleArriveIntersectionEvent, vehicle_id: 3, road_id: 1000000000000001381 id: 627
processing event: VehicleEnterNewRoadEvent, vehicle_id: 3, road_id: 1000000000000001103 id: 637 at time: 1325.7
Processed event: VehicleEnterNewRoadEvent, vehicle_id: 3, road_id: 1000000000000001103 id: 637
processing event: VehicleDepartureEvent, vehicle_id: 3, road_id: 1000000000000001103, offset: 0.000000 id: 638 at time: 1325.7
Processed event: VehicleDepartureEvent, vehicle_id: 3, road_id: 1000000000000001103, offset: 0.000000 id: 638
processing event: VehicleEnterNewRoadEvent, vehicle_id: 7, road_id: 1000000000000001039 id: 634 at time: 1326.42
Processed event: VehicleEnterNewRoadEvent, vehicle_id: 7, road_id: 1000000000000001039 id: 634
processing event: VehicleDepartureEvent, vehicle_id: 7, road_id: 1000000000000001039, offset: 0.000000 id: 640 at time: 1326.42
Processed event: VehicleDepartureEvent, vehicle_id: 7, road_id: 1000000000000001039, offset: 0.000000 id: 640
Simulator::runFor: now_ = 1326.42 target = 1330
[progress] simulator time = 1330 / 3600
processing event: VehicleEnterNewRoadEvent, vehicle_id: 6, road_id: 1000000000000001754 id: 616 at time: 1330.03
Processed event: VehicleEnterNewRoadEvent, vehicle_id: 6, road_id: 1000000000000001754 id: 616
processing event: VehicleDepartureEvent, vehicle_id: 6, road_id: 1000000000000001754, offset: 0.000000 id: 642 at time: 1330.03
Processed event: VehicleDepartureEvent, vehicle_id: 6, road_id: 1000000000000001754, offset: 0.000000 id: 642
Simulator::runFor: now_ = 1330.03 target = 1340
[progress] simulator time = 1340 / 3600
Simulator::runFor: now_ = 1340 target = 1350
[progress] simulator time = 1350 / 3600
processing event: VehicleArriveIntersectionEvent, vehicle_id: 7, road_id: 1000000000000001039 id: 641 at time: 1355.58
Processed event: VehicleArriveIntersectionEvent, vehicle_id: 7, road_id: 1000000000000001039 id: 641
Simulator::runFor: now_ = 1355.58 target = 1360
[progress] simulator time = 1360 / 3600
processing event: VehicleArriveIntersectionEvent, vehicle_id: 3, road_id: 1000000000000001103 id: 639 at time: 1367.83
Processed event: VehicleArriveIntersectionEvent, vehicle_id: 3, road_id: 1000000000000001103 id: 639
Simulator::runFor: now_ = 1367.83 target = 1370
[progress] simulator time = 1370 / 3600
processing event: VehicleArriveIntersectionEvent, vehicle_id: 9, road_id: 1000000000000000646 id: 632 at time: 1373.58
Processed event: VehicleArriveIntersectionEvent, vehicle_id: 9, road_id: 1000000000000000646 id: 632
processing event: VehicleEnterNewRoadEvent, vehicle_id: 7, road_id: 1000000000000001883 id: 644 at time: 1375.13
Processed event: VehicleEnterNewRoadEvent, vehicle_id: 7, road_id: 1000000000000001883 id: 644
processing event: VehicleDepartureEvent, vehicle_id: 7, road_id: 1000000000000001883, offset: 0.000000 id: 647 at time: 1375.13
Processed event: VehicleDepartureEvent, vehicle_id: 7, road_id: 1000000000000001883, offset: 0.000000 id: 647
processing event: VehicleEnterNewRoadEvent, vehicle_id: 9, road_id: 1000000000000001102 id: 646 at time: 1375.91
Processed event: VehicleEnterNewRoadEvent, vehicle_id: 9, road_id: 1000000000000001102 id: 646
processing event: VehicleDepartureEvent, vehicle_id: 9, road_id: 1000000000000001102, offset: 0.000000 id: 649 at time: 1375.91
Processed event: VehicleDepartureEvent, vehicle_id: 9, road_id: 1000000000000001102, offset: 0.000000 id: 649
processing event: VehicleArriveIntersectionEvent, vehicle_id: 10, road_id: 1000000000000001387 id: 636 at time: 1379.44
Processed event: VehicleArriveIntersectionEvent, vehicle_id: 10, road_id: 1000000000000001387 id: 636
Simulator::runFor: now_ = 1379.44 target = 1380
[progress] simulator time = 1380 / 3600
Simulator::runFor: now_ = 1380 target = 1390
[progress] simulator time = 1390 / 3600
processing event: VehicleArriveIntersectionEvent, vehicle_id: 4, road_id: 1000000000000000673 id: 618 at time: 1396.67
Processed event: VehicleArriveIntersectionEvent, vehicle_id: 4, road_id: 1000000000000000673 id: 618
Simulator::runFor: now_ = 1396.67 target = 1400
[progress] simulator time = 1400 / 3600
processing event: PassengerRouteStartEvent, passenger_id: 10, route_id: 1 id: 9 at time: 1402
Processed event: PassengerRouteStartEvent, passenger_id: 10, route_id: 1 id: 9
processing event: OrderCreatedEvent, order_id: 10, available_pickups: 44 , available_dropoffs: 68 , passenger_id: 10, route_id: 1, passenger_num: 0 id: 653 at time: 1402
Processed event: OrderCreatedEvent, order_id: 10, available_pickups: 44 , available_dropoffs: 68 , passenger_id: 10, route_id: 1, passenger_num: 1 id: 653
processing event: VehicleEnterNewRoadEvent, vehicle_id: 10, road_id: 1000000000000001073 id: 651 at time: 1402.8
Processed event: VehicleEnterNewRoadEvent, vehicle_id: 10, road_id: 1000000000000001073 id: 651
processing event: VehicleDepartureEvent, vehicle_id: 10, road_id: 1000000000000001073, offset: 0.000000 id: 654 at time: 1402.8
Processed event: VehicleDepartureEvent, vehicle_id: 10, road_id: 1000000000000001073, offset: 0.000000 id: 654
processing event: VehicleEnterNewRoadEvent, vehicle_id: 4, road_id: 1000000000000001807 id: 652 at time: 1405.3
Processed event: VehicleEnterNewRoadEvent, vehicle_id: 4, road_id: 1000000000000001807 id: 652
processing event: VehicleDepartureEvent, vehicle_id: 4, road_id: 1000000000000001807, offset: 0.000000 id: 656 at time: 1405.3
Processed event: VehicleDepartureEvent, vehicle_id: 4, road_id: 1000000000000001807, offset: 0.000000 id: 656
processing event: VehicleEnterNewRoadEvent, vehicle_id: 3, road_id: 1000000000000001789 id: 645 at time: 1405.43
Processed event: VehicleEnterNewRoadEvent, vehicle_id: 3, road_id: 1000000000000001789 id: 645
processing event: VehicleDepartureEvent, vehicle_id: 3, road_id: 1000000000000001789, offset: 0.000000 id: 658 at time: 1405.43
Processed event: VehicleDepartureEvent, vehicle_id: 3, road_id: 1000000000000001789, offset: 0.000000 id: 658
Simulator::runFor: now_ = 1405.43 target = 1410
[progress] simulator time = 1410 / 3600
processing event: OrderMatchedEvent, order_id: 10, vehicle_id: 2 id: 660 at time: 1410
Processed event: OrderMatchedEvent, order_id: 10, vehicle_id: 2 id: 660
processing event: VehicleDepartureEvent, vehicle_id: 2, road_id: 1000000000000000250, offset: 137.350000 id: 661 at time: 1410
Processed event: VehicleDepartureEvent, vehicle_id: 2, road_id: 1000000000000000250, offset: 137.350000 id: 661
processing event: PassengerArrivalEvent, passenger_id: 10 id: 662 at time: 1410
Processed event: PassengerArrivalEvent, passenger_id: 10 id: 662
processing event: VehicleArriveIntersectionEvent, vehicle_id: 7, road_id: 1000000000000001883 id: 648 at time: 1410.41
Processed event: VehicleArriveIntersectionEvent, vehicle_id: 7, road_id: 1000000000000001883 id: 648
processing event: VehicleArriveIntersectionEvent, vehicle_id: 9, road_id: 1000000000000001102 id: 650 at time: 1418.93
Processed event: VehicleArriveIntersectionEvent, vehicle_id: 9, road_id: 1000000000000001102 id: 650
Simulator::runFor: now_ = 1418.93 target = 1420
[progress] simulator time = 1420 / 3600
processing event: VehicleEnterNewRoadEvent, vehicle_id: 9, road_id: 1000000000000001385 id: 665 at time: 1420.73
Processed event: VehicleEnterNewRoadEvent, vehicle_id: 9, road_id: 1000000000000001385 id: 665
processing event: VehicleDepartureEvent, vehicle_id: 9, road_id: 1000000000000001385, offset: 0.000000 id: 666 at time: 1420.73
Processed event: VehicleDepartureEvent, vehicle_id: 9, road_id: 1000000000000001385, offset: 0.000000 id: 666
processing event: VehicleArriveIntersectionEvent, vehicle_id: 6, road_id: 1000000000000001754 id: 643 at time: 1427.06
Processed event: VehicleArriveIntersectionEvent, vehicle_id: 6, road_id: 1000000000000001754 id: 643
Simulator::runFor: now_ = 1427.06 target = 1430
[progress] simulator time = 1430 / 3600
processing event: VehicleArriveIntersectionEvent, vehicle_id: 9, road_id: 1000000000000001385 id: 667 at time: 1434.41
Processed event: VehicleArriveIntersectionEvent, vehicle_id: 9, road_id: 1000000000000001385 id: 667
processing event: VehicleEnterNewRoadEvent, vehicle_id: 7, road_id: 1000000000000000938 id: 664 at time: 1438.55
Processed event: VehicleEnterNewRoadEvent, vehicle_id: 7, road_id: 1000000000000000938 id: 664
processing event: VehicleDepartureEvent, vehicle_id: 7, road_id: 1000000000000000938, offset: 0.000000 id: 670 at time: 1438.55
Processed event: VehicleDepartureEvent, vehicle_id: 7, road_id: 1000000000000000938, offset: 0.000000 id: 670
Simulator::runFor: now_ = 1438.55 target = 1440
[progress] simulator time = 1440 / 3600
processing event: VehicleArriveIntersectionEvent, vehicle_id: 3, road_id: 1000000000000001789 id: 659 at time: 1441.79
Processed event: VehicleArriveIntersectionEvent, vehicle_id: 3, road_id: 1000000000000001789 id: 659
Simulator::runFor: now_ = 1441.79 target = 1450
[progress] simulator time = 1450 / 3600
Simulator::runFor: now_ = 1450 target = 1460
[progress] simulator time = 1460 / 3600
processing event: VehicleEnterNewRoadEvent, vehicle_id: 9, road_id: 1000000000000001386 id: 669 at time: 1460.61
Processed event: VehicleEnterNewRoadEvent, vehicle_id: 9, road_id: 1000000000000001386 id: 669
processing event: VehicleDepartureEvent, vehicle_id: 9, road_id: 1000000000000001386, offset: 0.000000 id: 673 at time: 1460.61
Processed event: VehicleDepartureEvent, vehicle_id: 9, road_id: 1000000000000001386, offset: 0.000000 id: 673
processing event: PassengerRouteStartEvent, passenger_id: 11, route_id: 1 id: 10 at time: 1463
Processed event: PassengerRouteStartEvent, passenger_id: 11, route_id: 1 id: 10
processing event: OrderCreatedEvent, order_id: 11, available_pickups: 63 , available_dropoffs: 71 , passenger_id: 11, route_id: 1, passenger_num: 0 id: 675 at time: 1463
Processed event: OrderCreatedEvent, order_id: 11, available_pickups: 63 , available_dropoffs: 71 , passenger_id: 11, route_id: 1, passenger_num: 5 id: 675
processing event: VehicleEnterNewRoadEvent, vehicle_id: 3, road_id: 1000000000000001795 id: 672 at time: 1467.48
Processed event: VehicleEnterNewRoadEvent, vehicle_id: 3, road_id: 1000000000000001795 id: 672
processing event: VehicleDepartureEvent, vehicle_id: 3, road_id: 1000000000000001795, offset: 0.000000 id: 676 at time: 1467.48
Processed event: VehicleDepartureEvent, vehicle_id: 3, road_id: 1000000000000001795, offset: 0.000000 id: 676
processing event: VehicleArriveIntersectionEvent, vehicle_id: 9, road_id: 1000000000000001386 id: 674 at time: 1468.89
Processed event: VehicleArriveIntersectionEvent, vehicle_id: 9, road_id: 1000000000000001386 id: 674
processing event: VehicleArriveIntersectionEvent, vehicle_id: 2, road_id: 1000000000000000250 id: 663 at time: 1469.7
Processed event: VehicleArriveIntersectionEvent, vehicle_id: 2, road_id: 1000000000000000250 id: 663
Simulator::runFor: now_ = 1469.7 target = 1470
[progress] simulator time = 1470 / 3600
processing event: OrderMatchedEvent, order_id: 11, vehicle_id: 1 id: 680 at time: 1470
Processed event: OrderMatchedEvent, order_id: 11, vehicle_id: 1 id: 680
processing event: VehicleDepartureEvent, vehicle_id: 1, road_id: 1000000000000000257, offset: 209.100000 id: 681 at time: 1470
Processed event: VehicleDepartureEvent, vehicle_id: 1, road_id: 1000000000000000257, offset: 209.100000 id: 681
processing event: PassengerArrivalEvent, passenger_id: 11 id: 682 at time: 1470
Processed event: PassengerArrivalEvent, passenger_id: 11 id: 682
processing event: VehicleArriveIntersectionEvent, vehicle_id: 10, road_id: 1000000000000001073 id: 655 at time: 1474.98
Processed event: VehicleArriveIntersectionEvent, vehicle_id: 10, road_id: 1000000000000001073 id: 655
processing event: VehicleArriveIntersectionEvent, vehicle_id: 7, road_id: 1000000000000000938 id: 671 at time: 1475.64
Processed event: VehicleArriveIntersectionEvent, vehicle_id: 7, road_id: 1000000000000000938 id: 671
Simulator::runFor: now_ = 1475.64 target = 1480
[progress] simulator time = 1480 / 3600
processing event: VehicleArriveIntersectionEvent, vehicle_id: 4, road_id: 1000000000000001807 id: 657 at time: 1480.37
Processed event: VehicleArriveIntersectionEvent, vehicle_id: 4, road_id: 1000000000000001807 id: 657
processing event: VehicleEnterNewRoadEvent, vehicle_id: 6, road_id: 1000000000000000294 id: 668 at time: 1485.13
Processed event: VehicleEnterNewRoadEvent, vehicle_id: 6, road_id: 1000000000000000294 id: 668
processing event: VehicleDepartureEvent, vehicle_id: 6, road_id: 1000000000000000294, offset: 0.000000 id: 687 at time: 1485.13
Processed event: VehicleDepartureEvent, vehicle_id: 6, road_id: 1000000000000000294, offset: 0.000000 id: 687
processing event: VehicleEnterNewRoadEvent, vehicle_id: 10, road_id: 1000000000000001074 id: 684 at time: 1485.26
Processed event: VehicleEnterNewRoadEvent, vehicle_id: 10, road_id: 1000000000000001074 id: 684
processing event: VehicleDepartureEvent, vehicle_id: 10, road_id: 1000000000000001074, offset: 0.000000 id: 689 at time: 1485.26
Processed event: VehicleDepartureEvent, vehicle_id: 10, road_id: 1000000000000001074, offset: 0.000000 id: 689
processing event: VehicleEnterNewRoadEvent, vehicle_id: 9, road_id: 1000000000000001387 id: 678 at time: 1486.8
Processed event: VehicleEnterNewRoadEvent, vehicle_id: 9, road_id: 1000000000000001387 id: 678
processing event: VehicleDepartureEvent, vehicle_id: 9, road_id: 1000000000000001387, offset: 0.000000 id: 691 at time: 1486.8
Processed event: VehicleDepartureEvent, vehicle_id: 9, road_id: 1000000000000001387, offset: 0.000000 id: 691
Simulator::runFor: now_ = 1486.8 target = 1490
[progress] simulator time = 1490 / 3600
processing event: VehicleEnterNewRoadEvent, vehicle_id: 2, road_id: 1000000000000000252 id: 679 at time: 1493.85
Processed event: VehicleEnterNewRoadEvent, vehicle_id: 2, road_id: 1000000000000000252 id: 679
processing event: VehicleEnterNewRoadEvent, vehicle_id: 7, road_id: 1000000000000000275 id: 685 at time: 1493.85
Processed event: VehicleEnterNewRoadEvent, vehicle_id: 7, road_id: 1000000000000000275 id: 685
processing event: VehicleDepartureEvent, vehicle_id: 2, road_id: 1000000000000000252, offset: 0.000000 id: 693 at time: 1493.85
Processed event: VehicleDepartureEvent, vehicle_id: 2, road_id: 1000000000000000252, offset: 0.000000 id: 693
processing event: VehicleDepartureEvent, vehicle_id: 7, road_id: 1000000000000000275, offset: 0.000000 id: 694 at time: 1493.85
Processed event: VehicleDepartureEvent, vehicle_id: 7, road_id: 1000000000000000275, offset: 0.000000 id: 694
processing event: VehicleArriveIntersectionEvent, vehicle_id: 1, road_id: 1000000000000000257 id: 683 at time: 1496.8
Processed event: VehicleArriveIntersectionEvent, vehicle_id: 1, road_id: 1000000000000000257 id: 683
Simulator::runFor: now_ = 1496.8 target = 1500
[progress] simulator time = 1500 / 3600
Simulator::runFor: now_ = 1500 target = 1510
[progress] simulator time = 1510 / 3600
processing event: VehicleArriveIntersectionEvent, vehicle_id: 10, road_id: 1000000000000001074 id: 690 at time: 1515.68
Processed event: VehicleArriveIntersectionEvent, vehicle_id: 10, road_id: 1000000000000001074 id: 690
processing event: VehicleEnterNewRoadEvent, vehicle_id: 10, road_id: 1000000000000001075 id: 698 at time: 1516.68
Processed event: VehicleEnterNewRoadEvent, vehicle_id: 10, road_id: 1000000000000001075 id: 698
processing event: VehicleDepartureEvent, vehicle_id: 10, road_id: 1000000000000001075, offset: 0.000000 id: 699 at time: 1516.68
Processed event: VehicleDepartureEvent, vehicle_id: 10, road_id: 1000000000000001075, offset: 0.000000 id: 699
processing event: VehicleEnterNewRoadEvent, vehicle_id: 4, road_id: 1000000000000001806 id: 686 at time: 1517.1
Processed event: VehicleEnterNewRoadEvent, vehicle_id: 4, road_id: 1000000000000001806 id: 686
processing event: VehicleDepartureEvent, vehicle_id: 4, road_id: 1000000000000001806, offset: 0.000000 id: 701 at time: 1517.1
Processed event: VehicleDepartureEvent, vehicle_id: 4, road_id: 1000000000000001806, offset: 0.000000 id: 701
Simulator::runFor: now_ = 1517.1 target = 1520
[progress] simulator time = 1520 / 3600
Simulator::runFor: now_ = 1520 target = 1530
[progress] simulator time = 1530 / 3600
Simulator::runFor: now_ = 1530 target = 1540
[progress] simulator time = 1540 / 3600
processing event: VehicleArriveIntersectionEvent, vehicle_id: 2, road_id: 1000000000000000252 id: 695 at time: 1542.81
Processed event: VehicleArriveIntersectionEvent, vehicle_id: 2, road_id: 1000000000000000252 id: 695
processing event: VehicleArriveIntersectionEvent, vehicle_id: 9, road_id: 1000000000000001387 id: 692 at time: 1543.51
Processed event: VehicleArriveIntersectionEvent, vehicle_id: 9, road_id: 1000000000000001387 id: 692
processing event: VehicleEnterNewRoadEvent, vehicle_id: 9, road_id: 1000000000000001073 id: 704 at time: 1547.46
Processed event: VehicleEnterNewRoadEvent, vehicle_id: 9, road_id: 1000000000000001073 id: 704
processing event: VehicleDepartureEvent, vehicle_id: 9, road_id: 1000000000000001073, offset: 0.000000 id: 705 at time: 1547.46
Processed event: VehicleDepartureEvent, vehicle_id: 9, road_id: 1000000000000001073, offset: 0.000000 id: 705
Simulator::runFor: now_ = 1547.46 target = 1550
[progress] simulator time = 1550 / 3600
Simulator::runFor: now_ = 1550 target = 1560
[progress] simulator time = 1560 / 3600
processing event: VehicleArriveIntersectionEvent, vehicle_id: 3, road_id: 1000000000000001795 id: 677 at time: 1565.59
Processed event: VehicleArriveIntersectionEvent, vehicle_id: 3, road_id: 1000000000000001795 id: 677
processing event: VehicleEnterNewRoadEvent, vehicle_id: 3, road_id: 1000000000000000661 id: 707 at time: 1567.39
Processed event: VehicleEnterNewRoadEvent, vehicle_id: 3, road_id: 1000000000000000661 id: 707
processing event: VehicleDepartureEvent, vehicle_id: 3, road_id: 1000000000000000661, offset: 0.000000 id: 708 at time: 1567.39
Processed event: VehicleDepartureEvent, vehicle_id: 3, road_id: 1000000000000000661, offset: 0.000000 id: 708
Simulator::runFor: now_ = 1567.39 target = 1570
[progress] simulator time = 1570 / 3600
processing event: VehicleArriveIntersectionEvent, vehicle_id: 10, road_id: 1000000000000001075 id: 700 at time: 1572.13
Processed event: VehicleArriveIntersectionEvent, vehicle_id: 10, road_id: 1000000000000001075 id: 700
processing event: VehicleEnterNewRoadEvent, vehicle_id: 1, road_id: 1000000000000001752 id: 697 at time: 1572.93
Processed event: VehicleEnterNewRoadEvent, vehicle_id: 1, road_id: 1000000000000001752 id: 697
processing event: VehicleDepartureEvent, vehicle_id: 1, road_id: 1000000000000001752, offset: 0.000000 id: 711 at time: 1572.93
Processed event: VehicleDepartureEvent, vehicle_id: 1, road_id: 1000000000000001752, offset: 0.000000 id: 711
processing event: VehicleEnterNewRoadEvent, vehicle_id: 10, road_id: 1000000000000001076 id: 710 at time: 1573.93
Processed event: VehicleEnterNewRoadEvent, vehicle_id: 10, road_id: 1000000000000001076 id: 710
processing event: VehicleDepartureEvent, vehicle_id: 10, road_id: 1000000000000001076, offset: 0.000000 id: 713 at time: 1573.93
Processed event: VehicleDepartureEvent, vehicle_id: 10, road_id: 1000000000000001076, offset: 0.000000 id: 713
processing event: VehicleEnterNewRoadEvent, vehicle_id: 2, road_id: 1000000000000000253 id: 703 at time: 1574.31
Processed event: VehicleEnterNewRoadEvent, vehicle_id: 2, road_id: 1000000000000000253 id: 703
processing event: VehicleDepartureEvent, vehicle_id: 2, road_id: 1000000000000000253, offset: 0.000000 id: 715 at time: 1574.31
Processed event: VehicleDepartureEvent, vehicle_id: 2, road_id: 1000000000000000253, offset: 0.000000 id: 715
Simulator::runFor: now_ = 1574.31 target = 1580
[progress] simulator time = 1580 / 3600
Simulator::runFor: now_ = 1580 target = 1590
[progress] simulator time = 1590 / 3600
processing event: VehicleArriveIntersectionEvent, vehicle_id: 4, road_id: 1000000000000001806 id: 702 at time: 1591.81
Processed event: VehicleArriveIntersectionEvent, vehicle_id: 4, road_id: 1000000000000001806 id: 702
processing event: BusArrivalEvent, vehicle_id: 3, stop_id: 58 id: 709 at time: 1598.12
Processed event: BusArrivalEvent, vehicle_id: 3, stop_id: 58 id: 709
processing event: PassengerOnboardEvent, passenger_id: 3 id: 718 at time: 1598.12
Processed event: PassengerOnboardEvent, passenger_id: 3 id: 718
Simulator::runFor: now_ = 1598.12 target = 1600
[progress] simulator time = 1600 / 3600
processing event: VehicleDepartureEvent, vehicle_id: 3, road_id: 1000000000000000661, offset: 170.730000 id: 719 at time: 1603.12
Processed event: VehicleDepartureEvent, vehicle_id: 3, road_id: 1000000000000000661, offset: 170.730000 id: 719
processing event: BusArrivalEvent, vehicle_id: 6, stop_id: 41 id: 688 at time: 1603.24
Processed event: BusArrivalEvent, vehicle_id: 6, stop_id: 41 id: 688
processing event: PassengerOnboardEvent, passenger_id: 6 id: 721 at time: 1603.24
Processed event: PassengerOnboardEvent, passenger_id: 6 id: 721
processing event: VehicleDepartureEvent, vehicle_id: 6, road_id: 1000000000000000294, offset: 656.100000 id: 722 at time: 1608.24
Processed event: VehicleDepartureEvent, vehicle_id: 6, road_id: 1000000000000000294, offset: 656.100000 id: 722
Simulator::runFor: now_ = 1608.24 target = 1610
[progress] simulator time = 1610 / 3600
processing event: VehicleArriveIntersectionEvent, vehicle_id: 9, road_id: 1000000000000001073 id: 706 at time: 1619.65
Processed event: VehicleArriveIntersectionEvent, vehicle_id: 9, road_id: 1000000000000001073 id: 706
Simulator::runFor: now_ = 1619.65 target = 1620
[progress] simulator time = 1620 / 3600
processing event: VehicleEnterNewRoadEvent, vehicle_id: 9, road_id: 1000000000000001074 id: 724 at time: 1621.45
Processed event: VehicleEnterNewRoadEvent, vehicle_id: 9, road_id: 1000000000000001074 id: 724
processing event: VehicleDepartureEvent, vehicle_id: 9, road_id: 1000000000000001074, offset: 0.000000 id: 725 at time: 1621.45
Processed event: VehicleDepartureEvent, vehicle_id: 9, road_id: 1000000000000001074, offset: 0.000000 id: 725
processing event: VehicleEnterNewRoadEvent, vehicle_id: 4, road_id: 1000000000000001872 id: 717 at time: 1627.18
Processed event: VehicleEnterNewRoadEvent, vehicle_id: 4, road_id: 1000000000000001872 id: 717
processing event: VehicleDepartureEvent, vehicle_id: 4, road_id: 1000000000000001872, offset: 0.000000 id: 727 at time: 1627.18
Processed event: VehicleDepartureEvent, vehicle_id: 4, road_id: 1000000000000001872, offset: 0.000000 id: 727
Simulator::runFor: now_ = 1627.18 target = 1630
[progress] simulator time = 1630 / 3600
processing event: VehicleArriveIntersectionEvent, vehicle_id: 1, road_id: 1000000000000001752 id: 712 at time: 1637.37
Processed event: VehicleArriveIntersectionEvent, vehicle_id: 1, road_id: 1000000000000001752 id: 712
Simulator::runFor: now_ = 1637.37 target = 1640
[progress] simulator time = 1640 / 3600
processing event: VehicleEnterNewRoadEvent, vehicle_id: 1, road_id: 1000000000000001750 id: 729 at time: 1640.37
Processed event: VehicleEnterNewRoadEvent, vehicle_id: 1, road_id: 1000000000000001750 id: 729
processing event: VehicleDepartureEvent, vehicle_id: 1, road_id: 1000000000000001750, offset: 0.000000 id: 730 at time: 1640.37
Processed event: VehicleDepartureEvent, vehicle_id: 1, road_id: 1000000000000001750, offset: 0.000000 id: 730
processing event: VehicleArriveIntersectionEvent, vehicle_id: 2, road_id: 1000000000000000253 id: 716 at time: 1640.56
Processed event: VehicleArriveIntersectionEvent, vehicle_id: 2, road_id: 1000000000000000253 id: 716
processing event: VehicleArriveIntersectionEvent, vehicle_id: 7, road_id: 1000000000000000275 id: 696 at time: 1645.24
Processed event: VehicleArriveIntersectionEvent, vehicle_id: 7, road_id: 1000000000000000275 id: 696
Simulator::runFor: now_ = 1645.24 target = 1650
[progress] simulator time = 1650 / 3600
processing event: VehicleArriveIntersectionEvent, vehicle_id: 9, road_id: 1000000000000001074 id: 726 at time: 1651.88
Processed event: VehicleArriveIntersectionEvent, vehicle_id: 9, road_id: 1000000000000001074 id: 726
processing event: VehicleEnterNewRoadEvent, vehicle_id: 2, road_id: 1000000000000000255 id: 732 at time: 1653.74
Processed event: VehicleEnterNewRoadEvent, vehicle_id: 2, road_id: 1000000000000000255 id: 732
processing event: VehicleDepartureEvent, vehicle_id: 2, road_id: 1000000000000000255, offset: 0.000000 id: 735 at time: 1653.74
Processed event: VehicleDepartureEvent, vehicle_id: 2, road_id: 1000000000000000255, offset: 0.000000 id: 735
processing event: VehicleArriveIntersectionEvent, vehicle_id: 6, road_id: 1000000000000000294 id: 723 at time: 1655.74
Processed event: VehicleArriveIntersectionEvent, vehicle_id: 6, road_id: 1000000000000000294 id: 723
processing event: VehicleEnterNewRoadEvent, vehicle_id: 7, road_id: 1000000000000000294 id: 733 at time: 1656.7
Processed event: VehicleEnterNewRoadEvent, vehicle_id: 7, road_id: 1000000000000000294 id: 733
processing event: VehicleDepartureEvent, vehicle_id: 7, road_id: 1000000000000000294, offset: 0.000000 id: 738 at time: 1656.7
Processed event: VehicleDepartureEvent, vehicle_id: 7, road_id: 1000000000000000294, offset: 0.000000 id: 738
processing event: PassengerRouteStartEvent, passenger_id: 12, route_id: 1 id: 11 at time: 1659
Processed event: PassengerRouteStartEvent, passenger_id: 12, route_id: 1 id: 11
processing event: OrderCreatedEvent, order_id: 12, available_pickups: 58 83 , available_dropoffs: 71 , passenger_id: 12, route_id: 1, passenger_num: 0 id: 740 at time: 1659
Processed event: OrderCreatedEvent, order_id: 12, available_pickups: 58 83 , available_dropoffs: 71 , passenger_id: 12, route_id: 1, passenger_num: 1 id: 740
Simulator::runFor: now_ = 1659 target = 1660
[progress] simulator time = 1660 / 3600
processing event: OrderMatchedEvent, order_id: 12, vehicle_id: 2 id: 741 at time: 1660
Processed event: OrderMatchedEvent, order_id: 12, vehicle_id: 2 id: 741
processing event: PassengerArrivalEvent, passenger_id: 12 id: 743 at time: 1660
Processed event: PassengerArrivalEvent, passenger_id: 12 id: 743
Simulator::runFor: now_ = 1660 target = 1670
[progress] simulator time = 1670 / 3600
processing event: VehicleArriveIntersectionEvent, vehicle_id: 3, road_id: 1000000000000000661 id: 720 at time: 1670.5
Processed event: VehicleArriveIntersectionEvent, vehicle_id: 3, road_id: 1000000000000000661 id: 720
processing event: VehicleArriveIntersectionEvent, vehicle_id: 10, road_id: 1000000000000001076 id: 714 at time: 1672.22
Processed event: VehicleArriveIntersectionEvent, vehicle_id: 10, road_id: 1000000000000001076 id: 714
processing event: VehicleEnterNewRoadEvent, vehicle_id: 10, road_id: 1000000000000001077 id: 745 at time: 1674.02
Processed event: VehicleEnterNewRoadEvent, vehicle_id: 10, road_id: 1000000000000001077 id: 745
processing event: VehicleDepartureEvent, vehicle_id: 10, road_id: 1000000000000001077, offset: 0.000000 id: 746 at time: 1674.02
Processed event: VehicleDepartureEvent, vehicle_id: 10, road_id: 1000000000000001077, offset: 0.000000 id: 746
Simulator::runFor: now_ = 1674.02 target = 1680
[progress] simulator time = 1680 / 3600
processing event: VehicleEnterNewRoadEvent, vehicle_id: 3, road_id: 1000000000000000649 id: 744 at time: 1680.91
Processed event: VehicleEnterNewRoadEvent, vehicle_id: 3, road_id: 1000000000000000649 id: 744
processing event: VehicleDepartureEvent, vehicle_id: 3, road_id: 1000000000000000649, offset: 0.000000 id: 748 at time: 1680.91
Processed event: VehicleDepartureEvent, vehicle_id: 3, road_id: 1000000000000000649, offset: 0.000000 id: 748
processing event: BusArrivalEvent, vehicle_id: 10, stop_id: 71 id: 747 at time: 1684.57
Processed event: BusArrivalEvent, vehicle_id: 10, stop_id: 71 id: 747
processing event: PassengerRouteEndEvent, passenger_id: 2, route_id: 1 id: 750 at time: 1684.57
Passenger 2 finished all routes
Processed event: PassengerRouteEndEvent, passenger_id: 2, route_id: 1 id: 750
processing event: PassengerDropoffEvent, passenger_id: 2 id: 752 at time: 1684.57
Processed event: PassengerDropoffEvent, passenger_id: 2 id: 752
processing event: OrderFinishedEvent, order_id: 2 id: 753 at time: 1684.57
Processed event: OrderFinishedEvent, order_id: 2 id: 753
processing event: VehicleDepartureEvent, vehicle_id: 10, road_id: 1000000000000001077, offset: 58.620000 id: 751 at time: 1689.57
Processed event: VehicleDepartureEvent, vehicle_id: 10, road_id: 1000000000000001077, offset: 58.620000 id: 751
Simulator::runFor: now_ = 1689.57 target = 1690
[progress] simulator time = 1690 / 3600
processing event: PassengerRouteStartEvent, passenger_id: 13, route_id: 1 id: 12 at time: 1692
Processed event: PassengerRouteStartEvent, passenger_id: 13, route_id: 1 id: 12
processing event: OrderCreatedEvent, order_id: 13, available_pickups: 41 , available_dropoffs: 68 , passenger_id: 13, route_id: 1, passenger_num: 0 id: 755 at time: 1692
Processed event: OrderCreatedEvent, order_id: 13, available_pickups: 41 , available_dropoffs: 68 , passenger_id: 13, route_id: 1, passenger_num: 1 id: 755
processing event: VehicleArriveIntersectionEvent, vehicle_id: 1, road_id: 1000000000000001750 id: 731 at time: 1692.94
Processed event: VehicleArriveIntersectionEvent, vehicle_id: 1, road_id: 1000000000000001750 id: 731
processing event: VehicleEnterNewRoadEvent, vehicle_id: 6, road_id: 1000000000000000310 id: 737 at time: 1697.21
Processed event: VehicleEnterNewRoadEvent, vehicle_id: 6, road_id: 1000000000000000310 id: 737
processing event: VehicleDepartureEvent, vehicle_id: 6, road_id: 1000000000000000310, offset: 0.000000 id: 758 at time: 1697.21
Processed event: VehicleDepartureEvent, vehicle_id: 6, road_id: 1000000000000000310, offset: 0.000000 id: 758
Simulator::runFor: now_ = 1697.21 target = 1700
[progress] simulator time = 1700 / 3600
processing event: OrderMatchedEvent, order_id: 13, vehicle_id: 4 id: 760 at time: 1700
Processed event: OrderMatchedEvent, order_id: 13, vehicle_id: 4 id: 760
processing event: PassengerArrivalEvent, passenger_id: 13 id: 762 at time: 1700
Processed event: PassengerArrivalEvent, passenger_id: 13 id: 762
processing event: PassengerRouteStartEvent, passenger_id: 14, route_id: 1 id: 13 at time: 1701
Processed event: PassengerRouteStartEvent, passenger_id: 14, route_id: 1 id: 13
processing event: OrderCreatedEvent, order_id: 14, available_pickups: 19 , available_dropoffs: 68 , passenger_id: 14, route_id: 1, passenger_num: 0 id: 763 at time: 1701
Processed event: OrderCreatedEvent, order_id: 14, available_pickups: 19 , available_dropoffs: 68 , passenger_id: 14, route_id: 1, passenger_num: 1 id: 763
Event is not valid: VehicleArriveIntersectionEvent, vehicle_id: 2, road_id: 1000000000000000255 id: 736 at time: 1706.31
processing event: VehicleArriveIntersectionEvent, vehicle_id: 2, road_id: 1000000000000000255 id: 742 at time: 1706.31
Processed event: VehicleArriveIntersectionEvent, vehicle_id: 2, road_id: 1000000000000000255 id: 742
Simulator::runFor: now_ = 1706.31 target = 1710
[progress] simulator time = 1710 / 3600
processing event: OrderMatchedEvent, order_id: 14, vehicle_id: 8 id: 765 at time: 1710
Processed event: OrderMatchedEvent, order_id: 14, vehicle_id: 8 id: 765
processing event: VehicleDepartureEvent, vehicle_id: 8, road_id: 1000000000000000621, offset: 568.380000 id: 766 at time: 1710
Processed event: VehicleDepartureEvent, vehicle_id: 8, road_id: 1000000000000000621, offset: 568.380000 id: 766
processing event: PassengerArrivalEvent, passenger_id: 14 id: 767 at time: 1710
Processed event: PassengerArrivalEvent, passenger_id: 14 id: 767
processing event: VehicleEnterNewRoadEvent, vehicle_id: 1, road_id: 1000000000000001928 id: 756 at time: 1711.75
Processed event: VehicleEnterNewRoadEvent, vehicle_id: 1, road_id: 1000000000000001928 id: 756
processing event: VehicleDepartureEvent, vehicle_id: 1, road_id: 1000000000000001928, offset: 0.000000 id: 769 at time: 1711.75
Processed event: VehicleDepartureEvent, vehicle_id: 1, road_id: 1000000000000001928, offset: 0.000000 id: 769
processing event: VehicleArriveIntersectionEvent, vehicle_id: 10, road_id: 1000000000000001077 id: 754 at time: 1714.3
Processed event: VehicleArriveIntersectionEvent, vehicle_id: 10, road_id: 1000000000000001077 id: 754
processing event: VehicleEnterNewRoadEvent, vehicle_id: 9, road_id: 1000000000000001075 id: 734 at time: 1714.38
Processed event: VehicleEnterNewRoadEvent, vehicle_id: 9, road_id: 1000000000000001075 id: 734
processing event: VehicleDepartureEvent, vehicle_id: 9, road_id: 1000000000000001075, offset: 0.000000 id: 772 at time: 1714.38
Processed event: VehicleDepartureEvent, vehicle_id: 9, road_id: 1000000000000001075, offset: 0.000000 id: 772
processing event: VehicleArriveIntersectionEvent, vehicle_id: 3, road_id: 1000000000000000649 id: 749 at time: 1717.28
Processed event: VehicleArriveIntersectionEvent, vehicle_id: 3, road_id: 1000000000000000649 id: 749
Simulator::runFor: now_ = 1717.28 target = 1720
[progress] simulator time = 1720 / 3600
processing event: VehicleArriveIntersectionEvent, vehicle_id: 1, road_id: 1000000000000001928 id: 770 at time: 1721.3
Processed event: VehicleArriveIntersectionEvent, vehicle_id: 1, road_id: 1000000000000001928 id: 770
processing event: VehicleEnterNewRoadEvent, vehicle_id: 1, road_id: 1000000000000001945 id: 775 at time: 1723.1
Processed event: VehicleEnterNewRoadEvent, vehicle_id: 1, road_id: 1000000000000001945 id: 775
processing event: VehicleDepartureEvent, vehicle_id: 1, road_id: 1000000000000001945, offset: 0.000000 id: 776 at time: 1723.1
Processed event: VehicleDepartureEvent, vehicle_id: 1, road_id: 1000000000000001945, offset: 0.000000 id: 776
processing event: VehicleArriveIntersectionEvent, vehicle_id: 8, road_id: 1000000000000000621 id: 768 at time: 1724.69
Processed event: VehicleArriveIntersectionEvent, vehicle_id: 8, road_id: 1000000000000000621 id: 768
Simulator::runFor: now_ = 1724.69 target = 1730
[progress] simulator time = 1730 / 3600
processing event: VehicleArriveIntersectionEvent, vehicle_id: 6, road_id: 1000000000000000310 id: 759 at time: 1735.55
Processed event: VehicleArriveIntersectionEvent, vehicle_id: 6, road_id: 1000000000000000310 id: 759
processing event: VehicleEnterNewRoadEvent, vehicle_id: 6, road_id: 1000000000000000627 id: 779 at time: 1737.35
Processed event: VehicleEnterNewRoadEvent, vehicle_id: 6, road_id: 1000000000000000627 id: 779
processing event: VehicleDepartureEvent, vehicle_id: 6, road_id: 1000000000000000627, offset: 0.000000 id: 780 at time: 1737.35
Processed event: VehicleDepartureEvent, vehicle_id: 6, road_id: 1000000000000000627, offset: 0.000000 id: 780
processing event: VehicleEnterNewRoadEvent, vehicle_id: 2, road_id: 1000000000000000257 id: 764 at time: 1738.13
Processed event: VehicleEnterNewRoadEvent, vehicle_id: 2, road_id: 1000000000000000257 id: 764
processing event: VehicleDepartureEvent, vehicle_id: 2, road_id: 1000000000000000257, offset: 0.000000 id: 782 at time: 1738.13
Processed event: VehicleDepartureEvent, vehicle_id: 2, road_id: 1000000000000000257, offset: 0.000000 id: 782
Simulator::runFor: now_ = 1738.13 target = 1740
[progress] simulator time = 1740 / 3600
processing event: VehicleArriveIntersectionEvent, vehicle_id: 1, road_id: 1000000000000001945 id: 777 at time: 1741.82
Processed event: VehicleArriveIntersectionEvent, vehicle_id: 1, road_id: 1000000000000001945 id: 777
Simulator::runFor: now_ = 1741.82 target = 1750
[progress] simulator time = 1750 / 3600
Simulator::runFor: now_ = 1750 target = 1760
[progress] simulator time = 1760 / 3600
processing event: VehicleEnterNewRoadEvent, vehicle_id: 8, road_id: 1000000000000001946 id: 778 at time: 1762.34
Processed event: VehicleEnterNewRoadEvent, vehicle_id: 8, road_id: 1000000000000001946 id: 778
processing event: VehicleDepartureEvent, vehicle_id: 8, road_id: 1000000000000001946, offset: 0.000000 id: 785 at time: 1762.34
Processed event: VehicleDepartureEvent, vehicle_id: 8, road_id: 1000000000000001946, offset: 0.000000 id: 785
processing event: VehicleArriveIntersectionEvent, vehicle_id: 9, road_id: 1000000000000001075 id: 773 at time: 1769.83
Processed event: VehicleArriveIntersectionEvent, vehicle_id: 9, road_id: 1000000000000001075 id: 773
Simulator::runFor: now_ = 1769.83 target = 1770
[progress] simulator time = 1770 / 3600
processing event: VehicleEnterNewRoadEvent, vehicle_id: 10, road_id: 1000000000000000094 id: 771 at time: 1771.66
Processed event: VehicleEnterNewRoadEvent, vehicle_id: 10, road_id: 1000000000000000094 id: 771
processing event: VehicleDepartureEvent, vehicle_id: 10, road_id: 1000000000000000094, offset: 0.000000 id: 788 at time: 1771.66
Processed event: VehicleDepartureEvent, vehicle_id: 10, road_id: 1000000000000000094, offset: 0.000000 id: 788
Event is not valid: BusArrivalEvent, vehicle_id: 7, stop_id: 41 id: 739 at time: 1774.81
processing event: BusArrivalEvent, vehicle_id: 7, stop_id: 41 id: 757 at time: 1774.81
Processed event: BusArrivalEvent, vehicle_id: 7, stop_id: 41 id: 757
processing event: PassengerOnboardEvent, passenger_id: 9 id: 790 at time: 1774.81
Processed event: PassengerOnboardEvent, passenger_id: 9 id: 790
processing event: PassengerRouteStartEvent, passenger_id: 15, route_id: 1 id: 14 at time: 1775
Processed event: PassengerRouteStartEvent, passenger_id: 15, route_id: 1 id: 14
processing event: OrderCreatedEvent, order_id: 15, available_pickups: 35 , available_dropoffs: 71 , passenger_id: 15, route_id: 1, passenger_num: 0 id: 792 at time: 1775
Processed event: OrderCreatedEvent, order_id: 15, available_pickups: 35 , available_dropoffs: 71 , passenger_id: 15, route_id: 1, passenger_num: 1 id: 792
processing event: VehicleArriveIntersectionEvent, vehicle_id: 6, road_id: 1000000000000000627 id: 781 at time: 1776.78
Processed event: VehicleArriveIntersectionEvent, vehicle_id: 6, road_id: 1000000000000000627 id: 781
processing event: VehicleEnterNewRoadEvent, vehicle_id: 1, road_id: 1000000000000001947 id: 784 at time: 1777.74
Processed event: VehicleEnterNewRoadEvent, vehicle_id: 1, road_id: 1000000000000001947 id: 784
processing event: VehicleDepartureEvent, vehicle_id: 1, road_id: 1000000000000001947, offset: 0.000000 id: 794 at time: 1777.74
Processed event: VehicleDepartureEvent, vehicle_id: 1, road_id: 1000000000000001947, offset: 0.000000 id: 794
processing event: VehicleDepartureEvent, vehicle_id: 7, road_id: 1000000000000000294, offset: 656.100000 id: 791 at time: 1779.81
Processed event: VehicleDepartureEvent, vehicle_id: 7, road_id: 1000000000000000294, offset: 656.100000 id: 791
Simulator::runFor: now_ = 1779.81 target = 1780
[progress] simulator time = 1780 / 3600
processing event: OrderMatchedEvent, order_id: 15, vehicle_id: 6 id: 797 at time: 1780
Processed event: OrderMatchedEvent, order_id: 15, vehicle_id: 6 id: 797
processing event: PassengerArrivalEvent, passenger_id: 15 id: 798 at time: 1780
Processed event: PassengerArrivalEvent, passenger_id: 15 id: 798
processing event: VehicleEnterNewRoadEvent, vehicle_id: 9, road_id: 1000000000000001076 id: 787 at time: 1783.22
Processed event: VehicleEnterNewRoadEvent, vehicle_id: 9, road_id: 1000000000000001076 id: 787
processing event: VehicleDepartureEvent, vehicle_id: 9, road_id: 1000000000000001076, offset: 0.000000 id: 799 at time: 1783.22
Processed event: VehicleDepartureEvent, vehicle_id: 9, road_id: 1000000000000001076, offset: 0.000000 id: 799
Event is not valid: VehicleArriveIntersectionEvent, vehicle_id: 4, road_id: 1000000000000001872 id: 728 at time: 1784.7
processing event: VehicleArriveIntersectionEvent, vehicle_id: 4, road_id: 1000000000000001872 id: 761 at time: 1784.7
Processed event: VehicleArriveIntersectionEvent, vehicle_id: 4, road_id: 1000000000000001872 id: 761
Simulator::runFor: now_ = 1784.7 target = 1790
[progress] simulator time = 1790 / 3600
processing event: VehicleEnterNewRoadEvent, vehicle_id: 6, road_id: 1000000000000000628 id: 793 at time: 1794.06
Processed event: VehicleEnterNewRoadEvent, vehicle_id: 6, road_id: 1000000000000000628 id: 793
processing event: VehicleDepartureEvent, vehicle_id: 6, road_id: 1000000000000000628, offset: 0.000000 id: 802 at time: 1794.06
Processed event: VehicleDepartureEvent, vehicle_id: 6, road_id: 1000000000000000628, offset: 0.000000 id: 802
Simulator::runFor: now_ = 1794.06 target = 1800
[progress] simulator time = 1800 / 3600
processing event: VehicleEnterNewRoadEvent, vehicle_id: 3, road_id: 1000000000000000648 id: 774 at time: 1801.78
Processed event: VehicleEnterNewRoadEvent, vehicle_id: 3, road_id: 1000000000000000648 id: 774
processing event: VehicleDepartureEvent, vehicle_id: 3, road_id: 1000000000000000648, offset: 0.000000 id: 804 at time: 1801.78
Processed event: VehicleDepartureEvent, vehicle_id: 3, road_id: 1000000000000000648, offset: 0.000000 id: 804
processing event: PassengerRouteStartEvent, passenger_id: 16, route_id: 1 id: 15 at time: 1802
Processed event: PassengerRouteStartEvent, passenger_id: 16, route_id: 1 id: 15
processing event: OrderCreatedEvent, order_id: 16, available_pickups: 71 , available_dropoffs: 15 , passenger_id: 16, route_id: 1, passenger_num: 0 id: 806 at time: 1802
Processed event: OrderCreatedEvent, order_id: 16, available_pickups: 71 , available_dropoffs: 15 , passenger_id: 16, route_id: 1, passenger_num: 1 id: 806
processing event: VehicleArriveIntersectionEvent, vehicle_id: 2, road_id: 1000000000000000257 id: 783 at time: 1802.57
Processed event: VehicleArriveIntersectionEvent, vehicle_id: 2, road_id: 1000000000000000257 id: 783
processing event: VehicleArriveIntersectionEvent, vehicle_id: 3, road_id: 1000000000000000648 id: 805 at time: 1803.4
Processed event: VehicleArriveIntersectionEvent, vehicle_id: 3, road_id: 1000000000000000648 id: 805
processing event: VehicleEnterNewRoadEvent, vehicle_id: 2, road_id: 1000000000000000264 id: 807 at time: 1806.53
Processed event: VehicleEnterNewRoadEvent, vehicle_id: 2, road_id: 1000000000000000264 id: 807
processing event: VehicleDepartureEvent, vehicle_id: 2, road_id: 1000000000000000264, offset: 0.000000 id: 809 at time: 1806.53
Processed event: VehicleDepartureEvent, vehicle_id: 2, road_id: 1000000000000000264, offset: 0.000000 id: 809
Simulator::runFor: now_ = 1806.53 target = 1810
[progress] simulator time = 1810 / 3600
processing event: OrderMatchedEvent, order_id: 16, vehicle_id: 3 id: 811 at time: 1810
Processed event: OrderMatchedEvent, order_id: 16, vehicle_id: 3 id: 811
processing event: PassengerArrivalEvent, passenger_id: 16 id: 812 at time: 1810
Processed event: PassengerArrivalEvent, passenger_id: 16 id: 812
processing event: VehicleArriveIntersectionEvent, vehicle_id: 6, road_id: 1000000000000000628 id: 803 at time: 1812.06
Processed event: VehicleArriveIntersectionEvent, vehicle_id: 6, road_id: 1000000000000000628 id: 803
processing event: VehicleArriveIntersectionEvent, vehicle_id: 10, road_id: 1000000000000000094 id: 789 at time: 1813.78
Processed event: VehicleArriveIntersectionEvent, vehicle_id: 10, road_id: 1000000000000000094 id: 789
processing event: VehicleEnterNewRoadEvent, vehicle_id: 3, road_id: 1000000000000000897 id: 808 at time: 1819.11
Processed event: VehicleEnterNewRoadEvent, vehicle_id: 3, road_id: 1000000000000000897 id: 808
processing event: VehicleDepartureEvent, vehicle_id: 3, road_id: 1000000000000000897, offset: 0.000000 id: 815 at time: 1819.11
Processed event: VehicleDepartureEvent, vehicle_id: 3, road_id: 1000000000000000897, offset: 0.000000 id: 815
processing event: VehicleEnterNewRoadEvent, vehicle_id: 4, road_id: 1000000000000001076 id: 801 at time: 1819.97
Processed event: VehicleEnterNewRoadEvent, vehicle_id: 4, road_id: 1000000000000001076 id: 801
processing event: VehicleDepartureEvent, vehicle_id: 4, road_id: 1000000000000001076, offset: 0.000000 id: 817 at time: 1819.97
Processed event: VehicleDepartureEvent, vehicle_id: 4, road_id: 1000000000000001076, offset: 0.000000 id: 817
Simulator::runFor: now_ = 1819.97 target = 1820
[progress] simulator time = 1820 / 3600
processing event: VehicleEnterNewRoadEvent, vehicle_id: 6, road_id: 1000000000000001044 id: 813 at time: 1825.8
Processed event: VehicleEnterNewRoadEvent, vehicle_id: 6, road_id: 1000000000000001044 id: 813
processing event: VehicleDepartureEvent, vehicle_id: 6, road_id: 1000000000000001044, offset: 0.000000 id: 819 at time: 1825.8
Processed event: VehicleDepartureEvent, vehicle_id: 6, road_id: 1000000000000001044, offset: 0.000000 id: 819
processing event: VehicleArriveIntersectionEvent, vehicle_id: 3, road_id: 1000000000000000897 id: 816 at time: 1825.95
Processed event: VehicleArriveIntersectionEvent, vehicle_id: 3, road_id: 1000000000000000897 id: 816
processing event: VehicleArriveIntersectionEvent, vehicle_id: 7, road_id: 1000000000000000294 id: 796 at time: 1827.32
Processed event: VehicleArriveIntersectionEvent, vehicle_id: 7, road_id: 1000000000000000294 id: 796
processing event: BusArrivalEvent, vehicle_id: 2, stop_id: 44 id: 810 at time: 1828.35
Processed event: BusArrivalEvent, vehicle_id: 2, stop_id: 44 id: 810
processing event: PassengerOnboardEvent, passenger_id: 10 id: 823 at time: 1828.35
Processed event: PassengerOnboardEvent, passenger_id: 10 id: 823
Simulator::runFor: now_ = 1828.35 target = 1830
[progress] simulator time = 1830 / 3600
processing event: VehicleDepartureEvent, vehicle_id: 2, road_id: 1000000000000000264, offset: 121.210000 id: 824 at time: 1833.35
Processed event: VehicleDepartureEvent, vehicle_id: 2, road_id: 1000000000000000264, offset: 121.210000 id: 824
Simulator::runFor: now_ = 1833.35 target = 1840
[progress] simulator time = 1840 / 3600
processing event: VehicleArriveIntersectionEvent, vehicle_id: 1, road_id: 1000000000000001947 id: 795 at time: 1840.21
Processed event: VehicleArriveIntersectionEvent, vehicle_id: 1, road_id: 1000000000000001947 id: 795
Simulator::runFor: now_ = 1840.21 target = 1850
[progress] simulator time = 1850 / 3600
processing event: VehicleEnterNewRoadEvent, vehicle_id: 10, road_id: 1000000000000000095 id: 814 at time: 1855.34
Processed event: VehicleEnterNewRoadEvent, vehicle_id: 10, road_id: 1000000000000000095 id: 814
processing event: VehicleDepartureEvent, vehicle_id: 10, road_id: 1000000000000000095, offset: 0.000000 id: 827 at time: 1855.34
Processed event: VehicleDepartureEvent, vehicle_id: 10, road_id: 1000000000000000095, offset: 0.000000 id: 827
processing event: VehicleArriveIntersectionEvent, vehicle_id: 2, road_id: 1000000000000000264 id: 825 at time: 1857.62
Processed event: VehicleArriveIntersectionEvent, vehicle_id: 2, road_id: 1000000000000000264 id: 825
Simulator::runFor: now_ = 1857.62 target = 1860
[progress] simulator time = 1860 / 3600
processing event: VehicleEnterNewRoadEvent, vehicle_id: 7, road_id: 1000000000000000310 id: 822 at time: 1860.06
Processed event: VehicleEnterNewRoadEvent, vehicle_id: 7, road_id: 1000000000000000310 id: 822
processing event: VehicleDepartureEvent, vehicle_id: 7, road_id: 1000000000000000310, offset: 0.000000 id: 830 at time: 1860.06
Processed event: VehicleDepartureEvent, vehicle_id: 7, road_id: 1000000000000000310, offset: 0.000000 id: 830
Simulator::runFor: now_ = 1860.06 target = 1870
[progress] simulator time = 1870 / 3600
processing event: VehicleEnterNewRoadEvent, vehicle_id: 2, road_id: 1000000000000000261 id: 829 at time: 1870.18
Processed event: VehicleEnterNewRoadEvent, vehicle_id: 2, road_id: 1000000000000000261 id: 829
processing event: VehicleDepartureEvent, vehicle_id: 2, road_id: 1000000000000000261, offset: 0.000000 id: 832 at time: 1870.18
Processed event: VehicleDepartureEvent, vehicle_id: 2, road_id: 1000000000000000261, offset: 0.000000 id: 832
processing event: VehicleEnterNewRoadEvent, vehicle_id: 1, road_id: 1000000000000001946 id: 826 at time: 1875.53
Processed event: VehicleEnterNewRoadEvent, vehicle_id: 1, road_id: 1000000000000001946 id: 826
processing event: VehicleDepartureEvent, vehicle_id: 1, road_id: 1000000000000001946, offset: 0.000000 id: 834 at time: 1875.53
Processed event: VehicleDepartureEvent, vehicle_id: 1, road_id: 1000000000000001946, offset: 0.000000 id: 834
Event is not valid: VehicleArriveIntersectionEvent, vehicle_id: 8, road_id: 1000000000000001946 id: 786 at time: 1879.35
processing event: VehicleArriveIntersectionEvent, vehicle_id: 8, road_id: 1000000000000001946 id: 835 at time: 1879.35
Processed event: VehicleArriveIntersectionEvent, vehicle_id: 8, road_id: 1000000000000001946 id: 835
Simulator::runFor: now_ = 1879.35 target = 1880
[progress] simulator time = 1880 / 3600
processing event: VehicleEnterNewRoadEvent, vehicle_id: 8, road_id: 1000000000000000901 id: 836 at time: 1880.35
Processed event: VehicleEnterNewRoadEvent, vehicle_id: 8, road_id: 1000000000000000901 id: 836
processing event: VehicleDepartureEvent, vehicle_id: 8, road_id: 1000000000000000901, offset: 0.000000 id: 839 at time: 1880.35
Processed event: VehicleDepartureEvent, vehicle_id: 8, road_id: 1000000000000000901, offset: 0.000000 id: 839
Event is not valid: VehicleArriveIntersectionEvent, vehicle_id: 9, road_id: 1000000000000001076 id: 800 at time: 1881.51
processing event: VehicleArriveIntersectionEvent, vehicle_id: 9, road_id: 1000000000000001076 id: 818 at time: 1881.51
Processed event: VehicleArriveIntersectionEvent, vehicle_id: 9, road_id: 1000000000000001076 id: 818
Simulator::runFor: now_ = 1881.51 target = 1890
[progress] simulator time = 1890 / 3600
processing event: VehicleArriveIntersectionEvent, vehicle_id: 7, road_id: 1000000000000000310 id: 831 at time: 1898.41
Processed event: VehicleArriveIntersectionEvent, vehicle_id: 7, road_id: 1000000000000000310 id: 831
Simulator::runFor: now_ = 1898.41 target = 1900
[progress] simulator time = 1900 / 3600
processing event: VehicleEnterNewRoadEvent, vehicle_id: 7, road_id: 1000000000000000627 id: 843 at time: 1900.21
Processed event: VehicleEnterNewRoadEvent, vehicle_id: 7, road_id: 1000000000000000627 id: 843
processing event: VehicleDepartureEvent, vehicle_id: 7, road_id: 1000000000000000627, offset: 0.000000 id: 844 at time: 1900.21
Processed event: VehicleDepartureEvent, vehicle_id: 7, road_id: 1000000000000000627, offset: 0.000000 id: 844
processing event: VehicleEnterNewRoadEvent, vehicle_id: 9, road_id: 1000000000000001077 id: 841 at time: 1904.18
Processed event: VehicleEnterNewRoadEvent, vehicle_id: 9, road_id: 1000000000000001077 id: 841
processing event: VehicleDepartureEvent, vehicle_id: 9, road_id: 1000000000000001077, offset: 0.000000 id: 847 at time: 1904.18
Processed event: VehicleDepartureEvent, vehicle_id: 9, road_id: 1000000000000001077, offset: 0.000000 id: 847
processing event: VehicleArriveIntersectionEvent, vehicle_id: 6, road_id: 1000000000000001044 id: 820 at time: 1907.89
Processed event: VehicleArriveIntersectionEvent, vehicle_id: 6, road_id: 1000000000000001044 id: 820
processing event: VehicleEnterNewRoadEvent, vehicle_id: 6, road_id: 1000000000000000682 id: 849 at time: 1909.69
Processed event: VehicleEnterNewRoadEvent, vehicle_id: 6, road_id: 1000000000000000682 id: 849
processing event: VehicleDepartureEvent, vehicle_id: 6, road_id: 1000000000000000682, offset: 0.000000 id: 850 at time: 1909.69
Processed event: VehicleDepartureEvent, vehicle_id: 6, road_id: 1000000000000000682, offset: 0.000000 id: 850
Simulator::runFor: now_ = 1909.69 target = 1910
[progress] simulator time = 1910 / 3600
processing event: PassengerRouteStartEvent, passenger_id: 17, route_id: 1 id: 16 at time: 1913
Processed event: PassengerRouteStartEvent, passenger_id: 17, route_id: 1 id: 16
processing event: OrderCreatedEvent, order_id: 17, available_pickups: 2 81 , available_dropoffs: 71 , passenger_id: 17, route_id: 1, passenger_num: 0 id: 852 at time: 1913
Processed event: OrderCreatedEvent, order_id: 17, available_pickups: 2 81 , available_dropoffs: 71 , passenger_id: 17, route_id: 1, passenger_num: 3 id: 852
processing event: VehicleEnterNewRoadEvent, vehicle_id: 3, road_id: 1000000000000001102 id: 821 at time: 1914.23
Processed event: VehicleEnterNewRoadEvent, vehicle_id: 3, road_id: 1000000000000001102 id: 821
processing event: VehicleDepartureEvent, vehicle_id: 3, road_id: 1000000000000001102, offset: 0.000000 id: 853 at time: 1914.23
Processed event: VehicleDepartureEvent, vehicle_id: 3, road_id: 1000000000000001102, offset: 0.000000 id: 853
processing event: BusArrivalEvent, vehicle_id: 9, stop_id: 71 id: 848 at time: 1914.74
Processed event: BusArrivalEvent, vehicle_id: 9, stop_id: 71 id: 848
processing event: PassengerOnboardEvent, passenger_id: 8 id: 855 at time: 1914.74
Processed event: PassengerOnboardEvent, passenger_id: 8 id: 855
processing event: VehicleArriveIntersectionEvent, vehicle_id: 2, road_id: 1000000000000000261 id: 833 at time: 1916.81
Processed event: VehicleArriveIntersectionEvent, vehicle_id: 2, road_id: 1000000000000000261 id: 833
Event is not valid: VehicleCheckPointEvent, vehicle_id: 4 id: 842 at time: 1917.72
processing event: VehicleArriveIntersectionEvent, vehicle_id: 4, road_id: 1000000000000001076 id: 846 at time: 1918.26
Processed event: VehicleArriveIntersectionEvent, vehicle_id: 4, road_id: 1000000000000001076 id: 846
processing event: VehicleDepartureEvent, vehicle_id: 9, road_id: 1000000000000001077, offset: 58.620000 id: 856 at time: 1919.74
Processed event: VehicleDepartureEvent, vehicle_id: 9, road_id: 1000000000000001077, offset: 58.620000 id: 856
Simulator::runFor: now_ = 1919.74 target = 1920
[progress] simulator time = 1920 / 3600
processing event: OrderMatchedEvent, order_id: 17, vehicle_id: 7 id: 860 at time: 1920
Processed event: OrderMatchedEvent, order_id: 17, vehicle_id: 7 id: 860
processing event: PassengerArrivalEvent, passenger_id: 17 id: 862 at time: 1920
Processed event: PassengerArrivalEvent, passenger_id: 17 id: 862
processing event: VehicleEnterNewRoadEvent, vehicle_id: 4, road_id: 1000000000000001077 id: 858 at time: 1920.06
Processed event: VehicleEnterNewRoadEvent, vehicle_id: 4, road_id: 1000000000000001077 id: 858
processing event: VehicleDepartureEvent, vehicle_id: 4, road_id: 1000000000000001077, offset: 0.000000 id: 863 at time: 1920.06
Processed event: VehicleDepartureEvent, vehicle_id: 4, road_id: 1000000000000001077, offset: 0.000000 id: 863
Simulator::runFor: now_ = 1920.06 target = 1930
[progress] simulator time = 1930 / 3600
processing event: BusArrivalEvent, vehicle_id: 4, stop_id: 71 id: 864 at time: 1930.61
Processed event: BusArrivalEvent, vehicle_id: 4, stop_id: 71 id: 864
processing event: PassengerRouteEndEvent, passenger_id: 1, route_id: 1 id: 866 at time: 1930.61
Passenger 1 finished all routes
Processed event: PassengerRouteEndEvent, passenger_id: 1, route_id: 1 id: 866
processing event: PassengerDropoffEvent, passenger_id: 1 id: 868 at time: 1930.61
Processed event: PassengerDropoffEvent, passenger_id: 1 id: 868
processing event: OrderFinishedEvent, order_id: 1 id: 869 at time: 1930.61
Processed event: OrderFinishedEvent, order_id: 1 id: 869
processing event: VehicleDepartureEvent, vehicle_id: 4, road_id: 1000000000000001077, offset: 58.620000 id: 867 at time: 1935.61
Processed event: VehicleDepartureEvent, vehicle_id: 4, road_id: 1000000000000001077, offset: 58.620000 id: 867
Event is not valid: VehicleArriveIntersectionEvent, vehicle_id: 7, road_id: 1000000000000000627 id: 845 at time: 1939.63
processing event: VehicleArriveIntersectionEvent, vehicle_id: 7, road_id: 1000000000000000627 id: 861 at time: 1939.63
Processed event: VehicleArriveIntersectionEvent, vehicle_id: 7, road_id: 1000000000000000627 id: 861
Simulator::runFor: now_ = 1939.63 target = 1940
[progress] simulator time = 1940 / 3600
Event is not valid: VehicleArriveIntersectionEvent, vehicle_id: 9, road_id: 1000000000000001077 id: 859 at time: 1944.47
Event is not valid: VehicleArriveIntersectionEvent, vehicle_id: 9, road_id: 1000000000000001077 id: 865 at time: 1944.47
processing event: VehicleArriveIntersectionEvent, vehicle_id: 9, road_id: 1000000000000001077 id: 870 at time: 1944.47
Processed event: VehicleArriveIntersectionEvent, vehicle_id: 9, road_id: 1000000000000001077 id: 870
Simulator::runFor: now_ = 1944.47 target = 1950
[progress] simulator time = 1950 / 3600
processing event: VehicleArriveIntersectionEvent, vehicle_id: 10, road_id: 1000000000000000095 id: 828 at time: 1953.45
Processed event: VehicleArriveIntersectionEvent, vehicle_id: 10, road_id: 1000000000000000095 id: 828
processing event: VehicleArriveIntersectionEvent, vehicle_id: 3, road_id: 1000000000000001102 id: 854 at time: 1957.25
Processed event: VehicleArriveIntersectionEvent, vehicle_id: 3, road_id: 1000000000000001102 id: 854
processing event: VehicleArriveIntersectionEvent, vehicle_id: 8, road_id: 1000000000000000901 id: 840 at time: 1958.12
Processed event: VehicleArriveIntersectionEvent, vehicle_id: 8, road_id: 1000000000000000901 id: 840
processing event: VehicleCheckPointEvent, vehicle_id: 4 id: 873 at time: 1959.81
Processed event: VehicleCheckPointEvent, vehicle_id: 4 id: 873
processing event: VehicleQueuedEvent, vehicle_id: 4, front_queued_vehicle_id: 9 id: 877 at time: 1959.81
Processed event: VehicleQueuedEvent, vehicle_id: 4, front_queued_vehicle_id: 9 id: 877
Simulator::runFor: now_ = 1959.81 target = 1960
[progress] simulator time = 1960 / 3600
processing event: VehicleEnterNewRoadEvent, vehicle_id: 3, road_id: 1000000000000001385 id: 875 at time: 1969.8
Processed event: VehicleEnterNewRoadEvent, vehicle_id: 3, road_id: 1000000000000001385 id: 875
processing event: VehicleDepartureEvent, vehicle_id: 3, road_id: 1000000000000001385, offset: 0.000000 id: 878 at time: 1969.8
Processed event: VehicleDepartureEvent, vehicle_id: 3, road_id: 1000000000000001385, offset: 0.000000 id: 878
Simulator::runFor: now_ = 1969.8 target = 1970
[progress] simulator time = 1970 / 3600
processing event: VehicleEnterNewRoadEvent, vehicle_id: 2, road_id: 1000000000000001752 id: 857 at time: 1970.46
Processed event: VehicleEnterNewRoadEvent, vehicle_id: 2, road_id: 1000000000000001752 id: 857
processing event: VehicleDepartureEvent, vehicle_id: 2, road_id: 1000000000000001752, offset: 0.000000 id: 880 at time: 1970.46
Processed event: VehicleDepartureEvent, vehicle_id: 2, road_id: 1000000000000001752, offset: 0.000000 id: 880
processing event: VehicleEnterNewRoadEvent, vehicle_id: 8, road_id: 1000000000000000646 id: 876 at time: 1972.51
Processed event: VehicleEnterNewRoadEvent, vehicle_id: 8, road_id: 1000000000000000646 id: 876
processing event: VehicleDepartureEvent, vehicle_id: 8, road_id: 1000000000000000646, offset: 0.000000 id: 882 at time: 1972.51
Processed event: VehicleDepartureEvent, vehicle_id: 8, road_id: 1000000000000000646, offset: 0.000000 id: 882
processing event: VehicleEnterNewRoadEvent, vehicle_id: 10, road_id: 1000000000000000096 id: 874 at time: 1976.3
Processed event: VehicleEnterNewRoadEvent, vehicle_id: 10, road_id: 1000000000000000096 id: 874
processing event: VehicleDepartureEvent, vehicle_id: 10, road_id: 1000000000000000096, offset: 0.000000 id: 884 at time: 1976.3
Processed event: VehicleDepartureEvent, vehicle_id: 10, road_id: 1000000000000000096, offset: 0.000000 id: 884
Simulator::runFor: now_ = 1976.3 target = 1980
[progress] simulator time = 1980 / 3600
processing event: VehicleArriveIntersectionEvent, vehicle_id: 3, road_id: 1000000000000001385 id: 879 at time: 1983.48
Processed event: VehicleArriveIntersectionEvent, vehicle_id: 3, road_id: 1000000000000001385 id: 879
processing event: VehicleEnterNewRoadEvent, vehicle_id: 7, road_id: 1000000000000000628 id: 871 at time: 1983.5
Processed event: VehicleEnterNewRoadEvent, vehicle_id: 7, road_id: 1000000000000000628 id: 871
processing event: VehicleDepartureEvent, vehicle_id: 7, road_id: 1000000000000000628, offset: 0.000000 id: 887 at time: 1983.5
Processed event: VehicleDepartureEvent, vehicle_id: 7, road_id: 1000000000000000628, offset: 0.000000 id: 887
processing event: VehicleEnterNewRoadEvent, vehicle_id: 3, road_id: 1000000000000001386 id: 886 at time: 1985.28
Processed event: VehicleEnterNewRoadEvent, vehicle_id: 3, road_id: 1000000000000001386 id: 886
processing event: VehicleDepartureEvent, vehicle_id: 3, road_id: 1000000000000001386, offset: 0.000000 id: 889 at time: 1985.28
Processed event: VehicleDepartureEvent, vehicle_id: 3, road_id: 1000000000000001386, offset: 0.000000 id: 889
Simulator::runFor: now_ = 1985.28 target = 1990
[progress] simulator time = 1990 / 3600
Event is not valid: VehicleCheckPointEvent, vehicle_id: 1 id: 837 at time: 1992
processing event: VehicleArriveIntersectionEvent, vehicle_id: 1, road_id: 1000000000000001946 id: 838 at time: 1992.54
Processed event: VehicleArriveIntersectionEvent, vehicle_id: 1, road_id: 1000000000000001946 id: 838
processing event: VehicleArriveIntersectionEvent, vehicle_id: 3, road_id: 1000000000000001386 id: 890 at time: 1993.56
Processed event: VehicleArriveIntersectionEvent, vehicle_id: 3, road_id: 1000000000000001386 id: 890
Simulator::runFor: now_ = 1993.56 target = 2000
[progress] simulator time = 2000 / 3600
processing event: VehicleArriveIntersectionEvent, vehicle_id: 7, road_id: 1000000000000000628 id: 888 at time: 2001.51
Processed event: VehicleArriveIntersectionEvent, vehicle_id: 7, road_id: 1000000000000000628 id: 888
processing event: VehicleArriveIntersectionEvent, vehicle_id: 6, road_id: 1000000000000000682 id: 851 at time: 2002.4
Processed event: VehicleArriveIntersectionEvent, vehicle_id: 6, road_id: 1000000000000000682 id: 851
Simulator::runFor: now_ = 2002.4 target = 2010
[progress] simulator time = 2010 / 3600
processing event: VehicleEnterNewRoadEvent, vehicle_id: 1, road_id: 1000000000000000901 id: 891 at time: 2010.7
Processed event: VehicleEnterNewRoadEvent, vehicle_id: 1, road_id: 1000000000000000901 id: 891
processing event: VehicleDepartureEvent, vehicle_id: 1, road_id: 1000000000000000901, offset: 0.000000 id: 895 at time: 2010.7
Processed event: VehicleDepartureEvent, vehicle_id: 1, road_id: 1000000000000000901, offset: 0.000000 id: 895
processing event: VehicleEnterNewRoadEvent, vehicle_id: 3, road_id: 1000000000000001387 id: 892 at time: 2014.8
Processed event: VehicleEnterNewRoadEvent, vehicle_id: 3, road_id: 1000000000000001387 id: 892
processing event: VehicleDepartureEvent, vehicle_id: 3, road_id: 1000000000000001387, offset: 0.000000 id: 897 at time: 2014.8
Processed event: VehicleDepartureEvent, vehicle_id: 3, road_id: 1000000000000001387, offset: 0.000000 id: 897
processing event: VehicleEnterNewRoadEvent, vehicle_id: 7, road_id: 1000000000000001044 id: 893 at time: 2017.8
Processed event: VehicleEnterNewRoadEvent, vehicle_id: 7, road_id: 1000000000000001044 id: 893
processing event: VehicleEnterNewRoadEvent, vehicle_id: 6, road_id: 1000000000000001045 id: 894 at time: 2017.8
Processed event: VehicleEnterNewRoadEvent, vehicle_id: 6, road_id: 1000000000000001045 id: 894
processing event: VehicleDepartureEvent, vehicle_id: 7, road_id: 1000000000000001044, offset: 0.000000 id: 899 at time: 2017.8
Processed event: VehicleDepartureEvent, vehicle_id: 7, road_id: 1000000000000001044, offset: 0.000000 id: 899
processing event: VehicleDepartureEvent, vehicle_id: 6, road_id: 1000000000000001045, offset: 0.000000 id: 900 at time: 2017.8
Processed event: VehicleDepartureEvent, vehicle_id: 6, road_id: 1000000000000001045, offset: 0.000000 id: 900
Simulator::runFor: now_ = 2017.8 target = 2020
[progress] simulator time = 2020 / 3600
processing event: VehicleArriveIntersectionEvent, vehicle_id: 8, road_id: 1000000000000000646 id: 883 at time: 2026.33
Processed event: VehicleArriveIntersectionEvent, vehicle_id: 8, road_id: 1000000000000000646 id: 883
Simulator::runFor: now_ = 2026.33 target = 2030
[progress] simulator time = 2030 / 3600
processing event: VehicleArriveIntersectionEvent, vehicle_id: 2, road_id: 1000000000000001752 id: 881 at time: 2034.91
Processed event: VehicleArriveIntersectionEvent, vehicle_id: 2, road_id: 1000000000000001752 id: 881
processing event: VehicleEnterNewRoadEvent, vehicle_id: 2, road_id: 1000000000000001750 id: 904 at time: 2038.66
Processed event: VehicleEnterNewRoadEvent, vehicle_id: 2, road_id: 1000000000000001750 id: 904
processing event: VehicleDepartureEvent, vehicle_id: 2, road_id: 1000000000000001750, offset: 0.000000 id: 905 at time: 2038.66
Processed event: VehicleDepartureEvent, vehicle_id: 2, road_id: 1000000000000001750, offset: 0.000000 id: 905
Simulator::runFor: now_ = 2038.66 target = 2040
[progress] simulator time = 2040 / 3600
Simulator::runFor: now_ = 2040 target = 2050
[progress] simulator time = 2050 / 3600
Simulator::runFor: now_ = 2050 target = 2060
[progress] simulator time = 2060 / 3600
processing event: VehicleEnterNewRoadEvent, vehicle_id: 9, road_id: 1000000000000000094 id: 872 at time: 2060.51
Processed event: VehicleEnterNewRoadEvent, vehicle_id: 9, road_id: 1000000000000000094 id: 872
processing event: VehicleDepartureEvent, vehicle_id: 9, road_id: 1000000000000000094, offset: 0.000000 id: 908 at time: 2060.51
Processed event: VehicleDepartureEvent, vehicle_id: 9, road_id: 1000000000000000094, offset: 0.000000 id: 908
processing event: VehicleArriveIntersectionEvent, vehicle_id: 4, road_id: 1000000000000001077 id: 907 at time: 2061.05
Processed event: VehicleArriveIntersectionEvent, vehicle_id: 4, road_id: 1000000000000001077 id: 907
processing event: VehicleEnterNewRoadEvent, vehicle_id: 8, road_id: 1000000000000000648 id: 903 at time: 2062
Processed event: VehicleEnterNewRoadEvent, vehicle_id: 8, road_id: 1000000000000000648 id: 903
processing event: VehicleDepartureEvent, vehicle_id: 8, road_id: 1000000000000000648, offset: 0.000000 id: 911 at time: 2062
Processed event: VehicleDepartureEvent, vehicle_id: 8, road_id: 1000000000000000648, offset: 0.000000 id: 911
processing event: VehicleArriveIntersectionEvent, vehicle_id: 8, road_id: 1000000000000000648 id: 912 at time: 2063.62
Processed event: VehicleArriveIntersectionEvent, vehicle_id: 8, road_id: 1000000000000000648 id: 912
processing event: VehicleEnterNewRoadEvent, vehicle_id: 4, road_id: 1000000000000000094 id: 910 at time: 2066.6
Processed event: VehicleEnterNewRoadEvent, vehicle_id: 4, road_id: 1000000000000000094 id: 910
processing event: VehicleDepartureEvent, vehicle_id: 4, road_id: 1000000000000000094, offset: 0.000000 id: 914 at time: 2066.6
Processed event: VehicleDepartureEvent, vehicle_id: 4, road_id: 1000000000000000094, offset: 0.000000 id: 914
Simulator::runFor: now_ = 2066.6 target = 2070
[progress] simulator time = 2070 / 3600
processing event: VehicleArriveIntersectionEvent, vehicle_id: 3, road_id: 1000000000000001387 id: 898 at time: 2071.51
Processed event: VehicleArriveIntersectionEvent, vehicle_id: 3, road_id: 1000000000000001387 id: 898
processing event: VehicleEnterNewRoadEvent, vehicle_id: 8, road_id: 1000000000000000897 id: 913 at time: 2072.82
Processed event: VehicleEnterNewRoadEvent, vehicle_id: 8, road_id: 1000000000000000897 id: 913
processing event: VehicleDepartureEvent, vehicle_id: 8, road_id: 1000000000000000897, offset: 0.000000 id: 917 at time: 2072.82
Processed event: VehicleDepartureEvent, vehicle_id: 8, road_id: 1000000000000000897, offset: 0.000000 id: 917
processing event: VehicleArriveIntersectionEvent, vehicle_id: 8, road_id: 1000000000000000897 id: 918 at time: 2079.66
Processed event: VehicleArriveIntersectionEvent, vehicle_id: 8, road_id: 1000000000000000897 id: 918
Simulator::runFor: now_ = 2079.66 target = 2080
[progress] simulator time = 2080 / 3600
processing event: PassengerRouteStartEvent, passenger_id: 18, route_id: 1 id: 17 at time: 2085
Processed event: PassengerRouteStartEvent, passenger_id: 18, route_id: 1 id: 17
processing event: OrderCreatedEvent, order_id: 18, available_pickups: 50 , available_dropoffs: 41 , passenger_id: 18, route_id: 1, passenger_num: 0 id: 920 at time: 2085
Processed event: OrderCreatedEvent, order_id: 18, available_pickups: 50 , available_dropoffs: 41 , passenger_id: 18, route_id: 1, passenger_num: 1 id: 920
processing event: VehicleArriveIntersectionEvent, vehicle_id: 1, road_id: 1000000000000000901 id: 896 at time: 2088.46
Processed event: VehicleArriveIntersectionEvent, vehicle_id: 1, road_id: 1000000000000000901 id: 896
Simulator::runFor: now_ = 2088.46 target = 2090
[progress] simulator time = 2090 / 3600
processing event: OrderMatchedEvent, order_id: 18, vehicle_id: 9 id: 922 at time: 2090
Processed event: OrderMatchedEvent, order_id: 18, vehicle_id: 9 id: 922
processing event: PassengerArrivalEvent, passenger_id: 18 id: 924 at time: 2090
Processed event: PassengerArrivalEvent, passenger_id: 18 id: 924
processing event: VehicleArriveIntersectionEvent, vehicle_id: 2, road_id: 1000000000000001750 id: 906 at time: 2091.22
Processed event: VehicleArriveIntersectionEvent, vehicle_id: 2, road_id: 1000000000000001750 id: 906
processing event: PassengerRouteStartEvent, passenger_id: 19, route_id: 1 id: 18 at time: 2092
Processed event: PassengerRouteStartEvent, passenger_id: 19, route_id: 1 id: 18
processing event: OrderCreatedEvent, order_id: 19, available_pickups: 41 , available_dropoffs: 68 , passenger_id: 19, route_id: 1, passenger_num: 0 id: 926 at time: 2092
Processed event: OrderCreatedEvent, order_id: 19, available_pickups: 41 , available_dropoffs: 68 , passenger_id: 19, route_id: 1, passenger_num: 1 id: 926
processing event: VehicleArriveIntersectionEvent, vehicle_id: 7, road_id: 1000000000000001044 id: 901 at time: 2099.89
Processed event: VehicleArriveIntersectionEvent, vehicle_id: 7, road_id: 1000000000000001044 id: 901
Simulator::runFor: now_ = 2099.89 target = 2100
[progress] simulator time = 2100 / 3600
processing event: OrderMatchedEvent, order_id: 19, vehicle_id: 5 id: 928 at time: 2100
Processed event: OrderMatchedEvent, order_id: 19, vehicle_id: 5 id: 928
processing event: VehicleDepartureEvent, vehicle_id: 5, road_id: 1000000000000000623, offset: 158.230000 id: 929 at time: 2100
Processed event: VehicleDepartureEvent, vehicle_id: 5, road_id: 1000000000000000623, offset: 158.230000 id: 929
processing event: PassengerArrivalEvent, passenger_id: 19 id: 930 at time: 2100
Processed event: PassengerArrivalEvent, passenger_id: 19 id: 930
processing event: VehicleEnterNewRoadEvent, vehicle_id: 7, road_id: 1000000000000000682 id: 927 at time: 2101.69
Processed event: VehicleEnterNewRoadEvent, vehicle_id: 7, road_id: 1000000000000000682 id: 927
processing event: VehicleDepartureEvent, vehicle_id: 7, road_id: 1000000000000000682, offset: 0.000000 id: 932 at time: 2101.69
Processed event: VehicleDepartureEvent, vehicle_id: 7, road_id: 1000000000000000682, offset: 0.000000 id: 932
Event is not valid: VehicleArriveIntersectionEvent, vehicle_id: 9, road_id: 1000000000000000094 id: 909 at time: 2102.64
Event is not valid: VehicleArriveIntersectionEvent, vehicle_id: 9, road_id: 1000000000000000094 id: 915 at time: 2102.64
processing event: VehicleArriveIntersectionEvent, vehicle_id: 9, road_id: 1000000000000000094 id: 923 at time: 2102.64
Processed event: VehicleArriveIntersectionEvent, vehicle_id: 9, road_id: 1000000000000000094 id: 923
processing event: VehicleArriveIntersectionEvent, vehicle_id: 6, road_id: 1000000000000001045 id: 902 at time: 2107.45
Processed event: VehicleArriveIntersectionEvent, vehicle_id: 6, road_id: 1000000000000001045 id: 902
processing event: VehicleCheckPointEvent, vehicle_id: 4 id: 935 at time: 2108.18
Processed event: VehicleCheckPointEvent, vehicle_id: 4 id: 935
processing event: VehicleQueuedEvent, vehicle_id: 4, front_queued_vehicle_id: 9 id: 937 at time: 2108.18
Processed event: VehicleQueuedEvent, vehicle_id: 4, front_queued_vehicle_id: 9 id: 937
Simulator::runFor: now_ = 2108.18 target = 2110
[progress] simulator time = 2110 / 3600
processing event: VehicleEnterNewRoadEvent, vehicle_id: 9, road_id: 1000000000000000095 id: 934 at time: 2110.55
Processed event: VehicleEnterNewRoadEvent, vehicle_id: 9, road_id: 1000000000000000095 id: 934
processing event: VehicleDepartureEvent, vehicle_id: 9, road_id: 1000000000000000095, offset: 0.000000 id: 939 at time: 2110.55
Processed event: VehicleDepartureEvent, vehicle_id: 9, road_id: 1000000000000000095, offset: 0.000000 id: 939
processing event: VehicleArriveIntersectionEvent, vehicle_id: 4, road_id: 1000000000000000094 id: 938 at time: 2111.09
Processed event: VehicleArriveIntersectionEvent, vehicle_id: 4, road_id: 1000000000000000094 id: 938
processing event: VehicleEnterNewRoadEvent, vehicle_id: 6, road_id: 1000000000000001054 id: 936 at time: 2113.8
Processed event: VehicleEnterNewRoadEvent, vehicle_id: 6, road_id: 1000000000000001054 id: 936
processing event: VehicleDepartureEvent, vehicle_id: 6, road_id: 1000000000000001054, offset: 0.000000 id: 942 at time: 2113.8
Processed event: VehicleDepartureEvent, vehicle_id: 6, road_id: 1000000000000001054, offset: 0.000000 id: 942
processing event: VehicleArriveIntersectionEvent, vehicle_id: 6, road_id: 1000000000000001054 id: 943 at time: 2117.04
Processed event: VehicleArriveIntersectionEvent, vehicle_id: 6, road_id: 1000000000000001054 id: 943
processing event: VehicleEnterNewRoadEvent, vehicle_id: 2, road_id: 1000000000000001749 id: 925 at time: 2118.89
Processed event: VehicleEnterNewRoadEvent, vehicle_id: 2, road_id: 1000000000000001749 id: 925
processing event: VehicleDepartureEvent, vehicle_id: 2, road_id: 1000000000000001749, offset: 0.000000 id: 945 at time: 2118.89
Processed event: VehicleDepartureEvent, vehicle_id: 2, road_id: 1000000000000001749, offset: 0.000000 id: 945
processing event: VehicleEnterNewRoadEvent, vehicle_id: 4, road_id: 1000000000000000095 id: 941 at time: 2119.01
Processed event: VehicleEnterNewRoadEvent, vehicle_id: 4, road_id: 1000000000000000095 id: 941
processing event: VehicleDepartureEvent, vehicle_id: 4, road_id: 1000000000000000095, offset: 0.000000 id: 947 at time: 2119.01
Processed event: VehicleDepartureEvent, vehicle_id: 4, road_id: 1000000000000000095, offset: 0.000000 id: 947
Simulator::runFor: now_ = 2119.01 target = 2120
[progress] simulator time = 2120 / 3600
processing event: VehicleEnterNewRoadEvent, vehicle_id: 3, road_id: 1000000000000001073 id: 916 at time: 2124.93
Processed event: VehicleEnterNewRoadEvent, vehicle_id: 3, road_id: 1000000000000001073 id: 916
processing event: VehicleDepartureEvent, vehicle_id: 3, road_id: 1000000000000001073, offset: 0.000000 id: 949 at time: 2124.93
Processed event: VehicleDepartureEvent, vehicle_id: 3, road_id: 1000000000000001073, offset: 0.000000 id: 949
Simulator::runFor: now_ = 2124.93 target = 2130
[progress] simulator time = 2130 / 3600
processing event: VehicleArriveIntersectionEvent, vehicle_id: 5, road_id: 1000000000000000623 id: 931 at time: 2133.98
Processed event: VehicleArriveIntersectionEvent, vehicle_id: 5, road_id: 1000000000000000623 id: 931
processing event: VehicleArriveIntersectionEvent, vehicle_id: 10, road_id: 1000000000000000096 id: 885 at time: 2134.54
Processed event: VehicleArriveIntersectionEvent, vehicle_id: 10, road_id: 1000000000000000096 id: 885
processing event: VehicleEnterNewRoadEvent, vehicle_id: 5, road_id: 1000000000000000620 id: 951 at time: 2137.94
Processed event: VehicleEnterNewRoadEvent, vehicle_id: 5, road_id: 1000000000000000620 id: 951
processing event: VehicleDepartureEvent, vehicle_id: 5, road_id: 1000000000000000620, offset: 0.000000 id: 953 at time: 2137.94
Processed event: VehicleDepartureEvent, vehicle_id: 5, road_id: 1000000000000000620, offset: 0.000000 id: 953
Simulator::runFor: now_ = 2137.94 target = 2140
[progress] simulator time = 2140 / 3600
processing event: VehicleEnterNewRoadEvent, vehicle_id: 8, road_id: 1000000000000001789 id: 919 at time: 2143.08
Processed event: VehicleEnterNewRoadEvent, vehicle_id: 8, road_id: 1000000000000001789 id: 919
processing event: VehicleDepartureEvent, vehicle_id: 8, road_id: 1000000000000001789, offset: 0.000000 id: 955 at time: 2143.08
Processed event: VehicleDepartureEvent, vehicle_id: 8, road_id: 1000000000000001789, offset: 0.000000 id: 955
Simulator::runFor: now_ = 2143.08 target = 2150
[progress] simulator time = 2150 / 3600
processing event: VehicleArriveIntersectionEvent, vehicle_id: 5, road_id: 1000000000000000620 id: 954 at time: 2156.66
Processed event: VehicleArriveIntersectionEvent, vehicle_id: 5, road_id: 1000000000000000620 id: 954
Simulator::runFor: now_ = 2156.66 target = 2160
[progress] simulator time = 2160 / 3600
Simulator::runFor: now_ = 2160 target = 2170
[progress] simulator time = 2170 / 3600
processing event: VehicleEnterNewRoadEvent, vehicle_id: 1, road_id: 1000000000000000646 id: 921 at time: 2171.36
Processed event: VehicleEnterNewRoadEvent, vehicle_id: 1, road_id: 1000000000000000646 id: 921
processing event: VehicleDepartureEvent, vehicle_id: 1, road_id: 1000000000000000646, offset: 0.000000 id: 958 at time: 2171.36
Processed event: VehicleDepartureEvent, vehicle_id: 1, road_id: 1000000000000000646, offset: 0.000000 id: 958
processing event: VehicleEnterNewRoadEvent, vehicle_id: 10, road_id: 1000000000000001034 id: 952 at time: 2173.58
Processed event: VehicleEnterNewRoadEvent, vehicle_id: 10, road_id: 1000000000000001034 id: 952
processing event: VehicleDepartureEvent, vehicle_id: 10, road_id: 1000000000000001034, offset: 0.000000 id: 960 at time: 2173.58
Processed event: VehicleDepartureEvent, vehicle_id: 10, road_id: 1000000000000001034, offset: 0.000000 id: 960
processing event: VehicleArriveIntersectionEvent, vehicle_id: 8, road_id: 1000000000000001789 id: 956 at time: 2179.44
Processed event: VehicleArriveIntersectionEvent, vehicle_id: 8, road_id: 1000000000000001789 id: 956
Simulator::runFor: now_ = 2179.44 target = 2180
[progress] simulator time = 2180 / 3600
processing event: VehicleArriveIntersectionEvent, vehicle_id: 2, road_id: 1000000000000001749 id: 946 at time: 2185.13
Processed event: VehicleArriveIntersectionEvent, vehicle_id: 2, road_id: 1000000000000001749 id: 946
processing event: VehicleArriveIntersectionEvent, vehicle_id: 10, road_id: 1000000000000001034 id: 961 at time: 2186.36
Processed event: VehicleArriveIntersectionEvent, vehicle_id: 10, road_id: 1000000000000001034 id: 961
processing event: VehicleEnterNewRoadEvent, vehicle_id: 10, road_id: 1000000000000001035 id: 964 at time: 2188.16
Processed event: VehicleEnterNewRoadEvent, vehicle_id: 10, road_id: 1000000000000001035 id: 964
processing event: VehicleDepartureEvent, vehicle_id: 10, road_id: 1000000000000001035, offset: 0.000000 id: 965 at time: 2188.16
Processed event: VehicleDepartureEvent, vehicle_id: 10, road_id: 1000000000000001035, offset: 0.000000 id: 965
Simulator::runFor: now_ = 2188.16 target = 2190
[progress] simulator time = 2190 / 3600
processing event: VehicleArriveIntersectionEvent, vehicle_id: 7, road_id: 1000000000000000682 id: 933 at time: 2194.4
Processed event: VehicleArriveIntersectionEvent, vehicle_id: 7, road_id: 1000000000000000682 id: 933
processing event: VehicleArriveIntersectionEvent, vehicle_id: 3, road_id: 1000000000000001073 id: 950 at time: 2197.12
Processed event: VehicleArriveIntersectionEvent, vehicle_id: 3, road_id: 1000000000000001073 id: 950
processing event: VehicleEnterNewRoadEvent, vehicle_id: 5, road_id: 1000000000000000254 id: 957 at time: 2199.67
Processed event: VehicleEnterNewRoadEvent, vehicle_id: 5, road_id: 1000000000000000254 id: 957
processing event: VehicleDepartureEvent, vehicle_id: 5, road_id: 1000000000000000254, offset: 0.000000 id: 969 at time: 2199.67
Processed event: VehicleDepartureEvent, vehicle_id: 5, road_id: 1000000000000000254, offset: 0.000000 id: 969
Simulator::runFor: now_ = 2199.67 target = 2200
[progress] simulator time = 2200 / 3600
processing event: VehicleEnterNewRoadEvent, vehicle_id: 8, road_id: 1000000000000001795 id: 962 at time: 2200.31
Processed event: VehicleEnterNewRoadEvent, vehicle_id: 8, road_id: 1000000000000001795 id: 962
processing event: VehicleDepartureEvent, vehicle_id: 8, road_id: 1000000000000001795, offset: 0.000000 id: 971 at time: 2200.31
Processed event: VehicleDepartureEvent, vehicle_id: 8, road_id: 1000000000000001795, offset: 0.000000 id: 971
processing event: VehicleEnterNewRoadEvent, vehicle_id: 7, road_id: 1000000000000001045 id: 967 at time: 2206.8
Processed event: VehicleEnterNewRoadEvent, vehicle_id: 7, road_id: 1000000000000001045 id: 967
processing event: VehicleDepartureEvent, vehicle_id: 7, road_id: 1000000000000001045, offset: 0.000000 id: 973 at time: 2206.8
Processed event: VehicleDepartureEvent, vehicle_id: 7, road_id: 1000000000000001045, offset: 0.000000 id: 973
Event is not valid: VehicleArriveIntersectionEvent, vehicle_id: 9, road_id: 1000000000000000095 id: 940 at time: 2208.66
processing event: VehicleArriveIntersectionEvent, vehicle_id: 9, road_id: 1000000000000000095 id: 948 at time: 2208.66
Processed event: VehicleArriveIntersectionEvent, vehicle_id: 9, road_id: 1000000000000000095 id: 948
processing event: VehicleArriveIntersectionEvent, vehicle_id: 5, road_id: 1000000000000000254 id: 970 at time: 2209.21
Processed event: VehicleArriveIntersectionEvent, vehicle_id: 5, road_id: 1000000000000000254 id: 970
Simulator::runFor: now_ = 2209.21 target = 2210
[progress] simulator time = 2210 / 3600
processing event: VehicleEnterNewRoadEvent, vehicle_id: 6, road_id: 1000000000000001073 id: 944 at time: 2213.01
Processed event: VehicleEnterNewRoadEvent, vehicle_id: 6, road_id: 1000000000000001073 id: 944
processing event: VehicleDepartureEvent, vehicle_id: 6, road_id: 1000000000000001073, offset: 0.000000 id: 978 at time: 2213.01
Processed event: VehicleDepartureEvent, vehicle_id: 6, road_id: 1000000000000001073, offset: 0.000000 id: 978
processing event: VehicleCheckPointEvent, vehicle_id: 4 id: 976 at time: 2216.58
Processed event: VehicleCheckPointEvent, vehicle_id: 4 id: 976
processing event: VehicleQueuedEvent, vehicle_id: 4, front_queued_vehicle_id: 9 id: 980 at time: 2216.58
Processed event: VehicleQueuedEvent, vehicle_id: 4, front_queued_vehicle_id: 9 id: 980
processing event: VehicleEnterNewRoadEvent, vehicle_id: 9, road_id: 1000000000000000096 id: 975 at time: 2218.23
Processed event: VehicleEnterNewRoadEvent, vehicle_id: 9, road_id: 1000000000000000096 id: 975
processing event: VehicleDepartureEvent, vehicle_id: 9, road_id: 1000000000000000096, offset: 0.000000 id: 982 at time: 2218.23
Processed event: VehicleDepartureEvent, vehicle_id: 9, road_id: 1000000000000000096, offset: 0.000000 id: 982
processing event: VehicleArriveIntersectionEvent, vehicle_id: 4, road_id: 1000000000000000095 id: 981 at time: 2218.77
Processed event: VehicleArriveIntersectionEvent, vehicle_id: 4, road_id: 1000000000000000095 id: 981
Simulator::runFor: now_ = 2218.77 target = 2220
[progress] simulator time = 2220 / 3600
processing event: VehicleEnterNewRoadEvent, vehicle_id: 2, road_id: 1000000000000001748 id: 963 at time: 2223.73
Processed event: VehicleEnterNewRoadEvent, vehicle_id: 2, road_id: 1000000000000001748 id: 963
processing event: VehicleDepartureEvent, vehicle_id: 2, road_id: 1000000000000001748, offset: 0.000000 id: 985 at time: 2223.73
Processed event: VehicleDepartureEvent, vehicle_id: 2, road_id: 1000000000000001748, offset: 0.000000 id: 985
processing event: VehicleArriveIntersectionEvent, vehicle_id: 1, road_id: 1000000000000000646 id: 959 at time: 2225.19
Processed event: VehicleArriveIntersectionEvent, vehicle_id: 1, road_id: 1000000000000000646 id: 959
processing event: VehicleEnterNewRoadEvent, vehicle_id: 4, road_id: 1000000000000000096 id: 984 at time: 2226.68
Processed event: VehicleEnterNewRoadEvent, vehicle_id: 4, road_id: 1000000000000000096 id: 984
processing event: VehicleDepartureEvent, vehicle_id: 4, road_id: 1000000000000000096, offset: 0.000000 id: 988 at time: 2226.68
Processed event: VehicleDepartureEvent, vehicle_id: 4, road_id: 1000000000000000096, offset: 0.000000 id: 988
processing event: VehicleEnterNewRoadEvent, vehicle_id: 3, road_id: 1000000000000001074 id: 968 at time: 2226.99
Processed event: VehicleEnterNewRoadEvent, vehicle_id: 3, road_id: 1000000000000001074 id: 968
processing event: VehicleDepartureEvent, vehicle_id: 3, road_id: 1000000000000001074, offset: 0.000000 id: 990 at time: 2226.99
Processed event: VehicleDepartureEvent, vehicle_id: 3, road_id: 1000000000000001074, offset: 0.000000 id: 990
processing event: VehicleArriveIntersectionEvent, vehicle_id: 10, road_id: 1000000000000001035 id: 966 at time: 2229.57
Processed event: VehicleArriveIntersectionEvent, vehicle_id: 10, road_id: 1000000000000001035 id: 966
Simulator::runFor: now_ = 2229.57 target = 2230
[progress] simulator time = 2230 / 3600
Simulator::runFor: now_ = 2230 target = 2240
[progress] simulator time = 2240 / 3600
Simulator::runFor: now_ = 2240 target = 2250
[progress] simulator time = 2250 / 3600
processing event: VehicleEnterNewRoadEvent, vehicle_id: 5, road_id: 1000000000000000255 id: 977 at time: 2250.9
Processed event: VehicleEnterNewRoadEvent, vehicle_id: 5, road_id: 1000000000000000255 id: 977
processing event: VehicleDepartureEvent, vehicle_id: 5, road_id: 1000000000000000255, offset: 0.000000 id: 993 at time: 2250.9
Processed event: VehicleDepartureEvent, vehicle_id: 5, road_id: 1000000000000000255, offset: 0.000000 id: 993
processing event: VehicleEnterNewRoadEvent, vehicle_id: 10, road_id: 1000000000000001036 id: 992 at time: 2256.12
Processed event: VehicleEnterNewRoadEvent, vehicle_id: 10, road_id: 1000000000000001036 id: 992
processing event: VehicleDepartureEvent, vehicle_id: 10, road_id: 1000000000000001036, offset: 0.000000 id: 995 at time: 2256.12
Processed event: VehicleDepartureEvent, vehicle_id: 10, road_id: 1000000000000001036, offset: 0.000000 id: 995
processing event: VehicleArriveIntersectionEvent, vehicle_id: 3, road_id: 1000000000000001074 id: 991 at time: 2257.42
Processed event: VehicleArriveIntersectionEvent, vehicle_id: 3, road_id: 1000000000000001074 id: 991
processing event: VehicleEnterNewRoadEvent, vehicle_id: 3, road_id: 1000000000000001075 id: 997 at time: 2258.41
Processed event: VehicleEnterNewRoadEvent, vehicle_id: 3, road_id: 1000000000000001075 id: 997
processing event: VehicleDepartureEvent, vehicle_id: 3, road_id: 1000000000000001075, offset: 0.000000 id: 998 at time: 2258.41
Processed event: VehicleDepartureEvent, vehicle_id: 3, road_id: 1000000000000001075, offset: 0.000000 id: 998
Simulator::runFor: now_ = 2258.41 target = 2260
[progress] simulator time = 2260 / 3600
Simulator::runFor: now_ = 2260 target = 2270
[progress] simulator time = 2270 / 3600
processing event: VehicleArriveIntersectionEvent, vehicle_id: 2, road_id: 1000000000000001748 id: 986 at time: 2272.69
Processed event: VehicleArriveIntersectionEvent, vehicle_id: 2, road_id: 1000000000000001748 id: 986
processing event: VehicleEnterNewRoadEvent, vehicle_id: 2, road_id: 1000000000000000907 id: 1000 at time: 2274.99
Processed event: VehicleEnterNewRoadEvent, vehicle_id: 2, road_id: 1000000000000000907 id: 1000
processing event: VehicleDepartureEvent, vehicle_id: 2, road_id: 1000000000000000907, offset: 0.000000 id: 1001 at time: 2274.99
Processed event: VehicleDepartureEvent, vehicle_id: 2, road_id: 1000000000000000907, offset: 0.000000 id: 1001
Simulator::runFor: now_ = 2274.99 target = 2280
[progress] simulator time = 2280 / 3600
processing event: VehicleArriveIntersectionEvent, vehicle_id: 6, road_id: 1000000000000001073 id: 979 at time: 2285.2
Processed event: VehicleArriveIntersectionEvent, vehicle_id: 6, road_id: 1000000000000001073 id: 979
Simulator::runFor: now_ = 2285.2 target = 2290
[progress] simulator time = 2290 / 3600
processing event: VehicleEnterNewRoadEvent, vehicle_id: 1, road_id: 1000000000000000648 id: 987 at time: 2290.86
Processed event: VehicleEnterNewRoadEvent, vehicle_id: 1, road_id: 1000000000000000648 id: 987
processing event: VehicleDepartureEvent, vehicle_id: 1, road_id: 1000000000000000648, offset: 0.000000 id: 1004 at time: 2290.86
Processed event: VehicleDepartureEvent, vehicle_id: 1, road_id: 1000000000000000648, offset: 0.000000 id: 1004
processing event: VehicleArriveIntersectionEvent, vehicle_id: 1, road_id: 1000000000000000648 id: 1005 at time: 2292.48
Processed event: VehicleArriveIntersectionEvent, vehicle_id: 1, road_id: 1000000000000000648 id: 1005
processing event: VehicleArriveIntersectionEvent, vehicle_id: 2, road_id: 1000000000000000907 id: 1002 at time: 2294.79
Processed event: VehicleArriveIntersectionEvent, vehicle_id: 2, road_id: 1000000000000000907 id: 1002
processing event: VehicleArriveIntersectionEvent, vehicle_id: 7, road_id: 1000000000000001045 id: 974 at time: 2296.45
Processed event: VehicleArriveIntersectionEvent, vehicle_id: 7, road_id: 1000000000000001045 id: 974
processing event: VehicleArriveIntersectionEvent, vehicle_id: 8, road_id: 1000000000000001795 id: 972 at time: 2298.42
Processed event: VehicleArriveIntersectionEvent, vehicle_id: 8, road_id: 1000000000000001795 id: 972
Simulator::runFor: now_ = 2298.42 target = 2300
[progress] simulator time = 2300 / 3600
processing event: VehicleEnterNewRoadEvent, vehicle_id: 8, road_id: 1000000000000001794 id: 1009 at time: 2300.22
Processed event: VehicleEnterNewRoadEvent, vehicle_id: 8, road_id: 1000000000000001794 id: 1009
processing event: VehicleDepartureEvent, vehicle_id: 8, road_id: 1000000000000001794, offset: 0.000000 id: 1010 at time: 2300.22
Processed event: VehicleDepartureEvent, vehicle_id: 8, road_id: 1000000000000001794, offset: 0.000000 id: 1010
processing event: VehicleArriveIntersectionEvent, vehicle_id: 5, road_id: 1000000000000000255 id: 994 at time: 2303.46
Processed event: VehicleArriveIntersectionEvent, vehicle_id: 5, road_id: 1000000000000000255 id: 994
processing event: VehicleEnterNewRoadEvent, vehicle_id: 2, road_id: 1000000000000000908 id: 1007 at time: 2305.8
Processed event: VehicleEnterNewRoadEvent, vehicle_id: 2, road_id: 1000000000000000908 id: 1007
processing event: VehicleEnterNewRoadEvent, vehicle_id: 7, road_id: 1000000000000001054 id: 1008 at time: 2305.8
Processed event: VehicleEnterNewRoadEvent, vehicle_id: 7, road_id: 1000000000000001054 id: 1008
processing event: VehicleDepartureEvent, vehicle_id: 2, road_id: 1000000000000000908, offset: 0.000000 id: 1013 at time: 2305.8
Processed event: VehicleDepartureEvent, vehicle_id: 2, road_id: 1000000000000000908, offset: 0.000000 id: 1013
processing event: VehicleDepartureEvent, vehicle_id: 7, road_id: 1000000000000001054, offset: 0.000000 id: 1014 at time: 2305.8
Processed event: VehicleDepartureEvent, vehicle_id: 7, road_id: 1000000000000001054, offset: 0.000000 id: 1014
processing event: VehicleEnterNewRoadEvent, vehicle_id: 5, road_id: 1000000000000000256 id: 1012 at time: 2308.11
Processed event: VehicleEnterNewRoadEvent, vehicle_id: 5, road_id: 1000000000000000256 id: 1012
processing event: VehicleDepartureEvent, vehicle_id: 5, road_id: 1000000000000000256, offset: 0.000000 id: 1017 at time: 2308.11
Processed event: VehicleDepartureEvent, vehicle_id: 5, road_id: 1000000000000000256, offset: 0.000000 id: 1017
processing event: VehicleArriveIntersectionEvent, vehicle_id: 7, road_id: 1000000000000001054 id: 1016 at time: 2309.04
Processed event: VehicleArriveIntersectionEvent, vehicle_id: 7, road_id: 1000000000000001054 id: 1016
Simulator::runFor: now_ = 2309.04 target = 2310
[progress] simulator time = 2310 / 3600
processing event: VehicleArriveIntersectionEvent, vehicle_id: 3, road_id: 1000000000000001075 id: 999 at time: 2313.86
Processed event: VehicleArriveIntersectionEvent, vehicle_id: 3, road_id: 1000000000000001075 id: 999
processing event: VehicleEnterNewRoadEvent, vehicle_id: 3, road_id: 1000000000000001076 id: 1020 at time: 2315.66
Processed event: VehicleEnterNewRoadEvent, vehicle_id: 3, road_id: 1000000000000001076 id: 1020
processing event: VehicleDepartureEvent, vehicle_id: 3, road_id: 1000000000000001076, offset: 0.000000 id: 1021 at time: 2315.66
Processed event: VehicleDepartureEvent, vehicle_id: 3, road_id: 1000000000000001076, offset: 0.000000 id: 1021
processing event: PassengerRouteStartEvent, passenger_id: 20, route_id: 1 id: 19 at time: 2318
Processed event: PassengerRouteStartEvent, passenger_id: 20, route_id: 1 id: 19
processing event: OrderCreatedEvent, order_id: 20, available_pickups: 58 83 , available_dropoffs: 71 , passenger_id: 20, route_id: 1, passenger_num: 0 id: 1023 at time: 2318
Processed event: OrderCreatedEvent, order_id: 20, available_pickups: 58 83 , available_dropoffs: 71 , passenger_id: 20, route_id: 1, passenger_num: 2 id: 1023
Simulator::runFor: now_ = 2318 target = 2320
[progress] simulator time = 2320 / 3600
processing event: OrderMatchedEvent, order_id: 20, vehicle_id: 9 id: 1024 at time: 2320
Processed event: OrderMatchedEvent, order_id: 20, vehicle_id: 9 id: 1024
processing event: PassengerArrivalEvent, passenger_id: 20 id: 1026 at time: 2320
Processed event: PassengerArrivalEvent, passenger_id: 20 id: 1026
processing event: PassengerRouteStartEvent, passenger_id: 21, route_id: 1 id: 20 at time: 2325
Processed event: PassengerRouteStartEvent, passenger_id: 21, route_id: 1 id: 20
processing event: OrderCreatedEvent, order_id: 21, available_pickups: 68 , available_dropoffs: 2 81 , passenger_id: 21, route_id: 1, passenger_num: 0 id: 1027 at time: 2325
Processed event: OrderCreatedEvent, order_id: 21, available_pickups: 68 , available_dropoffs: 2 81 , passenger_id: 21, route_id: 1, passenger_num: 1 id: 1027
processing event: VehicleEnterNewRoadEvent, vehicle_id: 1, road_id: 1000000000000000897 id: 1006 at time: 2326.52
Processed event: VehicleEnterNewRoadEvent, vehicle_id: 1, road_id: 1000000000000000897 id: 1006
processing event: VehicleDepartureEvent, vehicle_id: 1, road_id: 1000000000000000897, offset: 0.000000 id: 1028 at time: 2326.52
Processed event: VehicleDepartureEvent, vehicle_id: 1, road_id: 1000000000000000897, offset: 0.000000 id: 1028
Simulator::runFor: now_ = 2326.52 target = 2330
[progress] simulator time = 2330 / 3600
processing event: OrderMatchedEvent, order_id: 21, vehicle_id: 10 id: 1030 at time: 2330
Processed event: OrderMatchedEvent, order_id: 21, vehicle_id: 10 id: 1030
processing event: PassengerArrivalEvent, passenger_id: 21 id: 1032 at time: 2330
Processed event: PassengerArrivalEvent, passenger_id: 21 id: 1032
processing event: VehicleArriveIntersectionEvent, vehicle_id: 2, road_id: 1000000000000000908 id: 1015 at time: 2330.28
Processed event: VehicleArriveIntersectionEvent, vehicle_id: 2, road_id: 1000000000000000908 id: 1015
processing event: VehicleEnterNewRoadEvent, vehicle_id: 2, road_id: 1000000000000000181 id: 1033 at time: 2332.08
Processed event: VehicleEnterNewRoadEvent, vehicle_id: 2, road_id: 1000000000000000181 id: 1033
processing event: VehicleDepartureEvent, vehicle_id: 2, road_id: 1000000000000000181, offset: 0.000000 id: 1034 at time: 2332.08
Processed event: VehicleDepartureEvent, vehicle_id: 2, road_id: 1000000000000000181, offset: 0.000000 id: 1034
processing event: VehicleEnterNewRoadEvent, vehicle_id: 6, road_id: 1000000000000001074 id: 1003 at time: 2332.95
Processed event: VehicleEnterNewRoadEvent, vehicle_id: 6, road_id: 1000000000000001074 id: 1003
processing event: VehicleDepartureEvent, vehicle_id: 6, road_id: 1000000000000001074, offset: 0.000000 id: 1036 at time: 2332.95
Processed event: VehicleDepartureEvent, vehicle_id: 6, road_id: 1000000000000001074, offset: 0.000000 id: 1036
processing event: VehicleArriveIntersectionEvent, vehicle_id: 1, road_id: 1000000000000000897 id: 1029 at time: 2333.36
Processed event: VehicleArriveIntersectionEvent, vehicle_id: 1, road_id: 1000000000000000897 id: 1029
Simulator::runFor: now_ = 2333.36 target = 2340
[progress] simulator time = 2340 / 3600
Event is not valid: BusArrivalEvent, vehicle_id: 9, stop_id: 74 id: 983 at time: 2349.02
processing event: BusArrivalEvent, vehicle_id: 9, stop_id: 74 id: 1025 at time: 2349.02
Processed event: BusArrivalEvent, vehicle_id: 9, stop_id: 74 id: 1025
processing event: PassengerRouteEndEvent, passenger_id: 8, route_id: 1 id: 1039 at time: 2349.02
Passenger 8 finished all routes
Processed event: PassengerRouteEndEvent, passenger_id: 8, route_id: 1 id: 1039
processing event: PassengerDropoffEvent, passenger_id: 8 id: 1041 at time: 2349.02
Processed event: PassengerDropoffEvent, passenger_id: 8 id: 1041
processing event: OrderFinishedEvent, order_id: 8 id: 1042 at time: 2349.02
Processed event: OrderFinishedEvent, order_id: 8 id: 1042
Simulator::runFor: now_ = 2349.02 target = 2350
[progress] simulator time = 2350 / 3600
processing event: VehicleDepartureEvent, vehicle_id: 9, road_id: 1000000000000000096, offset: 726.550000 id: 1040 at time: 2354.02
Processed event: VehicleDepartureEvent, vehicle_id: 9, road_id: 1000000000000000096, offset: 726.550000 id: 1040
processing event: VehicleArriveIntersectionEvent, vehicle_id: 8, road_id: 1000000000000001794 id: 1011 at time: 2356.57
Processed event: VehicleArriveIntersectionEvent, vehicle_id: 8, road_id: 1000000000000001794 id: 1011
processing event: VehicleEnterNewRoadEvent, vehicle_id: 7, road_id: 1000000000000001073 id: 1019 at time: 2357.44
Processed event: VehicleEnterNewRoadEvent, vehicle_id: 7, road_id: 1000000000000001073 id: 1019
processing event: VehicleDepartureEvent, vehicle_id: 7, road_id: 1000000000000001073, offset: 0.000000 id: 1045 at time: 2357.44
Processed event: VehicleDepartureEvent, vehicle_id: 7, road_id: 1000000000000001073, offset: 0.000000 id: 1045
processing event: VehicleEnterNewRoadEvent, vehicle_id: 8, road_id: 1000000000000001793 id: 1044 at time: 2358.02
Processed event: VehicleEnterNewRoadEvent, vehicle_id: 8, road_id: 1000000000000001793 id: 1044
processing event: VehicleDepartureEvent, vehicle_id: 8, road_id: 1000000000000001793, offset: 0.000000 id: 1047 at time: 2358.02
Processed event: VehicleDepartureEvent, vehicle_id: 8, road_id: 1000000000000001793, offset: 0.000000 id: 1047
processing event: VehicleArriveIntersectionEvent, vehicle_id: 5, road_id: 1000000000000000256 id: 1018 at time: 2359.06
Processed event: VehicleArriveIntersectionEvent, vehicle_id: 5, road_id: 1000000000000000256 id: 1018
Simulator::runFor: now_ = 2359.06 target = 2360
[progress] simulator time = 2360 / 3600
processing event: VehicleArriveIntersectionEvent, vehicle_id: 2, road_id: 1000000000000000181 id: 1035 at time: 2362.15
Processed event: VehicleArriveIntersectionEvent, vehicle_id: 2, road_id: 1000000000000000181 id: 1035
processing event: VehicleArriveIntersectionEvent, vehicle_id: 6, road_id: 1000000000000001074 id: 1037 at time: 2363.38
Processed event: VehicleArriveIntersectionEvent, vehicle_id: 6, road_id: 1000000000000001074 id: 1037
processing event: VehicleEnterNewRoadEvent, vehicle_id: 6, road_id: 1000000000000001075 id: 1051 at time: 2364.38
Processed event: VehicleEnterNewRoadEvent, vehicle_id: 6, road_id: 1000000000000001075 id: 1051
processing event: VehicleDepartureEvent, vehicle_id: 6, road_id: 1000000000000001075, offset: 0.000000 id: 1052 at time: 2364.38
Processed event: VehicleDepartureEvent, vehicle_id: 6, road_id: 1000000000000001075, offset: 0.000000 id: 1052
Simulator::runFor: now_ = 2364.38 target = 2370
[progress] simulator time = 2370 / 3600
processing event: VehicleEnterNewRoadEvent, vehicle_id: 1, road_id: 1000000000000001104 id: 1038 at time: 2371.93
Processed event: VehicleEnterNewRoadEvent, vehicle_id: 1, road_id: 1000000000000001104 id: 1038
processing event: VehicleDepartureEvent, vehicle_id: 1, road_id: 1000000000000001104, offset: 0.000000 id: 1054 at time: 2371.93
Processed event: VehicleDepartureEvent, vehicle_id: 1, road_id: 1000000000000001104, offset: 0.000000 id: 1054
Event is not valid: VehicleArriveIntersectionEvent, vehicle_id: 10, road_id: 1000000000000001036 id: 996 at time: 2373.85
processing event: VehicleArriveIntersectionEvent, vehicle_id: 10, road_id: 1000000000000001036 id: 1031 at time: 2373.85
Processed event: VehicleArriveIntersectionEvent, vehicle_id: 10, road_id: 1000000000000001036 id: 1031
processing event: VehicleEnterNewRoadEvent, vehicle_id: 10, road_id: 1000000000000001038 id: 1056 at time: 2376.9
Processed event: VehicleEnterNewRoadEvent, vehicle_id: 10, road_id: 1000000000000001038 id: 1056
processing event: VehicleDepartureEvent, vehicle_id: 10, road_id: 1000000000000001038, offset: 0.000000 id: 1057 at time: 2376.9
Processed event: VehicleDepartureEvent, vehicle_id: 10, road_id: 1000000000000001038, offset: 0.000000 id: 1057
Simulator::runFor: now_ = 2376.9 target = 2380
[progress] simulator time = 2380 / 3600
processing event: VehicleArriveIntersectionEvent, vehicle_id: 9, road_id: 1000000000000000096 id: 1043 at time: 2381.46
Processed event: VehicleArriveIntersectionEvent, vehicle_id: 9, road_id: 1000000000000000096 id: 1043
processing event: VehicleArriveIntersectionEvent, vehicle_id: 4, road_id: 1000000000000000096 id: 989 at time: 2384.92
Processed event: VehicleArriveIntersectionEvent, vehicle_id: 4, road_id: 1000000000000000096 id: 989
Simulator::runFor: now_ = 2384.92 target = 2390
[progress] simulator time = 2390 / 3600
Simulator::runFor: now_ = 2390 target = 2400
[progress] simulator time = 2400 / 3600
processing event: VehicleEnterNewRoadEvent, vehicle_id: 5, road_id: 1000000000000000277 id: 1049 at time: 2401.07
Processed event: VehicleEnterNewRoadEvent, vehicle_id: 5, road_id: 1000000000000000277 id: 1049
processing event: VehicleDepartureEvent, vehicle_id: 5, road_id: 1000000000000000277, offset: 0.000000 id: 1061 at time: 2401.07
Processed event: VehicleDepartureEvent, vehicle_id: 5, road_id: 1000000000000000277, offset: 0.000000 id: 1061
Simulator::runFor: now_ = 2401.07 target = 2410
[progress] simulator time = 2410 / 3600
processing event: VehicleArriveIntersectionEvent, vehicle_id: 3, road_id: 1000000000000001076 id: 1022 at time: 2413.95
Processed event: VehicleArriveIntersectionEvent, vehicle_id: 3, road_id: 1000000000000001076 id: 1022
processing event: VehicleEnterNewRoadEvent, vehicle_id: 3, road_id: 1000000000000001077 id: 1063 at time: 2415.75
Processed event: VehicleEnterNewRoadEvent, vehicle_id: 3, road_id: 1000000000000001077 id: 1063
processing event: VehicleDepartureEvent, vehicle_id: 3, road_id: 1000000000000001077, offset: 0.000000 id: 1064 at time: 2415.75
Processed event: VehicleDepartureEvent, vehicle_id: 3, road_id: 1000000000000001077, offset: 0.000000 id: 1064
processing event: VehicleArriveIntersectionEvent, vehicle_id: 6, road_id: 1000000000000001075 id: 1053 at time: 2419.82
Processed event: VehicleArriveIntersectionEvent, vehicle_id: 6, road_id: 1000000000000001075 id: 1053
Simulator::runFor: now_ = 2419.82 target = 2420
[progress] simulator time = 2420 / 3600
processing event: VehicleArriveIntersectionEvent, vehicle_id: 10, road_id: 1000000000000001038 id: 1058 at time: 2420.11
Processed event: VehicleArriveIntersectionEvent, vehicle_id: 10, road_id: 1000000000000001038 id: 1058
processing event: VehicleArriveIntersectionEvent, vehicle_id: 1, road_id: 1000000000000001104 id: 1055 at time: 2420.9
Processed event: VehicleArriveIntersectionEvent, vehicle_id: 1, road_id: 1000000000000001104 id: 1055
processing event: VehicleEnterNewRoadEvent, vehicle_id: 6, road_id: 1000000000000001076 id: 1066 at time: 2421.62
Processed event: VehicleEnterNewRoadEvent, vehicle_id: 6, road_id: 1000000000000001076 id: 1066
processing event: VehicleDepartureEvent, vehicle_id: 6, road_id: 1000000000000001076, offset: 0.000000 id: 1069 at time: 2421.62
Processed event: VehicleDepartureEvent, vehicle_id: 6, road_id: 1000000000000001076, offset: 0.000000 id: 1069
processing event: VehicleEnterNewRoadEvent, vehicle_id: 1, road_id: 1000000000000001368 id: 1068 at time: 2422.7
Processed event: VehicleEnterNewRoadEvent, vehicle_id: 1, road_id: 1000000000000001368 id: 1068
processing event: VehicleDepartureEvent, vehicle_id: 1, road_id: 1000000000000001368, offset: 0.000000 id: 1071 at time: 2422.7
Processed event: VehicleDepartureEvent, vehicle_id: 1, road_id: 1000000000000001368, offset: 0.000000 id: 1071
processing event: BusArrivalEvent, vehicle_id: 3, stop_id: 71 id: 1065 at time: 2426.3
Processed event: BusArrivalEvent, vehicle_id: 3, stop_id: 71 id: 1065
processing event: PassengerRouteEndEvent, passenger_id: 3, route_id: 1 id: 1073 at time: 2426.3
Passenger 3 finished all routes
Processed event: PassengerRouteEndEvent, passenger_id: 3, route_id: 1 id: 1073
processing event: PassengerOnboardEvent, passenger_id: 16 id: 1074 at time: 2426.3
Processed event: PassengerOnboardEvent, passenger_id: 16 id: 1074
processing event: PassengerDropoffEvent, passenger_id: 3 id: 1075 at time: 2426.3
Processed event: PassengerDropoffEvent, passenger_id: 3 id: 1075
processing event: OrderFinishedEvent, order_id: 3 id: 1077 at time: 2426.3
Processed event: OrderFinishedEvent, order_id: 3 id: 1077
processing event: VehicleArriveIntersectionEvent, vehicle_id: 7, road_id: 1000000000000001073 id: 1046 at time: 2429.63
Processed event: VehicleArriveIntersectionEvent, vehicle_id: 7, road_id: 1000000000000001073 id: 1046
Simulator::runFor: now_ = 2429.63 target = 2430
[progress] simulator time = 2430 / 3600
processing event: VehicleEnterNewRoadEvent, vehicle_id: 2, road_id: 1000000000000000183 id: 1050 at time: 2431.13
Processed event: VehicleEnterNewRoadEvent, vehicle_id: 2, road_id: 1000000000000000183 id: 1050
processing event: VehicleDepartureEvent, vehicle_id: 2, road_id: 1000000000000000183, offset: 0.000000 id: 1079 at time: 2431.13
Processed event: VehicleDepartureEvent, vehicle_id: 2, road_id: 1000000000000000183, offset: 0.000000 id: 1079
processing event: VehicleDepartureEvent, vehicle_id: 3, road_id: 1000000000000001077, offset: 58.620000 id: 1076 at time: 2431.3
Processed event: VehicleDepartureEvent, vehicle_id: 3, road_id: 1000000000000001077, offset: 58.620000 id: 1076
processing event: VehicleEnterNewRoadEvent, vehicle_id: 10, road_id: 1000000000000001041 id: 1067 at time: 2431.8
Processed event: VehicleEnterNewRoadEvent, vehicle_id: 10, road_id: 1000000000000001041 id: 1067
processing event: VehicleDepartureEvent, vehicle_id: 10, road_id: 1000000000000001041, offset: 0.000000 id: 1082 at time: 2431.8
Processed event: VehicleDepartureEvent, vehicle_id: 10, road_id: 1000000000000001041, offset: 0.000000 id: 1082
processing event: VehicleEnterNewRoadEvent, vehicle_id: 7, road_id: 1000000000000001074 id: 1078 at time: 2438.92
Processed event: VehicleEnterNewRoadEvent, vehicle_id: 7, road_id: 1000000000000001074 id: 1078
processing event: VehicleDepartureEvent, vehicle_id: 7, road_id: 1000000000000001074, offset: 0.000000 id: 1084 at time: 2438.92
Processed event: VehicleDepartureEvent, vehicle_id: 7, road_id: 1000000000000001074, offset: 0.000000 id: 1084
Simulator::runFor: now_ = 2438.92 target = 2440
[progress] simulator time = 2440 / 3600
processing event: VehicleArriveIntersectionEvent, vehicle_id: 5, road_id: 1000000000000000277 id: 1062 at time: 2440.13
Processed event: VehicleArriveIntersectionEvent, vehicle_id: 5, road_id: 1000000000000000277 id: 1062
processing event: VehicleArriveIntersectionEvent, vehicle_id: 1, road_id: 1000000000000001368 id: 1072 at time: 2448.62
Processed event: VehicleArriveIntersectionEvent, vehicle_id: 1, road_id: 1000000000000001368 id: 1072
Simulator::runFor: now_ = 2448.62 target = 2450
[progress] simulator time = 2450 / 3600
processing event: VehicleEnterNewRoadEvent, vehicle_id: 1, road_id: 1000000000000000600 id: 1087 at time: 2450.42
Processed event: VehicleEnterNewRoadEvent, vehicle_id: 1, road_id: 1000000000000000600 id: 1087
processing event: VehicleDepartureEvent, vehicle_id: 1, road_id: 1000000000000000600, offset: 0.000000 id: 1088 at time: 2450.42
Processed event: VehicleDepartureEvent, vehicle_id: 1, road_id: 1000000000000000600, offset: 0.000000 id: 1088
processing event: VehicleArriveIntersectionEvent, vehicle_id: 3, road_id: 1000000000000001077 id: 1081 at time: 2456.03
Processed event: VehicleArriveIntersectionEvent, vehicle_id: 3, road_id: 1000000000000001077 id: 1081
processing event: VehicleArriveIntersectionEvent, vehicle_id: 10, road_id: 1000000000000001041 id: 1083 at time: 2456.46
Processed event: VehicleArriveIntersectionEvent, vehicle_id: 10, road_id: 1000000000000001041 id: 1083
Simulator::runFor: now_ = 2456.46 target = 2460
[progress] simulator time = 2460 / 3600
processing event: VehicleEnterNewRoadEvent, vehicle_id: 5, road_id: 1000000000000000293 id: 1086 at time: 2460.35
Processed event: VehicleEnterNewRoadEvent, vehicle_id: 5, road_id: 1000000000000000293 id: 1086
processing event: VehicleDepartureEvent, vehicle_id: 5, road_id: 1000000000000000293, offset: 0.000000 id: 1092 at time: 2460.35
Processed event: VehicleDepartureEvent, vehicle_id: 5, road_id: 1000000000000000293, offset: 0.000000 id: 1092
processing event: VehicleEnterNewRoadEvent, vehicle_id: 10, road_id: 1000000000000001039 id: 1091 at time: 2460.42
Processed event: VehicleEnterNewRoadEvent, vehicle_id: 10, road_id: 1000000000000001039 id: 1091
processing event: VehicleDepartureEvent, vehicle_id: 10, road_id: 1000000000000001039, offset: 0.000000 id: 1094 at time: 2460.42
Processed event: VehicleDepartureEvent, vehicle_id: 10, road_id: 1000000000000001039, offset: 0.000000 id: 1094
processing event: VehicleEnterNewRoadEvent, vehicle_id: 9, road_id: 1000000000000001034 id: 1059 at time: 2462.43
Processed event: VehicleEnterNewRoadEvent, vehicle_id: 9, road_id: 1000000000000001034 id: 1059
processing event: VehicleEnterNewRoadEvent, vehicle_id: 4, road_id: 1000000000000001034 id: 1060 at time: 2462.43
Processed event: VehicleEnterNewRoadEvent, vehicle_id: 4, road_id: 1000000000000001034 id: 1060
processing event: VehicleDepartureEvent, vehicle_id: 9, road_id: 1000000000000001034, offset: 0.000000 id: 1096 at time: 2462.43
Processed event: VehicleDepartureEvent, vehicle_id: 9, road_id: 1000000000000001034, offset: 0.000000 id: 1096
processing event: VehicleDepartureEvent, vehicle_id: 4, road_id: 1000000000000001034, offset: 0.000000 id: 1097 at time: 2462.43
Processed event: VehicleDepartureEvent, vehicle_id: 4, road_id: 1000000000000001034, offset: 0.000000 id: 1097
processing event: VehicleArriveIntersectionEvent, vehicle_id: 7, road_id: 1000000000000001074 id: 1085 at time: 2469.34
Processed event: VehicleArriveIntersectionEvent, vehicle_id: 7, road_id: 1000000000000001074 id: 1085
Simulator::runFor: now_ = 2469.34 target = 2470
[progress] simulator time = 2470 / 3600
processing event: VehicleEnterNewRoadEvent, vehicle_id: 7, road_id: 1000000000000001075 id: 1100 at time: 2470.34
Processed event: VehicleEnterNewRoadEvent, vehicle_id: 7, road_id: 1000000000000001075 id: 1100
processing event: VehicleDepartureEvent, vehicle_id: 7, road_id: 1000000000000001075, offset: 0.000000 id: 1101 at time: 2470.34
Processed event: VehicleDepartureEvent, vehicle_id: 7, road_id: 1000000000000001075, offset: 0.000000 id: 1101
processing event: VehicleArriveIntersectionEvent, vehicle_id: 9, road_id: 1000000000000001034 id: 1098 at time: 2475.21
Processed event: VehicleArriveIntersectionEvent, vehicle_id: 9, road_id: 1000000000000001034 id: 1098
processing event: VehicleArriveIntersectionEvent, vehicle_id: 4, road_id: 1000000000000001034 id: 1099 at time: 2475.21
Processed event: VehicleArriveIntersectionEvent, vehicle_id: 4, road_id: 1000000000000001034 id: 1099
processing event: VehicleArriveIntersectionEvent, vehicle_id: 8, road_id: 1000000000000001793 id: 1048 at time: 2475.39
Processed event: VehicleArriveIntersectionEvent, vehicle_id: 8, road_id: 1000000000000001793 id: 1048
processing event: VehicleEnterNewRoadEvent, vehicle_id: 8, road_id: 1000000000000001984 id: 1105 at time: 2476.39
Processed event: VehicleEnterNewRoadEvent, vehicle_id: 8, road_id: 1000000000000001984 id: 1105
processing event: VehicleDepartureEvent, vehicle_id: 8, road_id: 1000000000000001984, offset: 0.000000 id: 1106 at time: 2476.39
Processed event: VehicleDepartureEvent, vehicle_id: 8, road_id: 1000000000000001984, offset: 0.000000 id: 1106
processing event: VehicleEnterNewRoadEvent, vehicle_id: 9, road_id: 1000000000000001035 id: 1103 at time: 2477.01
Processed event: VehicleEnterNewRoadEvent, vehicle_id: 9, road_id: 1000000000000001035 id: 1103
processing event: VehicleEnterNewRoadEvent, vehicle_id: 4, road_id: 1000000000000001035 id: 1104 at time: 2477.01
Processed event: VehicleEnterNewRoadEvent, vehicle_id: 4, road_id: 1000000000000001035 id: 1104
processing event: VehicleDepartureEvent, vehicle_id: 9, road_id: 1000000000000001035, offset: 0.000000 id: 1108 at time: 2477.01
Processed event: VehicleDepartureEvent, vehicle_id: 9, road_id: 1000000000000001035, offset: 0.000000 id: 1108
processing event: VehicleDepartureEvent, vehicle_id: 4, road_id: 1000000000000001035, offset: 0.000000 id: 1109 at time: 2477.01
Processed event: VehicleDepartureEvent, vehicle_id: 4, road_id: 1000000000000001035, offset: 0.000000 id: 1109
Simulator::runFor: now_ = 2477.01 target = 2480
[progress] simulator time = 2480 / 3600
processing event: VehicleArriveIntersectionEvent, vehicle_id: 10, road_id: 1000000000000001039 id: 1095 at time: 2489.58
Processed event: VehicleArriveIntersectionEvent, vehicle_id: 10, road_id: 1000000000000001039 id: 1095
Simulator::runFor: now_ = 2489.58 target = 2490
[progress] simulator time = 2490 / 3600
processing event: PassengerRouteStartEvent, passenger_id: 22, route_id: 1 id: 21 at time: 2491
Processed event: PassengerRouteStartEvent, passenger_id: 22, route_id: 1 id: 21
processing event: OrderCreatedEvent, order_id: 22, available_pickups: 41 , available_dropoffs: 68 , passenger_id: 22, route_id: 1, passenger_num: 0 id: 1113 at time: 2491
Processed event: OrderCreatedEvent, order_id: 22, available_pickups: 41 , available_dropoffs: 68 , passenger_id: 22, route_id: 1, passenger_num: 1 id: 1113
processing event: VehicleEnterNewRoadEvent, vehicle_id: 3, road_id: 1000000000000000094 id: 1090 at time: 2493.79
Processed event: VehicleEnterNewRoadEvent, vehicle_id: 3, road_id: 1000000000000000094 id: 1090
processing event: VehicleDepartureEvent, vehicle_id: 3, road_id: 1000000000000000094, offset: 0.000000 id: 1114 at time: 2493.79
Processed event: VehicleDepartureEvent, vehicle_id: 3, road_id: 1000000000000000094, offset: 0.000000 id: 1114
Simulator::runFor: now_ = 2493.79 target = 2500
[progress] simulator time = 2500 / 3600
processing event: OrderMatchedEvent, order_id: 22, vehicle_id: 2 id: 1116 at time: 2500
Processed event: OrderMatchedEvent, order_id: 22, vehicle_id: 2 id: 1116
processing event: PassengerArrivalEvent, passenger_id: 22 id: 1118 at time: 2500
Processed event: PassengerArrivalEvent, passenger_id: 22 id: 1118
Simulator::runFor: now_ = 2500 target = 2510
[progress] simulator time = 2510 / 3600
processing event: VehicleEnterNewRoadEvent, vehicle_id: 10, road_id: 1000000000000001883 id: 1112 at time: 2516.8
Processed event: VehicleEnterNewRoadEvent, vehicle_id: 10, road_id: 1000000000000001883 id: 1112
processing event: VehicleDepartureEvent, vehicle_id: 10, road_id: 1000000000000001883, offset: 0.000000 id: 1119 at time: 2516.8
Processed event: VehicleDepartureEvent, vehicle_id: 10, road_id: 1000000000000001883, offset: 0.000000 id: 1119
processing event: VehicleArriveIntersectionEvent, vehicle_id: 9, road_id: 1000000000000001035 id: 1110 at time: 2518.42
Processed event: VehicleArriveIntersectionEvent, vehicle_id: 9, road_id: 1000000000000001035 id: 1110
processing event: VehicleArriveIntersectionEvent, vehicle_id: 4, road_id: 1000000000000001035 id: 1111 at time: 2518.42
Processed event: VehicleArriveIntersectionEvent, vehicle_id: 4, road_id: 1000000000000001035 id: 1111
processing event: VehicleArriveIntersectionEvent, vehicle_id: 6, road_id: 1000000000000001076 id: 1070 at time: 2519.91
Processed event: VehicleArriveIntersectionEvent, vehicle_id: 6, road_id: 1000000000000001076 id: 1070
Simulator::runFor: now_ = 2519.91 target = 2520
[progress] simulator time = 2520 / 3600
processing event: VehicleEnterNewRoadEvent, vehicle_id: 6, road_id: 1000000000000001077 id: 1123 at time: 2521.71
Processed event: VehicleEnterNewRoadEvent, vehicle_id: 6, road_id: 1000000000000001077 id: 1123
processing event: VehicleDepartureEvent, vehicle_id: 6, road_id: 1000000000000001077, offset: 0.000000 id: 1124 at time: 2521.71
Processed event: VehicleDepartureEvent, vehicle_id: 6, road_id: 1000000000000001077, offset: 0.000000 id: 1124
processing event: VehicleArriveIntersectionEvent, vehicle_id: 7, road_id: 1000000000000001075 id: 1102 at time: 2525.78
Processed event: VehicleArriveIntersectionEvent, vehicle_id: 7, road_id: 1000000000000001075 id: 1102
processing event: VehicleEnterNewRoadEvent, vehicle_id: 7, road_id: 1000000000000001076 id: 1126 at time: 2527.58
Processed event: VehicleEnterNewRoadEvent, vehicle_id: 7, road_id: 1000000000000001076 id: 1126
processing event: VehicleDepartureEvent, vehicle_id: 7, road_id: 1000000000000001076, offset: 0.000000 id: 1127 at time: 2527.58
Processed event: VehicleDepartureEvent, vehicle_id: 7, road_id: 1000000000000001076, offset: 0.000000 id: 1127
Simulator::runFor: now_ = 2527.58 target = 2530
[progress] simulator time = 2530 / 3600
processing event: BusArrivalEvent, vehicle_id: 6, stop_id: 71 id: 1125 at time: 2532.26
Processed event: BusArrivalEvent, vehicle_id: 6, stop_id: 71 id: 1125
processing event: PassengerRouteEndEvent, passenger_id: 6, route_id: 1 id: 1129 at time: 2532.26
Passenger 6 finished all routes
Processed event: PassengerRouteEndEvent, passenger_id: 6, route_id: 1 id: 1129
processing event: PassengerDropoffEvent, passenger_id: 6 id: 1131 at time: 2532.26
Processed event: PassengerDropoffEvent, passenger_id: 6 id: 1131
processing event: OrderFinishedEvent, order_id: 6 id: 1132 at time: 2532.26
Processed event: OrderFinishedEvent, order_id: 6 id: 1132
processing event: VehicleEnterNewRoadEvent, vehicle_id: 9, road_id: 1000000000000001036 id: 1121 at time: 2535.76
Processed event: VehicleEnterNewRoadEvent, vehicle_id: 9, road_id: 1000000000000001036 id: 1121
processing event: VehicleEnterNewRoadEvent, vehicle_id: 4, road_id: 1000000000000001036 id: 1122 at time: 2535.76
Processed event: VehicleEnterNewRoadEvent, vehicle_id: 4, road_id: 1000000000000001036 id: 1122
processing event: VehicleDepartureEvent, vehicle_id: 9, road_id: 1000000000000001036, offset: 0.000000 id: 1133 at time: 2535.76
Processed event: VehicleDepartureEvent, vehicle_id: 9, road_id: 1000000000000001036, offset: 0.000000 id: 1133
processing event: VehicleDepartureEvent, vehicle_id: 4, road_id: 1000000000000001036, offset: 0.000000 id: 1134 at time: 2535.76
Processed event: VehicleDepartureEvent, vehicle_id: 4, road_id: 1000000000000001036, offset: 0.000000 id: 1134
processing event: VehicleArriveIntersectionEvent, vehicle_id: 3, road_id: 1000000000000000094 id: 1115 at time: 2535.92
Processed event: VehicleArriveIntersectionEvent, vehicle_id: 3, road_id: 1000000000000000094 id: 1115
processing event: VehicleDepartureEvent, vehicle_id: 4, road_id: 1000000000000001036, offset: 0.000000 id: 1136 at time: 2536.76
Processed event: VehicleDepartureEvent, vehicle_id: 4, road_id: 1000000000000001036, offset: 0.000000 id: 1136
processing event: VehicleDepartureEvent, vehicle_id: 6, road_id: 1000000000000001077, offset: 58.620000 id: 1130 at time: 2537.26
Processed event: VehicleDepartureEvent, vehicle_id: 6, road_id: 1000000000000001077, offset: 58.620000 id: 1130
Simulator::runFor: now_ = 2537.26 target = 2540
[progress] simulator time = 2540 / 3600
Simulator::runFor: now_ = 2540 target = 2550
[progress] simulator time = 2550 / 3600
Event is not valid: VehicleArriveIntersectionEvent, vehicle_id: 2, road_id: 1000000000000000183 id: 1080 at time: 2550.12
processing event: VehicleArriveIntersectionEvent, vehicle_id: 2, road_id: 1000000000000000183 id: 1117 at time: 2550.12
Processed event: VehicleArriveIntersectionEvent, vehicle_id: 2, road_id: 1000000000000000183 id: 1117
processing event: VehicleArriveIntersectionEvent, vehicle_id: 10, road_id: 1000000000000001883 id: 1120 at time: 2552.09
Processed event: VehicleArriveIntersectionEvent, vehicle_id: 10, road_id: 1000000000000001883 id: 1120
processing event: VehicleArriveIntersectionEvent, vehicle_id: 5, road_id: 1000000000000000293 id: 1093 at time: 2553.78
Processed event: VehicleArriveIntersectionEvent, vehicle_id: 5, road_id: 1000000000000000293 id: 1093
processing event: VehicleEnterNewRoadEvent, vehicle_id: 2, road_id: 1000000000000000184 id: 1140 at time: 2556.68
Processed event: VehicleEnterNewRoadEvent, vehicle_id: 2, road_id: 1000000000000000184 id: 1140
processing event: VehicleDepartureEvent, vehicle_id: 2, road_id: 1000000000000000184, offset: 0.000000 id: 1143 at time: 2556.68
Processed event: VehicleDepartureEvent, vehicle_id: 2, road_id: 1000000000000000184, offset: 0.000000 id: 1143
Simulator::runFor: now_ = 2556.68 target = 2560
[progress] simulator time = 2560 / 3600
processing event: VehicleArriveIntersectionEvent, vehicle_id: 6, road_id: 1000000000000001077 id: 1139 at time: 2562
Processed event: VehicleArriveIntersectionEvent, vehicle_id: 6, road_id: 1000000000000001077 id: 1139
Simulator::runFor: now_ = 2562 target = 2570
[progress] simulator time = 2570 / 3600
Simulator::runFor: now_ = 2570 target = 2580
[progress] simulator time = 2580 / 3600
processing event: VehicleEnterNewRoadEvent, vehicle_id: 10, road_id: 1000000000000000938 id: 1141 at time: 2580.23
Processed event: VehicleEnterNewRoadEvent, vehicle_id: 10, road_id: 1000000000000000938 id: 1141
processing event: VehicleDepartureEvent, vehicle_id: 10, road_id: 1000000000000000938, offset: 0.000000 id: 1146 at time: 2580.23
Processed event: VehicleDepartureEvent, vehicle_id: 10, road_id: 1000000000000000938, offset: 0.000000 id: 1146
processing event: VehicleEnterNewRoadEvent, vehicle_id: 3, road_id: 1000000000000000095 id: 1137 at time: 2581.11
Processed event: VehicleEnterNewRoadEvent, vehicle_id: 3, road_id: 1000000000000000095 id: 1137
processing event: VehicleDepartureEvent, vehicle_id: 3, road_id: 1000000000000000095, offset: 0.000000 id: 1148 at time: 2581.11
Processed event: VehicleDepartureEvent, vehicle_id: 3, road_id: 1000000000000000095, offset: 0.000000 id: 1148
processing event: VehicleEnterNewRoadEvent, vehicle_id: 5, road_id: 1000000000000000294 id: 1142 at time: 2583.23
Processed event: VehicleEnterNewRoadEvent, vehicle_id: 5, road_id: 1000000000000000294 id: 1142
processing event: VehicleDepartureEvent, vehicle_id: 5, road_id: 1000000000000000294, offset: 0.000000 id: 1150 at time: 2583.23
Processed event: VehicleDepartureEvent, vehicle_id: 5, road_id: 1000000000000000294, offset: 0.000000 id: 1150
processing event: VehicleArriveIntersectionEvent, vehicle_id: 1, road_id: 1000000000000000600 id: 1089 at time: 2585.8
Processed event: VehicleArriveIntersectionEvent, vehicle_id: 1, road_id: 1000000000000000600 id: 1089
Simulator::runFor: now_ = 2585.8 target = 2590
[progress] simulator time = 2590 / 3600
processing event: VehicleArriveIntersectionEvent, vehicle_id: 8, road_id: 1000000000000001984 id: 1107 at time: 2593.22
Processed event: VehicleArriveIntersectionEvent, vehicle_id: 8, road_id: 1000000000000001984 id: 1107
processing event: VehicleEnterNewRoadEvent, vehicle_id: 8, road_id: 1000000000000001072 id: 1153 at time: 2597.18
Processed event: VehicleEnterNewRoadEvent, vehicle_id: 8, road_id: 1000000000000001072 id: 1153
processing event: VehicleDepartureEvent, vehicle_id: 8, road_id: 1000000000000001072, offset: 0.000000 id: 1154 at time: 2597.18
Processed event: VehicleDepartureEvent, vehicle_id: 8, road_id: 1000000000000001072, offset: 0.000000 id: 1154
processing event: PassengerRouteStartEvent, passenger_id: 23, route_id: 1 id: 22 at time: 2600
Processed event: PassengerRouteStartEvent, passenger_id: 23, route_id: 1 id: 22
processing event: OrderCreatedEvent, order_id: 23, available_pickups: 53 , available_dropoffs: 71 , passenger_id: 23, route_id: 1, passenger_num: 0 id: 1156 at time: 2600
Processed event: OrderCreatedEvent, order_id: 23, available_pickups: 53 , available_dropoffs: 71 , passenger_id: 23, route_id: 1, passenger_num: 1 id: 1156
Simulator::runFor: now_ = 2600 target = 2600
[progress] simulator time = 2600 / 3600
processing event: OrderMatchedEvent, order_id: 23, vehicle_id: 1 id: 1157 at time: 2600
Processed event: OrderMatchedEvent, order_id: 23, vehicle_id: 1 id: 1157
processing event: PassengerArrivalEvent, passenger_id: 23 id: 1158 at time: 2600
Processed event: PassengerArrivalEvent, passenger_id: 23 id: 1158
Simulator::runFor: now_ = 2600 target = 2610
[progress] simulator time = 2610 / 3600
processing event: VehicleArriveIntersectionEvent, vehicle_id: 2, road_id: 1000000000000000184 id: 1144 at time: 2614.28
Processed event: VehicleArriveIntersectionEvent, vehicle_id: 2, road_id: 1000000000000000184 id: 1144
processing event: VehicleArriveIntersectionEvent, vehicle_id: 10, road_id: 1000000000000000938 id: 1147 at time: 2617.31
Processed event: VehicleArriveIntersectionEvent, vehicle_id: 10, road_id: 1000000000000000938 id: 1147
Simulator::runFor: now_ = 2617.31 target = 2620
[progress] simulator time = 2620 / 3600
processing event: VehicleArriveIntersectionEvent, vehicle_id: 7, road_id: 1000000000000001076 id: 1128 at time: 2625.87
Processed event: VehicleArriveIntersectionEvent, vehicle_id: 7, road_id: 1000000000000001076 id: 1128
processing event: VehicleEnterNewRoadEvent, vehicle_id: 7, road_id: 1000000000000001009 id: 1161 at time: 2629.95
Processed event: VehicleEnterNewRoadEvent, vehicle_id: 7, road_id: 1000000000000001009 id: 1161
processing event: VehicleDepartureEvent, vehicle_id: 7, road_id: 1000000000000001009, offset: 0.000000 id: 1162 at time: 2629.95
Processed event: VehicleDepartureEvent, vehicle_id: 7, road_id: 1000000000000001009, offset: 0.000000 id: 1162
Simulator::runFor: now_ = 2629.95 target = 2630
[progress] simulator time = 2630 / 3600
processing event: VehicleArriveIntersectionEvent, vehicle_id: 8, road_id: 1000000000000001072 id: 1155 at time: 2630.67
Processed event: VehicleArriveIntersectionEvent, vehicle_id: 8, road_id: 1000000000000001072 id: 1155
processing event: PassengerRouteStartEvent, passenger_id: 24, route_id: 1 id: 23 at time: 2632
Processed event: PassengerRouteStartEvent, passenger_id: 24, route_id: 1 id: 23
processing event: OrderCreatedEvent, order_id: 24, available_pickups: 78 , available_dropoffs: 20 , passenger_id: 24, route_id: 1, passenger_num: 0 id: 1165 at time: 2632
Processed event: OrderCreatedEvent, order_id: 24, available_pickups: 78 , available_dropoffs: 20 , passenger_id: 24, route_id: 1, passenger_num: 1 id: 1165
processing event: VehicleEnterNewRoadEvent, vehicle_id: 10, road_id: 1000000000000000275 id: 1160 at time: 2633.82
Processed event: VehicleEnterNewRoadEvent, vehicle_id: 10, road_id: 1000000000000000275 id: 1160
processing event: VehicleDepartureEvent, vehicle_id: 10, road_id: 1000000000000000275, offset: 0.000000 id: 1166 at time: 2633.82
Processed event: VehicleDepartureEvent, vehicle_id: 10, road_id: 1000000000000000275, offset: 0.000000 id: 1166
processing event: VehicleEnterNewRoadEvent, vehicle_id: 6, road_id: 1000000000000000094 id: 1145 at time: 2638.22
Processed event: VehicleEnterNewRoadEvent, vehicle_id: 6, road_id: 1000000000000000094 id: 1145
processing event: VehicleDepartureEvent, vehicle_id: 6, road_id: 1000000000000000094, offset: 0.000000 id: 1168 at time: 2638.22
Processed event: VehicleDepartureEvent, vehicle_id: 6, road_id: 1000000000000000094, offset: 0.000000 id: 1168
Simulator::runFor: now_ = 2638.22 target = 2640
[progress] simulator time = 2640 / 3600
processing event: OrderMatchedEvent, order_id: 24, vehicle_id: 2 id: 1170 at time: 2640
Processed event: OrderMatchedEvent, order_id: 24, vehicle_id: 2 id: 1170
processing event: PassengerArrivalEvent, passenger_id: 24 id: 1171 at time: 2640
Processed event: PassengerArrivalEvent, passenger_id: 24 id: 1171
processing event: VehicleEnterNewRoadEvent, vehicle_id: 2, road_id: 1000000000000001387 id: 1159 at time: 2641
Processed event: VehicleEnterNewRoadEvent, vehicle_id: 2, road_id: 1000000000000001387 id: 1159
processing event: VehicleDepartureEvent, vehicle_id: 2, road_id: 1000000000000001387, offset: 0.000000 id: 1172 at time: 2641
Processed event: VehicleDepartureEvent, vehicle_id: 2, road_id: 1000000000000001387, offset: 0.000000 id: 1172
processing event: VehicleEnterNewRoadEvent, vehicle_id: 1, road_id: 1000000000000000598 id: 1152 at time: 2643.24
Processed event: VehicleEnterNewRoadEvent, vehicle_id: 1, road_id: 1000000000000000598 id: 1152
processing event: VehicleDepartureEvent, vehicle_id: 1, road_id: 1000000000000000598, offset: 0.000000 id: 1174 at time: 2643.24
Processed event: VehicleDepartureEvent, vehicle_id: 1, road_id: 1000000000000000598, offset: 0.000000 id: 1174
Simulator::runFor: now_ = 2643.24 target = 2650
[progress] simulator time = 2650 / 3600
Event is not valid: VehicleArriveIntersectionEvent, vehicle_id: 9, road_id: 1000000000000001036 id: 1135 at time: 2653.49
processing event: VehicleArriveIntersectionEvent, vehicle_id: 9, road_id: 1000000000000001036 id: 1138 at time: 2653.49
Processed event: VehicleArriveIntersectionEvent, vehicle_id: 9, road_id: 1000000000000001036 id: 1138
processing event: VehicleCheckPointEvent, vehicle_id: 4 id: 1177 at time: 2653.95
Processed event: VehicleCheckPointEvent, vehicle_id: 4 id: 1177
processing event: VehicleQueuedEvent, vehicle_id: 4, front_queued_vehicle_id: 9 id: 1178 at time: 2653.95
Processed event: VehicleQueuedEvent, vehicle_id: 4, front_queued_vehicle_id: 9 id: 1178
processing event: PassengerRouteStartEvent, passenger_id: 25, route_id: 1 id: 24 at time: 2657
Processed event: PassengerRouteStartEvent, passenger_id: 25, route_id: 1 id: 24
processing event: OrderCreatedEvent, order_id: 25, available_pickups: 15 , available_dropoffs: 71 , passenger_id: 25, route_id: 1, passenger_num: 0 id: 1179 at time: 2657
Processed event: OrderCreatedEvent, order_id: 25, available_pickups: 15 , available_dropoffs: 71 , passenger_id: 25, route_id: 1, passenger_num: 2 id: 1179
Simulator::runFor: now_ = 2657 target = 2660
[progress] simulator time = 2660 / 3600
processing event: OrderMatchedEvent, order_id: 25, vehicle_id: 3 id: 1180 at time: 2660
Processed event: OrderMatchedEvent, order_id: 25, vehicle_id: 3 id: 1180
processing event: PassengerArrivalEvent, passenger_id: 25 id: 1182 at time: 2660
Processed event: PassengerArrivalEvent, passenger_id: 25 id: 1182
Simulator::runFor: now_ = 2660 target = 2670
[progress] simulator time = 2670 / 3600
processing event: PassengerRouteStartEvent, passenger_id: 26, route_id: 1 id: 25 at time: 2675
Processed event: PassengerRouteStartEvent, passenger_id: 26, route_id: 1 id: 25
processing event: OrderCreatedEvent, order_id: 26, available_pickups: 2 81 , available_dropoffs: 71 , passenger_id: 26, route_id: 1, passenger_num: 0 id: 1183 at time: 2675
Processed event: OrderCreatedEvent, order_id: 26, available_pickups: 2 81 , available_dropoffs: 71 , passenger_id: 26, route_id: 1, passenger_num: 1 id: 1183
Event is not valid: VehicleArriveIntersectionEvent, vehicle_id: 3, road_id: 1000000000000000095 id: 1149 at time: 2679.22
processing event: VehicleArriveIntersectionEvent, vehicle_id: 3, road_id: 1000000000000000095 id: 1181 at time: 2679.22
Processed event: VehicleArriveIntersectionEvent, vehicle_id: 3, road_id: 1000000000000000095 id: 1181
Simulator::runFor: now_ = 2679.22 target = 2680
[progress] simulator time = 2680 / 3600
processing event: OrderMatchedEvent, order_id: 26, vehicle_id: 7 id: 1185 at time: 2680
Processed event: OrderMatchedEvent, order_id: 26, vehicle_id: 7 id: 1185
processing event: PassengerArrivalEvent, passenger_id: 26 id: 1187 at time: 2680
Processed event: PassengerArrivalEvent, passenger_id: 26 id: 1187
processing event: VehicleArriveIntersectionEvent, vehicle_id: 6, road_id: 1000000000000000094 id: 1169 at time: 2680.34
Processed event: VehicleArriveIntersectionEvent, vehicle_id: 6, road_id: 1000000000000000094 id: 1169
processing event: BusArrivalEvent, vehicle_id: 1, stop_id: 63 id: 1175 at time: 2687.79
Processed event: BusArrivalEvent, vehicle_id: 1, stop_id: 63 id: 1175
processing event: PassengerOnboardEvent, passenger_id: 11 id: 1189 at time: 2687.79
Processed event: PassengerOnboardEvent, passenger_id: 11 id: 1189
Event is not valid: VehicleArriveIntersectionEvent, vehicle_id: 7, road_id: 1000000000000001009 id: 1163 at time: 2687.92
processing event: VehicleArriveIntersectionEvent, vehicle_id: 7, road_id: 1000000000000001009 id: 1186 at time: 2687.92
Processed event: VehicleArriveIntersectionEvent, vehicle_id: 7, road_id: 1000000000000001009 id: 1186
processing event: VehicleEnterNewRoadEvent, vehicle_id: 7, road_id: 1000000000000000788 id: 1191 at time: 2689.9
Processed event: VehicleEnterNewRoadEvent, vehicle_id: 7, road_id: 1000000000000000788 id: 1191
processing event: VehicleDepartureEvent, vehicle_id: 7, road_id: 1000000000000000788, offset: 0.000000 id: 1192 at time: 2689.9
Processed event: VehicleDepartureEvent, vehicle_id: 7, road_id: 1000000000000000788, offset: 0.000000 id: 1192
Simulator::runFor: now_ = 2689.9 target = 2690
[progress] simulator time = 2690 / 3600
processing event: VehicleEnterNewRoadEvent, vehicle_id: 9, road_id: 1000000000000000633 id: 1176 at time: 2692.07
Processed event: VehicleEnterNewRoadEvent, vehicle_id: 9, road_id: 1000000000000000633 id: 1176
processing event: VehicleDepartureEvent, vehicle_id: 9, road_id: 1000000000000000633, offset: 0.000000 id: 1195 at time: 2692.07
Processed event: VehicleDepartureEvent, vehicle_id: 9, road_id: 1000000000000000633, offset: 0.000000 id: 1195
processing event: VehicleArriveIntersectionEvent, vehicle_id: 4, road_id: 1000000000000001036 id: 1194 at time: 2692.61
Processed event: VehicleArriveIntersectionEvent, vehicle_id: 4, road_id: 1000000000000001036 id: 1194
processing event: VehicleDepartureEvent, vehicle_id: 1, road_id: 1000000000000000598, offset: 247.480000 id: 1190 at time: 2692.79
Processed event: VehicleDepartureEvent, vehicle_id: 1, road_id: 1000000000000000598, offset: 247.480000 id: 1190
processing event: VehicleEnterNewRoadEvent, vehicle_id: 4, road_id: 1000000000000001038 id: 1197 at time: 2695.67
Processed event: VehicleEnterNewRoadEvent, vehicle_id: 4, road_id: 1000000000000001038 id: 1197
processing event: VehicleDepartureEvent, vehicle_id: 4, road_id: 1000000000000001038, offset: 0.000000 id: 1199 at time: 2695.67
Processed event: VehicleDepartureEvent, vehicle_id: 4, road_id: 1000000000000001038, offset: 0.000000 id: 1199
processing event: VehicleArriveIntersectionEvent, vehicle_id: 2, road_id: 1000000000000001387 id: 1173 at time: 2697.71
Processed event: VehicleArriveIntersectionEvent, vehicle_id: 2, road_id: 1000000000000001387 id: 1173
processing event: VehicleArriveIntersectionEvent, vehicle_id: 1, road_id: 1000000000000000598 id: 1198 at time: 2699.19
Processed event: VehicleArriveIntersectionEvent, vehicle_id: 1, road_id: 1000000000000000598 id: 1198
processing event: PassengerRouteStartEvent, passenger_id: 27, route_id: 1 id: 26 at time: 2700
Processed event: PassengerRouteStartEvent, passenger_id: 27, route_id: 1 id: 26
processing event: OrderCreatedEvent, order_id: 27, available_pickups: 41 , available_dropoffs: 15 , passenger_id: 27, route_id: 1, passenger_num: 0 id: 1203 at time: 2700
Processed event: OrderCreatedEvent, order_id: 27, available_pickups: 41 , available_dropoffs: 15 , passenger_id: 27, route_id: 1, passenger_num: 1 id: 1203
Simulator::runFor: now_ = 2700 target = 2700
[progress] simulator time = 2700 / 3600
processing event: OrderMatchedEvent, order_id: 27, vehicle_id: 9 id: 1204 at time: 2700
Processed event: OrderMatchedEvent, order_id: 27, vehicle_id: 9 id: 1204
processing event: PassengerArrivalEvent, passenger_id: 27 id: 1206 at time: 2700
Processed event: PassengerArrivalEvent, passenger_id: 27 id: 1206
processing event: VehicleEnterNewRoadEvent, vehicle_id: 1, road_id: 1000000000000001830 id: 1202 at time: 2700.27
Processed event: VehicleEnterNewRoadEvent, vehicle_id: 1, road_id: 1000000000000001830 id: 1202
processing event: VehicleDepartureEvent, vehicle_id: 1, road_id: 1000000000000001830, offset: 0.000000 id: 1207 at time: 2700.27
Processed event: VehicleDepartureEvent, vehicle_id: 1, road_id: 1000000000000001830, offset: 0.000000 id: 1207
processing event: BusArrivalEvent, vehicle_id: 5, stop_id: 41 id: 1151 at time: 2701.34
Processed event: BusArrivalEvent, vehicle_id: 5, stop_id: 41 id: 1151
processing event: PassengerOnboardEvent, passenger_id: 19 id: 1209 at time: 2701.34
Processed event: PassengerOnboardEvent, passenger_id: 19 id: 1209
processing event: VehicleEnterNewRoadEvent, vehicle_id: 3, road_id: 1000000000000001017 id: 1184 at time: 2702.07
Processed event: VehicleEnterNewRoadEvent, vehicle_id: 3, road_id: 1000000000000001017 id: 1184
processing event: VehicleEnterNewRoadEvent, vehicle_id: 6, road_id: 1000000000000000095 id: 1188 at time: 2702.07
Processed event: VehicleEnterNewRoadEvent, vehicle_id: 6, road_id: 1000000000000000095 id: 1188
processing event: VehicleDepartureEvent, vehicle_id: 3, road_id: 1000000000000001017, offset: 0.000000 id: 1211 at time: 2702.07
Processed event: VehicleDepartureEvent, vehicle_id: 3, road_id: 1000000000000001017, offset: 0.000000 id: 1211
processing event: VehicleDepartureEvent, vehicle_id: 6, road_id: 1000000000000000095, offset: 0.000000 id: 1212 at time: 2702.07
Processed event: VehicleDepartureEvent, vehicle_id: 6, road_id: 1000000000000000095, offset: 0.000000 id: 1212
processing event: VehicleEnterNewRoadEvent, vehicle_id: 2, road_id: 1000000000000001073 id: 1201 at time: 2702.63
Processed event: VehicleEnterNewRoadEvent, vehicle_id: 2, road_id: 1000000000000001073 id: 1201
processing event: VehicleDepartureEvent, vehicle_id: 2, road_id: 1000000000000001073, offset: 0.000000 id: 1215 at time: 2702.63
Processed event: VehicleDepartureEvent, vehicle_id: 2, road_id: 1000000000000001073, offset: 0.000000 id: 1215
processing event: VehicleDepartureEvent, vehicle_id: 5, road_id: 1000000000000000294, offset: 656.100000 id: 1210 at time: 2706.34
Processed event: VehicleDepartureEvent, vehicle_id: 5, road_id: 1000000000000000294, offset: 656.100000 id: 1210
Simulator::runFor: now_ = 2706.34 target = 2710
[progress] simulator time = 2710 / 3600
processing event: VehicleEnterNewRoadEvent, vehicle_id: 8, road_id: 1000000000000001050 id: 1164 at time: 2717.19
Processed event: VehicleEnterNewRoadEvent, vehicle_id: 8, road_id: 1000000000000001050 id: 1164
processing event: VehicleDepartureEvent, vehicle_id: 8, road_id: 1000000000000001050, offset: 0.000000 id: 1218 at time: 2717.19
Processed event: VehicleDepartureEvent, vehicle_id: 8, road_id: 1000000000000001050, offset: 0.000000 id: 1218
Simulator::runFor: now_ = 2717.19 target = 2720
[progress] simulator time = 2720 / 3600
processing event: PassengerRouteStartEvent, passenger_id: 28, route_id: 1 id: 27 at time: 2725
Processed event: PassengerRouteStartEvent, passenger_id: 28, route_id: 1 id: 27
processing event: OrderCreatedEvent, order_id: 28, available_pickups: 71 , available_dropoffs: 2 81 , passenger_id: 28, route_id: 1, passenger_num: 0 id: 1220 at time: 2725
Processed event: OrderCreatedEvent, order_id: 28, available_pickups: 71 , available_dropoffs: 2 81 , passenger_id: 28, route_id: 1, passenger_num: 2 id: 1220
Simulator::runFor: now_ = 2725 target = 2730
[progress] simulator time = 2730 / 3600
processing event: OrderMatchedEvent, order_id: 28, vehicle_id: 8 id: 1221 at time: 2730
Processed event: OrderMatchedEvent, order_id: 28, vehicle_id: 8 id: 1221
processing event: PassengerArrivalEvent, passenger_id: 28 id: 1223 at time: 2730
Processed event: PassengerArrivalEvent, passenger_id: 28 id: 1223
processing event: VehicleArriveIntersectionEvent, vehicle_id: 7, road_id: 1000000000000000788 id: 1193 at time: 2733.64
Processed event: VehicleArriveIntersectionEvent, vehicle_id: 7, road_id: 1000000000000000788 id: 1193
processing event: VehicleArriveIntersectionEvent, vehicle_id: 4, road_id: 1000000000000001038 id: 1200 at time: 2738.87
Processed event: VehicleArriveIntersectionEvent, vehicle_id: 4, road_id: 1000000000000001038 id: 1200
Simulator::runFor: now_ = 2738.87 target = 2740
[progress] simulator time = 2740 / 3600
Event is not valid: VehicleArriveIntersectionEvent, vehicle_id: 8, road_id: 1000000000000001050 id: 1219 at time: 2740.59
processing event: VehicleArriveIntersectionEvent, vehicle_id: 8, road_id: 1000000000000001050 id: 1222 at time: 2740.59
Processed event: VehicleArriveIntersectionEvent, vehicle_id: 8, road_id: 1000000000000001050 id: 1222
processing event: VehicleEnterNewRoadEvent, vehicle_id: 8, road_id: 1000000000000001051 id: 1226 at time: 2742.4
Processed event: VehicleEnterNewRoadEvent, vehicle_id: 8, road_id: 1000000000000001051 id: 1226
processing event: VehicleDepartureEvent, vehicle_id: 8, road_id: 1000000000000001051, offset: 0.000000 id: 1227 at time: 2742.4
Processed event: VehicleDepartureEvent, vehicle_id: 8, road_id: 1000000000000001051, offset: 0.000000 id: 1227
processing event: VehicleArriveIntersectionEvent, vehicle_id: 1, road_id: 1000000000000001830 id: 1208 at time: 2749.95
Processed event: VehicleArriveIntersectionEvent, vehicle_id: 1, road_id: 1000000000000001830 id: 1208
Simulator::runFor: now_ = 2749.95 target = 2750
[progress] simulator time = 2750 / 3600
processing event: VehicleArriveIntersectionEvent, vehicle_id: 5, road_id: 1000000000000000294 id: 1217 at time: 2753.85
Processed event: VehicleArriveIntersectionEvent, vehicle_id: 5, road_id: 1000000000000000294 id: 1217
Event is not valid: VehicleArriveIntersectionEvent, vehicle_id: 9, road_id: 1000000000000000633 id: 1196 at time: 2754.36
processing event: VehicleArriveIntersectionEvent, vehicle_id: 9, road_id: 1000000000000000633 id: 1205 at time: 2754.36
Processed event: VehicleArriveIntersectionEvent, vehicle_id: 9, road_id: 1000000000000000633 id: 1205
processing event: VehicleEnterNewRoadEvent, vehicle_id: 4, road_id: 1000000000000001041 id: 1225 at time: 2755.8
Processed event: VehicleEnterNewRoadEvent, vehicle_id: 4, road_id: 1000000000000001041 id: 1225
processing event: VehicleEnterNewRoadEvent, vehicle_id: 1, road_id: 1000000000000000888 id: 1229 at time: 2755.8
Processed event: VehicleEnterNewRoadEvent, vehicle_id: 1, road_id: 1000000000000000888 id: 1229
processing event: VehicleDepartureEvent, vehicle_id: 4, road_id: 1000000000000001041, offset: 0.000000 id: 1232 at time: 2755.8
Processed event: VehicleDepartureEvent, vehicle_id: 4, road_id: 1000000000000001041, offset: 0.000000 id: 1232
processing event: VehicleDepartureEvent, vehicle_id: 1, road_id: 1000000000000000888, offset: 0.000000 id: 1233 at time: 2755.8
Processed event: VehicleDepartureEvent, vehicle_id: 1, road_id: 1000000000000000888, offset: 0.000000 id: 1233
Simulator::runFor: now_ = 2755.8 target = 2760
[progress] simulator time = 2760 / 3600
Simulator::runFor: now_ = 2760 target = 2770
[progress] simulator time = 2770 / 3600
processing event: VehicleEnterNewRoadEvent, vehicle_id: 7, road_id: 1000000000000001087 id: 1224 at time: 2772.11
Processed event: VehicleEnterNewRoadEvent, vehicle_id: 7, road_id: 1000000000000001087 id: 1224
processing event: VehicleDepartureEvent, vehicle_id: 7, road_id: 1000000000000001087, offset: 0.000000 id: 1236 at time: 2772.11
Processed event: VehicleDepartureEvent, vehicle_id: 7, road_id: 1000000000000001087, offset: 0.000000 id: 1236
processing event: VehicleEnterNewRoadEvent, vehicle_id: 5, road_id: 1000000000000000310 id: 1230 at time: 2774.1
Processed event: VehicleEnterNewRoadEvent, vehicle_id: 5, road_id: 1000000000000000310 id: 1230
processing event: VehicleDepartureEvent, vehicle_id: 5, road_id: 1000000000000000310, offset: 0.000000 id: 1238 at time: 2774.1
Processed event: VehicleDepartureEvent, vehicle_id: 5, road_id: 1000000000000000310, offset: 0.000000 id: 1238
processing event: VehicleArriveIntersectionEvent, vehicle_id: 2, road_id: 1000000000000001073 id: 1216 at time: 2774.82
Processed event: VehicleArriveIntersectionEvent, vehicle_id: 2, road_id: 1000000000000001073 id: 1216
processing event: VehicleEnterNewRoadEvent, vehicle_id: 2, road_id: 1000000000000001074 id: 1240 at time: 2776.62
Processed event: VehicleEnterNewRoadEvent, vehicle_id: 2, road_id: 1000000000000001074 id: 1240
processing event: VehicleDepartureEvent, vehicle_id: 2, road_id: 1000000000000001074, offset: 0.000000 id: 1241 at time: 2776.62
Processed event: VehicleDepartureEvent, vehicle_id: 2, road_id: 1000000000000001074, offset: 0.000000 id: 1241
processing event: PassengerRouteStartEvent, passenger_id: 29, route_id: 1 id: 28 at time: 2779
Processed event: PassengerRouteStartEvent, passenger_id: 29, route_id: 1 id: 28
processing event: OrderCreatedEvent, order_id: 29, available_pickups: 2 81 , available_dropoffs: 68 , passenger_id: 29, route_id: 1, passenger_num: 0 id: 1243 at time: 2779
Processed event: OrderCreatedEvent, order_id: 29, available_pickups: 2 81 , available_dropoffs: 68 , passenger_id: 29, route_id: 1, passenger_num: 1 id: 1243
Simulator::runFor: now_ = 2779 target = 2780
[progress] simulator time = 2780 / 3600
processing event: OrderMatchedEvent, order_id: 29, vehicle_id: 6 id: 1244 at time: 2780
Processed event: OrderMatchedEvent, order_id: 29, vehicle_id: 6 id: 1244
processing event: PassengerArrivalEvent, passenger_id: 29 id: 1246 at time: 2780
Processed event: PassengerArrivalEvent, passenger_id: 29 id: 1246
processing event: VehicleArriveIntersectionEvent, vehicle_id: 4, road_id: 1000000000000001041 id: 1234 at time: 2780.46
Processed event: VehicleArriveIntersectionEvent, vehicle_id: 4, road_id: 1000000000000001041 id: 1234
processing event: PassengerRouteStartEvent, passenger_id: 30, route_id: 1 id: 29 at time: 2781
Processed event: PassengerRouteStartEvent, passenger_id: 30, route_id: 1 id: 29
processing event: OrderCreatedEvent, order_id: 30, available_pickups: 23 , available_dropoffs: 25 , passenger_id: 30, route_id: 1, passenger_num: 0 id: 1248 at time: 2781
Processed event: OrderCreatedEvent, order_id: 30, available_pickups: 23 , available_dropoffs: 25 , passenger_id: 30, route_id: 1, passenger_num: 1 id: 1248
processing event: VehicleEnterNewRoadEvent, vehicle_id: 4, road_id: 1000000000000001039 id: 1247 at time: 2784.42
Processed event: VehicleEnterNewRoadEvent, vehicle_id: 4, road_id: 1000000000000001039 id: 1247
processing event: VehicleDepartureEvent, vehicle_id: 4, road_id: 1000000000000001039, offset: 0.000000 id: 1249 at time: 2784.42
Processed event: VehicleDepartureEvent, vehicle_id: 4, road_id: 1000000000000001039, offset: 0.000000 id: 1249
processing event: VehicleArriveIntersectionEvent, vehicle_id: 10, road_id: 1000000000000000275 id: 1167 at time: 2785.21
Processed event: VehicleArriveIntersectionEvent, vehicle_id: 10, road_id: 1000000000000000275 id: 1167
processing event: VehicleArriveIntersectionEvent, vehicle_id: 8, road_id: 1000000000000001051 id: 1228 at time: 2787.22
Processed event: VehicleArriveIntersectionEvent, vehicle_id: 8, road_id: 1000000000000001051 id: 1228
processing event: PassengerRouteStartEvent, passenger_id: 31, route_id: 1 id: 30 at time: 2789
Processed event: PassengerRouteStartEvent, passenger_id: 31, route_id: 1 id: 30
processing event: OrderCreatedEvent, order_id: 31, available_pickups: 2 81 , available_dropoffs: 71 , passenger_id: 31, route_id: 1, passenger_num: 0 id: 1253 at time: 2789
Processed event: OrderCreatedEvent, order_id: 31, available_pickups: 2 81 , available_dropoffs: 71 , passenger_id: 31, route_id: 1, passenger_num: 1 id: 1253
processing event: VehicleEnterNewRoadEvent, vehicle_id: 8, road_id: 1000000000000001049 id: 1252 at time: 2789.02
Processed event: VehicleEnterNewRoadEvent, vehicle_id: 8, road_id: 1000000000000001049 id: 1252
processing event: VehicleDepartureEvent, vehicle_id: 8, road_id: 1000000000000001049, offset: 0.000000 id: 1254 at time: 2789.02
Processed event: VehicleDepartureEvent, vehicle_id: 8, road_id: 1000000000000001049, offset: 0.000000 id: 1254
Simulator::runFor: now_ = 2789.02 target = 2790
[progress] simulator time = 2790 / 3600
processing event: OrderMatchedEvent, order_id: 31, vehicle_id: 3 id: 1256 at time: 2790
Processed event: OrderMatchedEvent, order_id: 31, vehicle_id: 3 id: 1256
processing event: OrderMatchedEvent, order_id: 30, vehicle_id: 7 id: 1258 at time: 2790
Processed event: OrderMatchedEvent, order_id: 30, vehicle_id: 7 id: 1258
processing event: PassengerArrivalEvent, passenger_id: 31 id: 1260 at time: 2790
Processed event: PassengerArrivalEvent, passenger_id: 31 id: 1260
processing event: PassengerArrivalEvent, passenger_id: 30 id: 1261 at time: 2790
Processed event: PassengerArrivalEvent, passenger_id: 30 id: 1261
processing event: VehicleEnterNewRoadEvent, vehicle_id: 10, road_id: 1000000000000000294 id: 1251 at time: 2796.67
Processed event: VehicleEnterNewRoadEvent, vehicle_id: 10, road_id: 1000000000000000294 id: 1251
processing event: VehicleDepartureEvent, vehicle_id: 10, road_id: 1000000000000000294, offset: 0.000000 id: 1262 at time: 2796.67
Processed event: VehicleDepartureEvent, vehicle_id: 10, road_id: 1000000000000000294, offset: 0.000000 id: 1262
Event is not valid: VehicleArriveIntersectionEvent, vehicle_id: 7, road_id: 1000000000000001087 id: 1237 at time: 2799.29
processing event: VehicleArriveIntersectionEvent, vehicle_id: 7, road_id: 1000000000000001087 id: 1259 at time: 2799.29
Processed event: VehicleArriveIntersectionEvent, vehicle_id: 7, road_id: 1000000000000001087 id: 1259
Simulator::runFor: now_ = 2799.29 target = 2800
[progress] simulator time = 2800 / 3600
Event is not valid: VehicleArriveIntersectionEvent, vehicle_id: 6, road_id: 1000000000000000095 id: 1214 at time: 2800.18
processing event: VehicleArriveIntersectionEvent, vehicle_id: 6, road_id: 1000000000000000095 id: 1245 at time: 2800.18
Processed event: VehicleArriveIntersectionEvent, vehicle_id: 6, road_id: 1000000000000000095 id: 1245
processing event: VehicleArriveIntersectionEvent, vehicle_id: 1, road_id: 1000000000000000888 id: 1235 at time: 2802.42
Processed event: VehicleArriveIntersectionEvent, vehicle_id: 1, road_id: 1000000000000000888 id: 1235
processing event: VehicleEnterNewRoadEvent, vehicle_id: 1, road_id: 1000000000000000669 id: 1266 at time: 2804.4
Processed event: VehicleEnterNewRoadEvent, vehicle_id: 1, road_id: 1000000000000000669 id: 1266
processing event: VehicleDepartureEvent, vehicle_id: 1, road_id: 1000000000000000669, offset: 0.000000 id: 1267 at time: 2804.4
Processed event: VehicleDepartureEvent, vehicle_id: 1, road_id: 1000000000000000669, offset: 0.000000 id: 1267
processing event: VehicleArriveIntersectionEvent, vehicle_id: 2, road_id: 1000000000000001074 id: 1242 at time: 2807.04
Processed event: VehicleArriveIntersectionEvent, vehicle_id: 2, road_id: 1000000000000001074 id: 1242
Simulator::runFor: now_ = 2807.04 target = 2810
[progress] simulator time = 2810 / 3600
processing event: BusArrivalEvent, vehicle_id: 8, stop_id: 19 id: 1255 at time: 2811.91
Processed event: BusArrivalEvent, vehicle_id: 8, stop_id: 19 id: 1255
processing event: PassengerOnboardEvent, passenger_id: 14 id: 1270 at time: 2811.91
Processed event: PassengerOnboardEvent, passenger_id: 14 id: 1270
processing event: VehicleArriveIntersectionEvent, vehicle_id: 5, road_id: 1000000000000000310 id: 1239 at time: 2812.45
Processed event: VehicleArriveIntersectionEvent, vehicle_id: 5, road_id: 1000000000000000310 id: 1239
processing event: VehicleArriveIntersectionEvent, vehicle_id: 4, road_id: 1000000000000001039 id: 1250 at time: 2813.58
Processed event: VehicleArriveIntersectionEvent, vehicle_id: 4, road_id: 1000000000000001039 id: 1250
processing event: VehicleEnterNewRoadEvent, vehicle_id: 5, road_id: 1000000000000000627 id: 1272 at time: 2814.25
Processed event: VehicleEnterNewRoadEvent, vehicle_id: 5, road_id: 1000000000000000627 id: 1272
processing event: VehicleDepartureEvent, vehicle_id: 5, road_id: 1000000000000000627, offset: 0.000000 id: 1274 at time: 2814.25
Processed event: VehicleDepartureEvent, vehicle_id: 5, road_id: 1000000000000000627, offset: 0.000000 id: 1274
processing event: VehicleDepartureEvent, vehicle_id: 8, road_id: 1000000000000001049, offset: 127.170000 id: 1271 at time: 2816.91
Processed event: VehicleDepartureEvent, vehicle_id: 8, road_id: 1000000000000001049, offset: 127.170000 id: 1271
Simulator::runFor: now_ = 2816.91 target = 2820
[progress] simulator time = 2820 / 3600
processing event: VehicleEnterNewRoadEvent, vehicle_id: 6, road_id: 1000000000000000096 id: 1265 at time: 2823.03
Processed event: VehicleEnterNewRoadEvent, vehicle_id: 6, road_id: 1000000000000000096 id: 1265
processing event: VehicleDepartureEvent, vehicle_id: 6, road_id: 1000000000000000096, offset: 0.000000 id: 1277 at time: 2823.03
Processed event: VehicleDepartureEvent, vehicle_id: 6, road_id: 1000000000000000096, offset: 0.000000 id: 1277
Simulator::runFor: now_ = 2823.03 target = 2830
[progress] simulator time = 2830 / 3600
processing event: VehicleEnterNewRoadEvent, vehicle_id: 4, road_id: 1000000000000001883 id: 1273 at time: 2833.93
Processed event: VehicleEnterNewRoadEvent, vehicle_id: 4, road_id: 1000000000000001883 id: 1273
processing event: VehicleDepartureEvent, vehicle_id: 4, road_id: 1000000000000001883, offset: 0.000000 id: 1279 at time: 2833.93
Processed event: VehicleDepartureEvent, vehicle_id: 4, road_id: 1000000000000001883, offset: 0.000000 id: 1279
processing event: VehicleEnterNewRoadEvent, vehicle_id: 9, road_id: 1000000000000001100 id: 1231 at time: 2835.22
Processed event: VehicleEnterNewRoadEvent, vehicle_id: 9, road_id: 1000000000000001100 id: 1231
processing event: VehicleDepartureEvent, vehicle_id: 9, road_id: 1000000000000001100, offset: 0.000000 id: 1281 at time: 2835.22
Processed event: VehicleDepartureEvent, vehicle_id: 9, road_id: 1000000000000001100, offset: 0.000000 id: 1281
processing event: VehicleEnterNewRoadEvent, vehicle_id: 7, road_id: 1000000000000000824 id: 1264 at time: 2837.45
Processed event: VehicleEnterNewRoadEvent, vehicle_id: 7, road_id: 1000000000000000824 id: 1264
processing event: VehicleDepartureEvent, vehicle_id: 7, road_id: 1000000000000000824, offset: 0.000000 id: 1283 at time: 2837.45
Processed event: VehicleDepartureEvent, vehicle_id: 7, road_id: 1000000000000000824, offset: 0.000000 id: 1283
Simulator::runFor: now_ = 2837.45 target = 2840
[progress] simulator time = 2840 / 3600
processing event: VehicleArriveIntersectionEvent, vehicle_id: 1, road_id: 1000000000000000669 id: 1268 at time: 2846.35
Processed event: VehicleArriveIntersectionEvent, vehicle_id: 1, road_id: 1000000000000000669 id: 1268
Simulator::runFor: now_ = 2846.35 target = 2850
[progress] simulator time = 2850 / 3600
processing event: BusArrivalEvent, vehicle_id: 7, stop_id: 68 id: 1284 at time: 2852.79
Processed event: BusArrivalEvent, vehicle_id: 7, stop_id: 68 id: 1284
processing event: PassengerRouteEndEvent, passenger_id: 9, route_id: 1 id: 1286 at time: 2852.79
Passenger 9 finished all routes
Processed event: PassengerRouteEndEvent, passenger_id: 9, route_id: 1 id: 1286
processing event: PassengerDropoffEvent, passenger_id: 9 id: 1288 at time: 2852.79
Processed event: PassengerDropoffEvent, passenger_id: 9 id: 1288
processing event: OrderFinishedEvent, order_id: 9 id: 1289 at time: 2852.79
Processed event: OrderFinishedEvent, order_id: 9 id: 1289
processing event: VehicleArriveIntersectionEvent, vehicle_id: 5, road_id: 1000000000000000627 id: 1275 at time: 2853.67
Processed event: VehicleArriveIntersectionEvent, vehicle_id: 5, road_id: 1000000000000000627 id: 1275
processing event: VehicleDepartureEvent, vehicle_id: 7, road_id: 1000000000000000824, offset: 85.240000 id: 1287 at time: 2857.79
Processed event: VehicleDepartureEvent, vehicle_id: 7, road_id: 1000000000000000824, offset: 85.240000 id: 1287
Event is not valid: VehicleArriveIntersectionEvent, vehicle_id: 3, road_id: 1000000000000001017 id: 1213 at time: 2859.59
processing event: VehicleArriveIntersectionEvent, vehicle_id: 3, road_id: 1000000000000001017 id: 1257 at time: 2859.59
Processed event: VehicleArriveIntersectionEvent, vehicle_id: 3, road_id: 1000000000000001017 id: 1257
Simulator::runFor: now_ = 2859.59 target = 2860
[progress] simulator time = 2860 / 3600
processing event: VehicleArriveIntersectionEvent, vehicle_id: 9, road_id: 1000000000000001100 id: 1282 at time: 2864.39
Processed event: VehicleArriveIntersectionEvent, vehicle_id: 9, road_id: 1000000000000001100 id: 1282
processing event: VehicleArriveIntersectionEvent, vehicle_id: 7, road_id: 1000000000000000824 id: 1291 at time: 2864.95
Processed event: VehicleArriveIntersectionEvent, vehicle_id: 7, road_id: 1000000000000000824 id: 1291
processing event: VehicleArriveIntersectionEvent, vehicle_id: 4, road_id: 1000000000000001883 id: 1280 at time: 2869.22
Processed event: VehicleArriveIntersectionEvent, vehicle_id: 4, road_id: 1000000000000001883 id: 1280
Simulator::runFor: now_ = 2869.22 target = 2870
[progress] simulator time = 2870 / 3600
processing event: VehicleEnterNewRoadEvent, vehicle_id: 5, road_id: 1000000000000000628 id: 1290 at time: 2871.47
Processed event: VehicleEnterNewRoadEvent, vehicle_id: 5, road_id: 1000000000000000628 id: 1290
processing event: VehicleDepartureEvent, vehicle_id: 5, road_id: 1000000000000000628, offset: 0.000000 id: 1296 at time: 2871.47
Processed event: VehicleDepartureEvent, vehicle_id: 5, road_id: 1000000000000000628, offset: 0.000000 id: 1296
processing event: VehicleEnterNewRoadEvent, vehicle_id: 7, road_id: 1000000000000001085 id: 1294 at time: 2872.8
Processed event: VehicleEnterNewRoadEvent, vehicle_id: 7, road_id: 1000000000000001085 id: 1294
processing event: VehicleDepartureEvent, vehicle_id: 7, road_id: 1000000000000001085, offset: 0.000000 id: 1298 at time: 2872.8
Processed event: VehicleDepartureEvent, vehicle_id: 7, road_id: 1000000000000001085, offset: 0.000000 id: 1298
processing event: VehicleEnterNewRoadEvent, vehicle_id: 1, road_id: 1000000000000000671 id: 1285 at time: 2879.23
Processed event: VehicleEnterNewRoadEvent, vehicle_id: 1, road_id: 1000000000000000671 id: 1285
processing event: VehicleDepartureEvent, vehicle_id: 1, road_id: 1000000000000000671, offset: 0.000000 id: 1300 at time: 2879.23
Processed event: VehicleDepartureEvent, vehicle_id: 1, road_id: 1000000000000000671, offset: 0.000000 id: 1300
processing event: VehicleEnterNewRoadEvent, vehicle_id: 2, road_id: 1000000000000001075 id: 1269 at time: 2879.96
Processed event: VehicleEnterNewRoadEvent, vehicle_id: 2, road_id: 1000000000000001075 id: 1269
processing event: VehicleDepartureEvent, vehicle_id: 2, road_id: 1000000000000001075, offset: 0.000000 id: 1302 at time: 2879.96
Processed event: VehicleDepartureEvent, vehicle_id: 2, road_id: 1000000000000001075, offset: 0.000000 id: 1302
Simulator::runFor: now_ = 2879.96 target = 2880
[progress] simulator time = 2880 / 3600
processing event: VehicleEnterNewRoadEvent, vehicle_id: 9, road_id: 1000000000000001106 id: 1293 at time: 2881.8
Processed event: VehicleEnterNewRoadEvent, vehicle_id: 9, road_id: 1000000000000001106 id: 1293
processing event: VehicleDepartureEvent, vehicle_id: 9, road_id: 1000000000000001106, offset: 0.000000 id: 1304 at time: 2881.8
Processed event: VehicleDepartureEvent, vehicle_id: 9, road_id: 1000000000000001106, offset: 0.000000 id: 1304
processing event: VehicleArriveIntersectionEvent, vehicle_id: 7, road_id: 1000000000000001085 id: 1299 at time: 2887.2
Processed event: VehicleArriveIntersectionEvent, vehicle_id: 7, road_id: 1000000000000001085 id: 1299
processing event: VehicleArriveIntersectionEvent, vehicle_id: 8, road_id: 1000000000000001049 id: 1276 at time: 2887.81
Processed event: VehicleArriveIntersectionEvent, vehicle_id: 8, road_id: 1000000000000001049 id: 1276
processing event: VehicleEnterNewRoadEvent, vehicle_id: 7, road_id: 1000000000000001088 id: 1306 at time: 2888.2
Processed event: VehicleEnterNewRoadEvent, vehicle_id: 7, road_id: 1000000000000001088 id: 1306
processing event: VehicleDepartureEvent, vehicle_id: 7, road_id: 1000000000000001088, offset: 0.000000 id: 1308 at time: 2888.2
Processed event: VehicleDepartureEvent, vehicle_id: 7, road_id: 1000000000000001088, offset: 0.000000 id: 1308
processing event: VehicleArriveIntersectionEvent, vehicle_id: 5, road_id: 1000000000000000628 id: 1297 at time: 2889.47
Processed event: VehicleArriveIntersectionEvent, vehicle_id: 5, road_id: 1000000000000000628 id: 1297
Simulator::runFor: now_ = 2889.47 target = 2890
[progress] simulator time = 2890 / 3600
processing event: VehicleEnterNewRoadEvent, vehicle_id: 5, road_id: 1000000000000001044 id: 1310 at time: 2891.27
Processed event: VehicleEnterNewRoadEvent, vehicle_id: 5, road_id: 1000000000000001044 id: 1310
processing event: VehicleDepartureEvent, vehicle_id: 5, road_id: 1000000000000001044, offset: 0.000000 id: 1311 at time: 2891.27
Processed event: VehicleDepartureEvent, vehicle_id: 5, road_id: 1000000000000001044, offset: 0.000000 id: 1311
processing event: VehicleEnterNewRoadEvent, vehicle_id: 4, road_id: 1000000000000000938 id: 1295 at time: 2897.36
Processed event: VehicleEnterNewRoadEvent, vehicle_id: 4, road_id: 1000000000000000938 id: 1295
processing event: VehicleDepartureEvent, vehicle_id: 4, road_id: 1000000000000000938, offset: 0.000000 id: 1313 at time: 2897.36
Processed event: VehicleDepartureEvent, vehicle_id: 4, road_id: 1000000000000000938, offset: 0.000000 id: 1313
Simulator::runFor: now_ = 2897.36 target = 2900
[progress] simulator time = 2900 / 3600
processing event: VehicleEnterNewRoadEvent, vehicle_id: 8, road_id: 1000000000000001807 id: 1307 at time: 2902.19
Processed event: VehicleEnterNewRoadEvent, vehicle_id: 8, road_id: 1000000000000001807 id: 1307
processing event: VehicleDepartureEvent, vehicle_id: 8, road_id: 1000000000000001807, offset: 0.000000 id: 1315 at time: 2902.19
Processed event: VehicleDepartureEvent, vehicle_id: 8, road_id: 1000000000000001807, offset: 0.000000 id: 1315
processing event: VehicleArriveIntersectionEvent, vehicle_id: 9, road_id: 1000000000000001106 id: 1305 at time: 2906.28
Processed event: VehicleArriveIntersectionEvent, vehicle_id: 9, road_id: 1000000000000001106 id: 1305
processing event: VehicleEnterNewRoadEvent, vehicle_id: 9, road_id: 1000000000000001105 id: 1317 at time: 2908.08
Processed event: VehicleEnterNewRoadEvent, vehicle_id: 9, road_id: 1000000000000001105 id: 1317
processing event: VehicleDepartureEvent, vehicle_id: 9, road_id: 1000000000000001105, offset: 0.000000 id: 1318 at time: 2908.08
Processed event: VehicleDepartureEvent, vehicle_id: 9, road_id: 1000000000000001105, offset: 0.000000 id: 1318
Simulator::runFor: now_ = 2908.08 target = 2910
[progress] simulator time = 2910 / 3600
processing event: BusArrivalEvent, vehicle_id: 10, stop_id: 41 id: 1263 at time: 2914.78
Processed event: BusArrivalEvent, vehicle_id: 10, stop_id: 41 id: 1263
processing event: PassengerOnboardEvent, passenger_id: 4 id: 1320 at time: 2914.78
Processed event: PassengerOnboardEvent, passenger_id: 4 id: 1320
processing event: VehicleDepartureEvent, vehicle_id: 10, road_id: 1000000000000000294, offset: 656.100000 id: 1321 at time: 2919.78
Processed event: VehicleDepartureEvent, vehicle_id: 10, road_id: 1000000000000000294, offset: 656.100000 id: 1321
Simulator::runFor: now_ = 2919.78 target = 2920
[progress] simulator time = 2920 / 3600
processing event: VehicleArriveIntersectionEvent, vehicle_id: 9, road_id: 1000000000000001105 id: 1319 at time: 2929.14
Processed event: VehicleArriveIntersectionEvent, vehicle_id: 9, road_id: 1000000000000001105 id: 1319
Simulator::runFor: now_ = 2929.14 target = 2930
[progress] simulator time = 2930 / 3600
processing event: VehicleArriveIntersectionEvent, vehicle_id: 4, road_id: 1000000000000000938 id: 1314 at time: 2934.44
Processed event: VehicleArriveIntersectionEvent, vehicle_id: 4, road_id: 1000000000000000938 id: 1314
processing event: VehicleEnterNewRoadEvent, vehicle_id: 9, road_id: 1000000000000000252 id: 1323 at time: 2935.17
Processed event: VehicleEnterNewRoadEvent, vehicle_id: 9, road_id: 1000000000000000252 id: 1323
processing event: VehicleDepartureEvent, vehicle_id: 9, road_id: 1000000000000000252, offset: 0.000000 id: 1325 at time: 2935.17
Processed event: VehicleDepartureEvent, vehicle_id: 9, road_id: 1000000000000000252, offset: 0.000000 id: 1325
processing event: VehicleArriveIntersectionEvent, vehicle_id: 2, road_id: 1000000000000001075 id: 1303 at time: 2935.41
Processed event: VehicleArriveIntersectionEvent, vehicle_id: 2, road_id: 1000000000000001075 id: 1303
Simulator::runFor: now_ = 2935.41 target = 2940
[progress] simulator time = 2940 / 3600
processing event: VehicleEnterNewRoadEvent, vehicle_id: 3, road_id: 1000000000000000783 id: 1292 at time: 2946.05
Processed event: VehicleEnterNewRoadEvent, vehicle_id: 3, road_id: 1000000000000000783 id: 1292
processing event: VehicleDepartureEvent, vehicle_id: 3, road_id: 1000000000000000783, offset: 0.000000 id: 1328 at time: 2946.05
Processed event: VehicleDepartureEvent, vehicle_id: 3, road_id: 1000000000000000783, offset: 0.000000 id: 1328
processing event: VehicleArriveIntersectionEvent, vehicle_id: 7, road_id: 1000000000000001088 id: 1309 at time: 2946.89
Processed event: VehicleArriveIntersectionEvent, vehicle_id: 7, road_id: 1000000000000001088 id: 1309
Simulator::runFor: now_ = 2946.89 target = 2950
[progress] simulator time = 2950 / 3600
processing event: VehicleEnterNewRoadEvent, vehicle_id: 4, road_id: 1000000000000000275 id: 1324 at time: 2959.52
Processed event: VehicleEnterNewRoadEvent, vehicle_id: 4, road_id: 1000000000000000275 id: 1324
processing event: VehicleDepartureEvent, vehicle_id: 4, road_id: 1000000000000000275, offset: 0.000000 id: 1331 at time: 2959.52
Processed event: VehicleDepartureEvent, vehicle_id: 4, road_id: 1000000000000000275, offset: 0.000000 id: 1331
Simulator::runFor: now_ = 2959.52 target = 2960
[progress] simulator time = 2960 / 3600
processing event: VehicleArriveIntersectionEvent, vehicle_id: 1, road_id: 1000000000000000671 id: 1301 at time: 2964.02
Processed event: VehicleArriveIntersectionEvent, vehicle_id: 1, road_id: 1000000000000000671 id: 1301
processing event: VehicleArriveIntersectionEvent, vehicle_id: 10, road_id: 1000000000000000294 id: 1322 at time: 2967.29
Processed event: VehicleArriveIntersectionEvent, vehicle_id: 10, road_id: 1000000000000000294 id: 1322
Simulator::runFor: now_ = 2967.29 target = 2970
[progress] simulator time = 2970 / 3600
processing event: VehicleArriveIntersectionEvent, vehicle_id: 5, road_id: 1000000000000001044 id: 1312 at time: 2973.36
Processed event: VehicleArriveIntersectionEvent, vehicle_id: 5, road_id: 1000000000000001044 id: 1312
processing event: VehicleEnterNewRoadEvent, vehicle_id: 5, road_id: 1000000000000000682 id: 1335 at time: 2975.16
Processed event: VehicleEnterNewRoadEvent, vehicle_id: 5, road_id: 1000000000000000682 id: 1335
processing event: VehicleDepartureEvent, vehicle_id: 5, road_id: 1000000000000000682, offset: 0.000000 id: 1336 at time: 2975.16
Processed event: VehicleDepartureEvent, vehicle_id: 5, road_id: 1000000000000000682, offset: 0.000000 id: 1336
processing event: VehicleArriveIntersectionEvent, vehicle_id: 8, road_id: 1000000000000001807 id: 1316 at time: 2977.26
Processed event: VehicleArriveIntersectionEvent, vehicle_id: 8, road_id: 1000000000000001807 id: 1316
Simulator::runFor: now_ = 2977.26 target = 2980
[progress] simulator time = 2980 / 3600
processing event: VehicleArriveIntersectionEvent, vehicle_id: 6, road_id: 1000000000000000096 id: 1278 at time: 2981.27
Processed event: VehicleArriveIntersectionEvent, vehicle_id: 6, road_id: 1000000000000000096 id: 1278
processing event: VehicleEnterNewRoadEvent, vehicle_id: 8, road_id: 1000000000000001806 id: 1338 at time: 2982.78
Processed event: VehicleEnterNewRoadEvent, vehicle_id: 8, road_id: 1000000000000001806 id: 1338
processing event: VehicleDepartureEvent, vehicle_id: 8, road_id: 1000000000000001806, offset: 0.000000 id: 1340 at time: 2982.78
Processed event: VehicleDepartureEvent, vehicle_id: 8, road_id: 1000000000000001806, offset: 0.000000 id: 1340
processing event: VehicleEnterNewRoadEvent, vehicle_id: 7, road_id: 1000000000000000786 id: 1330 at time: 2983.74
Processed event: VehicleEnterNewRoadEvent, vehicle_id: 7, road_id: 1000000000000000786 id: 1330
processing event: VehicleDepartureEvent, vehicle_id: 7, road_id: 1000000000000000786, offset: 0.000000 id: 1342 at time: 2983.74
Processed event: VehicleDepartureEvent, vehicle_id: 7, road_id: 1000000000000000786, offset: 0.000000 id: 1342
processing event: VehicleArriveIntersectionEvent, vehicle_id: 9, road_id: 1000000000000000252 id: 1326 at time: 2984.14
Processed event: VehicleArriveIntersectionEvent, vehicle_id: 9, road_id: 1000000000000000252 id: 1326
Simulator::runFor: now_ = 2984.14 target = 2990
[progress] simulator time = 2990 / 3600
processing event: VehicleEnterNewRoadEvent, vehicle_id: 2, road_id: 1000000000000001076 id: 1327 at time: 2992.84
Processed event: VehicleEnterNewRoadEvent, vehicle_id: 2, road_id: 1000000000000001076 id: 1327
processing event: VehicleDepartureEvent, vehicle_id: 2, road_id: 1000000000000001076, offset: 0.000000 id: 1345 at time: 2992.84
Processed event: VehicleDepartureEvent, vehicle_id: 2, road_id: 1000000000000001076, offset: 0.000000 id: 1345
Simulator::runFor: now_ = 2992.84 target = 3000
[progress] simulator time = 3000 / 3600
processing event: VehicleEnterNewRoadEvent, vehicle_id: 10, road_id: 1000000000000000310 id: 1334 at time: 3000.03
Processed event: VehicleEnterNewRoadEvent, vehicle_id: 10, road_id: 1000000000000000310 id: 1334
processing event: VehicleDepartureEvent, vehicle_id: 10, road_id: 1000000000000000310, offset: 0.000000 id: 1347 at time: 3000.03
Processed event: VehicleDepartureEvent, vehicle_id: 10, road_id: 1000000000000000310, offset: 0.000000 id: 1347
processing event: VehicleEnterNewRoadEvent, vehicle_id: 1, road_id: 1000000000000000672 id: 1333 at time: 3008.19
Processed event: VehicleEnterNewRoadEvent, vehicle_id: 1, road_id: 1000000000000000672 id: 1333
processing event: VehicleDepartureEvent, vehicle_id: 1, road_id: 1000000000000000672, offset: 0.000000 id: 1349 at time: 3008.19
Processed event: VehicleDepartureEvent, vehicle_id: 1, road_id: 1000000000000000672, offset: 0.000000 id: 1349
Simulator::runFor: now_ = 3008.19 target = 3010
[progress] simulator time = 3010 / 3600
Simulator::runFor: now_ = 3010 target = 3020
[progress] simulator time = 3020 / 3600
processing event: VehicleArriveIntersectionEvent, vehicle_id: 3, road_id: 1000000000000000783 id: 1329 at time: 3020.75
Processed event: VehicleArriveIntersectionEvent, vehicle_id: 3, road_id: 1000000000000000783 id: 1329
Simulator::runFor: now_ = 3020.75 target = 3030
[progress] simulator time = 3030 / 3600
processing event: VehicleArriveIntersectionEvent, vehicle_id: 10, road_id: 1000000000000000310 id: 1348 at time: 3038.38
Processed event: VehicleArriveIntersectionEvent, vehicle_id: 10, road_id: 1000000000000000310 id: 1348
processing event: VehicleEnterNewRoadEvent, vehicle_id: 9, road_id: 1000000000000000253 id: 1344 at time: 3039.99
Processed event: VehicleEnterNewRoadEvent, vehicle_id: 9, road_id: 1000000000000000253 id: 1344
processing event: VehicleDepartureEvent, vehicle_id: 9, road_id: 1000000000000000253, offset: 0.000000 id: 1353 at time: 3039.99
Processed event: VehicleDepartureEvent, vehicle_id: 9, road_id: 1000000000000000253, offset: 0.000000 id: 1353
Simulator::runFor: now_ = 3039.99 target = 3040
[progress] simulator time = 3040 / 3600
processing event: VehicleEnterNewRoadEvent, vehicle_id: 6, road_id: 1000000000000001034 id: 1339 at time: 3040.14
Processed event: VehicleEnterNewRoadEvent, vehicle_id: 6, road_id: 1000000000000001034 id: 1339
processing event: VehicleDepartureEvent, vehicle_id: 6, road_id: 1000000000000001034, offset: 0.000000 id: 1355 at time: 3040.14
Processed event: VehicleDepartureEvent, vehicle_id: 6, road_id: 1000000000000001034, offset: 0.000000 id: 1355
processing event: VehicleEnterNewRoadEvent, vehicle_id: 10, road_id: 1000000000000000627 id: 1352 at time: 3040.18
Processed event: VehicleEnterNewRoadEvent, vehicle_id: 10, road_id: 1000000000000000627 id: 1352
processing event: VehicleDepartureEvent, vehicle_id: 10, road_id: 1000000000000000627, offset: 0.000000 id: 1357 at time: 3040.18
Processed event: VehicleDepartureEvent, vehicle_id: 10, road_id: 1000000000000000627, offset: 0.000000 id: 1357
processing event: VehicleArriveIntersectionEvent, vehicle_id: 7, road_id: 1000000000000000786 id: 1343 at time: 3045.66
Processed event: VehicleArriveIntersectionEvent, vehicle_id: 7, road_id: 1000000000000000786 id: 1343
processing event: VehicleArriveIntersectionEvent, vehicle_id: 1, road_id: 1000000000000000672 id: 1350 at time: 3048.69
Processed event: VehicleArriveIntersectionEvent, vehicle_id: 1, road_id: 1000000000000000672 id: 1350
Simulator::runFor: now_ = 3048.69 target = 3050
[progress] simulator time = 3050 / 3600
processing event: VehicleArriveIntersectionEvent, vehicle_id: 6, road_id: 1000000000000001034 id: 1356 at time: 3052.92
Processed event: VehicleArriveIntersectionEvent, vehicle_id: 6, road_id: 1000000000000001034 id: 1356
processing event: VehicleEnterNewRoadEvent, vehicle_id: 6, road_id: 1000000000000001035 id: 1361 at time: 3054.72
Processed event: VehicleEnterNewRoadEvent, vehicle_id: 6, road_id: 1000000000000001035 id: 1361
processing event: VehicleDepartureEvent, vehicle_id: 6, road_id: 1000000000000001035, offset: 0.000000 id: 1362 at time: 3054.72
Processed event: VehicleDepartureEvent, vehicle_id: 6, road_id: 1000000000000001035, offset: 0.000000 id: 1362
processing event: VehicleArriveIntersectionEvent, vehicle_id: 8, road_id: 1000000000000001806 id: 1341 at time: 3057.48
Processed event: VehicleArriveIntersectionEvent, vehicle_id: 8, road_id: 1000000000000001806 id: 1341
processing event: VehicleEnterNewRoadEvent, vehicle_id: 1, road_id: 1000000000000000673 id: 1360 at time: 3058.93
Processed event: VehicleEnterNewRoadEvent, vehicle_id: 1, road_id: 1000000000000000673 id: 1360
processing event: VehicleDepartureEvent, vehicle_id: 1, road_id: 1000000000000000673, offset: 0.000000 id: 1365 at time: 3058.93
Processed event: VehicleDepartureEvent, vehicle_id: 1, road_id: 1000000000000000673, offset: 0.000000 id: 1365
processing event: BusArrivalEvent, vehicle_id: 9, stop_id: 50 id: 1354 at time: 3059.07
Processed event: BusArrivalEvent, vehicle_id: 9, stop_id: 50 id: 1354
processing event: PassengerOnboardEvent, passenger_id: 18 id: 1367 at time: 3059.07
Processed event: PassengerOnboardEvent, passenger_id: 18 id: 1367
Simulator::runFor: now_ = 3059.07 target = 3060
[progress] simulator time = 3060 / 3600
processing event: VehicleEnterNewRoadEvent, vehicle_id: 3, road_id: 1000000000000000784 id: 1351 at time: 3062.2
Processed event: VehicleEnterNewRoadEvent, vehicle_id: 3, road_id: 1000000000000000784 id: 1351
processing event: VehicleDepartureEvent, vehicle_id: 3, road_id: 1000000000000000784, offset: 0.000000 id: 1369 at time: 3062.2
Processed event: VehicleDepartureEvent, vehicle_id: 3, road_id: 1000000000000000784, offset: 0.000000 id: 1369
processing event: VehicleDepartureEvent, vehicle_id: 9, road_id: 1000000000000000253, offset: 105.990000 id: 1368 at time: 3064.07
Processed event: VehicleDepartureEvent, vehicle_id: 9, road_id: 1000000000000000253, offset: 105.990000 id: 1368
processing event: VehicleArriveIntersectionEvent, vehicle_id: 5, road_id: 1000000000000000682 id: 1337 at time: 3067.87
Processed event: VehicleArriveIntersectionEvent, vehicle_id: 5, road_id: 1000000000000000682 id: 1337
processing event: VehicleEnterNewRoadEvent, vehicle_id: 5, road_id: 1000000000000001045 id: 1372 at time: 3069.67
Processed event: VehicleEnterNewRoadEvent, vehicle_id: 5, road_id: 1000000000000001045 id: 1372
processing event: VehicleDepartureEvent, vehicle_id: 5, road_id: 1000000000000001045, offset: 0.000000 id: 1373 at time: 3069.67
Processed event: VehicleDepartureEvent, vehicle_id: 5, road_id: 1000000000000001045, offset: 0.000000 id: 1373
Simulator::runFor: now_ = 3069.67 target = 3070
[progress] simulator time = 3070 / 3600
processing event: BusArrivalEvent, vehicle_id: 6, stop_id: 35 id: 1363 at time: 3071.57
Processed event: BusArrivalEvent, vehicle_id: 6, stop_id: 35 id: 1363
processing event: PassengerOnboardEvent, passenger_id: 15 id: 1375 at time: 3071.57
Processed event: PassengerOnboardEvent, passenger_id: 15 id: 1375
processing event: VehicleDepartureEvent, vehicle_id: 6, road_id: 1000000000000001035, offset: 93.580000 id: 1376 at time: 3076.57
Processed event: VehicleDepartureEvent, vehicle_id: 6, road_id: 1000000000000001035, offset: 93.580000 id: 1376
processing event: VehicleArriveIntersectionEvent, vehicle_id: 10, road_id: 1000000000000000627 id: 1358 at time: 3079.6
Processed event: VehicleArriveIntersectionEvent, vehicle_id: 10, road_id: 1000000000000000627 id: 1358
Simulator::runFor: now_ = 3079.6 target = 3080
[progress] simulator time = 3080 / 3600
Simulator::runFor: now_ = 3080 target = 3090
[progress] simulator time = 3090 / 3600
processing event: VehicleArriveIntersectionEvent, vehicle_id: 2, road_id: 1000000000000001076 id: 1346 at time: 3091.13
Processed event: VehicleArriveIntersectionEvent, vehicle_id: 2, road_id: 1000000000000001076 id: 1346
Simulator::runFor: now_ = 3091.13 target = 3100
[progress] simulator time = 3100 / 3600
processing event: VehicleArriveIntersectionEvent, vehicle_id: 6, road_id: 1000000000000001035 id: 1377 at time: 3101.12
Processed event: VehicleArriveIntersectionEvent, vehicle_id: 6, road_id: 1000000000000001035 id: 1377
processing event: VehicleEnterNewRoadEvent, vehicle_id: 6, road_id: 1000000000000000905 id: 1380 at time: 3102.12
Processed event: VehicleEnterNewRoadEvent, vehicle_id: 6, road_id: 1000000000000000905 id: 1380
processing event: VehicleDepartureEvent, vehicle_id: 6, road_id: 1000000000000000905, offset: 0.000000 id: 1381 at time: 3102.12
Processed event: VehicleDepartureEvent, vehicle_id: 6, road_id: 1000000000000000905, offset: 0.000000 id: 1381
processing event: PassengerRouteStartEvent, passenger_id: 32, route_id: 1 id: 31 at time: 3104
Processed event: PassengerRouteStartEvent, passenger_id: 32, route_id: 1 id: 31
processing event: OrderCreatedEvent, order_id: 32, available_pickups: 71 , available_dropoffs: 2 81 , passenger_id: 32, route_id: 1, passenger_num: 0 id: 1383 at time: 3104
Processed event: OrderCreatedEvent, order_id: 32, available_pickups: 71 , available_dropoffs: 2 81 , passenger_id: 32, route_id: 1, passenger_num: 2 id: 1383
Simulator::runFor: now_ = 3104 target = 3110
[progress] simulator time = 3110 / 3600
processing event: OrderMatchedEvent, order_id: 32, vehicle_id: 7 id: 1384 at time: 3110
Processed event: OrderMatchedEvent, order_id: 32, vehicle_id: 7 id: 1384
processing event: PassengerArrivalEvent, passenger_id: 32 id: 1385 at time: 3110
Processed event: PassengerArrivalEvent, passenger_id: 32 id: 1385
processing event: VehicleArriveIntersectionEvent, vehicle_id: 4, road_id: 1000000000000000275 id: 1332 at time: 3110.92
Processed event: VehicleArriveIntersectionEvent, vehicle_id: 4, road_id: 1000000000000000275 id: 1332
processing event: VehicleArriveIntersectionEvent, vehicle_id: 9, road_id: 1000000000000000253 id: 1371 at time: 3111.24
Processed event: VehicleArriveIntersectionEvent, vehicle_id: 9, road_id: 1000000000000000253 id: 1371
processing event: VehicleArriveIntersectionEvent, vehicle_id: 6, road_id: 1000000000000000905 id: 1382 at time: 3112.38
Processed event: VehicleArriveIntersectionEvent, vehicle_id: 6, road_id: 1000000000000000905 id: 1382
processing event: VehicleEnterNewRoadEvent, vehicle_id: 2, road_id: 1000000000000001009 id: 1379 at time: 3113.8
Processed event: VehicleEnterNewRoadEvent, vehicle_id: 2, road_id: 1000000000000001009 id: 1379
processing event: VehicleDepartureEvent, vehicle_id: 2, road_id: 1000000000000001009, offset: 0.000000 id: 1389 at time: 3113.8
Processed event: VehicleDepartureEvent, vehicle_id: 2, road_id: 1000000000000001009, offset: 0.000000 id: 1389
processing event: VehicleEnterNewRoadEvent, vehicle_id: 6, road_id: 1000000000000001053 id: 1388 at time: 3114.36
Processed event: VehicleEnterNewRoadEvent, vehicle_id: 6, road_id: 1000000000000001053 id: 1388
processing event: VehicleDepartureEvent, vehicle_id: 6, road_id: 1000000000000001053, offset: 0.000000 id: 1391 at time: 3114.36
Processed event: VehicleDepartureEvent, vehicle_id: 6, road_id: 1000000000000001053, offset: 0.000000 id: 1391
processing event: VehicleEnterNewRoadEvent, vehicle_id: 8, road_id: 1000000000000001872 id: 1364 at time: 3114.73
Processed event: VehicleEnterNewRoadEvent, vehicle_id: 8, road_id: 1000000000000001872 id: 1364
processing event: VehicleDepartureEvent, vehicle_id: 8, road_id: 1000000000000001872, offset: 0.000000 id: 1393 at time: 3114.73
Processed event: VehicleDepartureEvent, vehicle_id: 8, road_id: 1000000000000001872, offset: 0.000000 id: 1393
processing event: VehicleEnterNewRoadEvent, vehicle_id: 9, road_id: 1000000000000000255 id: 1387 at time: 3119.42
Processed event: VehicleEnterNewRoadEvent, vehicle_id: 9, road_id: 1000000000000000255 id: 1387
processing event: VehicleDepartureEvent, vehicle_id: 9, road_id: 1000000000000000255, offset: 0.000000 id: 1395 at time: 3119.42
Processed event: VehicleDepartureEvent, vehicle_id: 9, road_id: 1000000000000000255, offset: 0.000000 id: 1395
Simulator::runFor: now_ = 3119.42 target = 3120
[progress] simulator time = 3120 / 3600
processing event: PassengerRouteStartEvent, passenger_id: 33, route_id: 1 id: 32 at time: 3122
Processed event: PassengerRouteStartEvent, passenger_id: 33, route_id: 1 id: 32
processing event: OrderCreatedEvent, order_id: 33, available_pickups: 68 , available_dropoffs: 15 , passenger_id: 33, route_id: 1, passenger_num: 0 id: 1397 at time: 3122
Processed event: OrderCreatedEvent, order_id: 33, available_pickups: 68 , available_dropoffs: 15 , passenger_id: 33, route_id: 1, passenger_num: 2 id: 1397
processing event: VehicleEnterNewRoadEvent, vehicle_id: 4, road_id: 1000000000000000294 id: 1386 at time: 3122.38
Processed event: VehicleEnterNewRoadEvent, vehicle_id: 4, road_id: 1000000000000000294 id: 1386
processing event: VehicleDepartureEvent, vehicle_id: 4, road_id: 1000000000000000294, offset: 0.000000 id: 1398 at time: 3122.38
Processed event: VehicleDepartureEvent, vehicle_id: 4, road_id: 1000000000000000294, offset: 0.000000 id: 1398
processing event: VehicleEnterNewRoadEvent, vehicle_id: 10, road_id: 1000000000000000628 id: 1378 at time: 3125.18
Processed event: VehicleEnterNewRoadEvent, vehicle_id: 10, road_id: 1000000000000000628 id: 1378
processing event: VehicleDepartureEvent, vehicle_id: 10, road_id: 1000000000000000628, offset: 0.000000 id: 1400 at time: 3125.18
Processed event: VehicleDepartureEvent, vehicle_id: 10, road_id: 1000000000000000628, offset: 0.000000 id: 1400
Simulator::runFor: now_ = 3125.18 target = 3130
[progress] simulator time = 3130 / 3600
processing event: OrderMatchedEvent, order_id: 33, vehicle_id: 10 id: 1402 at time: 3130
Processed event: OrderMatchedEvent, order_id: 33, vehicle_id: 10 id: 1402
processing event: PassengerArrivalEvent, passenger_id: 33 id: 1404 at time: 3130
Processed event: PassengerArrivalEvent, passenger_id: 33 id: 1404
processing event: VehicleArriveIntersectionEvent, vehicle_id: 3, road_id: 1000000000000000784 id: 1370 at time: 3137.27
Processed event: VehicleArriveIntersectionEvent, vehicle_id: 3, road_id: 1000000000000000784 id: 1370
Simulator::runFor: now_ = 3137.27 target = 3140
[progress] simulator time = 3140 / 3600
Event is not valid: VehicleArriveIntersectionEvent, vehicle_id: 10, road_id: 1000000000000000628 id: 1401 at time: 3143.18
processing event: VehicleArriveIntersectionEvent, vehicle_id: 10, road_id: 1000000000000000628 id: 1403 at time: 3143.18
Processed event: VehicleArriveIntersectionEvent, vehicle_id: 10, road_id: 1000000000000000628 id: 1403
processing event: VehicleEnterNewRoadEvent, vehicle_id: 10, road_id: 1000000000000001044 id: 1406 at time: 3144.98
Processed event: VehicleEnterNewRoadEvent, vehicle_id: 10, road_id: 1000000000000001044 id: 1406
processing event: VehicleDepartureEvent, vehicle_id: 10, road_id: 1000000000000001044, offset: 0.000000 id: 1407 at time: 3144.98
Processed event: VehicleDepartureEvent, vehicle_id: 10, road_id: 1000000000000001044, offset: 0.000000 id: 1407
processing event: VehicleEnterNewRoadEvent, vehicle_id: 7, road_id: 1000000000000000094 id: 1359 at time: 3148.34
Processed event: VehicleEnterNewRoadEvent, vehicle_id: 7, road_id: 1000000000000000094 id: 1359
processing event: VehicleDepartureEvent, vehicle_id: 7, road_id: 1000000000000000094, offset: 0.000000 id: 1409 at time: 3148.34
Processed event: VehicleDepartureEvent, vehicle_id: 7, road_id: 1000000000000000094, offset: 0.000000 id: 1409
Simulator::runFor: now_ = 3148.34 target = 3150
[progress] simulator time = 3150 / 3600
processing event: VehicleArriveIntersectionEvent, vehicle_id: 5, road_id: 1000000000000001045 id: 1374 at time: 3159.32
Processed event: VehicleArriveIntersectionEvent, vehicle_id: 5, road_id: 1000000000000001045 id: 1374
Simulator::runFor: now_ = 3159.32 target = 3160
[progress] simulator time = 3160 / 3600
processing event: VehicleArriveIntersectionEvent, vehicle_id: 6, road_id: 1000000000000001053 id: 1392 at time: 3164.95
Processed event: VehicleArriveIntersectionEvent, vehicle_id: 6, road_id: 1000000000000001053 id: 1392
processing event: VehicleArriveIntersectionEvent, vehicle_id: 1, road_id: 1000000000000000673 id: 1366 at time: 3168.74
Processed event: VehicleArriveIntersectionEvent, vehicle_id: 1, road_id: 1000000000000000673 id: 1366
processing event: VehicleEnterNewRoadEvent, vehicle_id: 5, road_id: 1000000000000001054 id: 1411 at time: 3169.8
Processed event: VehicleEnterNewRoadEvent, vehicle_id: 5, road_id: 1000000000000001054 id: 1411
processing event: VehicleEnterNewRoadEvent, vehicle_id: 6, road_id: 1000000000000001054 id: 1412 at time: 3169.8
Processed event: VehicleEnterNewRoadEvent, vehicle_id: 6, road_id: 1000000000000001054 id: 1412
processing event: VehicleDepartureEvent, vehicle_id: 5, road_id: 1000000000000001054, offset: 0.000000 id: 1414 at time: 3169.8
Processed event: VehicleDepartureEvent, vehicle_id: 5, road_id: 1000000000000001054, offset: 0.000000 id: 1414
processing event: VehicleDepartureEvent, vehicle_id: 6, road_id: 1000000000000001054, offset: 0.000000 id: 1415 at time: 3169.8
Processed event: VehicleDepartureEvent, vehicle_id: 6, road_id: 1000000000000001054, offset: 0.000000 id: 1415
Simulator::runFor: now_ = 3169.8 target = 3170
[progress] simulator time = 3170 / 3600
processing event: VehicleDepartureEvent, vehicle_id: 6, road_id: 1000000000000001054, offset: 0.000000 id: 1417 at time: 3170.8
Processed event: VehicleDepartureEvent, vehicle_id: 6, road_id: 1000000000000001054, offset: 0.000000 id: 1417
processing event: VehicleArriveIntersectionEvent, vehicle_id: 2, road_id: 1000000000000001009 id: 1390 at time: 3171.77
Processed event: VehicleArriveIntersectionEvent, vehicle_id: 2, road_id: 1000000000000001009 id: 1390
processing event: VehicleArriveIntersectionEvent, vehicle_id: 9, road_id: 1000000000000000255 id: 1396 at time: 3171.98
Processed event: VehicleArriveIntersectionEvent, vehicle_id: 9, road_id: 1000000000000000255 id: 1396
Event is not valid: VehicleArriveIntersectionEvent, vehicle_id: 5, road_id: 1000000000000001054 id: 1416 at time: 3173.04
processing event: VehicleArriveIntersectionEvent, vehicle_id: 5, road_id: 1000000000000001054 id: 1418 at time: 3173.04
Processed event: VehicleArriveIntersectionEvent, vehicle_id: 5, road_id: 1000000000000001054 id: 1418
processing event: VehicleCheckPointEvent, vehicle_id: 6 id: 1422 at time: 3173.5
Processed event: VehicleCheckPointEvent, vehicle_id: 6 id: 1422
processing event: VehicleQueuedEvent, vehicle_id: 6, front_queued_vehicle_id: 5 id: 1423 at time: 3173.5
Processed event: VehicleQueuedEvent, vehicle_id: 6, front_queued_vehicle_id: 5 id: 1423
processing event: VehicleEnterNewRoadEvent, vehicle_id: 3, road_id: 1000000000000000662 id: 1405 at time: 3174.9
Processed event: VehicleEnterNewRoadEvent, vehicle_id: 3, road_id: 1000000000000000662 id: 1405
processing event: VehicleDepartureEvent, vehicle_id: 3, road_id: 1000000000000000662, offset: 0.000000 id: 1424 at time: 3174.9
Processed event: VehicleDepartureEvent, vehicle_id: 3, road_id: 1000000000000000662, offset: 0.000000 id: 1424
processing event: VehicleEnterNewRoadEvent, vehicle_id: 2, road_id: 1000000000000000788 id: 1419 at time: 3177.61
Processed event: VehicleEnterNewRoadEvent, vehicle_id: 2, road_id: 1000000000000000788 id: 1419
processing event: VehicleDepartureEvent, vehicle_id: 2, road_id: 1000000000000000788, offset: 0.000000 id: 1426 at time: 3177.61
Processed event: VehicleDepartureEvent, vehicle_id: 2, road_id: 1000000000000000788, offset: 0.000000 id: 1426
processing event: PassengerRouteStartEvent, passenger_id: 34, route_id: 1 id: 33 at time: 3180
Processed event: PassengerRouteStartEvent, passenger_id: 34, route_id: 1 id: 33
processing event: OrderCreatedEvent, order_id: 34, available_pickups: 47 , available_dropoffs: 68 , passenger_id: 34, route_id: 1, passenger_num: 0 id: 1428 at time: 3180
Processed event: OrderCreatedEvent, order_id: 34, available_pickups: 47 , available_dropoffs: 68 , passenger_id: 34, route_id: 1, passenger_num: 1 id: 1428
Simulator::runFor: now_ = 3180 target = 3180
[progress] simulator time = 3180 / 3600
processing event: OrderMatchedEvent, order_id: 34, vehicle_id: 4 id: 1429 at time: 3180
Processed event: OrderMatchedEvent, order_id: 34, vehicle_id: 4 id: 1429
processing event: PassengerArrivalEvent, passenger_id: 34 id: 1431 at time: 3180
Processed event: PassengerArrivalEvent, passenger_id: 34 id: 1431
Simulator::runFor: now_ = 3180 target = 3190
[progress] simulator time = 3190 / 3600
processing event: VehicleArriveIntersectionEvent, vehicle_id: 7, road_id: 1000000000000000094 id: 1410 at time: 3190.46
Processed event: VehicleArriveIntersectionEvent, vehicle_id: 7, road_id: 1000000000000000094 id: 1410
processing event: VehicleEnterNewRoadEvent, vehicle_id: 7, road_id: 1000000000000000095 id: 1432 at time: 3198.38
Processed event: VehicleEnterNewRoadEvent, vehicle_id: 7, road_id: 1000000000000000095 id: 1432
processing event: VehicleDepartureEvent, vehicle_id: 7, road_id: 1000000000000000095, offset: 0.000000 id: 1433 at time: 3198.38
Processed event: VehicleDepartureEvent, vehicle_id: 7, road_id: 1000000000000000095, offset: 0.000000 id: 1433
Simulator::runFor: now_ = 3198.38 target = 3200
[progress] simulator time = 3200 / 3600
processing event: VehicleEnterNewRoadEvent, vehicle_id: 9, road_id: 1000000000000000256 id: 1420 at time: 3203.8
Processed event: VehicleEnterNewRoadEvent, vehicle_id: 9, road_id: 1000000000000000256 id: 1420
processing event: VehicleDepartureEvent, vehicle_id: 9, road_id: 1000000000000000256, offset: 0.000000 id: 1435 at time: 3203.8
Processed event: VehicleDepartureEvent, vehicle_id: 9, road_id: 1000000000000000256, offset: 0.000000 id: 1435
Simulator::runFor: now_ = 3203.8 target = 3210
[progress] simulator time = 3210 / 3600
processing event: VehicleEnterNewRoadEvent, vehicle_id: 1, road_id: 1000000000000001807 id: 1413 at time: 3212.57
Processed event: VehicleEnterNewRoadEvent, vehicle_id: 1, road_id: 1000000000000001807 id: 1413
processing event: VehicleDepartureEvent, vehicle_id: 1, road_id: 1000000000000001807, offset: 0.000000 id: 1437 at time: 3212.57
Processed event: VehicleDepartureEvent, vehicle_id: 1, road_id: 1000000000000001807, offset: 0.000000 id: 1437
Simulator::runFor: now_ = 3212.57 target = 3220
[progress] simulator time = 3220 / 3600
processing event: VehicleArriveIntersectionEvent, vehicle_id: 2, road_id: 1000000000000000788 id: 1427 at time: 3221.35
Processed event: VehicleArriveIntersectionEvent, vehicle_id: 2, road_id: 1000000000000000788 id: 1427
processing event: VehicleEnterNewRoadEvent, vehicle_id: 5, road_id: 1000000000000001073 id: 1421 at time: 3224
Processed event: VehicleEnterNewRoadEvent, vehicle_id: 5, road_id: 1000000000000001073 id: 1421
processing event: VehicleDepartureEvent, vehicle_id: 5, road_id: 1000000000000001073, offset: 0.000000 id: 1441 at time: 3224
Processed event: VehicleDepartureEvent, vehicle_id: 5, road_id: 1000000000000001073, offset: 0.000000 id: 1441
processing event: VehicleArriveIntersectionEvent, vehicle_id: 6, road_id: 1000000000000001054 id: 1440 at time: 3224.54
Processed event: VehicleArriveIntersectionEvent, vehicle_id: 6, road_id: 1000000000000001054 id: 1440
processing event: VehicleArriveIntersectionEvent, vehicle_id: 10, road_id: 1000000000000001044 id: 1408 at time: 3227.07
Processed event: VehicleArriveIntersectionEvent, vehicle_id: 10, road_id: 1000000000000001044 id: 1408
processing event: VehicleEnterNewRoadEvent, vehicle_id: 10, road_id: 1000000000000000682 id: 1444 at time: 3228.87
Processed event: VehicleEnterNewRoadEvent, vehicle_id: 10, road_id: 1000000000000000682 id: 1444
processing event: VehicleDepartureEvent, vehicle_id: 10, road_id: 1000000000000000682, offset: 0.000000 id: 1445 at time: 3228.87
Processed event: VehicleDepartureEvent, vehicle_id: 10, road_id: 1000000000000000682, offset: 0.000000 id: 1445
Simulator::runFor: now_ = 3228.87 target = 3230
[progress] simulator time = 3230 / 3600
processing event: VehicleEnterNewRoadEvent, vehicle_id: 6, road_id: 1000000000000001073 id: 1443 at time: 3238.15
Processed event: VehicleEnterNewRoadEvent, vehicle_id: 6, road_id: 1000000000000001073 id: 1443
processing event: VehicleDepartureEvent, vehicle_id: 6, road_id: 1000000000000001073, offset: 0.000000 id: 1447 at time: 3238.15
Processed event: VehicleDepartureEvent, vehicle_id: 6, road_id: 1000000000000001073, offset: 0.000000 id: 1447
Simulator::runFor: now_ = 3238.15 target = 3240
[progress] simulator time = 3240 / 3600
Event is not valid: BusArrivalEvent, vehicle_id: 4, stop_id: 41 id: 1399 at time: 3240.49
processing event: BusArrivalEvent, vehicle_id: 4, stop_id: 41 id: 1430 at time: 3240.49
Processed event: BusArrivalEvent, vehicle_id: 4, stop_id: 41 id: 1430
processing event: PassengerOnboardEvent, passenger_id: 13 id: 1449 at time: 3240.49
Processed event: PassengerOnboardEvent, passenger_id: 13 id: 1449
processing event: VehicleDepartureEvent, vehicle_id: 4, road_id: 1000000000000000294, offset: 656.100000 id: 1450 at time: 3245.49
Processed event: VehicleDepartureEvent, vehicle_id: 4, road_id: 1000000000000000294, offset: 656.100000 id: 1450
Simulator::runFor: now_ = 3245.49 target = 3250
[progress] simulator time = 3250 / 3600
processing event: VehicleArriveIntersectionEvent, vehicle_id: 9, road_id: 1000000000000000256 id: 1436 at time: 3254.75
Processed event: VehicleArriveIntersectionEvent, vehicle_id: 9, road_id: 1000000000000000256 id: 1436
Simulator::runFor: now_ = 3254.75 target = 3260
[progress] simulator time = 3260 / 3600
processing event: VehicleEnterNewRoadEvent, vehicle_id: 2, road_id: 1000000000000001087 id: 1439 at time: 3260.67
Processed event: VehicleEnterNewRoadEvent, vehicle_id: 2, road_id: 1000000000000001087 id: 1439
processing event: VehicleDepartureEvent, vehicle_id: 2, road_id: 1000000000000001087, offset: 0.000000 id: 1453 at time: 3260.67
Processed event: VehicleDepartureEvent, vehicle_id: 2, road_id: 1000000000000001087, offset: 0.000000 id: 1453
processing event: PassengerRouteStartEvent, passenger_id: 35, route_id: 1 id: 34 at time: 3267
Processed event: PassengerRouteStartEvent, passenger_id: 35, route_id: 1 id: 34
processing event: OrderCreatedEvent, order_id: 35, available_pickups: 15 , available_dropoffs: 68 , passenger_id: 35, route_id: 1, passenger_num: 0 id: 1455 at time: 3267
Processed event: OrderCreatedEvent, order_id: 35, available_pickups: 15 , available_dropoffs: 68 , passenger_id: 35, route_id: 1, passenger_num: 1 id: 1455
Simulator::runFor: now_ = 3267 target = 3270
[progress] simulator time = 3270 / 3600
processing event: OrderMatchedEvent, order_id: 35, vehicle_id: 4 id: 1456 at time: 3270
Processed event: OrderMatchedEvent, order_id: 35, vehicle_id: 4 id: 1456
processing event: PassengerArrivalEvent, passenger_id: 35 id: 1458 at time: 3270
Processed event: PassengerArrivalEvent, passenger_id: 35 id: 1458
processing event: VehicleArriveIntersectionEvent, vehicle_id: 8, road_id: 1000000000000001872 id: 1394 at time: 3272.24
Processed event: VehicleArriveIntersectionEvent, vehicle_id: 8, road_id: 1000000000000001872 id: 1394
processing event: VehicleEnterNewRoadEvent, vehicle_id: 9, road_id: 1000000000000000277 id: 1452 at time: 3272.74
Processed event: VehicleEnterNewRoadEvent, vehicle_id: 9, road_id: 1000000000000000277 id: 1452
processing event: VehicleDepartureEvent, vehicle_id: 9, road_id: 1000000000000000277, offset: 0.000000 id: 1460 at time: 3272.74
Processed event: VehicleDepartureEvent, vehicle_id: 9, road_id: 1000000000000000277, offset: 0.000000 id: 1460
processing event: VehicleEnterNewRoadEvent, vehicle_id: 8, road_id: 1000000000000001076 id: 1459 at time: 3277.79
Processed event: VehicleEnterNewRoadEvent, vehicle_id: 8, road_id: 1000000000000001076 id: 1459
processing event: VehicleDepartureEvent, vehicle_id: 8, road_id: 1000000000000001076, offset: 0.000000 id: 1462 at time: 3277.79
Processed event: VehicleDepartureEvent, vehicle_id: 8, road_id: 1000000000000001076, offset: 0.000000 id: 1462
Simulator::runFor: now_ = 3277.79 target = 3280
[progress] simulator time = 3280 / 3600
processing event: VehicleArriveIntersectionEvent, vehicle_id: 3, road_id: 1000000000000000662 id: 1425 at time: 3284.71
Processed event: VehicleArriveIntersectionEvent, vehicle_id: 3, road_id: 1000000000000000662 id: 1425
processing event: VehicleEnterNewRoadEvent, vehicle_id: 3, road_id: 1000000000000000660 id: 1464 at time: 3286.37
Processed event: VehicleEnterNewRoadEvent, vehicle_id: 3, road_id: 1000000000000000660 id: 1464
processing event: VehicleDepartureEvent, vehicle_id: 3, road_id: 1000000000000000660, offset: 0.000000 id: 1465 at time: 3286.37
Processed event: VehicleDepartureEvent, vehicle_id: 3, road_id: 1000000000000000660, offset: 0.000000 id: 1465
processing event: VehicleArriveIntersectionEvent, vehicle_id: 1, road_id: 1000000000000001807 id: 1438 at time: 3287.64
Processed event: VehicleArriveIntersectionEvent, vehicle_id: 1, road_id: 1000000000000001807 id: 1438
processing event: VehicleArriveIntersectionEvent, vehicle_id: 2, road_id: 1000000000000001087 id: 1454 at time: 3287.85
Processed event: VehicleArriveIntersectionEvent, vehicle_id: 2, road_id: 1000000000000001087 id: 1454
Simulator::runFor: now_ = 3287.85 target = 3290
[progress] simulator time = 3290 / 3600
Event is not valid: VehicleArriveIntersectionEvent, vehicle_id: 4, road_id: 1000000000000000294 id: 1451 at time: 3292.99
processing event: VehicleArriveIntersectionEvent, vehicle_id: 4, road_id: 1000000000000000294 id: 1457 at time: 3292.99
Processed event: VehicleArriveIntersectionEvent, vehicle_id: 4, road_id: 1000000000000000294 id: 1457
processing event: VehicleEnterNewRoadEvent, vehicle_id: 2, road_id: 1000000000000000824 id: 1468 at time: 3295.15
Processed event: VehicleEnterNewRoadEvent, vehicle_id: 2, road_id: 1000000000000000824 id: 1468
processing event: VehicleDepartureEvent, vehicle_id: 2, road_id: 1000000000000000824, offset: 0.000000 id: 1470 at time: 3295.15
Processed event: VehicleDepartureEvent, vehicle_id: 2, road_id: 1000000000000000824, offset: 0.000000 id: 1470
Event is not valid: VehicleArriveIntersectionEvent, vehicle_id: 5, road_id: 1000000000000001073 id: 1442 at time: 3296.18
processing event: VehicleArriveIntersectionEvent, vehicle_id: 5, road_id: 1000000000000001073 id: 1448 at time: 3296.18
Processed event: VehicleArriveIntersectionEvent, vehicle_id: 5, road_id: 1000000000000001073 id: 1448
processing event: VehicleArriveIntersectionEvent, vehicle_id: 7, road_id: 1000000000000000095 id: 1434 at time: 3296.49
Processed event: VehicleArriveIntersectionEvent, vehicle_id: 7, road_id: 1000000000000000095 id: 1434
processing event: VehicleEnterNewRoadEvent, vehicle_id: 5, road_id: 1000000000000001074 id: 1472 at time: 3297.98
Processed event: VehicleEnterNewRoadEvent, vehicle_id: 5, road_id: 1000000000000001074 id: 1472
processing event: VehicleDepartureEvent, vehicle_id: 5, road_id: 1000000000000001074, offset: 0.000000 id: 1476 at time: 3297.98
Processed event: VehicleDepartureEvent, vehicle_id: 5, road_id: 1000000000000001074, offset: 0.000000 id: 1476
Simulator::runFor: now_ = 3297.98 target = 3300
[progress] simulator time = 3300 / 3600
processing event: VehicleEnterNewRoadEvent, vehicle_id: 7, road_id: 1000000000000000096 id: 1474 at time: 3306.88
Processed event: VehicleEnterNewRoadEvent, vehicle_id: 7, road_id: 1000000000000000096 id: 1474
processing event: VehicleDepartureEvent, vehicle_id: 7, road_id: 1000000000000000096, offset: 0.000000 id: 1478 at time: 3306.88
Processed event: VehicleDepartureEvent, vehicle_id: 7, road_id: 1000000000000000096, offset: 0.000000 id: 1478
processing event: VehicleEnterNewRoadEvent, vehicle_id: 1, road_id: 1000000000000001806 id: 1467 at time: 3308.48
Processed event: VehicleEnterNewRoadEvent, vehicle_id: 1, road_id: 1000000000000001806 id: 1467
processing event: VehicleDepartureEvent, vehicle_id: 1, road_id: 1000000000000001806, offset: 0.000000 id: 1480 at time: 3308.48
Processed event: VehicleDepartureEvent, vehicle_id: 1, road_id: 1000000000000001806, offset: 0.000000 id: 1480
Event is not valid: VehicleCheckPointEvent, vehicle_id: 6 id: 1473 at time: 3309.8
Simulator::runFor: now_ = 3309.8 target = 3310
[progress] simulator time = 3310 / 3600
processing event: VehicleArriveIntersectionEvent, vehicle_id: 6, road_id: 1000000000000001073 id: 1475 at time: 3310.34
Processed event: VehicleArriveIntersectionEvent, vehicle_id: 6, road_id: 1000000000000001073 id: 1475
processing event: BusArrivalEvent, vehicle_id: 2, stop_id: 68 id: 1471 at time: 3310.5
Processed event: BusArrivalEvent, vehicle_id: 2, stop_id: 68 id: 1471
processing event: PassengerRouteEndEvent, passenger_id: 10, route_id: 1 id: 1483 at time: 3310.5
Passenger 10 finished all routes
Processed event: PassengerRouteEndEvent, passenger_id: 10, route_id: 1 id: 1483
processing event: PassengerDropoffEvent, passenger_id: 10 id: 1485 at time: 3310.5
Processed event: PassengerDropoffEvent, passenger_id: 10 id: 1485
processing event: OrderFinishedEvent, order_id: 10 id: 1486 at time: 3310.5
Processed event: OrderFinishedEvent, order_id: 10 id: 1486
processing event: VehicleArriveIntersectionEvent, vehicle_id: 9, road_id: 1000000000000000277 id: 1461 at time: 3311.81
Processed event: VehicleArriveIntersectionEvent, vehicle_id: 9, road_id: 1000000000000000277 id: 1461
processing event: VehicleEnterNewRoadEvent, vehicle_id: 6, road_id: 1000000000000001074 id: 1482 at time: 3312.14
Processed event: VehicleEnterNewRoadEvent, vehicle_id: 6, road_id: 1000000000000001074 id: 1482
processing event: VehicleDepartureEvent, vehicle_id: 6, road_id: 1000000000000001074, offset: 0.000000 id: 1488 at time: 3312.14
Processed event: VehicleDepartureEvent, vehicle_id: 6, road_id: 1000000000000001074, offset: 0.000000 id: 1488
processing event: VehicleDepartureEvent, vehicle_id: 2, road_id: 1000000000000000824, offset: 85.240000 id: 1484 at time: 3315.5
Processed event: VehicleDepartureEvent, vehicle_id: 2, road_id: 1000000000000000824, offset: 85.240000 id: 1484
processing event: PassengerRouteStartEvent, passenger_id: 36, route_id: 1 id: 35 at time: 3318
Processed event: PassengerRouteStartEvent, passenger_id: 36, route_id: 1 id: 35
processing event: OrderCreatedEvent, order_id: 36, available_pickups: 41 , available_dropoffs: 68 , passenger_id: 36, route_id: 1, passenger_num: 0 id: 1491 at time: 3318
Processed event: OrderCreatedEvent, order_id: 36, available_pickups: 41 , available_dropoffs: 68 , passenger_id: 36, route_id: 1, passenger_num: 2 id: 1491
processing event: BusArrivalEvent, vehicle_id: 3, stop_id: 15 id: 1466 at time: 3319.05
Processed event: BusArrivalEvent, vehicle_id: 3, stop_id: 15 id: 1466
processing event: PassengerRouteEndEvent, passenger_id: 16, route_id: 1 id: 1492 at time: 3319.05
Passenger 16 finished all routes
Processed event: PassengerRouteEndEvent, passenger_id: 16, route_id: 1 id: 1492
processing event: PassengerOnboardEvent, passenger_id: 25 id: 1493 at time: 3319.05
Processed event: PassengerOnboardEvent, passenger_id: 25 id: 1493
processing event: PassengerDropoffEvent, passenger_id: 16 id: 1494 at time: 3319.05
Processed event: PassengerDropoffEvent, passenger_id: 16 id: 1494
processing event: OrderFinishedEvent, order_id: 16 id: 1496 at time: 3319.05
Processed event: OrderFinishedEvent, order_id: 16 id: 1496
Simulator::runFor: now_ = 3319.05 target = 3320
[progress] simulator time = 3320 / 3600
processing event: OrderMatchedEvent, order_id: 36, vehicle_id: 3 id: 1497 at time: 3320
Processed event: OrderMatchedEvent, order_id: 36, vehicle_id: 3 id: 1497
processing event: PassengerArrivalEvent, passenger_id: 36 id: 1498 at time: 3320
Processed event: PassengerArrivalEvent, passenger_id: 36 id: 1498
processing event: VehicleArriveIntersectionEvent, vehicle_id: 10, road_id: 1000000000000000682 id: 1446 at time: 3321.58
Processed event: VehicleArriveIntersectionEvent, vehicle_id: 10, road_id: 1000000000000000682 id: 1446
processing event: VehicleArriveIntersectionEvent, vehicle_id: 2, road_id: 1000000000000000824 id: 1490 at time: 3322.65
Processed event: VehicleArriveIntersectionEvent, vehicle_id: 2, road_id: 1000000000000000824 id: 1490
processing event: VehicleDepartureEvent, vehicle_id: 3, road_id: 1000000000000000660, offset: 181.580000 id: 1495 at time: 3324.05
Processed event: VehicleDepartureEvent, vehicle_id: 3, road_id: 1000000000000000660, offset: 181.580000 id: 1495
processing event: VehicleEnterNewRoadEvent, vehicle_id: 4, road_id: 1000000000000000310 id: 1469 at time: 3325.74
Processed event: VehicleEnterNewRoadEvent, vehicle_id: 4, road_id: 1000000000000000310 id: 1469
processing event: VehicleDepartureEvent, vehicle_id: 4, road_id: 1000000000000000310, offset: 0.000000 id: 1502 at time: 3325.74
Processed event: VehicleDepartureEvent, vehicle_id: 4, road_id: 1000000000000000310, offset: 0.000000 id: 1502
processing event: VehicleArriveIntersectionEvent, vehicle_id: 5, road_id: 1000000000000001074 id: 1477 at time: 3328.41
Processed event: VehicleArriveIntersectionEvent, vehicle_id: 5, road_id: 1000000000000001074 id: 1477
Simulator::runFor: now_ = 3328.41 target = 3330
[progress] simulator time = 3330 / 3600
processing event: VehicleEnterNewRoadEvent, vehicle_id: 2, road_id: 1000000000000001085 id: 1500 at time: 3334.8
Processed event: VehicleEnterNewRoadEvent, vehicle_id: 2, road_id: 1000000000000001085 id: 1500
processing event: VehicleDepartureEvent, vehicle_id: 2, road_id: 1000000000000001085, offset: 0.000000 id: 1505 at time: 3334.8
Processed event: VehicleDepartureEvent, vehicle_id: 2, road_id: 1000000000000001085, offset: 0.000000 id: 1505
Simulator::runFor: now_ = 3334.8 target = 3340
[progress] simulator time = 3340 / 3600
processing event: VehicleEnterNewRoadEvent, vehicle_id: 10, road_id: 1000000000000001045 id: 1499 at time: 3340.8
Processed event: VehicleEnterNewRoadEvent, vehicle_id: 10, road_id: 1000000000000001045 id: 1499
processing event: VehicleDepartureEvent, vehicle_id: 10, road_id: 1000000000000001045, offset: 0.000000 id: 1507 at time: 3340.8
Processed event: VehicleDepartureEvent, vehicle_id: 10, road_id: 1000000000000001045, offset: 0.000000 id: 1507
processing event: VehicleArriveIntersectionEvent, vehicle_id: 6, road_id: 1000000000000001074 id: 1489 at time: 3342.56
Processed event: VehicleArriveIntersectionEvent, vehicle_id: 6, road_id: 1000000000000001074 id: 1489
processing event: VehicleArriveIntersectionEvent, vehicle_id: 3, road_id: 1000000000000000660 id: 1501 at time: 3347.71
Processed event: VehicleArriveIntersectionEvent, vehicle_id: 3, road_id: 1000000000000000660 id: 1501
processing event: VehicleArriveIntersectionEvent, vehicle_id: 2, road_id: 1000000000000001085 id: 1506 at time: 3349.2
Processed event: VehicleArriveIntersectionEvent, vehicle_id: 2, road_id: 1000000000000001085 id: 1506
Simulator::runFor: now_ = 3349.2 target = 3350
[progress] simulator time = 3350 / 3600
processing event: VehicleEnterNewRoadEvent, vehicle_id: 2, road_id: 1000000000000001088 id: 1511 at time: 3350.2
Processed event: VehicleEnterNewRoadEvent, vehicle_id: 2, road_id: 1000000000000001088 id: 1511
processing event: VehicleDepartureEvent, vehicle_id: 2, road_id: 1000000000000001088, offset: 0.000000 id: 1512 at time: 3350.2
Processed event: VehicleDepartureEvent, vehicle_id: 2, road_id: 1000000000000001088, offset: 0.000000 id: 1512
Simulator::runFor: now_ = 3350.2 target = 3360
[progress] simulator time = 3360 / 3600
processing event: VehicleEnterNewRoadEvent, vehicle_id: 9, road_id: 1000000000000000293 id: 1487 at time: 3362.8
Processed event: VehicleEnterNewRoadEvent, vehicle_id: 9, road_id: 1000000000000000293 id: 1487
processing event: VehicleDepartureEvent, vehicle_id: 9, road_id: 1000000000000000293, offset: 0.000000 id: 1514 at time: 3362.8
Processed event: VehicleDepartureEvent, vehicle_id: 9, road_id: 1000000000000000293, offset: 0.000000 id: 1514
processing event: VehicleArriveIntersectionEvent, vehicle_id: 4, road_id: 1000000000000000310 id: 1503 at time: 3364.08
Processed event: VehicleArriveIntersectionEvent, vehicle_id: 4, road_id: 1000000000000000310 id: 1503
processing event: VehicleEnterNewRoadEvent, vehicle_id: 4, road_id: 1000000000000000627 id: 1516 at time: 3365.88
Processed event: VehicleEnterNewRoadEvent, vehicle_id: 4, road_id: 1000000000000000627 id: 1516
processing event: VehicleDepartureEvent, vehicle_id: 4, road_id: 1000000000000000627, offset: 0.000000 id: 1517 at time: 3365.88
Processed event: VehicleDepartureEvent, vehicle_id: 4, road_id: 1000000000000000627, offset: 0.000000 id: 1517
Simulator::runFor: now_ = 3365.88 target = 3370
[progress] simulator time = 3370 / 3600
processing event: VehicleArriveIntersectionEvent, vehicle_id: 8, road_id: 1000000000000001076 id: 1463 at time: 3376.08
Processed event: VehicleArriveIntersectionEvent, vehicle_id: 8, road_id: 1000000000000001076 id: 1463
processing event: VehicleEnterNewRoadEvent, vehicle_id: 8, road_id: 1000000000000001009 id: 1519 at time: 3377.88
Processed event: VehicleEnterNewRoadEvent, vehicle_id: 8, road_id: 1000000000000001009 id: 1519
processing event: VehicleDepartureEvent, vehicle_id: 8, road_id: 1000000000000001009, offset: 0.000000 id: 1520 at time: 3377.88
Processed event: VehicleDepartureEvent, vehicle_id: 8, road_id: 1000000000000001009, offset: 0.000000 id: 1520
Simulator::runFor: now_ = 3377.88 target = 3380
[progress] simulator time = 3380 / 3600
processing event: VehicleArriveIntersectionEvent, vehicle_id: 1, road_id: 1000000000000001806 id: 1481 at time: 3383.19
Processed event: VehicleArriveIntersectionEvent, vehicle_id: 1, road_id: 1000000000000001806 id: 1481
Simulator::runFor: now_ = 3383.19 target = 3390
[progress] simulator time = 3390 / 3600
processing event: VehicleEnterNewRoadEvent, vehicle_id: 3, road_id: 1000000000000000661 id: 1510 at time: 3390.87
Processed event: VehicleEnterNewRoadEvent, vehicle_id: 3, road_id: 1000000000000000661 id: 1510
processing event: VehicleDepartureEvent, vehicle_id: 3, road_id: 1000000000000000661, offset: 0.000000 id: 1523 at time: 3390.87
Processed event: VehicleDepartureEvent, vehicle_id: 3, road_id: 1000000000000000661, offset: 0.000000 id: 1523
Simulator::runFor: now_ = 3390.87 target = 3400
[progress] simulator time = 3400 / 3600
processing event: VehicleArriveIntersectionEvent, vehicle_id: 4, road_id: 1000000000000000627 id: 1518 at time: 3405.31
Processed event: VehicleArriveIntersectionEvent, vehicle_id: 4, road_id: 1000000000000000627 id: 1518
processing event: VehicleArriveIntersectionEvent, vehicle_id: 2, road_id: 1000000000000001088 id: 1513 at time: 3408.89
Processed event: VehicleArriveIntersectionEvent, vehicle_id: 2, road_id: 1000000000000001088 id: 1513
processing event: VehicleEnterNewRoadEvent, vehicle_id: 5, road_id: 1000000000000001075 id: 1504 at time: 3409.77
Processed event: VehicleEnterNewRoadEvent, vehicle_id: 5, road_id: 1000000000000001075 id: 1504
processing event: VehicleEnterNewRoadEvent, vehicle_id: 6, road_id: 1000000000000001075 id: 1509 at time: 3409.77
Processed event: VehicleEnterNewRoadEvent, vehicle_id: 6, road_id: 1000000000000001075 id: 1509
processing event: VehicleDepartureEvent, vehicle_id: 5, road_id: 1000000000000001075, offset: 0.000000 id: 1527 at time: 3409.77
Processed event: VehicleDepartureEvent, vehicle_id: 5, road_id: 1000000000000001075, offset: 0.000000 id: 1527
processing event: VehicleDepartureEvent, vehicle_id: 6, road_id: 1000000000000001075, offset: 0.000000 id: 1528 at time: 3409.77
Processed event: VehicleDepartureEvent, vehicle_id: 6, road_id: 1000000000000001075, offset: 0.000000 id: 1528
Simulator::runFor: now_ = 3409.77 target = 3410
[progress] simulator time = 3410 / 3600
Simulator::runFor: now_ = 3410 target = 3420
[progress] simulator time = 3420 / 3600
Simulator::runFor: now_ = 3420 target = 3430
[progress] simulator time = 3430 / 3600
processing event: VehicleArriveIntersectionEvent, vehicle_id: 10, road_id: 1000000000000001045 id: 1508 at time: 3430.45
Processed event: VehicleArriveIntersectionEvent, vehicle_id: 10, road_id: 1000000000000001045 id: 1508
processing event: VehicleEnterNewRoadEvent, vehicle_id: 10, road_id: 1000000000000001054 id: 1531 at time: 3432.25
Processed event: VehicleEnterNewRoadEvent, vehicle_id: 10, road_id: 1000000000000001054 id: 1531
processing event: VehicleDepartureEvent, vehicle_id: 10, road_id: 1000000000000001054, offset: 0.000000 id: 1532 at time: 3432.25
Processed event: VehicleDepartureEvent, vehicle_id: 10, road_id: 1000000000000001054, offset: 0.000000 id: 1532
processing event: VehicleArriveIntersectionEvent, vehicle_id: 10, road_id: 1000000000000001054 id: 1533 at time: 3435.49
Processed event: VehicleArriveIntersectionEvent, vehicle_id: 10, road_id: 1000000000000001054 id: 1533
processing event: VehicleArriveIntersectionEvent, vehicle_id: 8, road_id: 1000000000000001009 id: 1521 at time: 3435.85
Processed event: VehicleArriveIntersectionEvent, vehicle_id: 8, road_id: 1000000000000001009 id: 1521
Simulator::runFor: now_ = 3435.85 target = 3440
[progress] simulator time = 3440 / 3600
processing event: VehicleEnterNewRoadEvent, vehicle_id: 4, road_id: 1000000000000000628 id: 1525 at time: 3442.31
Processed event: VehicleEnterNewRoadEvent, vehicle_id: 4, road_id: 1000000000000000628 id: 1525
processing event: VehicleDepartureEvent, vehicle_id: 4, road_id: 1000000000000000628, offset: 0.000000 id: 1536 at time: 3442.31
Processed event: VehicleDepartureEvent, vehicle_id: 4, road_id: 1000000000000000628, offset: 0.000000 id: 1536
Simulator::runFor: now_ = 3442.31 target = 3450
[progress] simulator time = 3450 / 3600
processing event: VehicleArriveIntersectionEvent, vehicle_id: 9, road_id: 1000000000000000293 id: 1515 at time: 3456.23
Processed event: VehicleArriveIntersectionEvent, vehicle_id: 9, road_id: 1000000000000000293 id: 1515
processing event: VehicleEnterNewRoadEvent, vehicle_id: 1, road_id: 1000000000000001872 id: 1522 at time: 3458.01
Processed event: VehicleEnterNewRoadEvent, vehicle_id: 1, road_id: 1000000000000001872 id: 1522
processing event: VehicleDepartureEvent, vehicle_id: 1, road_id: 1000000000000001872, offset: 0.000000 id: 1539 at time: 3458.01
Processed event: VehicleDepartureEvent, vehicle_id: 1, road_id: 1000000000000001872, offset: 0.000000 id: 1539
Simulator::runFor: now_ = 3458.01 target = 3460
[progress] simulator time = 3460 / 3600
processing event: VehicleArriveIntersectionEvent, vehicle_id: 4, road_id: 1000000000000000628 id: 1537 at time: 3460.31
Processed event: VehicleArriveIntersectionEvent, vehicle_id: 4, road_id: 1000000000000000628 id: 1537
processing event: VehicleEnterNewRoadEvent, vehicle_id: 4, road_id: 1000000000000001044 id: 1541 at time: 3462.11
Processed event: VehicleEnterNewRoadEvent, vehicle_id: 4, road_id: 1000000000000001044 id: 1541
processing event: VehicleDepartureEvent, vehicle_id: 4, road_id: 1000000000000001044, offset: 0.000000 id: 1542 at time: 3462.11
Processed event: VehicleDepartureEvent, vehicle_id: 4, road_id: 1000000000000001044, offset: 0.000000 id: 1542
processing event: VehicleArriveIntersectionEvent, vehicle_id: 7, road_id: 1000000000000000096 id: 1479 at time: 3465.11
Processed event: VehicleArriveIntersectionEvent, vehicle_id: 7, road_id: 1000000000000000096 id: 1479
processing event: VehicleArriveIntersectionEvent, vehicle_id: 5, road_id: 1000000000000001075 id: 1529 at time: 3465.21
Processed event: VehicleArriveIntersectionEvent, vehicle_id: 5, road_id: 1000000000000001075 id: 1529
processing event: VehicleArriveIntersectionEvent, vehicle_id: 6, road_id: 1000000000000001075 id: 1530 at time: 3465.21
Processed event: VehicleArriveIntersectionEvent, vehicle_id: 6, road_id: 1000000000000001075 id: 1530
Simulator::runFor: now_ = 3465.21 target = 3470
[progress] simulator time = 3470 / 3600
processing event: VehicleEnterNewRoadEvent, vehicle_id: 2, road_id: 1000000000000000786 id: 1526 at time: 3472.29
Processed event: VehicleEnterNewRoadEvent, vehicle_id: 2, road_id: 1000000000000000786 id: 1526
processing event: VehicleDepartureEvent, vehicle_id: 2, road_id: 1000000000000000786, offset: 0.000000 id: 1547 at time: 3472.29
Processed event: VehicleDepartureEvent, vehicle_id: 2, road_id: 1000000000000000786, offset: 0.000000 id: 1547
processing event: VehicleEnterNewRoadEvent, vehicle_id: 7, road_id: 1000000000000001034 id: 1544 at time: 3473.42
Processed event: VehicleEnterNewRoadEvent, vehicle_id: 7, road_id: 1000000000000001034 id: 1544
processing event: VehicleDepartureEvent, vehicle_id: 7, road_id: 1000000000000001034, offset: 0.000000 id: 1549 at time: 3473.42
Processed event: VehicleDepartureEvent, vehicle_id: 7, road_id: 1000000000000001034, offset: 0.000000 id: 1549
processing event: VehicleEnterNewRoadEvent, vehicle_id: 5, road_id: 1000000000000001076 id: 1545 at time: 3476.68
Processed event: VehicleEnterNewRoadEvent, vehicle_id: 5, road_id: 1000000000000001076 id: 1545
processing event: VehicleEnterNewRoadEvent, vehicle_id: 6, road_id: 1000000000000001076 id: 1546 at time: 3476.68
Processed event: VehicleEnterNewRoadEvent, vehicle_id: 6, road_id: 1000000000000001076 id: 1546
processing event: VehicleDepartureEvent, vehicle_id: 5, road_id: 1000000000000001076, offset: 0.000000 id: 1551 at time: 3476.68
Processed event: VehicleDepartureEvent, vehicle_id: 5, road_id: 1000000000000001076, offset: 0.000000 id: 1551
processing event: VehicleDepartureEvent, vehicle_id: 6, road_id: 1000000000000001076, offset: 0.000000 id: 1552 at time: 3476.68
Processed event: VehicleDepartureEvent, vehicle_id: 6, road_id: 1000000000000001076, offset: 0.000000 id: 1552
processing event: PassengerRouteStartEvent, passenger_id: 37, route_id: 1 id: 36 at time: 3478
Processed event: PassengerRouteStartEvent, passenger_id: 37, route_id: 1 id: 36
processing event: OrderCreatedEvent, order_id: 37, available_pickups: 58 83 , available_dropoffs: 68 , passenger_id: 37, route_id: 1, passenger_num: 0 id: 1555 at time: 3478
Processed event: OrderCreatedEvent, order_id: 37, available_pickups: 58 83 , available_dropoffs: 68 , passenger_id: 37, route_id: 1, passenger_num: 2 id: 1555
processing event: VehicleEnterNewRoadEvent, vehicle_id: 9, road_id: 1000000000000000294 id: 1538 at time: 3478.92
Processed event: VehicleEnterNewRoadEvent, vehicle_id: 9, road_id: 1000000000000000294 id: 1538
processing event: VehicleDepartureEvent, vehicle_id: 9, road_id: 1000000000000000294, offset: 0.000000 id: 1556 at time: 3478.92
Processed event: VehicleDepartureEvent, vehicle_id: 9, road_id: 1000000000000000294, offset: 0.000000 id: 1556
Simulator::runFor: now_ = 3478.92 target = 3480
[progress] simulator time = 3480 / 3600
processing event: OrderMatchedEvent, order_id: 37, vehicle_id: 6 id: 1558 at time: 3480
Processed event: OrderMatchedEvent, order_id: 37, vehicle_id: 6 id: 1558
processing event: PassengerArrivalEvent, passenger_id: 37 id: 1560 at time: 3480
Processed event: PassengerArrivalEvent, passenger_id: 37 id: 1560
processing event: VehicleArriveIntersectionEvent, vehicle_id: 7, road_id: 1000000000000001034 id: 1550 at time: 3486.2
Processed event: VehicleArriveIntersectionEvent, vehicle_id: 7, road_id: 1000000000000001034 id: 1550
processing event: VehicleArriveIntersectionEvent, vehicle_id: 3, road_id: 1000000000000000661 id: 1524 at time: 3488.98
Processed event: VehicleArriveIntersectionEvent, vehicle_id: 3, road_id: 1000000000000000661 id: 1524
Simulator::runFor: now_ = 3488.98 target = 3490
[progress] simulator time = 3490 / 3600
processing event: VehicleEnterNewRoadEvent, vehicle_id: 3, road_id: 1000000000000000649 id: 1562 at time: 3492.94
Processed event: VehicleEnterNewRoadEvent, vehicle_id: 3, road_id: 1000000000000000649 id: 1562
processing event: VehicleDepartureEvent, vehicle_id: 3, road_id: 1000000000000000649, offset: 0.000000 id: 1563 at time: 3492.94
Processed event: VehicleDepartureEvent, vehicle_id: 3, road_id: 1000000000000000649, offset: 0.000000 id: 1563
processing event: PassengerRouteStartEvent, passenger_id: 38, route_id: 1 id: 37 at time: 3498
Processed event: PassengerRouteStartEvent, passenger_id: 38, route_id: 1 id: 37
processing event: OrderCreatedEvent, order_id: 38, available_pickups: 2 81 , available_dropoffs: 68 , passenger_id: 38, route_id: 1, passenger_num: 0 id: 1565 at time: 3498
Processed event: OrderCreatedEvent, order_id: 38, available_pickups: 2 81 , available_dropoffs: 68 , passenger_id: 38, route_id: 1, passenger_num: 2 id: 1565
Simulator::runFor: now_ = 3498 target = 3500
[progress] simulator time = 3500 / 3600
processing event: OrderMatchedEvent, order_id: 38, vehicle_id: 9 id: 1566 at time: 3500
Processed event: OrderMatchedEvent, order_id: 38, vehicle_id: 9 id: 1566
processing event: PassengerArrivalEvent, passenger_id: 38 id: 1568 at time: 3500
Processed event: PassengerArrivalEvent, passenger_id: 38 id: 1568
processing event: VehicleEnterNewRoadEvent, vehicle_id: 8, road_id: 1000000000000000788 id: 1535 at time: 3503.31
Processed event: VehicleEnterNewRoadEvent, vehicle_id: 8, road_id: 1000000000000000788 id: 1535
processing event: VehicleDepartureEvent, vehicle_id: 8, road_id: 1000000000000000788, offset: 0.000000 id: 1569 at time: 3503.31
Processed event: VehicleDepartureEvent, vehicle_id: 8, road_id: 1000000000000000788, offset: 0.000000 id: 1569
processing event: VehicleEnterNewRoadEvent, vehicle_id: 7, road_id: 1000000000000001035 id: 1561 at time: 3505.8
Processed event: VehicleEnterNewRoadEvent, vehicle_id: 7, road_id: 1000000000000001035 id: 1561
processing event: VehicleDepartureEvent, vehicle_id: 7, road_id: 1000000000000001035, offset: 0.000000 id: 1571 at time: 3505.8
Processed event: VehicleDepartureEvent, vehicle_id: 7, road_id: 1000000000000001035, offset: 0.000000 id: 1571
Simulator::runFor: now_ = 3505.8 target = 3510
[progress] simulator time = 3510 / 3600
processing event: VehicleEnterNewRoadEvent, vehicle_id: 10, road_id: 1000000000000001073 id: 1534 at time: 3512.85
Processed event: VehicleEnterNewRoadEvent, vehicle_id: 10, road_id: 1000000000000001073 id: 1534
processing event: VehicleDepartureEvent, vehicle_id: 10, road_id: 1000000000000001073, offset: 0.000000 id: 1573 at time: 3512.85
Processed event: VehicleDepartureEvent, vehicle_id: 10, road_id: 1000000000000001073, offset: 0.000000 id: 1573
Simulator::runFor: now_ = 3512.85 target = 3520
[progress] simulator time = 3520 / 3600
processing event: VehicleArriveIntersectionEvent, vehicle_id: 3, road_id: 1000000000000000649 id: 1564 at time: 3529.3
Processed event: VehicleArriveIntersectionEvent, vehicle_id: 3, road_id: 1000000000000000649 id: 1564
Simulator::runFor: now_ = 3529.3 target = 3530
[progress] simulator time = 3530 / 3600
processing event: VehicleEnterNewRoadEvent, vehicle_id: 3, road_id: 1000000000000000648 id: 1575 at time: 3533.26
Processed event: VehicleEnterNewRoadEvent, vehicle_id: 3, road_id: 1000000000000000648 id: 1575
processing event: VehicleDepartureEvent, vehicle_id: 3, road_id: 1000000000000000648, offset: 0.000000 id: 1576 at time: 3533.26
Processed event: VehicleDepartureEvent, vehicle_id: 3, road_id: 1000000000000000648, offset: 0.000000 id: 1576
processing event: VehicleArriveIntersectionEvent, vehicle_id: 2, road_id: 1000000000000000786 id: 1548 at time: 3534.22
Processed event: VehicleArriveIntersectionEvent, vehicle_id: 2, road_id: 1000000000000000786 id: 1548
processing event: VehicleArriveIntersectionEvent, vehicle_id: 3, road_id: 1000000000000000648 id: 1577 at time: 3534.88
Processed event: VehicleArriveIntersectionEvent, vehicle_id: 3, road_id: 1000000000000000648 id: 1577
processing event: VehicleEnterNewRoadEvent, vehicle_id: 3, road_id: 1000000000000000897 id: 1579 at time: 3538.84
Processed event: VehicleEnterNewRoadEvent, vehicle_id: 3, road_id: 1000000000000000897 id: 1579
processing event: VehicleDepartureEvent, vehicle_id: 3, road_id: 1000000000000000897, offset: 0.000000 id: 1580 at time: 3538.84
Processed event: VehicleDepartureEvent, vehicle_id: 3, road_id: 1000000000000000897, offset: 0.000000 id: 1580
Simulator::runFor: now_ = 3538.84 target = 3540
[progress] simulator time = 3540 / 3600
processing event: VehicleArriveIntersectionEvent, vehicle_id: 4, road_id: 1000000000000001044 id: 1543 at time: 3544.2
Processed event: VehicleArriveIntersectionEvent, vehicle_id: 4, road_id: 1000000000000001044 id: 1543
processing event: VehicleArriveIntersectionEvent, vehicle_id: 3, road_id: 1000000000000000897 id: 1581 at time: 3545.68
Processed event: VehicleArriveIntersectionEvent, vehicle_id: 3, road_id: 1000000000000000897 id: 1581
processing event: VehicleEnterNewRoadEvent, vehicle_id: 4, road_id: 1000000000000000682 id: 1582 at time: 3546
Processed event: VehicleEnterNewRoadEvent, vehicle_id: 4, road_id: 1000000000000000682 id: 1582
processing event: VehicleDepartureEvent, vehicle_id: 4, road_id: 1000000000000000682, offset: 0.000000 id: 1584 at time: 3546
Processed event: VehicleDepartureEvent, vehicle_id: 4, road_id: 1000000000000000682, offset: 0.000000 id: 1584
processing event: VehicleArriveIntersectionEvent, vehicle_id: 8, road_id: 1000000000000000788 id: 1570 at time: 3547.06
Processed event: VehicleArriveIntersectionEvent, vehicle_id: 8, road_id: 1000000000000000788 id: 1570
processing event: VehicleArriveIntersectionEvent, vehicle_id: 7, road_id: 1000000000000001035 id: 1572 at time: 3547.2
Processed event: VehicleArriveIntersectionEvent, vehicle_id: 7, road_id: 1000000000000001035 id: 1572
Simulator::runFor: now_ = 3547.2 target = 3550
[progress] simulator time = 3550 / 3600
Simulator::runFor: now_ = 3550 target = 3560
[progress] simulator time = 3560 / 3600
processing event: VehicleEnterNewRoadEvent, vehicle_id: 7, road_id: 1000000000000001036 id: 1587 at time: 3561.1
Processed event: VehicleEnterNewRoadEvent, vehicle_id: 7, road_id: 1000000000000001036 id: 1587
processing event: VehicleDepartureEvent, vehicle_id: 7, road_id: 1000000000000001036, offset: 0.000000 id: 1588 at time: 3561.1
Processed event: VehicleDepartureEvent, vehicle_id: 7, road_id: 1000000000000001036, offset: 0.000000 id: 1588
Simulator::runFor: now_ = 3561.1 target = 3570
[progress] simulator time = 3570 / 3600
processing event: VehicleArriveIntersectionEvent, vehicle_id: 5, road_id: 1000000000000001076 id: 1553 at time: 3574.97
Processed event: VehicleArriveIntersectionEvent, vehicle_id: 5, road_id: 1000000000000001076 id: 1553
Event is not valid: VehicleArriveIntersectionEvent, vehicle_id: 6, road_id: 1000000000000001076 id: 1554 at time: 3574.97
processing event: VehicleArriveIntersectionEvent, vehicle_id: 6, road_id: 1000000000000001076 id: 1559 at time: 3574.97
Processed event: VehicleArriveIntersectionEvent, vehicle_id: 6, road_id: 1000000000000001076 id: 1559
processing event: PassengerRouteStartEvent, passenger_id: 39, route_id: 1 id: 38 at time: 3577
Processed event: PassengerRouteStartEvent, passenger_id: 39, route_id: 1 id: 38
processing event: OrderCreatedEvent, order_id: 39, available_pickups: 71 , available_dropoffs: 2 81 , passenger_id: 39, route_id: 1, passenger_num: 0 id: 1592 at time: 3577
Processed event: OrderCreatedEvent, order_id: 39, available_pickups: 71 , available_dropoffs: 2 81 , passenger_id: 39, route_id: 1, passenger_num: 2 id: 1592
Simulator::runFor: now_ = 3577 target = 3580
[progress] simulator time = 3580 / 3600
processing event: OrderMatchedEvent, order_id: 39, vehicle_id: 2 id: 1593 at time: 3580
Processed event: OrderMatchedEvent, order_id: 39, vehicle_id: 2 id: 1593
processing event: PassengerArrivalEvent, passenger_id: 39 id: 1594 at time: 3580
Processed event: PassengerArrivalEvent, passenger_id: 39 id: 1594
processing event: VehicleEnterNewRoadEvent, vehicle_id: 2, road_id: 1000000000000000094 id: 1578 at time: 3581.62
Processed event: VehicleEnterNewRoadEvent, vehicle_id: 2, road_id: 1000000000000000094 id: 1578
processing event: VehicleDepartureEvent, vehicle_id: 2, road_id: 1000000000000000094, offset: 0.000000 id: 1595 at time: 3581.62
Processed event: VehicleDepartureEvent, vehicle_id: 2, road_id: 1000000000000000094, offset: 0.000000 id: 1595
processing event: VehicleArriveIntersectionEvent, vehicle_id: 10, road_id: 1000000000000001073 id: 1574 at time: 3585.04
Processed event: VehicleArriveIntersectionEvent, vehicle_id: 10, road_id: 1000000000000001073 id: 1574
processing event: VehicleEnterNewRoadEvent, vehicle_id: 8, road_id: 1000000000000001087 id: 1586 at time: 3586.38
Processed event: VehicleEnterNewRoadEvent, vehicle_id: 8, road_id: 1000000000000001087 id: 1586
processing event: VehicleDepartureEvent, vehicle_id: 8, road_id: 1000000000000001087, offset: 0.000000 id: 1598 at time: 3586.38
Processed event: VehicleDepartureEvent, vehicle_id: 8, road_id: 1000000000000001087, offset: 0.000000 id: 1598
Simulator::runFor: now_ = 3586.38 target = 3590
[progress] simulator time = 3590 / 3600
Event is not valid: BusArrivalEvent, vehicle_id: 9, stop_id: 41 id: 1557 at time: 3597.03
processing event: BusArrivalEvent, vehicle_id: 9, stop_id: 41 id: 1567 at time: 3597.03
Processed event: BusArrivalEvent, vehicle_id: 9, stop_id: 41 id: 1567
processing event: PassengerRouteEndEvent, passenger_id: 18, route_id: 1 id: 1600 at time: 3597.03
Passenger 18 finished all routes
Processed event: PassengerRouteEndEvent, passenger_id: 18, route_id: 1 id: 1600
processing event: PassengerDropoffEvent, passenger_id: 18 id: 1602 at time: 3597.03
Processed event: PassengerDropoffEvent, passenger_id: 18 id: 1602
processing event: OrderFinishedEvent, order_id: 18 id: 1603 at time: 3597.03
Processed event: OrderFinishedEvent, order_id: 18 id: 1603
processing event: VehicleEnterNewRoadEvent, vehicle_id: 5, road_id: 1000000000000001009 id: 1590 at time: 3597.65
Processed event: VehicleEnterNewRoadEvent, vehicle_id: 5, road_id: 1000000000000001009 id: 1590
processing event: VehicleEnterNewRoadEvent, vehicle_id: 6, road_id: 1000000000000001077 id: 1591 at time: 3597.65
Processed event: VehicleEnterNewRoadEvent, vehicle_id: 6, road_id: 1000000000000001077 id: 1591
processing event: VehicleDepartureEvent, vehicle_id: 5, road_id: 1000000000000001009, offset: 0.000000 id: 1604 at time: 3597.65
Processed event: VehicleDepartureEvent, vehicle_id: 5, road_id: 1000000000000001009, offset: 0.000000 id: 1604
processing event: VehicleDepartureEvent, vehicle_id: 6, road_id: 1000000000000001077, offset: 0.000000 id: 1605 at time: 3597.65
Processed event: VehicleDepartureEvent, vehicle_id: 6, road_id: 1000000000000001077, offset: 0.000000 id: 1605
Simulator::runFor: now_ = 3597.65 target = 3600
[progress] simulator time = 3600 / 3600 (done)
Running time: 37278ms
Metrics collection produced 453 passenger records. Provide --metrics_output=path to write results.
