log_path: D:\PythonProject5\logs\simulator\simulation-16-20260816180418-b8027da6
Loading map from D:\PythonProject5\data\agent_area_20260817_020417_d2413b0a_area\map\map_file_24b28f2e2ffe491d9daf6b8d2af7c6eb.json
Loading walking links from D:\PythonProject5\data\agent_area_20260817_020417_d2413b0a_area\walk_links\walk_links.json
Loading stops from D:\PythonProject5\data\agent_area_20260817_020417_d2413b0a_area\stops\stop_file_93f20d2751a84964a82f10641d3ede8e.json
Loading signal from D:\PythonProject5\data\agent_area_20260817_020417_d2413b0a_area\signals\signal_file_0048e4e7cc5d47a4bfebc7bc89b7aa73.json
Loading walking signals from D:\PythonProject5\data\agent_area_20260817_020417_d2413b0a_area\walk_signals\walk_signals.json
Loading buses from D:\PythonProject5\data\agent_area_20260817_020417_d2413b0a_area\buses\bus_file_3757434c69b74154a6142a76250e530d.json
Loading orders from D:\PythonProject5\data\agent_area_20260817_020417_d2413b0a_area\orders\order_file_03855164cc254e0884d07672756a2778.json
Simulator::runFor: now_ = 0 target = 10
[progress] simulator time = 10 / 1000
processing event: PassengerRouteStartEvent, passenger_id: 1, route_id: 1 id: 0 at time: 12
Processed event: PassengerRouteStartEvent, passenger_id: 1, route_id: 1 id: 0
processing event: OrderCreatedEvent, order_id: 1, available_pickups: 5 , available_dropoffs: 2 , passenger_id: 1, route_id: 1, passenger_num: 0 id: 807 at time: 12
Processed event: OrderCreatedEvent, order_id: 1, available_pickups: 5 , available_dropoffs: 2 , passenger_id: 1, route_id: 1, passenger_num: 1 id: 807
Simulator::runFor: now_ = 12 target = 20
[progress] simulator time = 20 / 1000
processing event: OrderMatchedEvent, order_id: 1, vehicle_id: 20 id: 808 at time: 20
Processed event: OrderMatchedEvent, order_id: 1, vehicle_id: 20 id: 808
processing event: VehicleDepartureEvent, vehicle_id: 20, road_id: 5130478356707410966, offset: 18.585986 id: 809 at time: 20
Processed event: VehicleDepartureEvent, vehicle_id: 20, road_id: 5130478356707410966, offset: 18.585986 id: 809
processing event: PassengerArrivalEvent, passenger_id: 1 id: 810 at time: 20
Processed event: PassengerArrivalEvent, passenger_id: 1 id: 810
processing event: BusArrivalEvent, vehicle_id: 20, stop_id: 5 id: 811 at time: 20.18
Processed event: BusArrivalEvent, vehicle_id: 20, stop_id: 5 id: 811
processing event: PassengerOnboardEvent, passenger_id: 1 id: 812 at time: 20.18
Processed event: PassengerOnboardEvent, passenger_id: 1 id: 812
processing event: PassengerRouteStartEvent, passenger_id: 2, route_id: 1 id: 1 at time: 25
Processed event: PassengerRouteStartEvent, passenger_id: 2, route_id: 1 id: 1
processing event: PassengerRouteStartEvent, passenger_id: 3, route_id: 1 id: 2 at time: 25
Processed event: PassengerRouteStartEvent, passenger_id: 3, route_id: 1 id: 2
processing event: OrderCreatedEvent, order_id: 2, available_pickups: 1 , available_dropoffs: 2 , passenger_id: 2, route_id: 1, passenger_num: 0 id: 814 at time: 25
Processed event: OrderCreatedEvent, order_id: 2, available_pickups: 1 , available_dropoffs: 2 , passenger_id: 2, route_id: 1, passenger_num: 1 id: 814
processing event: OrderCreatedEvent, order_id: 3, available_pickups: 4 , available_dropoffs: 3 , passenger_id: 3, route_id: 1, passenger_num: 0 id: 815 at time: 25
Processed event: OrderCreatedEvent, order_id: 3, available_pickups: 4 , available_dropoffs: 3 , passenger_id: 3, route_id: 1, passenger_num: 1 id: 815
processing event: VehicleDepartureEvent, vehicle_id: 20, road_id: 5130478356707410966, offset: 19.585986 id: 813 at time: 25.18
Processed event: VehicleDepartureEvent, vehicle_id: 20, road_id: 5130478356707410966, offset: 19.585986 id: 813
processing event: PassengerRouteStartEvent, passenger_id: 4, route_id: 1 id: 3 at time: 26
Processed event: PassengerRouteStartEvent, passenger_id: 4, route_id: 1 id: 3
processing event: OrderCreatedEvent, order_id: 4, available_pickups: 2 , available_dropoffs: 4 , passenger_id: 4, route_id: 1, passenger_num: 0 id: 817 at time: 26
Processed event: OrderCreatedEvent, order_id: 4, available_pickups: 2 , available_dropoffs: 4 , passenger_id: 4, route_id: 1, passenger_num: 1 id: 817
Simulator::runFor: now_ = 26 target = 30
[progress] simulator time = 30 / 1000
processing event: OrderMatchedEvent, order_id: 3, vehicle_id: 7 id: 818 at time: 30
Processed event: OrderMatchedEvent, order_id: 3, vehicle_id: 7 id: 818
processing event: VehicleDepartureEvent, vehicle_id: 7, road_id: 5130501708444599316, offset: 63.122105 id: 819 at time: 30
Processed event: VehicleDepartureEvent, vehicle_id: 7, road_id: 5130501708444599316, offset: 63.122105 id: 819
processing event: OrderMatchedEvent, order_id: 2, vehicle_id: 20 id: 820 at time: 30
Processed event: OrderMatchedEvent, order_id: 2, vehicle_id: 20 id: 820
processing event: OrderMatchedEvent, order_id: 4, vehicle_id: 10 id: 822 at time: 30
Processed event: OrderMatchedEvent, order_id: 4, vehicle_id: 10 id: 822
processing event: VehicleDepartureEvent, vehicle_id: 10, road_id: 5130478356707410966, offset: 18.585986 id: 824 at time: 30
Processed event: VehicleDepartureEvent, vehicle_id: 10, road_id: 5130478356707410966, offset: 18.585986 id: 824
processing event: PassengerArrivalEvent, passenger_id: 3 id: 825 at time: 30
Processed event: PassengerArrivalEvent, passenger_id: 3 id: 825
processing event: PassengerArrivalEvent, passenger_id: 2 id: 827 at time: 30
Processed event: PassengerArrivalEvent, passenger_id: 2 id: 827
processing event: PassengerArrivalEvent, passenger_id: 4 id: 828 at time: 30
Processed event: PassengerArrivalEvent, passenger_id: 4 id: 828
processing event: VehicleArriveIntersectionEvent, vehicle_id: 7, road_id: 5130501708444599316 id: 826 at time: 30.6981
Processed event: VehicleArriveIntersectionEvent, vehicle_id: 7, road_id: 5130501708444599316 id: 826
processing event: VehicleEnterNewRoadEvent, vehicle_id: 7, road_id: 5130501708444599317 id: 830 at time: 30.6981
Processed event: VehicleEnterNewRoadEvent, vehicle_id: 7, road_id: 5130501708444599317 id: 830
processing event: VehicleDepartureEvent, vehicle_id: 7, road_id: 5130501708444599317, offset: 0.000000 id: 831 at time: 30.6981
Processed event: VehicleDepartureEvent, vehicle_id: 7, road_id: 5130501708444599317, offset: 0.000000 id: 831
processing event: VehicleArriveIntersectionEvent, vehicle_id: 7, road_id: 5130501708444599317 id: 832 at time: 35.1985
Processed event: VehicleArriveIntersectionEvent, vehicle_id: 7, road_id: 5130501708444599317 id: 832
processing event: VehicleEnterNewRoadEvent, vehicle_id: 7, road_id: 5130501708444598965 id: 833 at time: 35.1985
Processed event: VehicleEnterNewRoadEvent, vehicle_id: 7, road_id: 5130501708444598965 id: 833
processing event: VehicleDepartureEvent, vehicle_id: 7, road_id: 5130501708444598965, offset: 0.000000 id: 834 at time: 35.1985
Processed event: VehicleDepartureEvent, vehicle_id: 7, road_id: 5130501708444598965, offset: 0.000000 id: 834
processing event: PassengerRouteStartEvent, passenger_id: 5, route_id: 1 id: 4 at time: 36
Processed event: PassengerRouteStartEvent, passenger_id: 5, route_id: 1 id: 4
processing event: OrderCreatedEvent, order_id: 5, available_pickups: 3 , available_dropoffs: 5 , passenger_id: 5, route_id: 1, passenger_num: 0 id: 836 at time: 36
Processed event: OrderCreatedEvent, order_id: 5, available_pickups: 3 , available_dropoffs: 5 , passenger_id: 5, route_id: 1, passenger_num: 2 id: 836
Simulator::runFor: now_ = 36 target = 40
[progress] simulator time = 40 / 1000
processing event: OrderMatchedEvent, order_id: 5, vehicle_id: 6 id: 837 at time: 40
Processed event: OrderMatchedEvent, order_id: 5, vehicle_id: 6 id: 837
processing event: VehicleDepartureEvent, vehicle_id: 6, road_id: 5130501798638911834, offset: 17.497492 id: 838 at time: 40
Processed event: VehicleDepartureEvent, vehicle_id: 6, road_id: 5130501798638911834, offset: 17.497492 id: 838
processing event: PassengerArrivalEvent, passenger_id: 5 id: 839 at time: 40
Processed event: PassengerArrivalEvent, passenger_id: 5 id: 839
processing event: VehicleArriveIntersectionEvent, vehicle_id: 6, road_id: 5130501798638911834 id: 840 at time: 45.131
Processed event: VehicleArriveIntersectionEvent, vehicle_id: 6, road_id: 5130501798638911834 id: 840
processing event: VehicleEnterNewRoadEvent, vehicle_id: 6, road_id: 5130501800786395482 id: 841 at time: 45.131
Processed event: VehicleEnterNewRoadEvent, vehicle_id: 6, road_id: 5130501800786395482 id: 841
processing event: VehicleDepartureEvent, vehicle_id: 6, road_id: 5130501800786395482, offset: 0.000000 id: 842 at time: 45.131
Processed event: VehicleDepartureEvent, vehicle_id: 6, road_id: 5130501800786395482, offset: 0.000000 id: 842
Simulator::runFor: now_ = 45.131 target = 50
[progress] simulator time = 50 / 1000
processing event: VehicleArriveIntersectionEvent, vehicle_id: 6, road_id: 5130501800786395482 id: 843 at time: 53.4118
Processed event: VehicleArriveIntersectionEvent, vehicle_id: 6, road_id: 5130501800786395482 id: 843
processing event: VehicleEnterNewRoadEvent, vehicle_id: 6, road_id: 5130501706297114865 id: 844 at time: 53.4118
Processed event: VehicleEnterNewRoadEvent, vehicle_id: 6, road_id: 5130501706297114865 id: 844
processing event: VehicleDepartureEvent, vehicle_id: 6, road_id: 5130501706297114865, offset: 0.000000 id: 845 at time: 53.4118
Processed event: VehicleDepartureEvent, vehicle_id: 6, road_id: 5130501706297114865, offset: 0.000000 id: 845
Simulator::runFor: now_ = 53.4118 target = 60
[progress] simulator time = 60 / 1000
processing event: VehicleArriveIntersectionEvent, vehicle_id: 7, road_id: 5130501708444598965 id: 835 at time: 60.4011
Processed event: VehicleArriveIntersectionEvent, vehicle_id: 7, road_id: 5130501708444598965 id: 835
processing event: VehicleEnterNewRoadEvent, vehicle_id: 7, road_id: 5130501708444599059 id: 847 at time: 60.4011
Processed event: VehicleEnterNewRoadEvent, vehicle_id: 7, road_id: 5130501708444599059 id: 847
processing event: VehicleDepartureEvent, vehicle_id: 7, road_id: 5130501708444599059, offset: 0.000000 id: 848 at time: 60.4011
Processed event: VehicleDepartureEvent, vehicle_id: 7, road_id: 5130501708444599059, offset: 0.000000 id: 848
Event is not valid: VehicleArriveIntersectionEvent, vehicle_id: 20, road_id: 5130478356707410966 id: 816 at time: 67.3788
Event is not valid: VehicleArriveIntersectionEvent, vehicle_id: 20, road_id: 5130478356707410966 id: 821 at time: 67.3788
Event is not valid: VehicleArriveIntersectionEvent, vehicle_id: 20, road_id: 5130478356707410966 id: 823 at time: 67.3788
processing event: VehicleArriveIntersectionEvent, vehicle_id: 20, road_id: 5130478356707410966 id: 829 at time: 67.3788
Processed event: VehicleArriveIntersectionEvent, vehicle_id: 20, road_id: 5130478356707410966 id: 829
Simulator::runFor: now_ = 67.3788 target = 70
[progress] simulator time = 70 / 1000
processing event: VehicleCheckPointEvent, vehicle_id: 10 id: 851 at time: 70.9386
Processed event: VehicleCheckPointEvent, vehicle_id: 10 id: 851
processing event: VehicleQueuedEvent, vehicle_id: 10, front_queued_vehicle_id: 20 id: 852 at time: 70.9386
Processed event: VehicleQueuedEvent, vehicle_id: 10, front_queued_vehicle_id: 20 id: 852
processing event: VehicleArriveIntersectionEvent, vehicle_id: 6, road_id: 5130501706297114865 id: 846 at time: 77.1742
Processed event: VehicleArriveIntersectionEvent, vehicle_id: 6, road_id: 5130501706297114865 id: 846
processing event: VehicleEnterNewRoadEvent, vehicle_id: 6, road_id: 5130501706297114866 id: 853 at time: 77.1742
Processed event: VehicleEnterNewRoadEvent, vehicle_id: 6, road_id: 5130501706297114866 id: 853
processing event: VehicleDepartureEvent, vehicle_id: 6, road_id: 5130501706297114866, offset: 0.000000 id: 854 at time: 77.1742
Processed event: VehicleDepartureEvent, vehicle_id: 6, road_id: 5130501706297114866, offset: 0.000000 id: 854
Simulator::runFor: now_ = 77.1742 target = 80
[progress] simulator time = 80 / 1000
Simulator::runFor: now_ = 80 target = 90
[progress] simulator time = 90 / 1000
Simulator::runFor: now_ = 90 target = 100
[progress] simulator time = 100 / 1000
processing event: VehicleArriveIntersectionEvent, vehicle_id: 6, road_id: 5130501706297114866 id: 855 at time: 100.036
Processed event: VehicleArriveIntersectionEvent, vehicle_id: 6, road_id: 5130501706297114866 id: 855
processing event: VehicleEnterNewRoadEvent, vehicle_id: 6, road_id: 5130501704149631330 id: 856 at time: 102.581
Processed event: VehicleEnterNewRoadEvent, vehicle_id: 6, road_id: 5130501704149631330 id: 856
processing event: VehicleDepartureEvent, vehicle_id: 6, road_id: 5130501704149631330, offset: 0.000000 id: 857 at time: 102.581
Processed event: VehicleDepartureEvent, vehicle_id: 6, road_id: 5130501704149631330, offset: 0.000000 id: 857
processing event: PassengerRouteStartEvent, passenger_id: 6, route_id: 1 id: 5 at time: 109
Processed event: PassengerRouteStartEvent, passenger_id: 6, route_id: 1 id: 5
processing event: OrderCreatedEvent, order_id: 6, available_pickups: 4 , available_dropoffs: 2 , passenger_id: 6, route_id: 1, passenger_num: 0 id: 859 at time: 109
Processed event: OrderCreatedEvent, order_id: 6, available_pickups: 4 , available_dropoffs: 2 , passenger_id: 6, route_id: 1, passenger_num: 3 id: 859
Simulator::runFor: now_ = 109 target = 110
[progress] simulator time = 110 / 1000
processing event: OrderMatchedEvent, order_id: 6, vehicle_id: 5 id: 860 at time: 110
Processed event: OrderMatchedEvent, order_id: 6, vehicle_id: 5 id: 860
processing event: VehicleDepartureEvent, vehicle_id: 5, road_id: 5130478356707410966, offset: 18.585986 id: 861 at time: 110
Processed event: VehicleDepartureEvent, vehicle_id: 5, road_id: 5130478356707410966, offset: 18.585986 id: 861
processing event: PassengerArrivalEvent, passenger_id: 6 id: 862 at time: 110
Processed event: PassengerArrivalEvent, passenger_id: 6 id: 862
Simulator::runFor: now_ = 110 target = 120
[progress] simulator time = 120 / 1000
processing event: VehicleEnterNewRoadEvent, vehicle_id: 20, road_id: 5130478356707410976 id: 850 at time: 122.16
Processed event: VehicleEnterNewRoadEvent, vehicle_id: 20, road_id: 5130478356707410976 id: 850
processing event: VehicleDepartureEvent, vehicle_id: 20, road_id: 5130478356707410976, offset: 0.000000 id: 865 at time: 122.16
Processed event: VehicleDepartureEvent, vehicle_id: 20, road_id: 5130478356707410976, offset: 0.000000 id: 865
processing event: VehicleArriveIntersectionEvent, vehicle_id: 10, road_id: 5130478356707410966 id: 864 at time: 123.6
Processed event: VehicleArriveIntersectionEvent, vehicle_id: 10, road_id: 5130478356707410966 id: 864
processing event: VehicleEnterNewRoadEvent, vehicle_id: 10, road_id: 5130478356707410976 id: 867 at time: 125.761
Processed event: VehicleEnterNewRoadEvent, vehicle_id: 10, road_id: 5130478356707410976 id: 867
processing event: VehicleDepartureEvent, vehicle_id: 10, road_id: 5130478356707410976, offset: 0.000000 id: 870 at time: 125.761
Processed event: VehicleDepartureEvent, vehicle_id: 10, road_id: 5130478356707410976, offset: 0.000000 id: 870
Simulator::runFor: now_ = 125.761 target = 130
[progress] simulator time = 130 / 1000
Simulator::runFor: now_ = 130 target = 140
[progress] simulator time = 140 / 1000
processing event: PassengerRouteStartEvent, passenger_id: 7, route_id: 1 id: 6 at time: 142
Processed event: PassengerRouteStartEvent, passenger_id: 7, route_id: 1 id: 6
processing event: OrderCreatedEvent, order_id: 7, available_pickups: 3 , available_dropoffs: 2 , passenger_id: 7, route_id: 1, passenger_num: 0 id: 872 at time: 142
Processed event: OrderCreatedEvent, order_id: 7, available_pickups: 3 , available_dropoffs: 2 , passenger_id: 7, route_id: 1, passenger_num: 1 id: 872
processing event: PassengerRouteStartEvent, passenger_id: 8, route_id: 1 id: 7 at time: 149
Processed event: PassengerRouteStartEvent, passenger_id: 8, route_id: 1 id: 7
processing event: OrderCreatedEvent, order_id: 8, available_pickups: 5 , available_dropoffs: 2 , passenger_id: 8, route_id: 1, passenger_num: 0 id: 873 at time: 149
Processed event: OrderCreatedEvent, order_id: 8, available_pickups: 5 , available_dropoffs: 2 , passenger_id: 8, route_id: 1, passenger_num: 2 id: 873
Event is not valid: VehicleCheckPointEvent, vehicle_id: 5 id: 863 at time: 149.498
Simulator::runFor: now_ = 149.498 target = 150
[progress] simulator time = 150 / 1000
processing event: OrderMatchedEvent, order_id: 7, vehicle_id: 8 id: 874 at time: 150
Processed event: OrderMatchedEvent, order_id: 7, vehicle_id: 8 id: 874
processing event: VehicleDepartureEvent, vehicle_id: 8, road_id: 5130501800786395168, offset: 116.505572 id: 875 at time: 150
Processed event: VehicleDepartureEvent, vehicle_id: 8, road_id: 5130501800786395168, offset: 116.505572 id: 875
processing event: OrderMatchedEvent, order_id: 8, vehicle_id: 19 id: 876 at time: 150
Processed event: OrderMatchedEvent, order_id: 8, vehicle_id: 19 id: 876
processing event: VehicleDepartureEvent, vehicle_id: 19, road_id: 5130478412541985094, offset: 58.527109 id: 877 at time: 150
Processed event: VehicleDepartureEvent, vehicle_id: 19, road_id: 5130478412541985094, offset: 58.527109 id: 877
processing event: PassengerArrivalEvent, passenger_id: 7 id: 878 at time: 150
Processed event: PassengerArrivalEvent, passenger_id: 7 id: 878
processing event: PassengerArrivalEvent, passenger_id: 8 id: 880 at time: 150
Processed event: PassengerArrivalEvent, passenger_id: 8 id: 880
processing event: BusArrivalEvent, vehicle_id: 8, stop_id: 3 id: 879 at time: 150.18
Processed event: BusArrivalEvent, vehicle_id: 8, stop_id: 3 id: 879
processing event: PassengerOnboardEvent, passenger_id: 7 id: 882 at time: 150.18
Processed event: PassengerOnboardEvent, passenger_id: 7 id: 882
Event is not valid: VehicleCheckPointEvent, vehicle_id: 5 id: 868 at time: 150.939
processing event: VehicleArriveIntersectionEvent, vehicle_id: 5, road_id: 5130478356707410966 id: 869 at time: 152.379
Processed event: VehicleArriveIntersectionEvent, vehicle_id: 5, road_id: 5130478356707410966 id: 869
processing event: VehicleEnterNewRoadEvent, vehicle_id: 5, road_id: 5130478356707410938 id: 884 at time: 154.539
Processed event: VehicleEnterNewRoadEvent, vehicle_id: 5, road_id: 5130478356707410938 id: 884
processing event: VehicleDepartureEvent, vehicle_id: 5, road_id: 5130478356707410938, offset: 0.000000 id: 885 at time: 154.539
Processed event: VehicleDepartureEvent, vehicle_id: 5, road_id: 5130478356707410938, offset: 0.000000 id: 885
processing event: VehicleDepartureEvent, vehicle_id: 8, road_id: 5130501800786395168, offset: 117.505572 id: 883 at time: 155.18
Processed event: VehicleDepartureEvent, vehicle_id: 8, road_id: 5130501800786395168, offset: 117.505572 id: 883
Simulator::runFor: now_ = 155.18 target = 160
[progress] simulator time = 160 / 1000
processing event: VehicleArriveIntersectionEvent, vehicle_id: 8, road_id: 5130501800786395168 id: 887 at time: 164.27
Processed event: VehicleArriveIntersectionEvent, vehicle_id: 8, road_id: 5130501800786395168 id: 887
processing event: VehicleEnterNewRoadEvent, vehicle_id: 8, road_id: 5130501798638911520 id: 888 at time: 165.967
Processed event: VehicleEnterNewRoadEvent, vehicle_id: 8, road_id: 5130501798638911520 id: 888
processing event: VehicleDepartureEvent, vehicle_id: 8, road_id: 5130501798638911520, offset: 0.000000 id: 889 at time: 165.967
Processed event: VehicleDepartureEvent, vehicle_id: 8, road_id: 5130501798638911520, offset: 0.000000 id: 889
Event is not valid: VehicleArriveIntersectionEvent, vehicle_id: 20, road_id: 5130478356707410976 id: 866 at time: 167.705
processing event: VehicleArriveIntersectionEvent, vehicle_id: 20, road_id: 5130478356707410976 id: 871 at time: 167.705
Processed event: VehicleArriveIntersectionEvent, vehicle_id: 20, road_id: 5130478356707410976 id: 871
processing event: VehicleEnterNewRoadEvent, vehicle_id: 20, road_id: 5130478356707411020 id: 891 at time: 167.705
Processed event: VehicleEnterNewRoadEvent, vehicle_id: 20, road_id: 5130478356707411020 id: 891
processing event: VehicleDepartureEvent, vehicle_id: 20, road_id: 5130478356707411020, offset: 0.000000 id: 894 at time: 167.705
Processed event: VehicleDepartureEvent, vehicle_id: 20, road_id: 5130478356707411020, offset: 0.000000 id: 894
processing event: VehicleArriveIntersectionEvent, vehicle_id: 6, road_id: 5130501704149631330 id: 858 at time: 168.828
Processed event: VehicleArriveIntersectionEvent, vehicle_id: 6, road_id: 5130501704149631330 id: 858
processing event: VehicleEnterNewRoadEvent, vehicle_id: 6, road_id: 5130501704149631331 id: 896 at time: 168.828
Processed event: VehicleEnterNewRoadEvent, vehicle_id: 6, road_id: 5130501704149631331 id: 896
processing event: VehicleDepartureEvent, vehicle_id: 6, road_id: 5130501704149631331, offset: 0.000000 id: 897 at time: 168.828
Processed event: VehicleDepartureEvent, vehicle_id: 6, road_id: 5130501704149631331, offset: 0.000000 id: 897
Event is not valid: VehicleCheckPointEvent, vehicle_id: 10 id: 892 at time: 169.865
Simulator::runFor: now_ = 169.865 target = 170
[progress] simulator time = 170 / 1000
processing event: VehicleArriveIntersectionEvent, vehicle_id: 10, road_id: 5130478356707410976 id: 893 at time: 171.305
Processed event: VehicleArriveIntersectionEvent, vehicle_id: 10, road_id: 5130478356707410976 id: 893
processing event: VehicleEnterNewRoadEvent, vehicle_id: 10, road_id: 5130478356707411020 id: 899 at time: 171.305
Processed event: VehicleEnterNewRoadEvent, vehicle_id: 10, road_id: 5130478356707411020 id: 899
processing event: VehicleDepartureEvent, vehicle_id: 10, road_id: 5130478356707411020, offset: 0.000000 id: 900 at time: 171.305
Processed event: VehicleDepartureEvent, vehicle_id: 10, road_id: 5130478356707411020, offset: 0.000000 id: 900
processing event: VehicleArriveIntersectionEvent, vehicle_id: 6, road_id: 5130501704149631331 id: 898 at time: 173.328
Processed event: VehicleArriveIntersectionEvent, vehicle_id: 6, road_id: 5130501704149631331 id: 898
processing event: VehicleEnterNewRoadEvent, vehicle_id: 6, road_id: 5130501704149631392 id: 902 at time: 173.328
Processed event: VehicleEnterNewRoadEvent, vehicle_id: 6, road_id: 5130501704149631392 id: 902
processing event: VehicleDepartureEvent, vehicle_id: 6, road_id: 5130501704149631392, offset: 0.000000 id: 903 at time: 173.328
Processed event: VehicleDepartureEvent, vehicle_id: 6, road_id: 5130501704149631392, offset: 0.000000 id: 903
processing event: PassengerRouteStartEvent, passenger_id: 9, route_id: 1 id: 8 at time: 174
Processed event: PassengerRouteStartEvent, passenger_id: 9, route_id: 1 id: 8
processing event: OrderCreatedEvent, order_id: 9, available_pickups: 2 , available_dropoffs: 4 , passenger_id: 9, route_id: 1, passenger_num: 0 id: 905 at time: 174
Processed event: OrderCreatedEvent, order_id: 9, available_pickups: 2 , available_dropoffs: 4 , passenger_id: 9, route_id: 1, passenger_num: 2 id: 905
Event is not valid: VehicleArriveIntersectionEvent, vehicle_id: 20, road_id: 5130478356707411020 id: 895 at time: 175.086
processing event: VehicleArriveIntersectionEvent, vehicle_id: 20, road_id: 5130478356707411020 id: 901 at time: 175.086
Processed event: VehicleArriveIntersectionEvent, vehicle_id: 20, road_id: 5130478356707411020 id: 901
processing event: VehicleArriveIntersectionEvent, vehicle_id: 7, road_id: 5130501708444599059 id: 849 at time: 176.873
Processed event: VehicleArriveIntersectionEvent, vehicle_id: 7, road_id: 5130501708444599059 id: 849
processing event: VehicleEnterNewRoadEvent, vehicle_id: 7, road_id: 5130501708444598521 id: 908 at time: 176.873
Processed event: VehicleEnterNewRoadEvent, vehicle_id: 7, road_id: 5130501708444598521 id: 908
processing event: VehicleDepartureEvent, vehicle_id: 7, road_id: 5130501708444598521, offset: 0.000000 id: 909 at time: 176.873
Processed event: VehicleDepartureEvent, vehicle_id: 7, road_id: 5130501708444598521, offset: 0.000000 id: 909
processing event: VehicleEnterNewRoadEvent, vehicle_id: 20, road_id: 5130478356707411018 id: 906 at time: 177.246
Processed event: VehicleEnterNewRoadEvent, vehicle_id: 20, road_id: 5130478356707411018 id: 906
Event is not valid: VehicleCheckPointEvent, vehicle_id: 10 id: 907 at time: 177.246
processing event: VehicleDepartureEvent, vehicle_id: 20, road_id: 5130478356707411018, offset: 0.000000 id: 912 at time: 177.246
Processed event: VehicleDepartureEvent, vehicle_id: 20, road_id: 5130478356707411018, offset: 0.000000 id: 912
processing event: VehicleArriveIntersectionEvent, vehicle_id: 10, road_id: 5130478356707411020 id: 911 at time: 178.686
Processed event: VehicleArriveIntersectionEvent, vehicle_id: 10, road_id: 5130478356707411020 id: 911
Simulator::runFor: now_ = 178.686 target = 180
[progress] simulator time = 180 / 1000
processing event: OrderMatchedEvent, order_id: 9, vehicle_id: 17 id: 915 at time: 180
Processed event: OrderMatchedEvent, order_id: 9, vehicle_id: 17 id: 915
processing event: VehicleDepartureEvent, vehicle_id: 17, road_id: 5130501708444599316, offset: 63.122105 id: 916 at time: 180
Processed event: VehicleDepartureEvent, vehicle_id: 17, road_id: 5130501708444599316, offset: 63.122105 id: 916
processing event: PassengerArrivalEvent, passenger_id: 9 id: 917 at time: 180
Processed event: PassengerArrivalEvent, passenger_id: 9 id: 917
processing event: VehicleArriveIntersectionEvent, vehicle_id: 19, road_id: 5130478412541985094 id: 881 at time: 180.148
Processed event: VehicleArriveIntersectionEvent, vehicle_id: 19, road_id: 5130478412541985094 id: 881
processing event: BusArrivalEvent, vehicle_id: 17, stop_id: 2 id: 918 at time: 180.18
Processed event: BusArrivalEvent, vehicle_id: 17, stop_id: 2 id: 918
processing event: PassengerOnboardEvent, passenger_id: 9 id: 920 at time: 180.18
Processed event: PassengerOnboardEvent, passenger_id: 9 id: 920
processing event: VehicleEnterNewRoadEvent, vehicle_id: 10, road_id: 5130478356707411018 id: 914 at time: 180.846
Processed event: VehicleEnterNewRoadEvent, vehicle_id: 10, road_id: 5130478356707411018 id: 914
processing event: VehicleDepartureEvent, vehicle_id: 10, road_id: 5130478356707411018, offset: 0.000000 id: 922 at time: 180.846
Processed event: VehicleDepartureEvent, vehicle_id: 10, road_id: 5130478356707411018, offset: 0.000000 id: 922
processing event: VehicleDepartureEvent, vehicle_id: 17, road_id: 5130501708444599316, offset: 64.122105 id: 921 at time: 185.18
Processed event: VehicleDepartureEvent, vehicle_id: 17, road_id: 5130501708444599316, offset: 64.122105 id: 921
processing event: VehicleArriveIntersectionEvent, vehicle_id: 17, road_id: 5130501708444599316 id: 924 at time: 185.698
Processed event: VehicleArriveIntersectionEvent, vehicle_id: 17, road_id: 5130501708444599316 id: 924
processing event: VehicleEnterNewRoadEvent, vehicle_id: 17, road_id: 5130501708444599317 id: 925 at time: 185.698
Processed event: VehicleEnterNewRoadEvent, vehicle_id: 17, road_id: 5130501708444599317 id: 925
processing event: VehicleDepartureEvent, vehicle_id: 17, road_id: 5130501708444599317, offset: 0.000000 id: 926 at time: 185.698
Processed event: VehicleDepartureEvent, vehicle_id: 17, road_id: 5130501708444599317, offset: 0.000000 id: 926
Simulator::runFor: now_ = 185.698 target = 190
[progress] simulator time = 190 / 1000
processing event: VehicleArriveIntersectionEvent, vehicle_id: 17, road_id: 5130501708444599317 id: 927 at time: 190.199
Processed event: VehicleArriveIntersectionEvent, vehicle_id: 17, road_id: 5130501708444599317 id: 927
processing event: VehicleEnterNewRoadEvent, vehicle_id: 17, road_id: 5130501708444598965 id: 928 at time: 190.199
Processed event: VehicleEnterNewRoadEvent, vehicle_id: 17, road_id: 5130501708444598965 id: 928
processing event: VehicleDepartureEvent, vehicle_id: 17, road_id: 5130501708444598965, offset: 0.000000 id: 929 at time: 190.199
Processed event: VehicleDepartureEvent, vehicle_id: 17, road_id: 5130501708444598965, offset: 0.000000 id: 929
processing event: VehicleArriveIntersectionEvent, vehicle_id: 8, road_id: 5130501798638911520 id: 890 at time: 196.21
Processed event: VehicleArriveIntersectionEvent, vehicle_id: 8, road_id: 5130501798638911520 id: 890
processing event: VehicleEnterNewRoadEvent, vehicle_id: 8, road_id: 5130501798638911521 id: 931 at time: 196.21
Processed event: VehicleEnterNewRoadEvent, vehicle_id: 8, road_id: 5130501798638911521 id: 931
processing event: VehicleDepartureEvent, vehicle_id: 8, road_id: 5130501798638911521, offset: 0.000000 id: 932 at time: 196.21
Processed event: VehicleDepartureEvent, vehicle_id: 8, road_id: 5130501798638911521, offset: 0.000000 id: 932
Simulator::runFor: now_ = 196.21 target = 200
[progress] simulator time = 200 / 1000
processing event: VehicleArriveIntersectionEvent, vehicle_id: 7, road_id: 5130501708444598521 id: 910 at time: 203.155
Processed event: VehicleArriveIntersectionEvent, vehicle_id: 7, road_id: 5130501708444598521 id: 910
processing event: PassengerRouteStartEvent, passenger_id: 10, route_id: 1 id: 9 at time: 204
Processed event: PassengerRouteStartEvent, passenger_id: 10, route_id: 1 id: 9
processing event: OrderCreatedEvent, order_id: 10, available_pickups: 2 , available_dropoffs: 5 , passenger_id: 10, route_id: 1, passenger_num: 0 id: 935 at time: 204
Processed event: OrderCreatedEvent, order_id: 10, available_pickups: 2 , available_dropoffs: 5 , passenger_id: 10, route_id: 1, passenger_num: 1 id: 935
processing event: VehicleEnterNewRoadEvent, vehicle_id: 7, road_id: 5130501708444599288 id: 934 at time: 206.936
Processed event: VehicleEnterNewRoadEvent, vehicle_id: 7, road_id: 5130501708444599288 id: 934
processing event: VehicleDepartureEvent, vehicle_id: 7, road_id: 5130501708444599288, offset: 0.000000 id: 936 at time: 206.936
Processed event: VehicleDepartureEvent, vehicle_id: 7, road_id: 5130501708444599288, offset: 0.000000 id: 936
processing event: VehicleArriveIntersectionEvent, vehicle_id: 6, road_id: 5130501704149631392 id: 904 at time: 209.872
Processed event: VehicleArriveIntersectionEvent, vehicle_id: 6, road_id: 5130501704149631392 id: 904
processing event: VehicleEnterNewRoadEvent, vehicle_id: 6, road_id: 5130501704149631391 id: 938 at time: 209.872
Processed event: VehicleEnterNewRoadEvent, vehicle_id: 6, road_id: 5130501704149631391 id: 938
processing event: VehicleDepartureEvent, vehicle_id: 6, road_id: 5130501704149631391, offset: 0.000000 id: 939 at time: 209.872
Processed event: VehicleDepartureEvent, vehicle_id: 6, road_id: 5130501704149631391, offset: 0.000000 id: 939
Simulator::runFor: now_ = 209.872 target = 210
[progress] simulator time = 210 / 1000
processing event: OrderMatchedEvent, order_id: 10, vehicle_id: 16 id: 941 at time: 210
Processed event: OrderMatchedEvent, order_id: 10, vehicle_id: 16 id: 941
processing event: VehicleDepartureEvent, vehicle_id: 16, road_id: 5130501798638911834, offset: 17.497492 id: 942 at time: 210
Processed event: VehicleDepartureEvent, vehicle_id: 16, road_id: 5130501798638911834, offset: 17.497492 id: 942
processing event: PassengerArrivalEvent, passenger_id: 10 id: 943 at time: 210
Processed event: PassengerArrivalEvent, passenger_id: 10 id: 943
processing event: VehicleArriveIntersectionEvent, vehicle_id: 6, road_id: 5130501704149631391 id: 940 at time: 211.312
Processed event: VehicleArriveIntersectionEvent, vehicle_id: 6, road_id: 5130501704149631391 id: 940
processing event: VehicleEnterNewRoadEvent, vehicle_id: 6, road_id: 5130501704149631389 id: 945 at time: 211.312
Processed event: VehicleEnterNewRoadEvent, vehicle_id: 6, road_id: 5130501704149631389 id: 945
processing event: VehicleDepartureEvent, vehicle_id: 6, road_id: 5130501704149631389, offset: 0.000000 id: 946 at time: 211.312
Processed event: VehicleDepartureEvent, vehicle_id: 6, road_id: 5130501704149631389, offset: 0.000000 id: 946
processing event: VehicleArriveIntersectionEvent, vehicle_id: 16, road_id: 5130501798638911834 id: 944 at time: 215.131
Processed event: VehicleArriveIntersectionEvent, vehicle_id: 16, road_id: 5130501798638911834 id: 944
processing event: VehicleEnterNewRoadEvent, vehicle_id: 16, road_id: 5130501798638911833 id: 948 at time: 215.131
Processed event: VehicleEnterNewRoadEvent, vehicle_id: 16, road_id: 5130501798638911833 id: 948
processing event: VehicleDepartureEvent, vehicle_id: 16, road_id: 5130501798638911833, offset: 0.000000 id: 949 at time: 215.131
Processed event: VehicleDepartureEvent, vehicle_id: 16, road_id: 5130501798638911833, offset: 0.000000 id: 949
processing event: VehicleArriveIntersectionEvent, vehicle_id: 17, road_id: 5130501708444598965 id: 930 at time: 215.401
Processed event: VehicleArriveIntersectionEvent, vehicle_id: 17, road_id: 5130501708444598965 id: 930
processing event: VehicleEnterNewRoadEvent, vehicle_id: 17, road_id: 5130501708444599059 id: 951 at time: 215.401
Processed event: VehicleEnterNewRoadEvent, vehicle_id: 17, road_id: 5130501708444599059 id: 951
processing event: VehicleDepartureEvent, vehicle_id: 17, road_id: 5130501708444599059, offset: 0.000000 id: 952 at time: 215.401
Processed event: VehicleDepartureEvent, vehicle_id: 17, road_id: 5130501708444599059, offset: 0.000000 id: 952
processing event: PassengerRouteStartEvent, passenger_id: 11, route_id: 1 id: 10 at time: 217
Processed event: PassengerRouteStartEvent, passenger_id: 11, route_id: 1 id: 10
processing event: OrderCreatedEvent, order_id: 11, available_pickups: 2 , available_dropoffs: 3 , passenger_id: 11, route_id: 1, passenger_num: 0 id: 954 at time: 217
Processed event: OrderCreatedEvent, order_id: 11, available_pickups: 2 , available_dropoffs: 3 , passenger_id: 11, route_id: 1, passenger_num: 3 id: 954
processing event: VehicleArriveIntersectionEvent, vehicle_id: 20, road_id: 5130478356707411018 id: 913 at time: 217.03
Processed event: VehicleArriveIntersectionEvent, vehicle_id: 20, road_id: 5130478356707411018 id: 913
processing event: VehicleEnterNewRoadEvent, vehicle_id: 20, road_id: 5130478356707410997 id: 955 at time: 217.03
Processed event: VehicleEnterNewRoadEvent, vehicle_id: 20, road_id: 5130478356707410997 id: 955
processing event: VehicleDepartureEvent, vehicle_id: 20, road_id: 5130478356707410997, offset: 0.000000 id: 956 at time: 217.03
Processed event: VehicleDepartureEvent, vehicle_id: 20, road_id: 5130478356707410997, offset: 0.000000 id: 956
processing event: PassengerRouteStartEvent, passenger_id: 12, route_id: 1 id: 11 at time: 218
Processed event: PassengerRouteStartEvent, passenger_id: 12, route_id: 1 id: 11
processing event: OrderCreatedEvent, order_id: 12, available_pickups: 5 , available_dropoffs: 3 , passenger_id: 12, route_id: 1, passenger_num: 0 id: 958 at time: 218
Processed event: OrderCreatedEvent, order_id: 12, available_pickups: 5 , available_dropoffs: 3 , passenger_id: 12, route_id: 1, passenger_num: 1 id: 958
processing event: VehicleArriveIntersectionEvent, vehicle_id: 5, road_id: 5130478356707410938 id: 886 at time: 219.165
Processed event: VehicleArriveIntersectionEvent, vehicle_id: 5, road_id: 5130478356707410938 id: 886
Simulator::runFor: now_ = 219.165 target = 220
[progress] simulator time = 220 / 1000
processing event: OrderMatchedEvent, order_id: 11, vehicle_id: 3 id: 960 at time: 220
Processed event: OrderMatchedEvent, order_id: 11, vehicle_id: 3 id: 960
processing event: VehicleDepartureEvent, vehicle_id: 3, road_id: 5130501800786395168, offset: 116.505572 id: 961 at time: 220
Processed event: VehicleDepartureEvent, vehicle_id: 3, road_id: 5130501800786395168, offset: 116.505572 id: 961
processing event: OrderMatchedEvent, order_id: 12, vehicle_id: 10 id: 962 at time: 220
Processed event: OrderMatchedEvent, order_id: 12, vehicle_id: 10 id: 962
processing event: PassengerArrivalEvent, passenger_id: 11 id: 964 at time: 220
Processed event: PassengerArrivalEvent, passenger_id: 11 id: 964
processing event: PassengerArrivalEvent, passenger_id: 12 id: 966 at time: 220
Processed event: PassengerArrivalEvent, passenger_id: 12 id: 966
Event is not valid: VehicleArriveIntersectionEvent, vehicle_id: 10, road_id: 5130478356707411018 id: 923 at time: 220.63
processing event: VehicleArriveIntersectionEvent, vehicle_id: 10, road_id: 5130478356707411018 id: 963 at time: 220.63
Processed event: VehicleArriveIntersectionEvent, vehicle_id: 10, road_id: 5130478356707411018 id: 963
processing event: VehicleEnterNewRoadEvent, vehicle_id: 10, road_id: 5130478356707410997 id: 967 at time: 220.63
Processed event: VehicleEnterNewRoadEvent, vehicle_id: 10, road_id: 5130478356707410997 id: 967
processing event: VehicleDepartureEvent, vehicle_id: 10, road_id: 5130478356707410997, offset: 0.000000 id: 968 at time: 220.63
Processed event: VehicleDepartureEvent, vehicle_id: 10, road_id: 5130478356707410997, offset: 0.000000 id: 968
processing event: VehicleArriveIntersectionEvent, vehicle_id: 6, road_id: 5130501704149631389 id: 947 at time: 220.853
Processed event: VehicleArriveIntersectionEvent, vehicle_id: 6, road_id: 5130501704149631389 id: 947
processing event: VehicleEnterNewRoadEvent, vehicle_id: 6, road_id: 5130501706297114637 id: 970 at time: 220.853
Processed event: VehicleEnterNewRoadEvent, vehicle_id: 6, road_id: 5130501706297114637 id: 970
processing event: VehicleDepartureEvent, vehicle_id: 6, road_id: 5130501706297114637, offset: 0.000000 id: 971 at time: 220.853
Processed event: VehicleDepartureEvent, vehicle_id: 6, road_id: 5130501706297114637, offset: 0.000000 id: 971
processing event: VehicleEnterNewRoadEvent, vehicle_id: 5, road_id: 5130478356707410015 id: 959 at time: 220.968
Processed event: VehicleEnterNewRoadEvent, vehicle_id: 5, road_id: 5130478356707410015 id: 959
processing event: VehicleDepartureEvent, vehicle_id: 5, road_id: 5130478356707410015, offset: 0.000000 id: 973 at time: 220.968
Processed event: VehicleDepartureEvent, vehicle_id: 5, road_id: 5130478356707410015, offset: 0.000000 id: 973
processing event: VehicleArriveIntersectionEvent, vehicle_id: 3, road_id: 5130501800786395168 id: 965 at time: 229.27
Processed event: VehicleArriveIntersectionEvent, vehicle_id: 3, road_id: 5130501800786395168 id: 965
Simulator::runFor: now_ = 229.27 target = 230
[progress] simulator time = 230 / 1000
processing event: VehicleEnterNewRoadEvent, vehicle_id: 3, road_id: 5130501798638911520 id: 975 at time: 230.967
Processed event: VehicleEnterNewRoadEvent, vehicle_id: 3, road_id: 5130501798638911520 id: 975
processing event: VehicleDepartureEvent, vehicle_id: 3, road_id: 5130501798638911520, offset: 0.000000 id: 976 at time: 230.967
Processed event: VehicleDepartureEvent, vehicle_id: 3, road_id: 5130501798638911520, offset: 0.000000 id: 976
Event is not valid: VehicleArriveIntersectionEvent, vehicle_id: 20, road_id: 5130478356707410997 id: 957 at time: 232.331
processing event: VehicleArriveIntersectionEvent, vehicle_id: 20, road_id: 5130478356707410997 id: 969 at time: 232.331
Processed event: VehicleArriveIntersectionEvent, vehicle_id: 20, road_id: 5130478356707410997 id: 969
processing event: VehicleEnterNewRoadEvent, vehicle_id: 20, road_id: 5130478348117476547 id: 978 at time: 232.331
Processed event: VehicleEnterNewRoadEvent, vehicle_id: 20, road_id: 5130478348117476547 id: 978
processing event: VehicleDepartureEvent, vehicle_id: 20, road_id: 5130478348117476547, offset: 0.000000 id: 981 at time: 232.331
Processed event: VehicleDepartureEvent, vehicle_id: 20, road_id: 5130478348117476547, offset: 0.000000 id: 981
Event is not valid: VehicleCheckPointEvent, vehicle_id: 10 id: 979 at time: 234.491
processing event: VehicleArriveIntersectionEvent, vehicle_id: 8, road_id: 5130501798638911521 id: 933 at time: 235.814
Processed event: VehicleArriveIntersectionEvent, vehicle_id: 8, road_id: 5130501798638911521 id: 933
processing event: VehicleEnterNewRoadEvent, vehicle_id: 8, road_id: 5130501798638911982 id: 983 at time: 235.814
Processed event: VehicleEnterNewRoadEvent, vehicle_id: 8, road_id: 5130501798638911982 id: 983
processing event: VehicleDepartureEvent, vehicle_id: 8, road_id: 5130501798638911982, offset: 0.000000 id: 984 at time: 235.814
Processed event: VehicleDepartureEvent, vehicle_id: 8, road_id: 5130501798638911982, offset: 0.000000 id: 984
processing event: VehicleArriveIntersectionEvent, vehicle_id: 10, road_id: 5130478356707410997 id: 980 at time: 235.932
Processed event: VehicleArriveIntersectionEvent, vehicle_id: 10, road_id: 5130478356707410997 id: 980
processing event: VehicleEnterNewRoadEvent, vehicle_id: 10, road_id: 5130478348117476547 id: 986 at time: 235.932
Processed event: VehicleEnterNewRoadEvent, vehicle_id: 10, road_id: 5130478348117476547 id: 986
processing event: VehicleDepartureEvent, vehicle_id: 10, road_id: 5130478348117476547, offset: 0.000000 id: 987 at time: 235.932
Processed event: VehicleDepartureEvent, vehicle_id: 10, road_id: 5130478348117476547, offset: 0.000000 id: 987
processing event: VehicleArriveIntersectionEvent, vehicle_id: 5, road_id: 5130478356707410015 id: 974 at time: 239.87
Processed event: VehicleArriveIntersectionEvent, vehicle_id: 5, road_id: 5130478356707410015 id: 974
processing event: VehicleEnterNewRoadEvent, vehicle_id: 5, road_id: 5130478356707410873 id: 989 at time: 239.87
Processed event: VehicleEnterNewRoadEvent, vehicle_id: 5, road_id: 5130478356707410873 id: 989
processing event: VehicleDepartureEvent, vehicle_id: 5, road_id: 5130478356707410873, offset: 0.000000 id: 990 at time: 239.87
Processed event: VehicleDepartureEvent, vehicle_id: 5, road_id: 5130478356707410873, offset: 0.000000 id: 990
Simulator::runFor: now_ = 239.87 target = 240
[progress] simulator time = 240 / 1000
processing event: VehicleArriveIntersectionEvent, vehicle_id: 5, road_id: 5130478356707410873 id: 991 at time: 244.19
Processed event: VehicleArriveIntersectionEvent, vehicle_id: 5, road_id: 5130478356707410873 id: 991
processing event: VehicleEnterNewRoadEvent, vehicle_id: 5, road_id: 5130478356707411066 id: 992 at time: 244.19
Processed event: VehicleEnterNewRoadEvent, vehicle_id: 5, road_id: 5130478356707411066 id: 992
processing event: VehicleDepartureEvent, vehicle_id: 5, road_id: 5130478356707411066, offset: 0.000000 id: 993 at time: 244.19
Processed event: VehicleDepartureEvent, vehicle_id: 5, road_id: 5130478356707411066, offset: 0.000000 id: 993
processing event: VehicleArriveIntersectionEvent, vehicle_id: 8, road_id: 5130501798638911982 id: 985 at time: 244.634
Processed event: VehicleArriveIntersectionEvent, vehicle_id: 8, road_id: 5130501798638911982 id: 985
processing event: VehicleEnterNewRoadEvent, vehicle_id: 8, road_id: 5130501798638911983 id: 995 at time: 244.634
Processed event: VehicleEnterNewRoadEvent, vehicle_id: 8, road_id: 5130501798638911983 id: 995
processing event: VehicleDepartureEvent, vehicle_id: 8, road_id: 5130501798638911983, offset: 0.000000 id: 996 at time: 244.634
Processed event: VehicleDepartureEvent, vehicle_id: 8, road_id: 5130501798638911983, offset: 0.000000 id: 996
Simulator::runFor: now_ = 244.634 target = 250
[progress] simulator time = 250 / 1000
processing event: VehicleArriveIntersectionEvent, vehicle_id: 5, road_id: 5130478356707411066 id: 994 at time: 254.811
Processed event: VehicleArriveIntersectionEvent, vehicle_id: 5, road_id: 5130478356707411066 id: 994
processing event: VehicleEnterNewRoadEvent, vehicle_id: 5, road_id: 5130478356707411063 id: 998 at time: 254.811
Processed event: VehicleEnterNewRoadEvent, vehicle_id: 5, road_id: 5130478356707411063 id: 998
processing event: VehicleDepartureEvent, vehicle_id: 5, road_id: 5130478356707411063, offset: 0.000000 id: 999 at time: 254.811
Processed event: VehicleDepartureEvent, vehicle_id: 5, road_id: 5130478356707411063, offset: 0.000000 id: 999
processing event: PassengerRouteStartEvent, passenger_id: 13, route_id: 1 id: 12 at time: 255
Processed event: PassengerRouteStartEvent, passenger_id: 13, route_id: 1 id: 12
processing event: OrderCreatedEvent, order_id: 13, available_pickups: 5 , available_dropoffs: 3 , passenger_id: 13, route_id: 1, passenger_num: 0 id: 1001 at time: 255
Processed event: OrderCreatedEvent, order_id: 13, available_pickups: 5 , available_dropoffs: 3 , passenger_id: 13, route_id: 1, passenger_num: 1 id: 1001
Simulator::runFor: now_ = 255 target = 260
[progress] simulator time = 260 / 1000
processing event: OrderMatchedEvent, order_id: 13, vehicle_id: 12 id: 1002 at time: 260
Processed event: OrderMatchedEvent, order_id: 13, vehicle_id: 12 id: 1002
processing event: VehicleDepartureEvent, vehicle_id: 12, road_id: 5130501708444599316, offset: 63.122105 id: 1003 at time: 260
Processed event: VehicleDepartureEvent, vehicle_id: 12, road_id: 5130501708444599316, offset: 63.122105 id: 1003
processing event: PassengerArrivalEvent, passenger_id: 13 id: 1004 at time: 260
Processed event: PassengerArrivalEvent, passenger_id: 13 id: 1004
processing event: VehicleArriveIntersectionEvent, vehicle_id: 12, road_id: 5130501708444599316 id: 1005 at time: 260.698
Processed event: VehicleArriveIntersectionEvent, vehicle_id: 12, road_id: 5130501708444599316 id: 1005
processing event: VehicleEnterNewRoadEvent, vehicle_id: 12, road_id: 5130501708444599317 id: 1006 at time: 260.698
Processed event: VehicleEnterNewRoadEvent, vehicle_id: 12, road_id: 5130501708444599317 id: 1006
processing event: VehicleDepartureEvent, vehicle_id: 12, road_id: 5130501708444599317, offset: 0.000000 id: 1007 at time: 260.698
Processed event: VehicleDepartureEvent, vehicle_id: 12, road_id: 5130501708444599317, offset: 0.000000 id: 1007
processing event: VehicleArriveIntersectionEvent, vehicle_id: 3, road_id: 5130501798638911520 id: 977 at time: 261.21
Processed event: VehicleArriveIntersectionEvent, vehicle_id: 3, road_id: 5130501798638911520 id: 977
processing event: VehicleEnterNewRoadEvent, vehicle_id: 3, road_id: 5130501798638911521 id: 1009 at time: 261.21
Processed event: VehicleEnterNewRoadEvent, vehicle_id: 3, road_id: 5130501798638911521 id: 1009
processing event: VehicleDepartureEvent, vehicle_id: 3, road_id: 5130501798638911521, offset: 0.000000 id: 1010 at time: 261.21
Processed event: VehicleDepartureEvent, vehicle_id: 3, road_id: 5130501798638911521, offset: 0.000000 id: 1010
processing event: VehicleArriveIntersectionEvent, vehicle_id: 6, road_id: 5130501706297114637 id: 972 at time: 262.437
Processed event: VehicleArriveIntersectionEvent, vehicle_id: 6, road_id: 5130501706297114637 id: 972
processing event: PassengerRouteStartEvent, passenger_id: 14, route_id: 1 id: 13 at time: 263
Processed event: PassengerRouteStartEvent, passenger_id: 14, route_id: 1 id: 13
processing event: OrderCreatedEvent, order_id: 14, available_pickups: 2 , available_dropoffs: 4 , passenger_id: 14, route_id: 1, passenger_num: 0 id: 1013 at time: 263
Processed event: OrderCreatedEvent, order_id: 14, available_pickups: 2 , available_dropoffs: 4 , passenger_id: 14, route_id: 1, passenger_num: 3 id: 1013
processing event: VehicleEnterNewRoadEvent, vehicle_id: 6, road_id: 5130501706297114832 id: 1012 at time: 264.598
Processed event: VehicleEnterNewRoadEvent, vehicle_id: 6, road_id: 5130501706297114832 id: 1012
processing event: VehicleDepartureEvent, vehicle_id: 6, road_id: 5130501706297114832, offset: 0.000000 id: 1014 at time: 264.598
Processed event: VehicleDepartureEvent, vehicle_id: 6, road_id: 5130501706297114832, offset: 0.000000 id: 1014
processing event: VehicleArriveIntersectionEvent, vehicle_id: 12, road_id: 5130501708444599317 id: 1008 at time: 265.199
Processed event: VehicleArriveIntersectionEvent, vehicle_id: 12, road_id: 5130501708444599317 id: 1008
processing event: VehicleEnterNewRoadEvent, vehicle_id: 12, road_id: 5130501708444598965 id: 1016 at time: 265.199
Processed event: VehicleEnterNewRoadEvent, vehicle_id: 12, road_id: 5130501708444598965 id: 1016
processing event: VehicleDepartureEvent, vehicle_id: 12, road_id: 5130501708444598965, offset: 0.000000 id: 1017 at time: 265.199
Processed event: VehicleDepartureEvent, vehicle_id: 12, road_id: 5130501708444598965, offset: 0.000000 id: 1017
processing event: VehicleArriveIntersectionEvent, vehicle_id: 8, road_id: 5130501798638911983 id: 997 at time: 269.477
Processed event: VehicleArriveIntersectionEvent, vehicle_id: 8, road_id: 5130501798638911983 id: 997
processing event: VehicleEnterNewRoadEvent, vehicle_id: 8, road_id: 5130501798638911979 id: 1019 at time: 269.477
Processed event: VehicleEnterNewRoadEvent, vehicle_id: 8, road_id: 5130501798638911979 id: 1019
processing event: VehicleDepartureEvent, vehicle_id: 8, road_id: 5130501798638911979, offset: 0.000000 id: 1020 at time: 269.477
Processed event: VehicleDepartureEvent, vehicle_id: 8, road_id: 5130501798638911979, offset: 0.000000 id: 1020
Simulator::runFor: now_ = 269.477 target = 270
[progress] simulator time = 270 / 1000
processing event: OrderMatchedEvent, order_id: 14, vehicle_id: 14 id: 1022 at time: 270
Processed event: OrderMatchedEvent, order_id: 14, vehicle_id: 14 id: 1022
processing event: VehicleDepartureEvent, vehicle_id: 14, road_id: 5130478412541985094, offset: 58.527109 id: 1023 at time: 270
Processed event: VehicleDepartureEvent, vehicle_id: 14, road_id: 5130478412541985094, offset: 58.527109 id: 1023
processing event: PassengerArrivalEvent, passenger_id: 14 id: 1024 at time: 270
Processed event: PassengerArrivalEvent, passenger_id: 14 id: 1024
processing event: VehicleArriveIntersectionEvent, vehicle_id: 16, road_id: 5130501798638911833 id: 950 at time: 275.257
Processed event: VehicleArriveIntersectionEvent, vehicle_id: 16, road_id: 5130501798638911833 id: 950
processing event: VehicleEnterNewRoadEvent, vehicle_id: 16, road_id: 5130501708444598440 id: 1026 at time: 275.257
Processed event: VehicleEnterNewRoadEvent, vehicle_id: 16, road_id: 5130501708444598440 id: 1026
processing event: VehicleDepartureEvent, vehicle_id: 16, road_id: 5130501708444598440, offset: 0.000000 id: 1027 at time: 275.257
Processed event: VehicleDepartureEvent, vehicle_id: 16, road_id: 5130501708444598440, offset: 0.000000 id: 1027
Event is not valid: VehicleArriveIntersectionEvent, vehicle_id: 20, road_id: 5130478348117476547 id: 982 at time: 277.336
processing event: VehicleArriveIntersectionEvent, vehicle_id: 20, road_id: 5130478348117476547 id: 988 at time: 277.336
Processed event: VehicleArriveIntersectionEvent, vehicle_id: 20, road_id: 5130478348117476547 id: 988
processing event: VehicleEnterNewRoadEvent, vehicle_id: 20, road_id: 5130478356707411001 id: 1029 at time: 277.336
Processed event: VehicleEnterNewRoadEvent, vehicle_id: 20, road_id: 5130478356707411001 id: 1029
processing event: VehicleDepartureEvent, vehicle_id: 20, road_id: 5130478356707411001, offset: 0.000000 id: 1032 at time: 277.336
Processed event: VehicleDepartureEvent, vehicle_id: 20, road_id: 5130478356707411001, offset: 0.000000 id: 1032
processing event: VehicleArriveIntersectionEvent, vehicle_id: 5, road_id: 5130478356707411063 id: 1000 at time: 278.934
Processed event: VehicleArriveIntersectionEvent, vehicle_id: 5, road_id: 5130478356707411063 id: 1000
Event is not valid: VehicleCheckPointEvent, vehicle_id: 10 id: 1030 at time: 279.496
Simulator::runFor: now_ = 279.496 target = 280
[progress] simulator time = 280 / 1000
processing event: VehicleArriveIntersectionEvent, vehicle_id: 6, road_id: 5130501706297114832 id: 1015 at time: 280.259
Processed event: VehicleArriveIntersectionEvent, vehicle_id: 6, road_id: 5130501706297114832 id: 1015
processing event: VehicleEnterNewRoadEvent, vehicle_id: 6, road_id: 5130501800786395574 id: 1035 at time: 280.259
Processed event: VehicleEnterNewRoadEvent, vehicle_id: 6, road_id: 5130501800786395574 id: 1035
processing event: VehicleDepartureEvent, vehicle_id: 6, road_id: 5130501800786395574, offset: 0.000000 id: 1036 at time: 280.259
Processed event: VehicleDepartureEvent, vehicle_id: 6, road_id: 5130501800786395574, offset: 0.000000 id: 1036
processing event: VehicleEnterNewRoadEvent, vehicle_id: 5, road_id: 5130478358854893665 id: 1034 at time: 280.631
Processed event: VehicleEnterNewRoadEvent, vehicle_id: 5, road_id: 5130478358854893665 id: 1034
processing event: VehicleDepartureEvent, vehicle_id: 5, road_id: 5130478358854893665, offset: 0.000000 id: 1038 at time: 280.631
Processed event: VehicleDepartureEvent, vehicle_id: 5, road_id: 5130478358854893665, offset: 0.000000 id: 1038
processing event: VehicleArriveIntersectionEvent, vehicle_id: 10, road_id: 5130478348117476547 id: 1031 at time: 280.936
Processed event: VehicleArriveIntersectionEvent, vehicle_id: 10, road_id: 5130478348117476547 id: 1031
processing event: VehicleEnterNewRoadEvent, vehicle_id: 10, road_id: 5130478356707411001 id: 1040 at time: 280.936
Processed event: VehicleEnterNewRoadEvent, vehicle_id: 10, road_id: 5130478356707411001 id: 1040
processing event: VehicleDepartureEvent, vehicle_id: 10, road_id: 5130478356707411001, offset: 0.000000 id: 1041 at time: 280.936
Processed event: VehicleDepartureEvent, vehicle_id: 10, road_id: 5130478356707411001, offset: 0.000000 id: 1041
processing event: VehicleEnterNewRoadEvent, vehicle_id: 19, road_id: 5130478414689468742 id: 919 at time: 281.16
Processed event: VehicleEnterNewRoadEvent, vehicle_id: 19, road_id: 5130478414689468742 id: 919
processing event: VehicleDepartureEvent, vehicle_id: 19, road_id: 5130478414689468742, offset: 0.000000 id: 1044 at time: 281.16
Processed event: VehicleDepartureEvent, vehicle_id: 19, road_id: 5130478414689468742, offset: 0.000000 id: 1044
processing event: VehicleArriveIntersectionEvent, vehicle_id: 8, road_id: 5130501798638911979 id: 1021 at time: 281.718
Processed event: VehicleArriveIntersectionEvent, vehicle_id: 8, road_id: 5130501798638911979 id: 1021
processing event: VehicleEnterNewRoadEvent, vehicle_id: 8, road_id: 5130501798638911980 id: 1046 at time: 281.718
Processed event: VehicleEnterNewRoadEvent, vehicle_id: 8, road_id: 5130501798638911980 id: 1046
processing event: VehicleDepartureEvent, vehicle_id: 8, road_id: 5130501798638911980, offset: 0.000000 id: 1047 at time: 281.718
Processed event: VehicleDepartureEvent, vehicle_id: 8, road_id: 5130501798638911980, offset: 0.000000 id: 1047
processing event: VehicleArriveIntersectionEvent, vehicle_id: 16, road_id: 5130501708444598440 id: 1028 at time: 285.338
Processed event: VehicleArriveIntersectionEvent, vehicle_id: 16, road_id: 5130501708444598440 id: 1028
processing event: VehicleEnterNewRoadEvent, vehicle_id: 16, road_id: 5130501708444598441 id: 1049 at time: 285.338
Processed event: VehicleEnterNewRoadEvent, vehicle_id: 16, road_id: 5130501708444598441 id: 1049
processing event: VehicleDepartureEvent, vehicle_id: 16, road_id: 5130501708444598441, offset: 0.000000 id: 1050 at time: 285.338
Processed event: VehicleDepartureEvent, vehicle_id: 16, road_id: 5130501708444598441, offset: 0.000000 id: 1050
processing event: VehicleArriveIntersectionEvent, vehicle_id: 5, road_id: 5130478358854893665 id: 1039 at time: 288.551
Processed event: VehicleArriveIntersectionEvent, vehicle_id: 5, road_id: 5130478358854893665 id: 1039
processing event: VehicleEnterNewRoadEvent, vehicle_id: 5, road_id: 5130478356707409973 id: 1052 at time: 288.551
Processed event: VehicleEnterNewRoadEvent, vehicle_id: 5, road_id: 5130478356707409973 id: 1052
processing event: VehicleDepartureEvent, vehicle_id: 5, road_id: 5130478356707409973, offset: 0.000000 id: 1053 at time: 288.551
Processed event: VehicleDepartureEvent, vehicle_id: 5, road_id: 5130478356707409973, offset: 0.000000 id: 1053
processing event: PassengerRouteStartEvent, passenger_id: 15, route_id: 1 id: 14 at time: 289
Processed event: PassengerRouteStartEvent, passenger_id: 15, route_id: 1 id: 14
processing event: OrderCreatedEvent, order_id: 15, available_pickups: 3 , available_dropoffs: 2 , passenger_id: 15, route_id: 1, passenger_num: 0 id: 1055 at time: 289
Processed event: OrderCreatedEvent, order_id: 15, available_pickups: 3 , available_dropoffs: 2 , passenger_id: 15, route_id: 1, passenger_num: 3 id: 1055
Simulator::runFor: now_ = 289 target = 290
[progress] simulator time = 290 / 1000
processing event: OrderMatchedEvent, order_id: 15, vehicle_id: 11 id: 1056 at time: 290
Processed event: OrderMatchedEvent, order_id: 15, vehicle_id: 11 id: 1056
processing event: VehicleDepartureEvent, vehicle_id: 11, road_id: 5130501798638911834, offset: 17.497492 id: 1057 at time: 290
Processed event: VehicleDepartureEvent, vehicle_id: 11, road_id: 5130501798638911834, offset: 17.497492 id: 1057
processing event: PassengerArrivalEvent, passenger_id: 15 id: 1058 at time: 290
Processed event: PassengerArrivalEvent, passenger_id: 15 id: 1058
processing event: VehicleArriveIntersectionEvent, vehicle_id: 12, road_id: 5130501708444598965 id: 1018 at time: 290.401
Processed event: VehicleArriveIntersectionEvent, vehicle_id: 12, road_id: 5130501708444598965 id: 1018
processing event: VehicleEnterNewRoadEvent, vehicle_id: 12, road_id: 5130501708444599059 id: 1060 at time: 290.401
Processed event: VehicleEnterNewRoadEvent, vehicle_id: 12, road_id: 5130501708444599059 id: 1060
processing event: VehicleDepartureEvent, vehicle_id: 12, road_id: 5130501708444599059, offset: 0.000000 id: 1061 at time: 290.401
Processed event: VehicleDepartureEvent, vehicle_id: 12, road_id: 5130501708444599059, offset: 0.000000 id: 1061
processing event: VehicleArriveIntersectionEvent, vehicle_id: 6, road_id: 5130501800786395574 id: 1037 at time: 291.78
Processed event: VehicleArriveIntersectionEvent, vehicle_id: 6, road_id: 5130501800786395574 id: 1037
processing event: VehicleEnterNewRoadEvent, vehicle_id: 6, road_id: 5130501800786395572 id: 1063 at time: 291.78
Processed event: VehicleEnterNewRoadEvent, vehicle_id: 6, road_id: 5130501800786395572 id: 1063
processing event: VehicleDepartureEvent, vehicle_id: 6, road_id: 5130501800786395572, offset: 0.000000 id: 1064 at time: 291.78
Processed event: VehicleDepartureEvent, vehicle_id: 6, road_id: 5130501800786395572, offset: 0.000000 id: 1064
processing event: VehicleArriveIntersectionEvent, vehicle_id: 16, road_id: 5130501708444598441 id: 1051 at time: 294.519
Processed event: VehicleArriveIntersectionEvent, vehicle_id: 16, road_id: 5130501708444598441 id: 1051
processing event: VehicleEnterNewRoadEvent, vehicle_id: 16, road_id: 5130501708444598353 id: 1066 at time: 294.519
Processed event: VehicleEnterNewRoadEvent, vehicle_id: 16, road_id: 5130501708444598353 id: 1066
processing event: VehicleDepartureEvent, vehicle_id: 16, road_id: 5130501708444598353, offset: 0.000000 id: 1067 at time: 294.519
Processed event: VehicleDepartureEvent, vehicle_id: 16, road_id: 5130501708444598353, offset: 0.000000 id: 1067
Event is not valid: VehicleArriveIntersectionEvent, vehicle_id: 20, road_id: 5130478356707411001 id: 1033 at time: 294.977
processing event: VehicleArriveIntersectionEvent, vehicle_id: 20, road_id: 5130478356707411001 id: 1042 at time: 294.977
Processed event: VehicleArriveIntersectionEvent, vehicle_id: 20, road_id: 5130478356707411001 id: 1042
processing event: VehicleEnterNewRoadEvent, vehicle_id: 20, road_id: 5130478356707410991 id: 1069 at time: 294.977
Processed event: VehicleEnterNewRoadEvent, vehicle_id: 20, road_id: 5130478356707410991 id: 1069
processing event: VehicleDepartureEvent, vehicle_id: 20, road_id: 5130478356707410991, offset: 0.000000 id: 1072 at time: 294.977
Processed event: VehicleDepartureEvent, vehicle_id: 20, road_id: 5130478356707410991, offset: 0.000000 id: 1072
processing event: VehicleArriveIntersectionEvent, vehicle_id: 11, road_id: 5130501798638911834 id: 1059 at time: 295.131
Processed event: VehicleArriveIntersectionEvent, vehicle_id: 11, road_id: 5130501798638911834 id: 1059
processing event: VehicleEnterNewRoadEvent, vehicle_id: 11, road_id: 5130501800786395482 id: 1074 at time: 295.131
Processed event: VehicleEnterNewRoadEvent, vehicle_id: 11, road_id: 5130501800786395482 id: 1074
processing event: VehicleDepartureEvent, vehicle_id: 11, road_id: 5130501800786395482, offset: 0.000000 id: 1075 at time: 295.131
Processed event: VehicleDepartureEvent, vehicle_id: 11, road_id: 5130501800786395482, offset: 0.000000 id: 1075
Event is not valid: VehicleCheckPointEvent, vehicle_id: 10 id: 1070 at time: 297.138
processing event: VehicleArriveIntersectionEvent, vehicle_id: 10, road_id: 5130478356707411001 id: 1071 at time: 298.578
Processed event: VehicleArriveIntersectionEvent, vehicle_id: 10, road_id: 5130478356707411001 id: 1071
processing event: VehicleEnterNewRoadEvent, vehicle_id: 10, road_id: 5130478356707410991 id: 1077 at time: 298.578
Processed event: VehicleEnterNewRoadEvent, vehicle_id: 10, road_id: 5130478356707410991 id: 1077
processing event: VehicleDepartureEvent, vehicle_id: 10, road_id: 5130478356707410991, offset: 0.000000 id: 1078 at time: 298.578
Processed event: VehicleDepartureEvent, vehicle_id: 10, road_id: 5130478356707410991, offset: 0.000000 id: 1078
Event is not valid: VehicleCheckPointEvent, vehicle_id: 14 id: 1025 at time: 298.708
processing event: VehicleArriveIntersectionEvent, vehicle_id: 16, road_id: 5130501708444598353 id: 1068 at time: 299.739
Processed event: VehicleArriveIntersectionEvent, vehicle_id: 16, road_id: 5130501708444598353 id: 1068
Simulator::runFor: now_ = 299.739 target = 300
[progress] simulator time = 300 / 1000
processing event: VehicleArriveIntersectionEvent, vehicle_id: 14, road_id: 5130478412541985094 id: 1043 at time: 300.148
Processed event: VehicleArriveIntersectionEvent, vehicle_id: 14, road_id: 5130478412541985094 id: 1043
processing event: VehicleArriveIntersectionEvent, vehicle_id: 3, road_id: 5130501798638911521 id: 1011 at time: 300.814
Processed event: VehicleArriveIntersectionEvent, vehicle_id: 3, road_id: 5130501798638911521 id: 1011
processing event: VehicleEnterNewRoadEvent, vehicle_id: 3, road_id: 5130501798638911982 id: 1082 at time: 300.814
Processed event: VehicleEnterNewRoadEvent, vehicle_id: 3, road_id: 5130501798638911982 id: 1082
processing event: VehicleDepartureEvent, vehicle_id: 3, road_id: 5130501798638911982, offset: 0.000000 id: 1083 at time: 300.814
Processed event: VehicleDepartureEvent, vehicle_id: 3, road_id: 5130501798638911982, offset: 0.000000 id: 1083
processing event: VehicleEnterNewRoadEvent, vehicle_id: 16, road_id: 5130501708444598863 id: 1080 at time: 301.9
Processed event: VehicleEnterNewRoadEvent, vehicle_id: 16, road_id: 5130501708444598863 id: 1080
processing event: VehicleDepartureEvent, vehicle_id: 16, road_id: 5130501708444598863, offset: 0.000000 id: 1085 at time: 301.9
Processed event: VehicleDepartureEvent, vehicle_id: 16, road_id: 5130501708444598863, offset: 0.000000 id: 1085
processing event: VehicleEnterNewRoadEvent, vehicle_id: 14, road_id: 5130478414689468742 id: 1081 at time: 302.308
Processed event: VehicleEnterNewRoadEvent, vehicle_id: 14, road_id: 5130478414689468742 id: 1081
processing event: VehicleDepartureEvent, vehicle_id: 14, road_id: 5130478414689468742, offset: 0.000000 id: 1087 at time: 302.308
Processed event: VehicleDepartureEvent, vehicle_id: 14, road_id: 5130478414689468742, offset: 0.000000 id: 1087
processing event: VehicleArriveIntersectionEvent, vehicle_id: 11, road_id: 5130501800786395482 id: 1076 at time: 303.412
Processed event: VehicleArriveIntersectionEvent, vehicle_id: 11, road_id: 5130501800786395482 id: 1076
processing event: VehicleEnterNewRoadEvent, vehicle_id: 11, road_id: 5130501706297114865 id: 1089 at time: 303.412
Processed event: VehicleEnterNewRoadEvent, vehicle_id: 11, road_id: 5130501706297114865 id: 1089
processing event: VehicleDepartureEvent, vehicle_id: 11, road_id: 5130501706297114865, offset: 0.000000 id: 1090 at time: 303.412
Processed event: VehicleDepartureEvent, vehicle_id: 11, road_id: 5130501706297114865, offset: 0.000000 id: 1090
processing event: PassengerRouteStartEvent, passenger_id: 16, route_id: 1 id: 15 at time: 305
Processed event: PassengerRouteStartEvent, passenger_id: 16, route_id: 1 id: 15
processing event: OrderCreatedEvent, order_id: 16, available_pickups: 3 , available_dropoffs: 4 , passenger_id: 16, route_id: 1, passenger_num: 0 id: 1092 at time: 305
Processed event: OrderCreatedEvent, order_id: 16, available_pickups: 3 , available_dropoffs: 4 , passenger_id: 16, route_id: 1, passenger_num: 3 id: 1092
processing event: VehicleArriveIntersectionEvent, vehicle_id: 5, road_id: 5130478356707409973 id: 1054 at time: 305.833
Processed event: VehicleArriveIntersectionEvent, vehicle_id: 5, road_id: 5130478356707409973 id: 1054
processing event: VehicleEnterNewRoadEvent, vehicle_id: 5, road_id: 5130478356707409974 id: 1093 at time: 305.833
Processed event: VehicleEnterNewRoadEvent, vehicle_id: 5, road_id: 5130478356707409974 id: 1093
processing event: VehicleDepartureEvent, vehicle_id: 5, road_id: 5130478356707409974, offset: 0.000000 id: 1094 at time: 305.833
Processed event: VehicleDepartureEvent, vehicle_id: 5, road_id: 5130478356707409974, offset: 0.000000 id: 1094
processing event: VehicleArriveIntersectionEvent, vehicle_id: 3, road_id: 5130501798638911982 id: 1084 at time: 309.634
Processed event: VehicleArriveIntersectionEvent, vehicle_id: 3, road_id: 5130501798638911982 id: 1084
processing event: VehicleEnterNewRoadEvent, vehicle_id: 3, road_id: 5130501798638911983 id: 1096 at time: 309.634
Processed event: VehicleEnterNewRoadEvent, vehicle_id: 3, road_id: 5130501798638911983 id: 1096
processing event: VehicleDepartureEvent, vehicle_id: 3, road_id: 5130501798638911983, offset: 0.000000 id: 1097 at time: 309.634
Processed event: VehicleDepartureEvent, vehicle_id: 3, road_id: 5130501798638911983, offset: 0.000000 id: 1097
Simulator::runFor: now_ = 309.634 target = 310
[progress] simulator time = 310 / 1000
processing event: OrderMatchedEvent, order_id: 16, vehicle_id: 18 id: 1099 at time: 310
Processed event: OrderMatchedEvent, order_id: 16, vehicle_id: 18 id: 1099
processing event: VehicleDepartureEvent, vehicle_id: 18, road_id: 5130501800786395168, offset: 116.505572 id: 1100 at time: 310
Processed event: VehicleDepartureEvent, vehicle_id: 18, road_id: 5130501800786395168, offset: 116.505572 id: 1100
processing event: PassengerArrivalEvent, passenger_id: 16 id: 1101 at time: 310
Processed event: PassengerArrivalEvent, passenger_id: 16 id: 1101
processing event: BusArrivalEvent, vehicle_id: 18, stop_id: 3 id: 1102 at time: 310.18
Processed event: BusArrivalEvent, vehicle_id: 18, stop_id: 3 id: 1102
processing event: PassengerOnboardEvent, passenger_id: 16 id: 1103 at time: 310.18
Processed event: PassengerOnboardEvent, passenger_id: 16 id: 1103
processing event: VehicleArriveIntersectionEvent, vehicle_id: 8, road_id: 5130501798638911980 id: 1048 at time: 313.761
Processed event: VehicleArriveIntersectionEvent, vehicle_id: 8, road_id: 5130501798638911980 id: 1048
processing event: VehicleEnterNewRoadEvent, vehicle_id: 8, road_id: 5130501798638911924 id: 1105 at time: 313.761
Processed event: VehicleEnterNewRoadEvent, vehicle_id: 8, road_id: 5130501798638911924 id: 1105
processing event: VehicleDepartureEvent, vehicle_id: 8, road_id: 5130501798638911924, offset: 0.000000 id: 1106 at time: 313.761
Processed event: VehicleDepartureEvent, vehicle_id: 8, road_id: 5130501798638911924, offset: 0.000000 id: 1106
processing event: VehicleDepartureEvent, vehicle_id: 18, road_id: 5130501800786395168, offset: 117.505572 id: 1104 at time: 315.18
Processed event: VehicleDepartureEvent, vehicle_id: 18, road_id: 5130501800786395168, offset: 117.505572 id: 1104
processing event: VehicleArriveIntersectionEvent, vehicle_id: 16, road_id: 5130501708444598863 id: 1086 at time: 317.561
Processed event: VehicleArriveIntersectionEvent, vehicle_id: 16, road_id: 5130501708444598863 id: 1086
processing event: VehicleEnterNewRoadEvent, vehicle_id: 16, road_id: 5130501708444598861 id: 1109 at time: 317.561
Processed event: VehicleEnterNewRoadEvent, vehicle_id: 16, road_id: 5130501708444598861 id: 1109
processing event: VehicleDepartureEvent, vehicle_id: 16, road_id: 5130501708444598861, offset: 0.000000 id: 1110 at time: 317.561
Processed event: VehicleDepartureEvent, vehicle_id: 16, road_id: 5130501708444598861, offset: 0.000000 id: 1110
Simulator::runFor: now_ = 317.561 target = 320
[progress] simulator time = 320 / 1000
processing event: VehicleArriveIntersectionEvent, vehicle_id: 19, road_id: 5130478414689468742 id: 1045 at time: 321.844
Processed event: VehicleArriveIntersectionEvent, vehicle_id: 19, road_id: 5130478414689468742 id: 1045
processing event: VehicleEnterNewRoadEvent, vehicle_id: 19, road_id: 5130478412541985345 id: 1112 at time: 321.844
Processed event: VehicleEnterNewRoadEvent, vehicle_id: 19, road_id: 5130478412541985345 id: 1112
processing event: VehicleDepartureEvent, vehicle_id: 19, road_id: 5130478412541985345, offset: 0.000000 id: 1113 at time: 321.844
Processed event: VehicleDepartureEvent, vehicle_id: 19, road_id: 5130478412541985345, offset: 0.000000 id: 1113
processing event: VehicleArriveIntersectionEvent, vehicle_id: 18, road_id: 5130501800786395168 id: 1108 at time: 324.27
Processed event: VehicleArriveIntersectionEvent, vehicle_id: 18, road_id: 5130501800786395168 id: 1108
processing event: VehicleEnterNewRoadEvent, vehicle_id: 18, road_id: 5130501798638911520 id: 1115 at time: 325.967
Processed event: VehicleEnterNewRoadEvent, vehicle_id: 18, road_id: 5130501798638911520 id: 1115
processing event: VehicleDepartureEvent, vehicle_id: 18, road_id: 5130501798638911520, offset: 0.000000 id: 1116 at time: 325.967
Processed event: VehicleDepartureEvent, vehicle_id: 18, road_id: 5130501798638911520, offset: 0.000000 id: 1116
processing event: VehicleArriveIntersectionEvent, vehicle_id: 16, road_id: 5130501708444598861 id: 1111 at time: 326.382
Processed event: VehicleArriveIntersectionEvent, vehicle_id: 16, road_id: 5130501708444598861 id: 1111
processing event: VehicleEnterNewRoadEvent, vehicle_id: 16, road_id: 5130501708444598860 id: 1118 at time: 326.382
Processed event: VehicleEnterNewRoadEvent, vehicle_id: 16, road_id: 5130501708444598860 id: 1118
processing event: VehicleDepartureEvent, vehicle_id: 16, road_id: 5130501708444598860, offset: 0.000000 id: 1119 at time: 326.382
Processed event: VehicleDepartureEvent, vehicle_id: 16, road_id: 5130501708444598860, offset: 0.000000 id: 1119
processing event: VehicleArriveIntersectionEvent, vehicle_id: 11, road_id: 5130501706297114865 id: 1091 at time: 327.174
Processed event: VehicleArriveIntersectionEvent, vehicle_id: 11, road_id: 5130501706297114865 id: 1091
processing event: VehicleEnterNewRoadEvent, vehicle_id: 11, road_id: 5130501706297114866 id: 1121 at time: 327.174
Processed event: VehicleEnterNewRoadEvent, vehicle_id: 11, road_id: 5130501706297114866 id: 1121
processing event: VehicleDepartureEvent, vehicle_id: 11, road_id: 5130501706297114866, offset: 0.000000 id: 1122 at time: 327.174
Processed event: VehicleDepartureEvent, vehicle_id: 11, road_id: 5130501706297114866, offset: 0.000000 id: 1122
Simulator::runFor: now_ = 327.174 target = 330
[progress] simulator time = 330 / 1000
processing event: VehicleArriveIntersectionEvent, vehicle_id: 6, road_id: 5130501800786395572 id: 1065 at time: 331.564
Processed event: VehicleArriveIntersectionEvent, vehicle_id: 6, road_id: 5130501800786395572 id: 1065
Event is not valid: VehicleArriveIntersectionEvent, vehicle_id: 17, road_id: 5130501708444599059 id: 953 at time: 331.873
processing event: VehicleArriveIntersectionEvent, vehicle_id: 17, road_id: 5130501708444599059 id: 1062 at time: 331.873
Processed event: VehicleArriveIntersectionEvent, vehicle_id: 17, road_id: 5130501708444599059 id: 1062
processing event: VehicleEnterNewRoadEvent, vehicle_id: 17, road_id: 5130501708444598521 id: 1125 at time: 331.873
Processed event: VehicleEnterNewRoadEvent, vehicle_id: 17, road_id: 5130501708444598521 id: 1125
processing event: VehicleDepartureEvent, vehicle_id: 17, road_id: 5130501708444598521, offset: 0.000000 id: 1128 at time: 331.873
Processed event: VehicleDepartureEvent, vehicle_id: 17, road_id: 5130501708444598521, offset: 0.000000 id: 1128
processing event: VehicleArriveIntersectionEvent, vehicle_id: 5, road_id: 5130478356707409974 id: 1095 at time: 332.296
Processed event: VehicleArriveIntersectionEvent, vehicle_id: 5, road_id: 5130478356707409974 id: 1095
processing event: VehicleEnterNewRoadEvent, vehicle_id: 5, road_id: 5130478356707409969 id: 1130 at time: 332.296
Processed event: VehicleEnterNewRoadEvent, vehicle_id: 5, road_id: 5130478356707409969 id: 1130
processing event: VehicleDepartureEvent, vehicle_id: 5, road_id: 5130478356707409969, offset: 0.000000 id: 1131 at time: 332.296
Processed event: VehicleDepartureEvent, vehicle_id: 5, road_id: 5130478356707409969, offset: 0.000000 id: 1131
processing event: VehicleEnterNewRoadEvent, vehicle_id: 6, road_id: 5130501800786395628 id: 1124 at time: 332.413
Processed event: VehicleEnterNewRoadEvent, vehicle_id: 6, road_id: 5130501800786395628 id: 1124
processing event: VehicleDepartureEvent, vehicle_id: 6, road_id: 5130501800786395628, offset: 0.000000 id: 1133 at time: 332.413
Processed event: VehicleDepartureEvent, vehicle_id: 6, road_id: 5130501800786395628, offset: 0.000000 id: 1133
processing event: VehicleArriveIntersectionEvent, vehicle_id: 3, road_id: 5130501798638911983 id: 1098 at time: 334.477
Processed event: VehicleArriveIntersectionEvent, vehicle_id: 3, road_id: 5130501798638911983 id: 1098
processing event: VehicleEnterNewRoadEvent, vehicle_id: 3, road_id: 5130501798638911979 id: 1135 at time: 334.477
Processed event: VehicleEnterNewRoadEvent, vehicle_id: 3, road_id: 5130501798638911979 id: 1135
processing event: VehicleDepartureEvent, vehicle_id: 3, road_id: 5130501798638911979, offset: 0.000000 id: 1136 at time: 334.477
Processed event: VehicleDepartureEvent, vehicle_id: 3, road_id: 5130501798638911979, offset: 0.000000 id: 1136
processing event: VehicleArriveIntersectionEvent, vehicle_id: 16, road_id: 5130501708444598860 id: 1120 at time: 334.483
Processed event: VehicleArriveIntersectionEvent, vehicle_id: 16, road_id: 5130501708444598860 id: 1120
processing event: VehicleEnterNewRoadEvent, vehicle_id: 16, road_id: 5130501708444598892 id: 1138 at time: 334.483
Processed event: VehicleEnterNewRoadEvent, vehicle_id: 16, road_id: 5130501708444598892 id: 1138
processing event: VehicleDepartureEvent, vehicle_id: 16, road_id: 5130501708444598892, offset: 0.000000 id: 1139 at time: 334.483
Processed event: VehicleDepartureEvent, vehicle_id: 16, road_id: 5130501708444598892, offset: 0.000000 id: 1139
Simulator::runFor: now_ = 334.483 target = 340
[progress] simulator time = 340 / 1000
processing event: VehicleArriveIntersectionEvent, vehicle_id: 14, road_id: 5130478414689468742 id: 1088 at time: 342.992
Processed event: VehicleArriveIntersectionEvent, vehicle_id: 14, road_id: 5130478414689468742 id: 1088
processing event: VehicleEnterNewRoadEvent, vehicle_id: 14, road_id: 5130478412541985345 id: 1141 at time: 342.992
Processed event: VehicleEnterNewRoadEvent, vehicle_id: 14, road_id: 5130478412541985345 id: 1141
processing event: VehicleDepartureEvent, vehicle_id: 14, road_id: 5130478412541985345, offset: 0.000000 id: 1142 at time: 342.992
Processed event: VehicleDepartureEvent, vehicle_id: 14, road_id: 5130478412541985345, offset: 0.000000 id: 1142
processing event: VehicleArriveIntersectionEvent, vehicle_id: 3, road_id: 5130501798638911979 id: 1137 at time: 346.718
Processed event: VehicleArriveIntersectionEvent, vehicle_id: 3, road_id: 5130501798638911979 id: 1137
processing event: VehicleEnterNewRoadEvent, vehicle_id: 3, road_id: 5130501798638911980 id: 1144 at time: 346.718
Processed event: VehicleEnterNewRoadEvent, vehicle_id: 3, road_id: 5130501798638911980 id: 1144
processing event: VehicleDepartureEvent, vehicle_id: 3, road_id: 5130501798638911980, offset: 0.000000 id: 1145 at time: 346.718
Processed event: VehicleDepartureEvent, vehicle_id: 3, road_id: 5130501798638911980, offset: 0.000000 id: 1145
Simulator::runFor: now_ = 346.718 target = 350
[progress] simulator time = 350 / 1000
processing event: VehicleArriveIntersectionEvent, vehicle_id: 11, road_id: 5130501706297114866 id: 1123 at time: 350.036
Processed event: VehicleArriveIntersectionEvent, vehicle_id: 11, road_id: 5130501706297114866 id: 1123
processing event: VehicleArriveIntersectionEvent, vehicle_id: 7, road_id: 5130501708444599288 id: 937 at time: 350.95
Processed event: VehicleArriveIntersectionEvent, vehicle_id: 7, road_id: 5130501708444599288 id: 937
processing event: VehicleEnterNewRoadEvent, vehicle_id: 11, road_id: 5130501704149631330 id: 1147 at time: 352.581
Processed event: VehicleEnterNewRoadEvent, vehicle_id: 11, road_id: 5130501704149631330 id: 1147
processing event: VehicleDepartureEvent, vehicle_id: 11, road_id: 5130501704149631330, offset: 0.000000 id: 1149 at time: 352.581
Processed event: VehicleDepartureEvent, vehicle_id: 11, road_id: 5130501704149631330, offset: 0.000000 id: 1149
processing event: VehicleEnterNewRoadEvent, vehicle_id: 7, road_id: 5130501708444599199 id: 1148 at time: 352.84
Processed event: VehicleEnterNewRoadEvent, vehicle_id: 7, road_id: 5130501708444599199 id: 1148
processing event: VehicleDepartureEvent, vehicle_id: 7, road_id: 5130501708444599199, offset: 0.000000 id: 1151 at time: 352.84
Processed event: VehicleDepartureEvent, vehicle_id: 7, road_id: 5130501708444599199, offset: 0.000000 id: 1151
processing event: VehicleArriveIntersectionEvent, vehicle_id: 16, road_id: 5130501708444598892 id: 1140 at time: 352.845
Processed event: VehicleArriveIntersectionEvent, vehicle_id: 16, road_id: 5130501708444598892 id: 1140
processing event: VehicleEnterNewRoadEvent, vehicle_id: 16, road_id: 5130501708444598891 id: 1153 at time: 352.845
Processed event: VehicleEnterNewRoadEvent, vehicle_id: 16, road_id: 5130501708444598891 id: 1153
processing event: VehicleDepartureEvent, vehicle_id: 16, road_id: 5130501708444598891, offset: 0.000000 id: 1154 at time: 352.845
Processed event: VehicleDepartureEvent, vehicle_id: 16, road_id: 5130501708444598891, offset: 0.000000 id: 1154
processing event: VehicleArriveIntersectionEvent, vehicle_id: 8, road_id: 5130501798638911924 id: 1107 at time: 353.545
Processed event: VehicleArriveIntersectionEvent, vehicle_id: 8, road_id: 5130501798638911924 id: 1107
processing event: VehicleEnterNewRoadEvent, vehicle_id: 8, road_id: 5130501798638911926 id: 1156 at time: 353.545
Processed event: VehicleEnterNewRoadEvent, vehicle_id: 8, road_id: 5130501798638911926 id: 1156
processing event: VehicleDepartureEvent, vehicle_id: 8, road_id: 5130501798638911926, offset: 0.000000 id: 1157 at time: 353.545
Processed event: VehicleDepartureEvent, vehicle_id: 8, road_id: 5130501798638911926, offset: 0.000000 id: 1157
processing event: PassengerRouteStartEvent, passenger_id: 17, route_id: 1 id: 16 at time: 355
Processed event: PassengerRouteStartEvent, passenger_id: 17, route_id: 1 id: 16
processing event: OrderCreatedEvent, order_id: 17, available_pickups: 1 , available_dropoffs: 4 , passenger_id: 17, route_id: 1, passenger_num: 0 id: 1159 at time: 355
Processed event: OrderCreatedEvent, order_id: 17, available_pickups: 1 , available_dropoffs: 4 , passenger_id: 17, route_id: 1, passenger_num: 1 id: 1159
Event is not valid: VehicleArriveIntersectionEvent, vehicle_id: 19, road_id: 5130478412541985345 id: 1114 at time: 355.688
processing event: VehicleArriveIntersectionEvent, vehicle_id: 19, road_id: 5130478412541985345 id: 1143 at time: 355.688
Processed event: VehicleArriveIntersectionEvent, vehicle_id: 19, road_id: 5130478412541985345 id: 1143
processing event: VehicleEnterNewRoadEvent, vehicle_id: 19, road_id: 5130478412541985347 id: 1160 at time: 355.688
Processed event: VehicleEnterNewRoadEvent, vehicle_id: 19, road_id: 5130478412541985347 id: 1160
processing event: VehicleDepartureEvent, vehicle_id: 19, road_id: 5130478412541985347, offset: 0.000000 id: 1163 at time: 355.688
Processed event: VehicleDepartureEvent, vehicle_id: 19, road_id: 5130478412541985347, offset: 0.000000 id: 1163
processing event: VehicleArriveIntersectionEvent, vehicle_id: 18, road_id: 5130501798638911520 id: 1117 at time: 356.21
Processed event: VehicleArriveIntersectionEvent, vehicle_id: 18, road_id: 5130501798638911520 id: 1117
processing event: VehicleEnterNewRoadEvent, vehicle_id: 18, road_id: 5130501798638911521 id: 1165 at time: 356.21
Processed event: VehicleEnterNewRoadEvent, vehicle_id: 18, road_id: 5130501798638911521 id: 1165
processing event: VehicleDepartureEvent, vehicle_id: 18, road_id: 5130501798638911521, offset: 0.000000 id: 1166 at time: 356.21
Processed event: VehicleDepartureEvent, vehicle_id: 18, road_id: 5130501798638911521, offset: 0.000000 id: 1166
processing event: VehicleArriveIntersectionEvent, vehicle_id: 17, road_id: 5130501708444598521 id: 1129 at time: 358.155
Processed event: VehicleArriveIntersectionEvent, vehicle_id: 17, road_id: 5130501708444598521 id: 1129
Simulator::runFor: now_ = 358.155 target = 360
[progress] simulator time = 360 / 1000
processing event: OrderMatchedEvent, order_id: 17, vehicle_id: 20 id: 1169 at time: 360
Processed event: OrderMatchedEvent, order_id: 17, vehicle_id: 20 id: 1169
processing event: PassengerArrivalEvent, passenger_id: 17 id: 1171 at time: 360
Processed event: PassengerArrivalEvent, passenger_id: 17 id: 1171
processing event: VehicleEnterNewRoadEvent, vehicle_id: 17, road_id: 5130501708444599288 id: 1168 at time: 361.936
Processed event: VehicleEnterNewRoadEvent, vehicle_id: 17, road_id: 5130501708444599288 id: 1168
processing event: VehicleDepartureEvent, vehicle_id: 17, road_id: 5130501708444599288, offset: 0.000000 id: 1172 at time: 361.936
Processed event: VehicleDepartureEvent, vehicle_id: 17, road_id: 5130501708444599288, offset: 0.000000 id: 1172
processing event: VehicleArriveIntersectionEvent, vehicle_id: 6, road_id: 5130501800786395628 id: 1134 at time: 364.456
Processed event: VehicleArriveIntersectionEvent, vehicle_id: 6, road_id: 5130501800786395628 id: 1134
processing event: VehicleEnterNewRoadEvent, vehicle_id: 6, road_id: 5130501800786395627 id: 1174 at time: 364.456
Processed event: VehicleEnterNewRoadEvent, vehicle_id: 6, road_id: 5130501800786395627 id: 1174
processing event: VehicleDepartureEvent, vehicle_id: 6, road_id: 5130501800786395627, offset: 0.000000 id: 1175 at time: 364.456
Processed event: VehicleDepartureEvent, vehicle_id: 6, road_id: 5130501800786395627, offset: 0.000000 id: 1175
processing event: VehicleArriveIntersectionEvent, vehicle_id: 7, road_id: 5130501708444599199 id: 1152 at time: 364.902
Processed event: VehicleArriveIntersectionEvent, vehicle_id: 7, road_id: 5130501708444599199 id: 1152
processing event: VehicleEnterNewRoadEvent, vehicle_id: 7, road_id: 5130501708444599196 id: 1177 at time: 364.902
Processed event: VehicleEnterNewRoadEvent, vehicle_id: 7, road_id: 5130501708444599196 id: 1177
processing event: VehicleDepartureEvent, vehicle_id: 7, road_id: 5130501708444599196, offset: 0.000000 id: 1178 at time: 364.902
Processed event: VehicleDepartureEvent, vehicle_id: 7, road_id: 5130501708444599196, offset: 0.000000 id: 1178
processing event: VehicleArriveIntersectionEvent, vehicle_id: 8, road_id: 5130501798638911926 id: 1158 at time: 365.066
Processed event: VehicleArriveIntersectionEvent, vehicle_id: 8, road_id: 5130501798638911926 id: 1158
processing event: VehicleEnterNewRoadEvent, vehicle_id: 8, road_id: 5130501704149631184 id: 1180 at time: 365.066
Processed event: VehicleEnterNewRoadEvent, vehicle_id: 8, road_id: 5130501704149631184 id: 1180
processing event: VehicleDepartureEvent, vehicle_id: 8, road_id: 5130501704149631184, offset: 0.000000 id: 1181 at time: 365.066
Processed event: VehicleDepartureEvent, vehicle_id: 8, road_id: 5130501704149631184, offset: 0.000000 id: 1181
Simulator::runFor: now_ = 365.066 target = 370
[progress] simulator time = 370 / 1000
processing event: VehicleArriveIntersectionEvent, vehicle_id: 5, road_id: 5130478356707409969 id: 1132 at time: 370.82
Processed event: VehicleArriveIntersectionEvent, vehicle_id: 5, road_id: 5130478356707409969 id: 1132
processing event: VehicleEnterNewRoadEvent, vehicle_id: 5, road_id: 5130478356707409970 id: 1183 at time: 370.82
Processed event: VehicleEnterNewRoadEvent, vehicle_id: 5, road_id: 5130478356707409970 id: 1183
processing event: VehicleDepartureEvent, vehicle_id: 5, road_id: 5130478356707409970, offset: 0.000000 id: 1184 at time: 370.82
Processed event: VehicleDepartureEvent, vehicle_id: 5, road_id: 5130478356707409970, offset: 0.000000 id: 1184
processing event: VehicleArriveIntersectionEvent, vehicle_id: 16, road_id: 5130501708444598891 id: 1155 at time: 373.187
Processed event: VehicleArriveIntersectionEvent, vehicle_id: 16, road_id: 5130501708444598891 id: 1155
processing event: VehicleEnterNewRoadEvent, vehicle_id: 16, road_id: 5130501708444598563 id: 1186 at time: 373.187
Processed event: VehicleEnterNewRoadEvent, vehicle_id: 16, road_id: 5130501708444598563 id: 1186
processing event: VehicleDepartureEvent, vehicle_id: 16, road_id: 5130501708444598563, offset: 0.000000 id: 1187 at time: 373.187
Processed event: VehicleDepartureEvent, vehicle_id: 16, road_id: 5130501708444598563, offset: 0.000000 id: 1187
Event is not valid: VehicleCheckPointEvent, vehicle_id: 14 id: 1161 at time: 375.396
processing event: PassengerRouteStartEvent, passenger_id: 18, route_id: 1 id: 17 at time: 376
Processed event: PassengerRouteStartEvent, passenger_id: 18, route_id: 1 id: 17
processing event: OrderCreatedEvent, order_id: 18, available_pickups: 4 , available_dropoffs: 1 , passenger_id: 18, route_id: 1, passenger_num: 0 id: 1189 at time: 376
Processed event: OrderCreatedEvent, order_id: 18, available_pickups: 4 , available_dropoffs: 1 , passenger_id: 18, route_id: 1, passenger_num: 1 id: 1189
processing event: VehicleArriveIntersectionEvent, vehicle_id: 6, road_id: 5130501800786395627 id: 1176 at time: 376.697
Processed event: VehicleArriveIntersectionEvent, vehicle_id: 6, road_id: 5130501800786395627 id: 1176
processing event: VehicleEnterNewRoadEvent, vehicle_id: 6, road_id: 5130501800786395631 id: 1190 at time: 376.697
Processed event: VehicleEnterNewRoadEvent, vehicle_id: 6, road_id: 5130501800786395631 id: 1190
processing event: VehicleDepartureEvent, vehicle_id: 6, road_id: 5130501800786395631, offset: 0.000000 id: 1191 at time: 376.697
Processed event: VehicleDepartureEvent, vehicle_id: 6, road_id: 5130501800786395631, offset: 0.000000 id: 1191
processing event: VehicleArriveIntersectionEvent, vehicle_id: 14, road_id: 5130478412541985345 id: 1162 at time: 376.836
Processed event: VehicleArriveIntersectionEvent, vehicle_id: 14, road_id: 5130478412541985345 id: 1162
processing event: VehicleEnterNewRoadEvent, vehicle_id: 14, road_id: 5130478412541985347 id: 1193 at time: 376.836
Processed event: VehicleEnterNewRoadEvent, vehicle_id: 14, road_id: 5130478412541985347 id: 1193
processing event: VehicleDepartureEvent, vehicle_id: 14, road_id: 5130478412541985347, offset: 0.000000 id: 1194 at time: 376.836
Processed event: VehicleDepartureEvent, vehicle_id: 14, road_id: 5130478412541985347, offset: 0.000000 id: 1194
processing event: VehicleArriveIntersectionEvent, vehicle_id: 3, road_id: 5130501798638911980 id: 1146 at time: 378.761
Processed event: VehicleArriveIntersectionEvent, vehicle_id: 3, road_id: 5130501798638911980 id: 1146
processing event: VehicleEnterNewRoadEvent, vehicle_id: 3, road_id: 5130501798638911924 id: 1196 at time: 378.761
Processed event: VehicleEnterNewRoadEvent, vehicle_id: 3, road_id: 5130501798638911924 id: 1196
processing event: VehicleDepartureEvent, vehicle_id: 3, road_id: 5130501798638911924, offset: 0.000000 id: 1197 at time: 378.761
Processed event: VehicleDepartureEvent, vehicle_id: 3, road_id: 5130501798638911924, offset: 0.000000 id: 1197
processing event: VehicleArriveIntersectionEvent, vehicle_id: 5, road_id: 5130478356707409970 id: 1185 at time: 378.92
Processed event: VehicleArriveIntersectionEvent, vehicle_id: 5, road_id: 5130478356707409970 id: 1185
processing event: VehicleEnterNewRoadEvent, vehicle_id: 5, road_id: 5130478356707409948 id: 1199 at time: 378.92
Processed event: VehicleEnterNewRoadEvent, vehicle_id: 5, road_id: 5130478356707409948 id: 1199
processing event: VehicleDepartureEvent, vehicle_id: 5, road_id: 5130478356707409948, offset: 0.000000 id: 1200 at time: 378.92
Processed event: VehicleDepartureEvent, vehicle_id: 5, road_id: 5130478356707409948, offset: 0.000000 id: 1200
processing event: VehicleArriveIntersectionEvent, vehicle_id: 19, road_id: 5130478412541985347 id: 1164 at time: 379.45
Processed event: VehicleArriveIntersectionEvent, vehicle_id: 19, road_id: 5130478412541985347 id: 1164
processing event: VehicleEnterNewRoadEvent, vehicle_id: 19, road_id: 5130478412541984889 id: 1202 at time: 379.45
Processed event: VehicleEnterNewRoadEvent, vehicle_id: 19, road_id: 5130478412541984889 id: 1202
processing event: VehicleDepartureEvent, vehicle_id: 19, road_id: 5130478412541984889, offset: 0.000000 id: 1203 at time: 379.45
Processed event: VehicleDepartureEvent, vehicle_id: 19, road_id: 5130478412541984889, offset: 0.000000 id: 1203
Simulator::runFor: now_ = 379.45 target = 380
[progress] simulator time = 380 / 1000
processing event: OrderMatchedEvent, order_id: 18, vehicle_id: 2 id: 1205 at time: 380
Processed event: OrderMatchedEvent, order_id: 18, vehicle_id: 2 id: 1205
processing event: VehicleDepartureEvent, vehicle_id: 2, road_id: 5130501708444599316, offset: 63.122105 id: 1206 at time: 380
Processed event: VehicleDepartureEvent, vehicle_id: 2, road_id: 5130501708444599316, offset: 63.122105 id: 1206
processing event: PassengerArrivalEvent, passenger_id: 18 id: 1207 at time: 380
Processed event: PassengerArrivalEvent, passenger_id: 18 id: 1207
processing event: VehicleArriveIntersectionEvent, vehicle_id: 2, road_id: 5130501708444599316 id: 1208 at time: 380.698
Processed event: VehicleArriveIntersectionEvent, vehicle_id: 2, road_id: 5130501708444599316 id: 1208
processing event: VehicleEnterNewRoadEvent, vehicle_id: 2, road_id: 5130501708444599317 id: 1209 at time: 380.698
Processed event: VehicleEnterNewRoadEvent, vehicle_id: 2, road_id: 5130501708444599317 id: 1209
processing event: VehicleDepartureEvent, vehicle_id: 2, road_id: 5130501708444599317, offset: 0.000000 id: 1210 at time: 380.698
Processed event: VehicleDepartureEvent, vehicle_id: 2, road_id: 5130501708444599317, offset: 0.000000 id: 1210
processing event: VehicleArriveIntersectionEvent, vehicle_id: 8, road_id: 5130501704149631184 id: 1182 at time: 380.728
Processed event: VehicleArriveIntersectionEvent, vehicle_id: 8, road_id: 5130501704149631184 id: 1182
processing event: VehicleEnterNewRoadEvent, vehicle_id: 8, road_id: 5130501704149630989 id: 1212 at time: 384.121
Processed event: VehicleEnterNewRoadEvent, vehicle_id: 8, road_id: 5130501704149630989 id: 1212
processing event: VehicleDepartureEvent, vehicle_id: 8, road_id: 5130501704149630989, offset: 0.000000 id: 1213 at time: 384.121
Processed event: VehicleDepartureEvent, vehicle_id: 8, road_id: 5130501704149630989, offset: 0.000000 id: 1213
processing event: VehicleArriveIntersectionEvent, vehicle_id: 2, road_id: 5130501708444599317 id: 1211 at time: 385.199
Processed event: VehicleArriveIntersectionEvent, vehicle_id: 2, road_id: 5130501708444599317 id: 1211
processing event: VehicleEnterNewRoadEvent, vehicle_id: 2, road_id: 5130501708444598965 id: 1215 at time: 385.199
Processed event: VehicleEnterNewRoadEvent, vehicle_id: 2, road_id: 5130501708444598965 id: 1215
processing event: VehicleDepartureEvent, vehicle_id: 2, road_id: 5130501708444598965, offset: 0.000000 id: 1216 at time: 385.199
Processed event: VehicleDepartureEvent, vehicle_id: 2, road_id: 5130501708444598965, offset: 0.000000 id: 1216
processing event: VehicleArriveIntersectionEvent, vehicle_id: 7, road_id: 5130501708444599196 id: 1179 at time: 385.244
Processed event: VehicleArriveIntersectionEvent, vehicle_id: 7, road_id: 5130501708444599196 id: 1179
processing event: VehicleEnterNewRoadEvent, vehicle_id: 7, road_id: 5130501708444599198 id: 1218 at time: 385.244
Processed event: VehicleEnterNewRoadEvent, vehicle_id: 7, road_id: 5130501708444599198 id: 1218
processing event: VehicleDepartureEvent, vehicle_id: 7, road_id: 5130501708444599198, offset: 0.000000 id: 1219 at time: 385.244
Processed event: VehicleDepartureEvent, vehicle_id: 7, road_id: 5130501708444599198, offset: 0.000000 id: 1219
processing event: VehicleArriveIntersectionEvent, vehicle_id: 19, road_id: 5130478412541984889 id: 1204 at time: 387.191
Processed event: VehicleArriveIntersectionEvent, vehicle_id: 19, road_id: 5130478412541984889 id: 1204
processing event: VehicleEnterNewRoadEvent, vehicle_id: 19, road_id: 5130478412541984821 id: 1221 at time: 387.191
Processed event: VehicleEnterNewRoadEvent, vehicle_id: 19, road_id: 5130478412541984821 id: 1221
processing event: VehicleDepartureEvent, vehicle_id: 19, road_id: 5130478412541984821, offset: 0.000000 id: 1222 at time: 387.191
Processed event: VehicleDepartureEvent, vehicle_id: 19, road_id: 5130478412541984821, offset: 0.000000 id: 1222
Simulator::runFor: now_ = 387.191 target = 390
[progress] simulator time = 390 / 1000
processing event: VehicleArriveIntersectionEvent, vehicle_id: 7, road_id: 5130501708444599198 id: 1220 at time: 393.524
Processed event: VehicleArriveIntersectionEvent, vehicle_id: 7, road_id: 5130501708444599198 id: 1220
processing event: VehicleEnterNewRoadEvent, vehicle_id: 7, road_id: 5130501708444598509 id: 1224 at time: 393.524
Processed event: VehicleEnterNewRoadEvent, vehicle_id: 7, road_id: 5130501708444598509 id: 1224
processing event: VehicleDepartureEvent, vehicle_id: 7, road_id: 5130501708444598509, offset: 0.000000 id: 1225 at time: 393.524
Processed event: VehicleDepartureEvent, vehicle_id: 7, road_id: 5130501708444598509, offset: 0.000000 id: 1225
processing event: VehicleArriveIntersectionEvent, vehicle_id: 18, road_id: 5130501798638911521 id: 1167 at time: 395.814
Processed event: VehicleArriveIntersectionEvent, vehicle_id: 18, road_id: 5130501798638911521 id: 1167
processing event: VehicleEnterNewRoadEvent, vehicle_id: 18, road_id: 5130501798638911982 id: 1227 at time: 395.814
Processed event: VehicleEnterNewRoadEvent, vehicle_id: 18, road_id: 5130501798638911982 id: 1227
processing event: VehicleDepartureEvent, vehicle_id: 18, road_id: 5130501798638911982, offset: 0.000000 id: 1228 at time: 395.814
Processed event: VehicleDepartureEvent, vehicle_id: 18, road_id: 5130501798638911982, offset: 0.000000 id: 1228
Simulator::runFor: now_ = 395.814 target = 400
[progress] simulator time = 400 / 1000
processing event: VehicleArriveIntersectionEvent, vehicle_id: 14, road_id: 5130478412541985347 id: 1195 at time: 400.598
Processed event: VehicleArriveIntersectionEvent, vehicle_id: 14, road_id: 5130478412541985347 id: 1195
processing event: VehicleEnterNewRoadEvent, vehicle_id: 14, road_id: 5130478412541984889 id: 1230 at time: 400.598
Processed event: VehicleEnterNewRoadEvent, vehicle_id: 14, road_id: 5130478412541984889 id: 1230
processing event: VehicleDepartureEvent, vehicle_id: 14, road_id: 5130478412541984889, offset: 0.000000 id: 1231 at time: 400.598
Processed event: VehicleDepartureEvent, vehicle_id: 14, road_id: 5130478412541984889, offset: 0.000000 id: 1231
processing event: VehicleArriveIntersectionEvent, vehicle_id: 7, road_id: 5130501708444598509 id: 1226 at time: 400.725
Processed event: VehicleArriveIntersectionEvent, vehicle_id: 7, road_id: 5130501708444598509 id: 1226
processing event: VehicleEnterNewRoadEvent, vehicle_id: 7, road_id: 5130501708444598505 id: 1233 at time: 400.725
Processed event: VehicleEnterNewRoadEvent, vehicle_id: 7, road_id: 5130501708444598505 id: 1233
processing event: VehicleDepartureEvent, vehicle_id: 7, road_id: 5130501708444598505, offset: 0.000000 id: 1234 at time: 400.725
Processed event: VehicleDepartureEvent, vehicle_id: 7, road_id: 5130501708444598505, offset: 0.000000 id: 1234
processing event: VehicleArriveIntersectionEvent, vehicle_id: 6, road_id: 5130501800786395631 id: 1192 at time: 401.54
Processed event: VehicleArriveIntersectionEvent, vehicle_id: 6, road_id: 5130501800786395631 id: 1192
processing event: VehicleEnterNewRoadEvent, vehicle_id: 6, road_id: 5130501800786395630 id: 1236 at time: 401.54
Processed event: VehicleEnterNewRoadEvent, vehicle_id: 6, road_id: 5130501800786395630 id: 1236
processing event: VehicleDepartureEvent, vehicle_id: 6, road_id: 5130501800786395630, offset: 0.000000 id: 1237 at time: 401.54
Processed event: VehicleDepartureEvent, vehicle_id: 6, road_id: 5130501800786395630, offset: 0.000000 id: 1237
processing event: VehicleArriveIntersectionEvent, vehicle_id: 16, road_id: 5130501708444598563 id: 1188 at time: 401.63
Processed event: VehicleArriveIntersectionEvent, vehicle_id: 16, road_id: 5130501708444598563 id: 1188
processing event: VehicleEnterNewRoadEvent, vehicle_id: 16, road_id: 5130501708444598293 id: 1239 at time: 401.63
Processed event: VehicleEnterNewRoadEvent, vehicle_id: 16, road_id: 5130501708444598293 id: 1239
processing event: VehicleDepartureEvent, vehicle_id: 16, road_id: 5130501708444598293, offset: 0.000000 id: 1240 at time: 401.63
Processed event: VehicleDepartureEvent, vehicle_id: 16, road_id: 5130501708444598293, offset: 0.000000 id: 1240
processing event: VehicleArriveIntersectionEvent, vehicle_id: 19, road_id: 5130478412541984821 id: 1223 at time: 402.672
Processed event: VehicleArriveIntersectionEvent, vehicle_id: 19, road_id: 5130478412541984821 id: 1223
processing event: VehicleArriveIntersectionEvent, vehicle_id: 18, road_id: 5130501798638911982 id: 1229 at time: 404.634
Processed event: VehicleArriveIntersectionEvent, vehicle_id: 18, road_id: 5130501798638911982 id: 1229
processing event: VehicleEnterNewRoadEvent, vehicle_id: 18, road_id: 5130501798638911983 id: 1243 at time: 404.634
Processed event: VehicleEnterNewRoadEvent, vehicle_id: 18, road_id: 5130501798638911983 id: 1243
processing event: VehicleDepartureEvent, vehicle_id: 18, road_id: 5130501798638911983, offset: 0.000000 id: 1244 at time: 404.634
Processed event: VehicleDepartureEvent, vehicle_id: 18, road_id: 5130501798638911983, offset: 0.000000 id: 1244
processing event: VehicleArriveIntersectionEvent, vehicle_id: 16, road_id: 5130501708444598293 id: 1241 at time: 404.69
Processed event: VehicleArriveIntersectionEvent, vehicle_id: 16, road_id: 5130501708444598293 id: 1241
processing event: VehicleEnterNewRoadEvent, vehicle_id: 16, road_id: 5130501708444599171 id: 1246 at time: 404.69
Processed event: VehicleEnterNewRoadEvent, vehicle_id: 16, road_id: 5130501708444599171 id: 1246
processing event: VehicleDepartureEvent, vehicle_id: 16, road_id: 5130501708444599171, offset: 0.000000 id: 1247 at time: 404.69
Processed event: VehicleDepartureEvent, vehicle_id: 16, road_id: 5130501708444599171, offset: 0.000000 id: 1247
Event is not valid: VehicleCheckPointEvent, vehicle_id: 12 id: 1126 at time: 405.433
processing event: VehicleEnterNewRoadEvent, vehicle_id: 19, road_id: 5130478412541984830 id: 1242 at time: 405.854
Processed event: VehicleEnterNewRoadEvent, vehicle_id: 19, road_id: 5130478412541984830 id: 1242
processing event: VehicleDepartureEvent, vehicle_id: 19, road_id: 5130478412541984830, offset: 0.000000 id: 1249 at time: 405.854
Processed event: VehicleDepartureEvent, vehicle_id: 19, road_id: 5130478412541984830, offset: 0.000000 id: 1249
processing event: VehicleArriveIntersectionEvent, vehicle_id: 12, road_id: 5130501708444599059 id: 1127 at time: 406.873
Processed event: VehicleArriveIntersectionEvent, vehicle_id: 12, road_id: 5130501708444599059 id: 1127
processing event: VehicleEnterNewRoadEvent, vehicle_id: 12, road_id: 5130501708444598521 id: 1251 at time: 406.873
Processed event: VehicleEnterNewRoadEvent, vehicle_id: 12, road_id: 5130501708444598521 id: 1251
processing event: VehicleDepartureEvent, vehicle_id: 12, road_id: 5130501708444598521, offset: 0.000000 id: 1252 at time: 406.873
Processed event: VehicleDepartureEvent, vehicle_id: 12, road_id: 5130501708444598521, offset: 0.000000 id: 1252
processing event: VehicleArriveIntersectionEvent, vehicle_id: 7, road_id: 5130501708444598505 id: 1235 at time: 407.026
Processed event: VehicleArriveIntersectionEvent, vehicle_id: 7, road_id: 5130501708444598505 id: 1235
processing event: VehicleEnterNewRoadEvent, vehicle_id: 7, road_id: 5130501708444599204 id: 1254 at time: 407.026
Processed event: VehicleEnterNewRoadEvent, vehicle_id: 7, road_id: 5130501708444599204 id: 1254
processing event: VehicleDepartureEvent, vehicle_id: 7, road_id: 5130501708444599204, offset: 0.000000 id: 1255 at time: 407.026
Processed event: VehicleDepartureEvent, vehicle_id: 7, road_id: 5130501708444599204, offset: 0.000000 id: 1255
processing event: VehicleArriveIntersectionEvent, vehicle_id: 16, road_id: 5130501708444599171 id: 1248 at time: 407.21
Processed event: VehicleArriveIntersectionEvent, vehicle_id: 16, road_id: 5130501708444599171 id: 1248
processing event: VehicleEnterNewRoadEvent, vehicle_id: 16, road_id: 5130501708444599170 id: 1257 at time: 407.21
Processed event: VehicleEnterNewRoadEvent, vehicle_id: 16, road_id: 5130501708444599170 id: 1257
processing event: VehicleDepartureEvent, vehicle_id: 16, road_id: 5130501708444599170, offset: 0.000000 id: 1258 at time: 407.21
Processed event: VehicleDepartureEvent, vehicle_id: 16, road_id: 5130501708444599170, offset: 0.000000 id: 1258
processing event: VehicleArriveIntersectionEvent, vehicle_id: 14, road_id: 5130478412541984889 id: 1232 at time: 408.339
Processed event: VehicleArriveIntersectionEvent, vehicle_id: 14, road_id: 5130478412541984889 id: 1232
processing event: VehicleEnterNewRoadEvent, vehicle_id: 14, road_id: 5130478412541984821 id: 1260 at time: 408.339
Processed event: VehicleEnterNewRoadEvent, vehicle_id: 14, road_id: 5130478412541984821 id: 1260
processing event: VehicleDepartureEvent, vehicle_id: 14, road_id: 5130478412541984821, offset: 0.000000 id: 1261 at time: 408.339
Processed event: VehicleDepartureEvent, vehicle_id: 14, road_id: 5130478412541984821, offset: 0.000000 id: 1261
Simulator::runFor: now_ = 408.339 target = 410
[progress] simulator time = 410 / 1000
processing event: VehicleArriveIntersectionEvent, vehicle_id: 16, road_id: 5130501708444599170 id: 1259 at time: 410.09
Processed event: VehicleArriveIntersectionEvent, vehicle_id: 16, road_id: 5130501708444599170 id: 1259
processing event: VehicleArriveIntersectionEvent, vehicle_id: 6, road_id: 5130501800786395630 id: 1238 at time: 410.36
Processed event: VehicleArriveIntersectionEvent, vehicle_id: 6, road_id: 5130501800786395630 id: 1238
processing event: VehicleEnterNewRoadEvent, vehicle_id: 6, road_id: 5130501800786395169 id: 1264 at time: 410.36
Processed event: VehicleEnterNewRoadEvent, vehicle_id: 6, road_id: 5130501800786395169 id: 1264
processing event: VehicleDepartureEvent, vehicle_id: 6, road_id: 5130501800786395169, offset: 0.000000 id: 1265 at time: 410.36
Processed event: VehicleDepartureEvent, vehicle_id: 6, road_id: 5130501800786395169, offset: 0.000000 id: 1265
processing event: VehicleArriveIntersectionEvent, vehicle_id: 2, road_id: 5130501708444598965 id: 1217 at time: 410.401
Processed event: VehicleArriveIntersectionEvent, vehicle_id: 2, road_id: 5130501708444598965 id: 1217
processing event: VehicleEnterNewRoadEvent, vehicle_id: 2, road_id: 5130501708444599059 id: 1267 at time: 410.401
Processed event: VehicleEnterNewRoadEvent, vehicle_id: 2, road_id: 5130501708444599059 id: 1267
processing event: VehicleDepartureEvent, vehicle_id: 2, road_id: 5130501708444599059, offset: 0.000000 id: 1268 at time: 410.401
Processed event: VehicleDepartureEvent, vehicle_id: 2, road_id: 5130501708444599059, offset: 0.000000 id: 1268
processing event: VehicleEnterNewRoadEvent, vehicle_id: 16, road_id: 5130501708444599172 id: 1263 at time: 411.171
Processed event: VehicleEnterNewRoadEvent, vehicle_id: 16, road_id: 5130501708444599172 id: 1263
processing event: VehicleDepartureEvent, vehicle_id: 16, road_id: 5130501708444599172, offset: 0.000000 id: 1270 at time: 411.171
Processed event: VehicleDepartureEvent, vehicle_id: 16, road_id: 5130501708444599172, offset: 0.000000 id: 1270
processing event: VehicleArriveIntersectionEvent, vehicle_id: 16, road_id: 5130501708444599172 id: 1271 at time: 415.311
Processed event: VehicleArriveIntersectionEvent, vehicle_id: 16, road_id: 5130501708444599172 id: 1271
processing event: VehicleEnterNewRoadEvent, vehicle_id: 16, road_id: 5130501708444598300 id: 1272 at time: 415.311
Processed event: VehicleEnterNewRoadEvent, vehicle_id: 16, road_id: 5130501708444598300 id: 1272
processing event: VehicleDepartureEvent, vehicle_id: 16, road_id: 5130501708444598300, offset: 0.000000 id: 1273 at time: 415.311
Processed event: VehicleDepartureEvent, vehicle_id: 16, road_id: 5130501708444598300, offset: 0.000000 id: 1273
processing event: VehicleArriveIntersectionEvent, vehicle_id: 7, road_id: 5130501708444599204 id: 1256 at time: 418.367
Processed event: VehicleArriveIntersectionEvent, vehicle_id: 7, road_id: 5130501708444599204 id: 1256
processing event: VehicleEnterNewRoadEvent, vehicle_id: 7, road_id: 5130501708444599328 id: 1275 at time: 418.367
Processed event: VehicleEnterNewRoadEvent, vehicle_id: 7, road_id: 5130501708444599328 id: 1275
processing event: VehicleDepartureEvent, vehicle_id: 7, road_id: 5130501708444599328, offset: 0.000000 id: 1276 at time: 418.367
Processed event: VehicleDepartureEvent, vehicle_id: 7, road_id: 5130501708444599328, offset: 0.000000 id: 1276
processing event: VehicleArriveIntersectionEvent, vehicle_id: 3, road_id: 5130501798638911924 id: 1198 at time: 418.545
Processed event: VehicleArriveIntersectionEvent, vehicle_id: 3, road_id: 5130501798638911924 id: 1198
processing event: VehicleEnterNewRoadEvent, vehicle_id: 3, road_id: 5130501798638911926 id: 1278 at time: 418.545
Processed event: VehicleEnterNewRoadEvent, vehicle_id: 3, road_id: 5130501798638911926 id: 1278
processing event: VehicleDepartureEvent, vehicle_id: 3, road_id: 5130501798638911926, offset: 0.000000 id: 1279 at time: 418.545
Processed event: VehicleDepartureEvent, vehicle_id: 3, road_id: 5130501798638911926, offset: 0.000000 id: 1279
processing event: VehicleArriveIntersectionEvent, vehicle_id: 11, road_id: 5130501704149631330 id: 1150 at time: 418.828
Processed event: VehicleArriveIntersectionEvent, vehicle_id: 11, road_id: 5130501704149631330 id: 1150
processing event: VehicleEnterNewRoadEvent, vehicle_id: 11, road_id: 5130501704149631331 id: 1281 at time: 418.828
Processed event: VehicleEnterNewRoadEvent, vehicle_id: 11, road_id: 5130501704149631331 id: 1281
processing event: VehicleDepartureEvent, vehicle_id: 11, road_id: 5130501704149631331, offset: 0.000000 id: 1282 at time: 418.828
Processed event: VehicleDepartureEvent, vehicle_id: 11, road_id: 5130501704149631331, offset: 0.000000 id: 1282
processing event: VehicleArriveIntersectionEvent, vehicle_id: 16, road_id: 5130501708444598300 id: 1274 at time: 419.631
Processed event: VehicleArriveIntersectionEvent, vehicle_id: 16, road_id: 5130501708444598300 id: 1274
processing event: VehicleEnterNewRoadEvent, vehicle_id: 16, road_id: 5130501708444599239 id: 1284 at time: 419.631
Processed event: VehicleEnterNewRoadEvent, vehicle_id: 16, road_id: 5130501708444599239 id: 1284
processing event: VehicleDepartureEvent, vehicle_id: 16, road_id: 5130501708444599239, offset: 0.000000 id: 1285 at time: 419.631
Processed event: VehicleDepartureEvent, vehicle_id: 16, road_id: 5130501708444599239, offset: 0.000000 id: 1285
Simulator::runFor: now_ = 419.631 target = 420
[progress] simulator time = 420 / 1000
processing event: VehicleArriveIntersectionEvent, vehicle_id: 16, road_id: 5130501708444599239 id: 1286 at time: 420.712
Processed event: VehicleArriveIntersectionEvent, vehicle_id: 16, road_id: 5130501708444599239 id: 1286
processing event: VehicleArriveIntersectionEvent, vehicle_id: 7, road_id: 5130501708444599328 id: 1277 at time: 422.327
Processed event: VehicleArriveIntersectionEvent, vehicle_id: 7, road_id: 5130501708444599328 id: 1277
processing event: VehicleEnterNewRoadEvent, vehicle_id: 7, road_id: 5130501708444599329 id: 1288 at time: 422.327
Processed event: VehicleEnterNewRoadEvent, vehicle_id: 7, road_id: 5130501708444599329 id: 1288
processing event: VehicleDepartureEvent, vehicle_id: 7, road_id: 5130501708444599329, offset: 0.000000 id: 1289 at time: 422.327
Processed event: VehicleDepartureEvent, vehicle_id: 7, road_id: 5130501708444599329, offset: 0.000000 id: 1289
processing event: VehicleEnterNewRoadEvent, vehicle_id: 16, road_id: 5130501708444599238 id: 1287 at time: 422.332
Processed event: VehicleEnterNewRoadEvent, vehicle_id: 16, road_id: 5130501708444599238 id: 1287
processing event: VehicleDepartureEvent, vehicle_id: 16, road_id: 5130501708444599238, offset: 0.000000 id: 1291 at time: 422.332
Processed event: VehicleDepartureEvent, vehicle_id: 16, road_id: 5130501708444599238, offset: 0.000000 id: 1291
processing event: VehicleArriveIntersectionEvent, vehicle_id: 11, road_id: 5130501704149631331 id: 1283 at time: 423.328
Processed event: VehicleArriveIntersectionEvent, vehicle_id: 11, road_id: 5130501704149631331 id: 1283
processing event: VehicleEnterNewRoadEvent, vehicle_id: 11, road_id: 5130501704149631392 id: 1293 at time: 423.328
Processed event: VehicleEnterNewRoadEvent, vehicle_id: 11, road_id: 5130501704149631392 id: 1293
processing event: VehicleDepartureEvent, vehicle_id: 11, road_id: 5130501704149631392, offset: 0.000000 id: 1294 at time: 423.328
Processed event: VehicleDepartureEvent, vehicle_id: 11, road_id: 5130501704149631392, offset: 0.000000 id: 1294
processing event: VehicleArriveIntersectionEvent, vehicle_id: 14, road_id: 5130478412541984821 id: 1262 at time: 423.821
Processed event: VehicleArriveIntersectionEvent, vehicle_id: 14, road_id: 5130478412541984821 id: 1262
processing event: VehicleArriveIntersectionEvent, vehicle_id: 8, road_id: 5130501704149630989 id: 1214 at time: 425.705
Processed event: VehicleArriveIntersectionEvent, vehicle_id: 8, road_id: 5130501704149630989 id: 1214
processing event: VehicleEnterNewRoadEvent, vehicle_id: 8, road_id: 5130501706297115037 id: 1297 at time: 425.705
Processed event: VehicleEnterNewRoadEvent, vehicle_id: 8, road_id: 5130501706297115037 id: 1297
processing event: VehicleDepartureEvent, vehicle_id: 8, road_id: 5130501706297115037, offset: 0.000000 id: 1298 at time: 425.705
Processed event: VehicleDepartureEvent, vehicle_id: 8, road_id: 5130501706297115037, offset: 0.000000 id: 1298
processing event: VehicleArriveIntersectionEvent, vehicle_id: 7, road_id: 5130501708444599329 id: 1290 at time: 425.748
Processed event: VehicleArriveIntersectionEvent, vehicle_id: 7, road_id: 5130501708444599329 id: 1290
processing event: VehicleEnterNewRoadEvent, vehicle_id: 7, road_id: 5130501708444599202 id: 1300 at time: 425.748
Processed event: VehicleEnterNewRoadEvent, vehicle_id: 7, road_id: 5130501708444599202 id: 1300
processing event: VehicleDepartureEvent, vehicle_id: 7, road_id: 5130501708444599202, offset: 0.000000 id: 1301 at time: 425.748
Processed event: VehicleDepartureEvent, vehicle_id: 7, road_id: 5130501708444599202, offset: 0.000000 id: 1301
processing event: VehicleEnterNewRoadEvent, vehicle_id: 14, road_id: 5130478412541984798 id: 1296 at time: 427.002
Processed event: VehicleEnterNewRoadEvent, vehicle_id: 14, road_id: 5130478412541984798 id: 1296
processing event: VehicleDepartureEvent, vehicle_id: 14, road_id: 5130478412541984798, offset: 0.000000 id: 1303 at time: 427.002
Processed event: VehicleDepartureEvent, vehicle_id: 14, road_id: 5130478412541984798, offset: 0.000000 id: 1303
processing event: VehicleArriveIntersectionEvent, vehicle_id: 16, road_id: 5130501708444599238 id: 1292 at time: 428.272
Processed event: VehicleArriveIntersectionEvent, vehicle_id: 16, road_id: 5130501708444599238 id: 1292
processing event: VehicleEnterNewRoadEvent, vehicle_id: 16, road_id: 5130501710592082885 id: 1305 at time: 428.272
Processed event: VehicleEnterNewRoadEvent, vehicle_id: 16, road_id: 5130501710592082885 id: 1305
processing event: VehicleDepartureEvent, vehicle_id: 16, road_id: 5130501710592082885, offset: 0.000000 id: 1306 at time: 428.272
Processed event: VehicleDepartureEvent, vehicle_id: 16, road_id: 5130501710592082885, offset: 0.000000 id: 1306
processing event: PassengerRouteStartEvent, passenger_id: 19, route_id: 1 id: 18 at time: 429
Processed event: PassengerRouteStartEvent, passenger_id: 19, route_id: 1 id: 18
processing event: OrderCreatedEvent, order_id: 19, available_pickups: 3 , available_dropoffs: 4 , passenger_id: 19, route_id: 1, passenger_num: 0 id: 1308 at time: 429
Processed event: OrderCreatedEvent, order_id: 19, available_pickups: 3 , available_dropoffs: 4 , passenger_id: 19, route_id: 1, passenger_num: 3 id: 1308
processing event: VehicleArriveIntersectionEvent, vehicle_id: 18, road_id: 5130501798638911983 id: 1245 at time: 429.477
Processed event: VehicleArriveIntersectionEvent, vehicle_id: 18, road_id: 5130501798638911983 id: 1245
processing event: VehicleEnterNewRoadEvent, vehicle_id: 18, road_id: 5130501798638911979 id: 1309 at time: 429.477
Processed event: VehicleEnterNewRoadEvent, vehicle_id: 18, road_id: 5130501798638911979 id: 1309
processing event: VehicleDepartureEvent, vehicle_id: 18, road_id: 5130501798638911979, offset: 0.000000 id: 1310 at time: 429.477
Processed event: VehicleDepartureEvent, vehicle_id: 18, road_id: 5130501798638911979, offset: 0.000000 id: 1310
Simulator::runFor: now_ = 429.477 target = 430
[progress] simulator time = 430 / 1000
processing event: OrderMatchedEvent, order_id: 19, vehicle_id: 7 id: 1312 at time: 430
Processed event: OrderMatchedEvent, order_id: 19, vehicle_id: 7 id: 1312
processing event: PassengerArrivalEvent, passenger_id: 19 id: 1314 at time: 430
Processed event: PassengerArrivalEvent, passenger_id: 19 id: 1314
processing event: VehicleArriveIntersectionEvent, vehicle_id: 3, road_id: 5130501798638911926 id: 1280 at time: 430.066
Processed event: VehicleArriveIntersectionEvent, vehicle_id: 3, road_id: 5130501798638911926 id: 1280
processing event: VehicleEnterNewRoadEvent, vehicle_id: 3, road_id: 5130501704149631184 id: 1315 at time: 430.066
Processed event: VehicleEnterNewRoadEvent, vehicle_id: 3, road_id: 5130501704149631184 id: 1315
processing event: VehicleDepartureEvent, vehicle_id: 3, road_id: 5130501704149631184, offset: 0.000000 id: 1316 at time: 430.066
Processed event: VehicleDepartureEvent, vehicle_id: 3, road_id: 5130501704149631184, offset: 0.000000 id: 1316
Event is not valid: VehicleArriveIntersectionEvent, vehicle_id: 7, road_id: 5130501708444599202 id: 1302 at time: 430.068
processing event: VehicleArriveIntersectionEvent, vehicle_id: 7, road_id: 5130501708444599202 id: 1313 at time: 430.068
Processed event: VehicleArriveIntersectionEvent, vehicle_id: 7, road_id: 5130501708444599202 id: 1313
processing event: VehicleEnterNewRoadEvent, vehicle_id: 7, road_id: 5130501708444598495 id: 1318 at time: 430.068
Processed event: VehicleEnterNewRoadEvent, vehicle_id: 7, road_id: 5130501708444598495 id: 1318
processing event: VehicleDepartureEvent, vehicle_id: 7, road_id: 5130501708444598495, offset: 0.000000 id: 1319 at time: 430.068
Processed event: VehicleDepartureEvent, vehicle_id: 7, road_id: 5130501708444598495, offset: 0.000000 id: 1319
processing event: VehicleArriveIntersectionEvent, vehicle_id: 12, road_id: 5130501708444598521 id: 1253 at time: 433.155
Processed event: VehicleArriveIntersectionEvent, vehicle_id: 12, road_id: 5130501708444598521 id: 1253
processing event: VehicleArriveIntersectionEvent, vehicle_id: 8, road_id: 5130501706297115037 id: 1299 at time: 435.246
Processed event: VehicleArriveIntersectionEvent, vehicle_id: 8, road_id: 5130501706297115037 id: 1299
processing event: VehicleEnterNewRoadEvent, vehicle_id: 8, road_id: 5130501706297115039 id: 1322 at time: 435.246
Processed event: VehicleEnterNewRoadEvent, vehicle_id: 8, road_id: 5130501706297115039 id: 1322
processing event: VehicleDepartureEvent, vehicle_id: 8, road_id: 5130501706297115039, offset: 0.000000 id: 1323 at time: 435.246
Processed event: VehicleDepartureEvent, vehicle_id: 8, road_id: 5130501706297115039, offset: 0.000000 id: 1323
processing event: VehicleArriveIntersectionEvent, vehicle_id: 16, road_id: 5130501710592082885 id: 1307 at time: 435.833
Processed event: VehicleArriveIntersectionEvent, vehicle_id: 16, road_id: 5130501710592082885 id: 1307
processing event: VehicleEnterNewRoadEvent, vehicle_id: 16, road_id: 5130501710592082453 id: 1325 at time: 435.833
Processed event: VehicleEnterNewRoadEvent, vehicle_id: 16, road_id: 5130501710592082453 id: 1325
processing event: VehicleDepartureEvent, vehicle_id: 16, road_id: 5130501710592082453, offset: 0.000000 id: 1326 at time: 435.833
Processed event: VehicleDepartureEvent, vehicle_id: 16, road_id: 5130501710592082453, offset: 0.000000 id: 1326
processing event: VehicleArriveIntersectionEvent, vehicle_id: 8, road_id: 5130501706297115039 id: 1324 at time: 436.687
Processed event: VehicleArriveIntersectionEvent, vehicle_id: 8, road_id: 5130501706297115039 id: 1324
processing event: VehicleEnterNewRoadEvent, vehicle_id: 8, road_id: 5130501706297115040 id: 1328 at time: 436.687
Processed event: VehicleEnterNewRoadEvent, vehicle_id: 8, road_id: 5130501706297115040 id: 1328
processing event: VehicleDepartureEvent, vehicle_id: 8, road_id: 5130501706297115040, offset: 0.000000 id: 1329 at time: 436.687
Processed event: VehicleDepartureEvent, vehicle_id: 8, road_id: 5130501706297115040, offset: 0.000000 id: 1329
processing event: VehicleEnterNewRoadEvent, vehicle_id: 12, road_id: 5130501710592082104 id: 1321 at time: 436.936
Processed event: VehicleEnterNewRoadEvent, vehicle_id: 12, road_id: 5130501710592082104 id: 1321
processing event: VehicleDepartureEvent, vehicle_id: 12, road_id: 5130501710592082104, offset: 0.000000 id: 1331 at time: 436.936
Processed event: VehicleDepartureEvent, vehicle_id: 12, road_id: 5130501710592082104, offset: 0.000000 id: 1331
processing event: VehicleArriveIntersectionEvent, vehicle_id: 5, road_id: 5130478356707409948 id: 1201 at time: 439.406
Processed event: VehicleArriveIntersectionEvent, vehicle_id: 5, road_id: 5130478356707409948 id: 1201
Simulator::runFor: now_ = 439.406 target = 440
[progress] simulator time = 440 / 1000
processing event: VehicleEnterNewRoadEvent, vehicle_id: 5, road_id: 5130478361002377664 id: 1333 at time: 441.103
Processed event: VehicleEnterNewRoadEvent, vehicle_id: 5, road_id: 5130478361002377664 id: 1333
processing event: VehicleDepartureEvent, vehicle_id: 5, road_id: 5130478361002377664, offset: 0.000000 id: 1334 at time: 441.103
Processed event: VehicleDepartureEvent, vehicle_id: 5, road_id: 5130478361002377664, offset: 0.000000 id: 1334
processing event: VehicleArriveIntersectionEvent, vehicle_id: 18, road_id: 5130501798638911979 id: 1311 at time: 441.718
Processed event: VehicleArriveIntersectionEvent, vehicle_id: 18, road_id: 5130501798638911979 id: 1311
processing event: VehicleEnterNewRoadEvent, vehicle_id: 18, road_id: 5130501798638911980 id: 1336 at time: 441.718
Processed event: VehicleEnterNewRoadEvent, vehicle_id: 18, road_id: 5130501798638911980 id: 1336
processing event: VehicleDepartureEvent, vehicle_id: 18, road_id: 5130501798638911980, offset: 0.000000 id: 1337 at time: 441.718
Processed event: VehicleDepartureEvent, vehicle_id: 18, road_id: 5130501798638911980, offset: 0.000000 id: 1337
processing event: VehicleArriveIntersectionEvent, vehicle_id: 3, road_id: 5130501704149631184 id: 1317 at time: 445.728
Processed event: VehicleArriveIntersectionEvent, vehicle_id: 3, road_id: 5130501704149631184 id: 1317
processing event: PassengerRouteStartEvent, passenger_id: 20, route_id: 1 id: 19 at time: 447
Processed event: PassengerRouteStartEvent, passenger_id: 20, route_id: 1 id: 19
processing event: PassengerRouteStartEvent, passenger_id: 21, route_id: 1 id: 20 at time: 447
Processed event: PassengerRouteStartEvent, passenger_id: 21, route_id: 1 id: 20
processing event: OrderCreatedEvent, order_id: 20, available_pickups: 4 , available_dropoffs: 5 , passenger_id: 20, route_id: 1, passenger_num: 0 id: 1340 at time: 447
Processed event: OrderCreatedEvent, order_id: 20, available_pickups: 4 , available_dropoffs: 5 , passenger_id: 20, route_id: 1, passenger_num: 2 id: 1340
processing event: OrderCreatedEvent, order_id: 21, available_pickups: 3 , available_dropoffs: 1 , passenger_id: 21, route_id: 1, passenger_num: 0 id: 1341 at time: 447
Processed event: OrderCreatedEvent, order_id: 21, available_pickups: 3 , available_dropoffs: 1 , passenger_id: 21, route_id: 1, passenger_num: 2 id: 1341
processing event: VehicleArriveIntersectionEvent, vehicle_id: 12, road_id: 5130501710592082104 id: 1332 at time: 447.737
Processed event: VehicleArriveIntersectionEvent, vehicle_id: 12, road_id: 5130501710592082104 id: 1332
processing event: VehicleEnterNewRoadEvent, vehicle_id: 12, road_id: 5130501710592082098 id: 1342 at time: 447.737
Processed event: VehicleEnterNewRoadEvent, vehicle_id: 12, road_id: 5130501710592082098 id: 1342
processing event: VehicleDepartureEvent, vehicle_id: 12, road_id: 5130501710592082098, offset: 0.000000 id: 1343 at time: 447.737
Processed event: VehicleDepartureEvent, vehicle_id: 12, road_id: 5130501710592082098, offset: 0.000000 id: 1343
processing event: VehicleEnterNewRoadEvent, vehicle_id: 3, road_id: 5130501704149630989 id: 1339 at time: 449.121
Processed event: VehicleEnterNewRoadEvent, vehicle_id: 3, road_id: 5130501704149630989 id: 1339
processing event: VehicleDepartureEvent, vehicle_id: 3, road_id: 5130501704149630989, offset: 0.000000 id: 1345 at time: 449.121
Processed event: VehicleDepartureEvent, vehicle_id: 3, road_id: 5130501704149630989, offset: 0.000000 id: 1345
processing event: VehicleArriveIntersectionEvent, vehicle_id: 19, road_id: 5130478412541984830 id: 1250 at time: 449.598
Processed event: VehicleArriveIntersectionEvent, vehicle_id: 19, road_id: 5130478412541984830 id: 1250
processing event: VehicleArriveIntersectionEvent, vehicle_id: 6, road_id: 5130501800786395169 id: 1266 at time: 449.964
Processed event: VehicleArriveIntersectionEvent, vehicle_id: 6, road_id: 5130501800786395169 id: 1266
processing event: VehicleEnterNewRoadEvent, vehicle_id: 6, road_id: 5130501800786395168 id: 1348 at time: 449.964
Processed event: VehicleEnterNewRoadEvent, vehicle_id: 6, road_id: 5130501800786395168 id: 1348
processing event: VehicleDepartureEvent, vehicle_id: 6, road_id: 5130501800786395168, offset: 0.000000 id: 1349 at time: 449.964
Processed event: VehicleDepartureEvent, vehicle_id: 6, road_id: 5130501800786395168, offset: 0.000000 id: 1349
Simulator::runFor: now_ = 449.964 target = 450
[progress] simulator time = 450 / 1000
processing event: OrderMatchedEvent, order_id: 20, vehicle_id: 17 id: 1351 at time: 450
Processed event: OrderMatchedEvent, order_id: 20, vehicle_id: 17 id: 1351
processing event: OrderMatchedEvent, order_id: 21, vehicle_id: 10 id: 1353 at time: 450
Processed event: OrderMatchedEvent, order_id: 21, vehicle_id: 10 id: 1353
processing event: PassengerArrivalEvent, passenger_id: 20 id: 1355 at time: 450
Processed event: PassengerArrivalEvent, passenger_id: 20 id: 1355
processing event: PassengerArrivalEvent, passenger_id: 21 id: 1356 at time: 450
Processed event: PassengerArrivalEvent, passenger_id: 21 id: 1356
processing event: VehicleArriveIntersectionEvent, vehicle_id: 16, road_id: 5130501710592082453 id: 1327 at time: 451.675
Processed event: VehicleArriveIntersectionEvent, vehicle_id: 16, road_id: 5130501710592082453 id: 1327
processing event: VehicleEnterNewRoadEvent, vehicle_id: 16, road_id: 5130501710592082103 id: 1357 at time: 451.675
Processed event: VehicleEnterNewRoadEvent, vehicle_id: 16, road_id: 5130501710592082103 id: 1357
processing event: VehicleDepartureEvent, vehicle_id: 16, road_id: 5130501710592082103, offset: 0.000000 id: 1358 at time: 451.675
Processed event: VehicleDepartureEvent, vehicle_id: 16, road_id: 5130501710592082103, offset: 0.000000 id: 1358
processing event: VehicleEnterNewRoadEvent, vehicle_id: 19, road_id: 5130478412541985193 id: 1347 at time: 452.143
Processed event: VehicleEnterNewRoadEvent, vehicle_id: 19, road_id: 5130478412541985193 id: 1347
processing event: VehicleDepartureEvent, vehicle_id: 19, road_id: 5130478412541985193, offset: 0.000000 id: 1360 at time: 452.143
Processed event: VehicleDepartureEvent, vehicle_id: 19, road_id: 5130478412541985193, offset: 0.000000 id: 1360
processing event: VehicleArriveIntersectionEvent, vehicle_id: 5, road_id: 5130478361002377664 id: 1335 at time: 452.444
Processed event: VehicleArriveIntersectionEvent, vehicle_id: 5, road_id: 5130478361002377664 id: 1335
processing event: VehicleEnterNewRoadEvent, vehicle_id: 5, road_id: 5130478361002378632 id: 1362 at time: 454.565
Processed event: VehicleEnterNewRoadEvent, vehicle_id: 5, road_id: 5130478361002378632 id: 1362
processing event: VehicleDepartureEvent, vehicle_id: 5, road_id: 5130478361002378632, offset: 0.000000 id: 1363 at time: 454.565
Processed event: VehicleDepartureEvent, vehicle_id: 5, road_id: 5130478361002378632, offset: 0.000000 id: 1363
processing event: VehicleArriveIntersectionEvent, vehicle_id: 12, road_id: 5130501710592082098 id: 1344 at time: 455.658
Processed event: VehicleArriveIntersectionEvent, vehicle_id: 12, road_id: 5130501710592082098 id: 1344
processing event: VehicleEnterNewRoadEvent, vehicle_id: 12, road_id: 5130501710592082097 id: 1365 at time: 455.658
Processed event: VehicleEnterNewRoadEvent, vehicle_id: 12, road_id: 5130501710592082097 id: 1365
processing event: VehicleDepartureEvent, vehicle_id: 12, road_id: 5130501710592082097, offset: 0.000000 id: 1366 at time: 455.658
Processed event: VehicleDepartureEvent, vehicle_id: 12, road_id: 5130501710592082097, offset: 0.000000 id: 1366
processing event: VehicleArriveIntersectionEvent, vehicle_id: 14, road_id: 5130478412541984798 id: 1304 at time: 457.425
Processed event: VehicleArriveIntersectionEvent, vehicle_id: 14, road_id: 5130478412541984798 id: 1304
processing event: VehicleEnterNewRoadEvent, vehicle_id: 14, road_id: 5130478414689468445 id: 1368 at time: 457.425
Processed event: VehicleEnterNewRoadEvent, vehicle_id: 14, road_id: 5130478414689468445 id: 1368
processing event: VehicleDepartureEvent, vehicle_id: 14, road_id: 5130478414689468445, offset: 0.000000 id: 1369 at time: 457.425
Processed event: VehicleDepartureEvent, vehicle_id: 14, road_id: 5130478414689468445, offset: 0.000000 id: 1369
processing event: PassengerRouteStartEvent, passenger_id: 22, route_id: 1 id: 21 at time: 459
Processed event: PassengerRouteStartEvent, passenger_id: 22, route_id: 1 id: 21
processing event: OrderCreatedEvent, order_id: 22, available_pickups: 2 , available_dropoffs: 1 , passenger_id: 22, route_id: 1, passenger_num: 0 id: 1371 at time: 459
Processed event: OrderCreatedEvent, order_id: 22, available_pickups: 2 , available_dropoffs: 1 , passenger_id: 22, route_id: 1, passenger_num: 1 id: 1371
processing event: VehicleArriveIntersectionEvent, vehicle_id: 11, road_id: 5130501704149631392 id: 1295 at time: 459.872
Processed event: VehicleArriveIntersectionEvent, vehicle_id: 11, road_id: 5130501704149631392 id: 1295
processing event: VehicleEnterNewRoadEvent, vehicle_id: 11, road_id: 5130501704149631391 id: 1372 at time: 459.872
Processed event: VehicleEnterNewRoadEvent, vehicle_id: 11, road_id: 5130501704149631391 id: 1372
processing event: VehicleDepartureEvent, vehicle_id: 11, road_id: 5130501704149631391, offset: 0.000000 id: 1373 at time: 459.872
Processed event: VehicleDepartureEvent, vehicle_id: 11, road_id: 5130501704149631391, offset: 0.000000 id: 1373
Simulator::runFor: now_ = 459.872 target = 460
[progress] simulator time = 460 / 1000
processing event: OrderMatchedEvent, order_id: 22, vehicle_id: 18 id: 1375 at time: 460
Processed event: OrderMatchedEvent, order_id: 22, vehicle_id: 18 id: 1375
processing event: PassengerArrivalEvent, passenger_id: 22 id: 1377 at time: 460
Processed event: PassengerArrivalEvent, passenger_id: 22 id: 1377
processing event: VehicleArriveIntersectionEvent, vehicle_id: 11, road_id: 5130501704149631391 id: 1374 at time: 461.312
Processed event: VehicleArriveIntersectionEvent, vehicle_id: 11, road_id: 5130501704149631391 id: 1374
processing event: VehicleEnterNewRoadEvent, vehicle_id: 11, road_id: 5130501704149631389 id: 1378 at time: 461.312
Processed event: VehicleEnterNewRoadEvent, vehicle_id: 11, road_id: 5130501704149631389 id: 1378
processing event: VehicleDepartureEvent, vehicle_id: 11, road_id: 5130501704149631389, offset: 0.000000 id: 1379 at time: 461.312
Processed event: VehicleDepartureEvent, vehicle_id: 11, road_id: 5130501704149631389, offset: 0.000000 id: 1379
processing event: VehicleArriveIntersectionEvent, vehicle_id: 19, road_id: 5130478412541985193 id: 1361 at time: 462.584
Processed event: VehicleArriveIntersectionEvent, vehicle_id: 19, road_id: 5130478412541985193 id: 1361
processing event: VehicleEnterNewRoadEvent, vehicle_id: 19, road_id: 5130478412541985192 id: 1381 at time: 462.584
Processed event: VehicleEnterNewRoadEvent, vehicle_id: 19, road_id: 5130478412541985192 id: 1381
processing event: VehicleDepartureEvent, vehicle_id: 19, road_id: 5130478412541985192, offset: 0.000000 id: 1382 at time: 462.584
Processed event: VehicleDepartureEvent, vehicle_id: 19, road_id: 5130478412541985192, offset: 0.000000 id: 1382
processing event: VehicleArriveIntersectionEvent, vehicle_id: 16, road_id: 5130501710592082103 id: 1359 at time: 465.536
Processed event: VehicleArriveIntersectionEvent, vehicle_id: 16, road_id: 5130501710592082103 id: 1359
processing event: VehicleArriveIntersectionEvent, vehicle_id: 12, road_id: 5130501710592082097 id: 1367 at time: 465.559
Processed event: VehicleArriveIntersectionEvent, vehicle_id: 12, road_id: 5130501710592082097 id: 1367
processing event: VehicleEnterNewRoadEvent, vehicle_id: 12, road_id: 5130501710592082406 id: 1385 at time: 467.719
Processed event: VehicleEnterNewRoadEvent, vehicle_id: 12, road_id: 5130501710592082406 id: 1385
processing event: VehicleDepartureEvent, vehicle_id: 12, road_id: 5130501710592082406, offset: 0.000000 id: 1386 at time: 467.719
Processed event: VehicleDepartureEvent, vehicle_id: 12, road_id: 5130501710592082406, offset: 0.000000 id: 1386
Event is not valid: VehicleArriveIntersectionEvent, vehicle_id: 20, road_id: 5130478356707410991 id: 1073 at time: 468.155
Event is not valid: VehicleArriveIntersectionEvent, vehicle_id: 20, road_id: 5130478356707410991 id: 1079 at time: 468.155
Event is not valid: VehicleArriveIntersectionEvent, vehicle_id: 20, road_id: 5130478356707410991 id: 1170 at time: 468.155
processing event: VehicleArriveIntersectionEvent, vehicle_id: 20, road_id: 5130478356707410991 id: 1354 at time: 468.155
Processed event: VehicleArriveIntersectionEvent, vehicle_id: 20, road_id: 5130478356707410991 id: 1354
processing event: VehicleEnterNewRoadEvent, vehicle_id: 20, road_id: 5130478356707410834 id: 1388 at time: 468.155
Processed event: VehicleEnterNewRoadEvent, vehicle_id: 20, road_id: 5130478356707410834 id: 1388
processing event: VehicleDepartureEvent, vehicle_id: 20, road_id: 5130478356707410834, offset: 0.000000 id: 1391 at time: 468.155
Processed event: VehicleDepartureEvent, vehicle_id: 20, road_id: 5130478356707410834, offset: 0.000000 id: 1391
Simulator::runFor: now_ = 468.155 target = 470
[progress] simulator time = 470 / 1000
Event is not valid: VehicleCheckPointEvent, vehicle_id: 10 id: 1389 at time: 470.315
processing event: VehicleArriveIntersectionEvent, vehicle_id: 11, road_id: 5130501704149631389 id: 1380 at time: 470.853
Processed event: VehicleArriveIntersectionEvent, vehicle_id: 11, road_id: 5130501704149631389 id: 1380
processing event: VehicleEnterNewRoadEvent, vehicle_id: 11, road_id: 5130501706297114637 id: 1393 at time: 470.853
Processed event: VehicleEnterNewRoadEvent, vehicle_id: 11, road_id: 5130501706297114637 id: 1393
processing event: VehicleDepartureEvent, vehicle_id: 11, road_id: 5130501706297114637, offset: 0.000000 id: 1394 at time: 470.853
Processed event: VehicleDepartureEvent, vehicle_id: 11, road_id: 5130501706297114637, offset: 0.000000 id: 1394
processing event: BusArrivalEvent, vehicle_id: 6, stop_id: 3 id: 1350 at time: 471.117
Processed event: BusArrivalEvent, vehicle_id: 6, stop_id: 3 id: 1350
processing event: PassengerOnboardEvent, passenger_id: 5 id: 1396 at time: 471.117
Processed event: PassengerOnboardEvent, passenger_id: 5 id: 1396
processing event: VehicleEnterNewRoadEvent, vehicle_id: 16, road_id: 5130501708444599288 id: 1384 at time: 471.474
Processed event: VehicleEnterNewRoadEvent, vehicle_id: 16, road_id: 5130501708444599288 id: 1384
processing event: VehicleDepartureEvent, vehicle_id: 16, road_id: 5130501708444599288, offset: 0.000000 id: 1398 at time: 471.474
Processed event: VehicleDepartureEvent, vehicle_id: 16, road_id: 5130501708444599288, offset: 0.000000 id: 1398
processing event: VehicleArriveIntersectionEvent, vehicle_id: 10, road_id: 5130478356707410991 id: 1390 at time: 471.755
Processed event: VehicleArriveIntersectionEvent, vehicle_id: 10, road_id: 5130478356707410991 id: 1390
processing event: VehicleEnterNewRoadEvent, vehicle_id: 10, road_id: 5130478356707410834 id: 1400 at time: 471.755
Processed event: VehicleEnterNewRoadEvent, vehicle_id: 10, road_id: 5130478356707410834 id: 1400
processing event: VehicleDepartureEvent, vehicle_id: 10, road_id: 5130478356707410834, offset: 0.000000 id: 1401 at time: 471.755
Processed event: VehicleDepartureEvent, vehicle_id: 10, road_id: 5130478356707410834, offset: 0.000000 id: 1401
Event is not valid: VehicleArriveIntersectionEvent, vehicle_id: 20, road_id: 5130478356707410834 id: 1392 at time: 471.935
processing event: VehicleArriveIntersectionEvent, vehicle_id: 20, road_id: 5130478356707410834 id: 1402 at time: 471.935
Processed event: VehicleArriveIntersectionEvent, vehicle_id: 20, road_id: 5130478356707410834 id: 1402
processing event: VehicleEnterNewRoadEvent, vehicle_id: 20, road_id: 5130478356707410835 id: 1403 at time: 471.935
Processed event: VehicleEnterNewRoadEvent, vehicle_id: 20, road_id: 5130478356707410835 id: 1403
processing event: VehicleDepartureEvent, vehicle_id: 20, road_id: 5130478356707410835, offset: 0.000000 id: 1406 at time: 471.935
Processed event: VehicleDepartureEvent, vehicle_id: 20, road_id: 5130478356707410835, offset: 0.000000 id: 1406
processing event: VehicleArriveIntersectionEvent, vehicle_id: 19, road_id: 5130478412541985192 id: 1383 at time: 471.945
Processed event: VehicleArriveIntersectionEvent, vehicle_id: 19, road_id: 5130478412541985192 id: 1383
processing event: VehicleEnterNewRoadEvent, vehicle_id: 19, road_id: 5130478412541985085 id: 1408 at time: 471.945
Processed event: VehicleEnterNewRoadEvent, vehicle_id: 19, road_id: 5130478412541985085 id: 1408
processing event: VehicleDepartureEvent, vehicle_id: 19, road_id: 5130478412541985085, offset: 0.000000 id: 1409 at time: 471.945
Processed event: VehicleDepartureEvent, vehicle_id: 19, road_id: 5130478412541985085, offset: 0.000000 id: 1409
processing event: VehicleArriveIntersectionEvent, vehicle_id: 8, road_id: 5130501706297115040 id: 1330 at time: 473.23
Processed event: VehicleArriveIntersectionEvent, vehicle_id: 8, road_id: 5130501706297115040 id: 1330
processing event: VehicleEnterNewRoadEvent, vehicle_id: 8, road_id: 5130501706297114979 id: 1411 at time: 473.23
Processed event: VehicleEnterNewRoadEvent, vehicle_id: 8, road_id: 5130501706297114979 id: 1411
processing event: VehicleDepartureEvent, vehicle_id: 8, road_id: 5130501706297114979, offset: 0.000000 id: 1412 at time: 473.23
Processed event: VehicleDepartureEvent, vehicle_id: 8, road_id: 5130501706297114979, offset: 0.000000 id: 1412
Event is not valid: VehicleArriveIntersectionEvent, vehicle_id: 18, road_id: 5130501798638911980 id: 1338 at time: 473.761
processing event: VehicleArriveIntersectionEvent, vehicle_id: 18, road_id: 5130501798638911980 id: 1376 at time: 473.761
Processed event: VehicleArriveIntersectionEvent, vehicle_id: 18, road_id: 5130501798638911980 id: 1376
processing event: VehicleEnterNewRoadEvent, vehicle_id: 18, road_id: 5130501798638911924 id: 1414 at time: 473.761
Processed event: VehicleEnterNewRoadEvent, vehicle_id: 18, road_id: 5130501798638911924 id: 1414
processing event: VehicleDepartureEvent, vehicle_id: 18, road_id: 5130501798638911924, offset: 0.000000 id: 1415 at time: 473.761
Processed event: VehicleDepartureEvent, vehicle_id: 18, road_id: 5130501798638911924, offset: 0.000000 id: 1415
processing event: PassengerRouteStartEvent, passenger_id: 23, route_id: 1 id: 22 at time: 474
Processed event: PassengerRouteStartEvent, passenger_id: 23, route_id: 1 id: 22
processing event: OrderCreatedEvent, order_id: 23, available_pickups: 3 , available_dropoffs: 4 , passenger_id: 23, route_id: 1, passenger_num: 0 id: 1417 at time: 474
Processed event: OrderCreatedEvent, order_id: 23, available_pickups: 3 , available_dropoffs: 4 , passenger_id: 23, route_id: 1, passenger_num: 1 id: 1417
Event is not valid: VehicleCheckPointEvent, vehicle_id: 10 id: 1404 at time: 474.095
processing event: VehicleArriveIntersectionEvent, vehicle_id: 10, road_id: 5130478356707410834 id: 1405 at time: 475.536
Processed event: VehicleArriveIntersectionEvent, vehicle_id: 10, road_id: 5130478356707410834 id: 1405
processing event: VehicleEnterNewRoadEvent, vehicle_id: 10, road_id: 5130478356707410835 id: 1418 at time: 475.536
Processed event: VehicleEnterNewRoadEvent, vehicle_id: 10, road_id: 5130478356707410835 id: 1418
processing event: VehicleDepartureEvent, vehicle_id: 10, road_id: 5130478356707410835, offset: 0.000000 id: 1419 at time: 475.536
Processed event: VehicleDepartureEvent, vehicle_id: 10, road_id: 5130478356707410835, offset: 0.000000 id: 1419
processing event: VehicleDepartureEvent, vehicle_id: 6, road_id: 5130501800786395168, offset: 117.505572 id: 1397 at time: 476.117
Processed event: VehicleDepartureEvent, vehicle_id: 6, road_id: 5130501800786395168, offset: 117.505572 id: 1397
processing event: VehicleArriveIntersectionEvent, vehicle_id: 19, road_id: 5130478412541985085 id: 1410 at time: 476.625
Processed event: VehicleArriveIntersectionEvent, vehicle_id: 19, road_id: 5130478412541985085 id: 1410
processing event: VehicleEnterNewRoadEvent, vehicle_id: 19, road_id: 5130478412541985568 id: 1422 at time: 476.625
Processed event: VehicleEnterNewRoadEvent, vehicle_id: 19, road_id: 5130478412541985568 id: 1422
processing event: VehicleDepartureEvent, vehicle_id: 19, road_id: 5130478412541985568, offset: 0.000000 id: 1423 at time: 476.625
Processed event: VehicleDepartureEvent, vehicle_id: 19, road_id: 5130478412541985568, offset: 0.000000 id: 1423
processing event: VehicleArriveIntersectionEvent, vehicle_id: 7, road_id: 5130501708444598495 id: 1320 at time: 477.053
Processed event: VehicleArriveIntersectionEvent, vehicle_id: 7, road_id: 5130501708444598495 id: 1320
processing event: VehicleEnterNewRoadEvent, vehicle_id: 7, road_id: 5130501893128192635 id: 1425 at time: 477.053
Processed event: VehicleEnterNewRoadEvent, vehicle_id: 7, road_id: 5130501893128192635 id: 1425
processing event: VehicleDepartureEvent, vehicle_id: 7, road_id: 5130501893128192635, offset: 0.000000 id: 1426 at time: 477.053
Processed event: VehicleDepartureEvent, vehicle_id: 7, road_id: 5130501893128192635, offset: 0.000000 id: 1426
processing event: VehicleArriveIntersectionEvent, vehicle_id: 8, road_id: 5130501706297114979 id: 1413 at time: 477.731
Processed event: VehicleArriveIntersectionEvent, vehicle_id: 8, road_id: 5130501706297114979 id: 1413
processing event: VehicleEnterNewRoadEvent, vehicle_id: 8, road_id: 5130501706297114978 id: 1428 at time: 477.731
Processed event: VehicleEnterNewRoadEvent, vehicle_id: 8, road_id: 5130501706297114978 id: 1428
processing event: VehicleDepartureEvent, vehicle_id: 8, road_id: 5130501706297114978, offset: 0.000000 id: 1429 at time: 477.731
Processed event: VehicleDepartureEvent, vehicle_id: 8, road_id: 5130501706297114978, offset: 0.000000 id: 1429
processing event: PassengerRouteStartEvent, passenger_id: 24, route_id: 1 id: 23 at time: 478
Processed event: PassengerRouteStartEvent, passenger_id: 24, route_id: 1 id: 23
processing event: OrderCreatedEvent, order_id: 24, available_pickups: 4 , available_dropoffs: 5 , passenger_id: 24, route_id: 1, passenger_num: 0 id: 1431 at time: 478
Processed event: OrderCreatedEvent, order_id: 24, available_pickups: 4 , available_dropoffs: 5 , passenger_id: 24, route_id: 1, passenger_num: 3 id: 1431
processing event: VehicleArriveIntersectionEvent, vehicle_id: 12, road_id: 5130501710592082406 id: 1387 at time: 478.88
Processed event: VehicleArriveIntersectionEvent, vehicle_id: 12, road_id: 5130501710592082406 id: 1387
processing event: VehicleEnterNewRoadEvent, vehicle_id: 12, road_id: 5130501710592082405 id: 1432 at time: 478.88
Processed event: VehicleEnterNewRoadEvent, vehicle_id: 12, road_id: 5130501710592082405 id: 1432
processing event: VehicleDepartureEvent, vehicle_id: 12, road_id: 5130501710592082405, offset: 0.000000 id: 1433 at time: 478.88
Processed event: VehicleDepartureEvent, vehicle_id: 12, road_id: 5130501710592082405, offset: 0.000000 id: 1433
Simulator::runFor: now_ = 478.88 target = 480
[progress] simulator time = 480 / 1000
processing event: OrderMatchedEvent, order_id: 23, vehicle_id: 5 id: 1435 at time: 480
Processed event: OrderMatchedEvent, order_id: 23, vehicle_id: 5 id: 1435
processing event: OrderMatchedEvent, order_id: 24, vehicle_id: 6 id: 1437 at time: 480
Processed event: OrderMatchedEvent, order_id: 24, vehicle_id: 6 id: 1437
processing event: PassengerArrivalEvent, passenger_id: 23 id: 1439 at time: 480
Processed event: PassengerArrivalEvent, passenger_id: 23 id: 1439
processing event: PassengerArrivalEvent, passenger_id: 24 id: 1440 at time: 480
Processed event: PassengerArrivalEvent, passenger_id: 24 id: 1440
processing event: VehicleArriveIntersectionEvent, vehicle_id: 19, road_id: 5130478412541985568 id: 1424 at time: 480.046
Processed event: VehicleArriveIntersectionEvent, vehicle_id: 19, road_id: 5130478412541985568 id: 1424
processing event: VehicleEnterNewRoadEvent, vehicle_id: 19, road_id: 5130478412541985567 id: 1441 at time: 480.046
Processed event: VehicleEnterNewRoadEvent, vehicle_id: 19, road_id: 5130478412541985567 id: 1441
processing event: VehicleDepartureEvent, vehicle_id: 19, road_id: 5130478412541985567, offset: 0.000000 id: 1442 at time: 480.046
Processed event: VehicleDepartureEvent, vehicle_id: 19, road_id: 5130478412541985567, offset: 0.000000 id: 1442
processing event: VehicleArriveIntersectionEvent, vehicle_id: 12, road_id: 5130501710592082405 id: 1434 at time: 484.64
Processed event: VehicleArriveIntersectionEvent, vehicle_id: 12, road_id: 5130501710592082405 id: 1434
processing event: VehicleEnterNewRoadEvent, vehicle_id: 12, road_id: 5130501710592082704 id: 1444 at time: 484.64
Processed event: VehicleEnterNewRoadEvent, vehicle_id: 12, road_id: 5130501710592082704 id: 1444
processing event: VehicleDepartureEvent, vehicle_id: 12, road_id: 5130501710592082704, offset: 0.000000 id: 1445 at time: 484.64
Processed event: VehicleDepartureEvent, vehicle_id: 12, road_id: 5130501710592082704, offset: 0.000000 id: 1445
Event is not valid: VehicleArriveIntersectionEvent, vehicle_id: 6, road_id: 5130501800786395168 id: 1421 at time: 485.207
processing event: VehicleArriveIntersectionEvent, vehicle_id: 6, road_id: 5130501800786395168 id: 1438 at time: 485.207
Processed event: VehicleArriveIntersectionEvent, vehicle_id: 6, road_id: 5130501800786395168 id: 1438
processing event: VehicleEnterNewRoadEvent, vehicle_id: 6, road_id: 5130501798638911520 id: 1447 at time: 486.904
Processed event: VehicleEnterNewRoadEvent, vehicle_id: 6, road_id: 5130501798638911520 id: 1447
processing event: VehicleDepartureEvent, vehicle_id: 6, road_id: 5130501798638911520, offset: 0.000000 id: 1448 at time: 486.904
Processed event: VehicleDepartureEvent, vehicle_id: 6, road_id: 5130501798638911520, offset: 0.000000 id: 1448
Event is not valid: VehicleArriveIntersectionEvent, vehicle_id: 20, road_id: 5130478356707410835 id: 1407 at time: 488.677
processing event: VehicleArriveIntersectionEvent, vehicle_id: 20, road_id: 5130478356707410835 id: 1420 at time: 488.677
Processed event: VehicleArriveIntersectionEvent, vehicle_id: 20, road_id: 5130478356707410835 id: 1420
processing event: VehicleEnterNewRoadEvent, vehicle_id: 20, road_id: 5130478382477214612 id: 1450 at time: 488.677
Processed event: VehicleEnterNewRoadEvent, vehicle_id: 20, road_id: 5130478382477214612 id: 1450
processing event: VehicleDepartureEvent, vehicle_id: 20, road_id: 5130478382477214612, offset: 0.000000 id: 1453 at time: 488.677
Processed event: VehicleDepartureEvent, vehicle_id: 20, road_id: 5130478382477214612, offset: 0.000000 id: 1453
processing event: VehicleArriveIntersectionEvent, vehicle_id: 19, road_id: 5130478412541985567 id: 1443 at time: 489.047
Processed event: VehicleArriveIntersectionEvent, vehicle_id: 19, road_id: 5130478412541985567 id: 1443
processing event: VehicleEnterNewRoadEvent, vehicle_id: 19, road_id: 5130478414689469011 id: 1455 at time: 489.047
Processed event: VehicleEnterNewRoadEvent, vehicle_id: 19, road_id: 5130478414689469011 id: 1455
processing event: VehicleDepartureEvent, vehicle_id: 19, road_id: 5130478414689469011, offset: 0.000000 id: 1456 at time: 489.047
Processed event: VehicleDepartureEvent, vehicle_id: 19, road_id: 5130478414689469011, offset: 0.000000 id: 1456
Simulator::runFor: now_ = 489.047 target = 490
[progress] simulator time = 490 / 1000
processing event: VehicleArriveIntersectionEvent, vehicle_id: 3, road_id: 5130501704149630989 id: 1346 at time: 490.705
Processed event: VehicleArriveIntersectionEvent, vehicle_id: 3, road_id: 5130501704149630989 id: 1346
processing event: VehicleEnterNewRoadEvent, vehicle_id: 3, road_id: 5130501706297115037 id: 1458 at time: 490.705
Processed event: VehicleEnterNewRoadEvent, vehicle_id: 3, road_id: 5130501706297115037 id: 1458
processing event: VehicleDepartureEvent, vehicle_id: 3, road_id: 5130501706297115037, offset: 0.000000 id: 1459 at time: 490.705
Processed event: VehicleDepartureEvent, vehicle_id: 3, road_id: 5130501706297115037, offset: 0.000000 id: 1459
Event is not valid: VehicleCheckPointEvent, vehicle_id: 10 id: 1451 at time: 490.837
processing event: VehicleArriveIntersectionEvent, vehicle_id: 14, road_id: 5130478414689468445 id: 1370 at time: 491.268
Processed event: VehicleArriveIntersectionEvent, vehicle_id: 14, road_id: 5130478414689468445 id: 1370
processing event: PassengerRouteStartEvent, passenger_id: 25, route_id: 1 id: 24 at time: 492
Processed event: PassengerRouteStartEvent, passenger_id: 25, route_id: 1 id: 24
processing event: OrderCreatedEvent, order_id: 25, available_pickups: 2 , available_dropoffs: 4 , passenger_id: 25, route_id: 1, passenger_num: 0 id: 1462 at time: 492
Processed event: OrderCreatedEvent, order_id: 25, available_pickups: 2 , available_dropoffs: 4 , passenger_id: 25, route_id: 1, passenger_num: 1 id: 1462
processing event: VehicleArriveIntersectionEvent, vehicle_id: 10, road_id: 5130478356707410835 id: 1452 at time: 492.277
Processed event: VehicleArriveIntersectionEvent, vehicle_id: 10, road_id: 5130478356707410835 id: 1452
processing event: VehicleEnterNewRoadEvent, vehicle_id: 10, road_id: 5130478382477214612 id: 1463 at time: 492.277
Processed event: VehicleEnterNewRoadEvent, vehicle_id: 10, road_id: 5130478382477214612 id: 1463
processing event: VehicleDepartureEvent, vehicle_id: 10, road_id: 5130478382477214612, offset: 0.000000 id: 1464 at time: 492.277
Processed event: VehicleDepartureEvent, vehicle_id: 10, road_id: 5130478382477214612, offset: 0.000000 id: 1464
processing event: VehicleEnterNewRoadEvent, vehicle_id: 14, road_id: 5130478410394501134 id: 1461 at time: 493.813
Processed event: VehicleEnterNewRoadEvent, vehicle_id: 14, road_id: 5130478410394501134 id: 1461
processing event: VehicleDepartureEvent, vehicle_id: 14, road_id: 5130478410394501134, offset: 0.000000 id: 1466 at time: 493.813
Processed event: VehicleDepartureEvent, vehicle_id: 14, road_id: 5130478410394501134, offset: 0.000000 id: 1466
processing event: PassengerRouteStartEvent, passenger_id: 26, route_id: 1 id: 25 at time: 499
Processed event: PassengerRouteStartEvent, passenger_id: 26, route_id: 1 id: 25
processing event: OrderCreatedEvent, order_id: 26, available_pickups: 4 , available_dropoffs: 1 , passenger_id: 26, route_id: 1, passenger_num: 0 id: 1468 at time: 499
Processed event: OrderCreatedEvent, order_id: 26, available_pickups: 4 , available_dropoffs: 1 , passenger_id: 26, route_id: 1, passenger_num: 2 id: 1468
Simulator::runFor: now_ = 499 target = 500
[progress] simulator time = 500 / 1000
processing event: OrderMatchedEvent, order_id: 25, vehicle_id: 20 id: 1469 at time: 500
Processed event: OrderMatchedEvent, order_id: 25, vehicle_id: 20 id: 1469
processing event: OrderMatchedEvent, order_id: 26, vehicle_id: 18 id: 1471 at time: 500
Processed event: OrderMatchedEvent, order_id: 26, vehicle_id: 18 id: 1471
processing event: PassengerArrivalEvent, passenger_id: 25 id: 1473 at time: 500
Processed event: PassengerArrivalEvent, passenger_id: 25 id: 1473
processing event: PassengerArrivalEvent, passenger_id: 26 id: 1474 at time: 500
Processed event: PassengerArrivalEvent, passenger_id: 26 id: 1474
processing event: VehicleArriveIntersectionEvent, vehicle_id: 3, road_id: 5130501706297115037 id: 1460 at time: 500.246
Processed event: VehicleArriveIntersectionEvent, vehicle_id: 3, road_id: 5130501706297115037 id: 1460
processing event: VehicleEnterNewRoadEvent, vehicle_id: 3, road_id: 5130501706297115039 id: 1475 at time: 500.246
Processed event: VehicleEnterNewRoadEvent, vehicle_id: 3, road_id: 5130501706297115039 id: 1475
processing event: VehicleDepartureEvent, vehicle_id: 3, road_id: 5130501706297115039, offset: 0.000000 id: 1476 at time: 500.246
Processed event: VehicleDepartureEvent, vehicle_id: 3, road_id: 5130501706297115039, offset: 0.000000 id: 1476
processing event: VehicleArriveIntersectionEvent, vehicle_id: 12, road_id: 5130501710592082704 id: 1446 at time: 501.202
Processed event: VehicleArriveIntersectionEvent, vehicle_id: 12, road_id: 5130501710592082704 id: 1446
processing event: VehicleEnterNewRoadEvent, vehicle_id: 12, road_id: 5130501702002147817 id: 1478 at time: 501.202
Processed event: VehicleEnterNewRoadEvent, vehicle_id: 12, road_id: 5130501702002147817 id: 1478
processing event: VehicleDepartureEvent, vehicle_id: 12, road_id: 5130501702002147817, offset: 0.000000 id: 1479 at time: 501.202
Processed event: VehicleDepartureEvent, vehicle_id: 12, road_id: 5130501702002147817, offset: 0.000000 id: 1479
processing event: VehicleArriveIntersectionEvent, vehicle_id: 3, road_id: 5130501706297115039 id: 1477 at time: 501.687
Processed event: VehicleArriveIntersectionEvent, vehicle_id: 3, road_id: 5130501706297115039 id: 1477
processing event: VehicleEnterNewRoadEvent, vehicle_id: 3, road_id: 5130501706297115040 id: 1481 at time: 501.687
Processed event: VehicleEnterNewRoadEvent, vehicle_id: 3, road_id: 5130501706297115040 id: 1481
processing event: VehicleDepartureEvent, vehicle_id: 3, road_id: 5130501706297115040, offset: 0.000000 id: 1482 at time: 501.687
Processed event: VehicleDepartureEvent, vehicle_id: 3, road_id: 5130501706297115040, offset: 0.000000 id: 1482
Event is not valid: VehicleArriveIntersectionEvent, vehicle_id: 5, road_id: 5130478361002378632 id: 1364 at time: 505.69
processing event: VehicleArriveIntersectionEvent, vehicle_id: 5, road_id: 5130478361002378632 id: 1436 at time: 505.69
Processed event: VehicleArriveIntersectionEvent, vehicle_id: 5, road_id: 5130478361002378632 id: 1436
processing event: VehicleEnterNewRoadEvent, vehicle_id: 5, road_id: 5130478386772181074 id: 1484 at time: 505.69
Processed event: VehicleEnterNewRoadEvent, vehicle_id: 5, road_id: 5130478386772181074 id: 1484
processing event: VehicleDepartureEvent, vehicle_id: 5, road_id: 5130478386772181074, offset: 0.000000 id: 1485 at time: 505.69
Processed event: VehicleDepartureEvent, vehicle_id: 5, road_id: 5130478386772181074, offset: 0.000000 id: 1485
Event is not valid: VehicleArriveIntersectionEvent, vehicle_id: 17, road_id: 5130501708444599288 id: 1173 at time: 505.95
Event is not valid: VehicleArriveIntersectionEvent, vehicle_id: 17, road_id: 5130501708444599288 id: 1352 at time: 505.95
processing event: VehicleArriveIntersectionEvent, vehicle_id: 17, road_id: 5130501708444599288 id: 1399 at time: 505.95
Processed event: VehicleArriveIntersectionEvent, vehicle_id: 17, road_id: 5130501708444599288 id: 1399
Event is not valid: VehicleArriveIntersectionEvent, vehicle_id: 20, road_id: 5130478382477214612 id: 1454 at time: 506.139
Event is not valid: VehicleArriveIntersectionEvent, vehicle_id: 20, road_id: 5130478382477214612 id: 1465 at time: 506.139
processing event: VehicleArriveIntersectionEvent, vehicle_id: 20, road_id: 5130478382477214612 id: 1470 at time: 506.139
Processed event: VehicleArriveIntersectionEvent, vehicle_id: 20, road_id: 5130478382477214612 id: 1470
processing event: VehicleEnterNewRoadEvent, vehicle_id: 17, road_id: 5130501708444599199 id: 1487 at time: 507.84
Processed event: VehicleEnterNewRoadEvent, vehicle_id: 17, road_id: 5130501708444599199 id: 1487
processing event: VehicleDepartureEvent, vehicle_id: 17, road_id: 5130501708444599199, offset: 0.000000 id: 1492 at time: 507.84
Processed event: VehicleDepartureEvent, vehicle_id: 17, road_id: 5130501708444599199, offset: 0.000000 id: 1492
processing event: VehicleEnterNewRoadEvent, vehicle_id: 20, road_id: 5130478382477214611 id: 1489 at time: 508.299
Processed event: VehicleEnterNewRoadEvent, vehicle_id: 20, road_id: 5130478382477214611 id: 1489
Event is not valid: VehicleCheckPointEvent, vehicle_id: 10 id: 1490 at time: 508.299
processing event: VehicleDepartureEvent, vehicle_id: 20, road_id: 5130478382477214611, offset: 0.000000 id: 1495 at time: 508.299
Processed event: VehicleDepartureEvent, vehicle_id: 20, road_id: 5130478382477214611, offset: 0.000000 id: 1495
processing event: VehicleArriveIntersectionEvent, vehicle_id: 7, road_id: 5130501893128192635 id: 1427 at time: 509.096
Processed event: VehicleArriveIntersectionEvent, vehicle_id: 7, road_id: 5130501893128192635 id: 1427
processing event: VehicleEnterNewRoadEvent, vehicle_id: 7, road_id: 5130501893128192634 id: 1497 at time: 509.096
Processed event: VehicleEnterNewRoadEvent, vehicle_id: 7, road_id: 5130501893128192634 id: 1497
processing event: VehicleDepartureEvent, vehicle_id: 7, road_id: 5130501893128192634, offset: 0.000000 id: 1498 at time: 509.096
Processed event: VehicleDepartureEvent, vehicle_id: 7, road_id: 5130501893128192634, offset: 0.000000 id: 1498
processing event: VehicleArriveIntersectionEvent, vehicle_id: 10, road_id: 5130478382477214612 id: 1494 at time: 509.739
Processed event: VehicleArriveIntersectionEvent, vehicle_id: 10, road_id: 5130478382477214612 id: 1494
Simulator::runFor: now_ = 509.739 target = 510
[progress] simulator time = 510 / 1000
processing event: VehicleEnterNewRoadEvent, vehicle_id: 10, road_id: 5130478382477214611 id: 1500 at time: 511.899
Processed event: VehicleEnterNewRoadEvent, vehicle_id: 10, road_id: 5130478382477214611 id: 1500
processing event: VehicleDepartureEvent, vehicle_id: 10, road_id: 5130478382477214611, offset: 0.000000 id: 1501 at time: 511.899
Processed event: VehicleDepartureEvent, vehicle_id: 10, road_id: 5130478382477214611, offset: 0.000000 id: 1501
processing event: VehicleArriveIntersectionEvent, vehicle_id: 11, road_id: 5130501706297114637 id: 1395 at time: 512.437
Processed event: VehicleArriveIntersectionEvent, vehicle_id: 11, road_id: 5130501706297114637 id: 1395
processing event: VehicleArriveIntersectionEvent, vehicle_id: 7, road_id: 5130501893128192634 id: 1499 at time: 512.696
Processed event: VehicleArriveIntersectionEvent, vehicle_id: 7, road_id: 5130501893128192634 id: 1499
processing event: VehicleEnterNewRoadEvent, vehicle_id: 7, road_id: 5130501893128192185 id: 1504 at time: 512.696
Processed event: VehicleEnterNewRoadEvent, vehicle_id: 7, road_id: 5130501893128192185 id: 1504
processing event: VehicleDepartureEvent, vehicle_id: 7, road_id: 5130501893128192185, offset: 0.000000 id: 1505 at time: 512.696
Processed event: VehicleDepartureEvent, vehicle_id: 7, road_id: 5130501893128192185, offset: 0.000000 id: 1505
Event is not valid: VehicleArriveIntersectionEvent, vehicle_id: 18, road_id: 5130501798638911924 id: 1416 at time: 513.545
processing event: VehicleArriveIntersectionEvent, vehicle_id: 18, road_id: 5130501798638911924 id: 1472 at time: 513.545
Processed event: VehicleArriveIntersectionEvent, vehicle_id: 18, road_id: 5130501798638911924 id: 1472
processing event: VehicleEnterNewRoadEvent, vehicle_id: 18, road_id: 5130501798638911926 id: 1507 at time: 513.545
Processed event: VehicleEnterNewRoadEvent, vehicle_id: 18, road_id: 5130501798638911926 id: 1507
processing event: VehicleDepartureEvent, vehicle_id: 18, road_id: 5130501798638911926, offset: 0.000000 id: 1508 at time: 513.545
Processed event: VehicleDepartureEvent, vehicle_id: 18, road_id: 5130501798638911926, offset: 0.000000 id: 1508
processing event: VehicleEnterNewRoadEvent, vehicle_id: 11, road_id: 5130501706297114832 id: 1503 at time: 514.598
Processed event: VehicleEnterNewRoadEvent, vehicle_id: 11, road_id: 5130501706297114832 id: 1503
processing event: VehicleDepartureEvent, vehicle_id: 11, road_id: 5130501706297114832, offset: 0.000000 id: 1510 at time: 514.598
Processed event: VehicleDepartureEvent, vehicle_id: 11, road_id: 5130501706297114832, offset: 0.000000 id: 1510
processing event: VehicleArriveIntersectionEvent, vehicle_id: 6, road_id: 5130501798638911520 id: 1449 at time: 517.147
Processed event: VehicleArriveIntersectionEvent, vehicle_id: 6, road_id: 5130501798638911520 id: 1449
processing event: VehicleEnterNewRoadEvent, vehicle_id: 6, road_id: 5130501798638911521 id: 1512 at time: 517.147
Processed event: VehicleEnterNewRoadEvent, vehicle_id: 6, road_id: 5130501798638911521 id: 1512
processing event: VehicleDepartureEvent, vehicle_id: 6, road_id: 5130501798638911521, offset: 0.000000 id: 1513 at time: 517.147
Processed event: VehicleDepartureEvent, vehicle_id: 6, road_id: 5130501798638911521, offset: 0.000000 id: 1513
processing event: VehicleArriveIntersectionEvent, vehicle_id: 12, road_id: 5130501702002147817 id: 1480 at time: 519.204
Processed event: VehicleArriveIntersectionEvent, vehicle_id: 12, road_id: 5130501702002147817 id: 1480
processing event: VehicleEnterNewRoadEvent, vehicle_id: 12, road_id: 5130501702002147450 id: 1515 at time: 519.204
Processed event: VehicleEnterNewRoadEvent, vehicle_id: 12, road_id: 5130501702002147450 id: 1515
processing event: VehicleDepartureEvent, vehicle_id: 12, road_id: 5130501702002147450, offset: 0.000000 id: 1516 at time: 519.204
Processed event: VehicleDepartureEvent, vehicle_id: 12, road_id: 5130501702002147450, offset: 0.000000 id: 1516
processing event: VehicleArriveIntersectionEvent, vehicle_id: 20, road_id: 5130478382477214611 id: 1496 at time: 519.64
Processed event: VehicleArriveIntersectionEvent, vehicle_id: 20, road_id: 5130478382477214611 id: 1496
processing event: VehicleEnterNewRoadEvent, vehicle_id: 20, road_id: 5130478382477214610 id: 1518 at time: 519.64
Processed event: VehicleEnterNewRoadEvent, vehicle_id: 20, road_id: 5130478382477214610 id: 1518
processing event: VehicleDepartureEvent, vehicle_id: 20, road_id: 5130478382477214610, offset: 0.000000 id: 1519 at time: 519.64
Processed event: VehicleDepartureEvent, vehicle_id: 20, road_id: 5130478382477214610, offset: 0.000000 id: 1519
processing event: VehicleArriveIntersectionEvent, vehicle_id: 17, road_id: 5130501708444599199 id: 1493 at time: 519.902
Processed event: VehicleArriveIntersectionEvent, vehicle_id: 17, road_id: 5130501708444599199 id: 1493
processing event: VehicleEnterNewRoadEvent, vehicle_id: 17, road_id: 5130501708444599196 id: 1521 at time: 519.902
Processed event: VehicleEnterNewRoadEvent, vehicle_id: 17, road_id: 5130501708444599196 id: 1521
processing event: VehicleDepartureEvent, vehicle_id: 17, road_id: 5130501708444599196, offset: 0.000000 id: 1522 at time: 519.902
Processed event: VehicleDepartureEvent, vehicle_id: 17, road_id: 5130501708444599196, offset: 0.000000 id: 1522
Simulator::runFor: now_ = 519.902 target = 520
[progress] simulator time = 520 / 1000
processing event: PassengerRouteStartEvent, passenger_id: 27, route_id: 1 id: 26 at time: 523
Processed event: PassengerRouteStartEvent, passenger_id: 27, route_id: 1 id: 26
processing event: OrderCreatedEvent, order_id: 27, available_pickups: 3 , available_dropoffs: 1 , passenger_id: 27, route_id: 1, passenger_num: 0 id: 1524 at time: 523
Processed event: OrderCreatedEvent, order_id: 27, available_pickups: 3 , available_dropoffs: 1 , passenger_id: 27, route_id: 1, passenger_num: 3 id: 1524
processing event: VehicleArriveIntersectionEvent, vehicle_id: 10, road_id: 5130478382477214611 id: 1502 at time: 523.24
Processed event: VehicleArriveIntersectionEvent, vehicle_id: 10, road_id: 5130478382477214611 id: 1502
processing event: VehicleEnterNewRoadEvent, vehicle_id: 10, road_id: 5130478382477214610 id: 1525 at time: 523.24
Processed event: VehicleEnterNewRoadEvent, vehicle_id: 10, road_id: 5130478382477214610 id: 1525
processing event: VehicleDepartureEvent, vehicle_id: 10, road_id: 5130478382477214610, offset: 0.000000 id: 1526 at time: 523.24
Processed event: VehicleDepartureEvent, vehicle_id: 10, road_id: 5130478382477214610, offset: 0.000000 id: 1526
processing event: VehicleArriveIntersectionEvent, vehicle_id: 18, road_id: 5130501798638911926 id: 1509 at time: 525.066
Processed event: VehicleArriveIntersectionEvent, vehicle_id: 18, road_id: 5130501798638911926 id: 1509
processing event: VehicleEnterNewRoadEvent, vehicle_id: 18, road_id: 5130501704149631184 id: 1528 at time: 525.066
Processed event: VehicleEnterNewRoadEvent, vehicle_id: 18, road_id: 5130501704149631184 id: 1528
processing event: VehicleDepartureEvent, vehicle_id: 18, road_id: 5130501704149631184, offset: 0.000000 id: 1529 at time: 525.066
Processed event: VehicleDepartureEvent, vehicle_id: 18, road_id: 5130501704149631184, offset: 0.000000 id: 1529
processing event: VehicleArriveIntersectionEvent, vehicle_id: 2, road_id: 5130501708444599059 id: 1269 at time: 526.873
Processed event: VehicleArriveIntersectionEvent, vehicle_id: 2, road_id: 5130501708444599059 id: 1269
processing event: VehicleEnterNewRoadEvent, vehicle_id: 2, road_id: 5130501708444598521 id: 1531 at time: 526.873
Processed event: VehicleEnterNewRoadEvent, vehicle_id: 2, road_id: 5130501708444598521 id: 1531
processing event: VehicleDepartureEvent, vehicle_id: 2, road_id: 5130501708444598521, offset: 0.000000 id: 1532 at time: 526.873
Processed event: VehicleDepartureEvent, vehicle_id: 2, road_id: 5130501708444598521, offset: 0.000000 id: 1532
processing event: VehicleArriveIntersectionEvent, vehicle_id: 12, road_id: 5130501702002147450 id: 1517 at time: 529.105
Processed event: VehicleArriveIntersectionEvent, vehicle_id: 12, road_id: 5130501702002147450 id: 1517
processing event: VehicleEnterNewRoadEvent, vehicle_id: 12, road_id: 5130501702002147427 id: 1534 at time: 529.105
Processed event: VehicleEnterNewRoadEvent, vehicle_id: 12, road_id: 5130501702002147427 id: 1534
processing event: VehicleDepartureEvent, vehicle_id: 12, road_id: 5130501702002147427, offset: 0.000000 id: 1535 at time: 529.105
Processed event: VehicleDepartureEvent, vehicle_id: 12, road_id: 5130501702002147427, offset: 0.000000 id: 1535
Simulator::runFor: now_ = 529.105 target = 530
[progress] simulator time = 530 / 1000
processing event: OrderMatchedEvent, order_id: 27, vehicle_id: 18 id: 1537 at time: 530
Processed event: OrderMatchedEvent, order_id: 27, vehicle_id: 18 id: 1537
processing event: PassengerArrivalEvent, passenger_id: 27 id: 1539 at time: 530
Processed event: PassengerArrivalEvent, passenger_id: 27 id: 1539
processing event: VehicleArriveIntersectionEvent, vehicle_id: 11, road_id: 5130501706297114832 id: 1511 at time: 530.259
Processed event: VehicleArriveIntersectionEvent, vehicle_id: 11, road_id: 5130501706297114832 id: 1511
processing event: VehicleEnterNewRoadEvent, vehicle_id: 11, road_id: 5130501800786395574 id: 1540 at time: 530.259
Processed event: VehicleEnterNewRoadEvent, vehicle_id: 11, road_id: 5130501800786395574 id: 1540
processing event: VehicleDepartureEvent, vehicle_id: 11, road_id: 5130501800786395574, offset: 0.000000 id: 1541 at time: 530.259
Processed event: VehicleDepartureEvent, vehicle_id: 11, road_id: 5130501800786395574, offset: 0.000000 id: 1541
processing event: VehicleArriveIntersectionEvent, vehicle_id: 19, road_id: 5130478414689469011 id: 1457 at time: 531.711
Processed event: VehicleArriveIntersectionEvent, vehicle_id: 19, road_id: 5130478414689469011 id: 1457
processing event: VehicleEnterNewRoadEvent, vehicle_id: 19, road_id: 5130478414689469012 id: 1543 at time: 531.711
Processed event: VehicleEnterNewRoadEvent, vehicle_id: 19, road_id: 5130478414689469012 id: 1543
processing event: VehicleDepartureEvent, vehicle_id: 19, road_id: 5130478414689469012, offset: 0.000000 id: 1544 at time: 531.711
Processed event: VehicleDepartureEvent, vehicle_id: 19, road_id: 5130478414689469012, offset: 0.000000 id: 1544
processing event: VehicleArriveIntersectionEvent, vehicle_id: 7, road_id: 5130501893128192185 id: 1506 at time: 535.199
Processed event: VehicleArriveIntersectionEvent, vehicle_id: 7, road_id: 5130501893128192185 id: 1506
processing event: VehicleEnterNewRoadEvent, vehicle_id: 7, road_id: 5130501895275675830 id: 1546 at time: 535.199
Processed event: VehicleEnterNewRoadEvent, vehicle_id: 7, road_id: 5130501895275675830 id: 1546
processing event: VehicleDepartureEvent, vehicle_id: 7, road_id: 5130501895275675830, offset: 0.000000 id: 1547 at time: 535.199
Processed event: VehicleDepartureEvent, vehicle_id: 7, road_id: 5130501895275675830, offset: 0.000000 id: 1547
processing event: VehicleArriveIntersectionEvent, vehicle_id: 3, road_id: 5130501706297115040 id: 1483 at time: 538.23
Processed event: VehicleArriveIntersectionEvent, vehicle_id: 3, road_id: 5130501706297115040 id: 1483
processing event: VehicleEnterNewRoadEvent, vehicle_id: 3, road_id: 5130501706297114979 id: 1549 at time: 538.23
Processed event: VehicleEnterNewRoadEvent, vehicle_id: 3, road_id: 5130501706297114979 id: 1549
processing event: VehicleDepartureEvent, vehicle_id: 3, road_id: 5130501706297114979, offset: 0.000000 id: 1550 at time: 538.23
Processed event: VehicleDepartureEvent, vehicle_id: 3, road_id: 5130501706297114979, offset: 0.000000 id: 1550
Simulator::runFor: now_ = 538.23 target = 540
[progress] simulator time = 540 / 1000
processing event: VehicleArriveIntersectionEvent, vehicle_id: 17, road_id: 5130501708444599196 id: 1523 at time: 540.244
Processed event: VehicleArriveIntersectionEvent, vehicle_id: 17, road_id: 5130501708444599196 id: 1523
processing event: VehicleEnterNewRoadEvent, vehicle_id: 17, road_id: 5130501708444599198 id: 1552 at time: 540.244
Processed event: VehicleEnterNewRoadEvent, vehicle_id: 17, road_id: 5130501708444599198 id: 1552
processing event: VehicleDepartureEvent, vehicle_id: 17, road_id: 5130501708444599198, offset: 0.000000 id: 1553 at time: 540.244
Processed event: VehicleDepartureEvent, vehicle_id: 17, road_id: 5130501708444599198, offset: 0.000000 id: 1553
processing event: VehicleArriveIntersectionEvent, vehicle_id: 12, road_id: 5130501702002147427 id: 1536 at time: 540.626
Processed event: VehicleArriveIntersectionEvent, vehicle_id: 12, road_id: 5130501702002147427 id: 1536
Event is not valid: VehicleArriveIntersectionEvent, vehicle_id: 18, road_id: 5130501704149631184 id: 1530 at time: 540.728
processing event: VehicleArriveIntersectionEvent, vehicle_id: 18, road_id: 5130501704149631184 id: 1538 at time: 540.728
Processed event: VehicleArriveIntersectionEvent, vehicle_id: 18, road_id: 5130501704149631184 id: 1538
processing event: VehicleArriveIntersectionEvent, vehicle_id: 11, road_id: 5130501800786395574 id: 1542 at time: 541.78
Processed event: VehicleArriveIntersectionEvent, vehicle_id: 11, road_id: 5130501800786395574 id: 1542
processing event: VehicleEnterNewRoadEvent, vehicle_id: 11, road_id: 5130501800786395572 id: 1557 at time: 541.78
Processed event: VehicleEnterNewRoadEvent, vehicle_id: 11, road_id: 5130501800786395572 id: 1557
processing event: VehicleDepartureEvent, vehicle_id: 11, road_id: 5130501800786395572, offset: 0.000000 id: 1558 at time: 541.78
Processed event: VehicleDepartureEvent, vehicle_id: 11, road_id: 5130501800786395572, offset: 0.000000 id: 1558
processing event: VehicleArriveIntersectionEvent, vehicle_id: 3, road_id: 5130501706297114979 id: 1551 at time: 542.731
Processed event: VehicleArriveIntersectionEvent, vehicle_id: 3, road_id: 5130501706297114979 id: 1551
processing event: VehicleEnterNewRoadEvent, vehicle_id: 3, road_id: 5130501706297114978 id: 1560 at time: 542.731
Processed event: VehicleEnterNewRoadEvent, vehicle_id: 3, road_id: 5130501706297114978 id: 1560
processing event: VehicleDepartureEvent, vehicle_id: 3, road_id: 5130501706297114978, offset: 0.000000 id: 1561 at time: 542.731
Processed event: VehicleDepartureEvent, vehicle_id: 3, road_id: 5130501706297114978, offset: 0.000000 id: 1561
processing event: VehicleEnterNewRoadEvent, vehicle_id: 12, road_id: 5130501702002147653 id: 1555 at time: 542.786
Processed event: VehicleEnterNewRoadEvent, vehicle_id: 12, road_id: 5130501702002147653 id: 1555
processing event: VehicleDepartureEvent, vehicle_id: 12, road_id: 5130501702002147653, offset: 0.000000 id: 1563 at time: 542.786
Processed event: VehicleDepartureEvent, vehicle_id: 12, road_id: 5130501702002147653, offset: 0.000000 id: 1563
processing event: VehicleArriveIntersectionEvent, vehicle_id: 19, road_id: 5130478414689469012 id: 1545 at time: 542.872
Processed event: VehicleArriveIntersectionEvent, vehicle_id: 19, road_id: 5130478414689469012 id: 1545
processing event: VehicleEnterNewRoadEvent, vehicle_id: 19, road_id: 5130478414689468619 id: 1565 at time: 542.872
Processed event: VehicleEnterNewRoadEvent, vehicle_id: 19, road_id: 5130478414689468619 id: 1565
processing event: VehicleDepartureEvent, vehicle_id: 19, road_id: 5130478414689468619, offset: 0.000000 id: 1566 at time: 542.872
Processed event: VehicleDepartureEvent, vehicle_id: 19, road_id: 5130478414689468619, offset: 0.000000 id: 1566
Event is not valid: VehicleArriveIntersectionEvent, vehicle_id: 8, road_id: 5130501706297114978 id: 1430 at time: 543.977
processing event: VehicleArriveIntersectionEvent, vehicle_id: 8, road_id: 5130501706297114978 id: 1562 at time: 543.977
Processed event: VehicleArriveIntersectionEvent, vehicle_id: 8, road_id: 5130501706297114978 id: 1562
processing event: VehicleEnterNewRoadEvent, vehicle_id: 8, road_id: 5130501706297114746 id: 1568 at time: 543.977
Processed event: VehicleEnterNewRoadEvent, vehicle_id: 8, road_id: 5130501706297114746 id: 1568
processing event: VehicleDepartureEvent, vehicle_id: 8, road_id: 5130501706297114746, offset: 0.000000 id: 1571 at time: 543.977
Processed event: VehicleDepartureEvent, vehicle_id: 8, road_id: 5130501706297114746, offset: 0.000000 id: 1571
processing event: VehicleEnterNewRoadEvent, vehicle_id: 18, road_id: 5130501704149630989 id: 1556 at time: 544.121
Processed event: VehicleEnterNewRoadEvent, vehicle_id: 18, road_id: 5130501704149630989 id: 1556
processing event: VehicleDepartureEvent, vehicle_id: 18, road_id: 5130501704149630989, offset: 0.000000 id: 1573 at time: 544.121
Processed event: VehicleDepartureEvent, vehicle_id: 18, road_id: 5130501704149630989, offset: 0.000000 id: 1573
processing event: VehicleArriveIntersectionEvent, vehicle_id: 14, road_id: 5130478410394501134 id: 1467 at time: 546.378
Processed event: VehicleArriveIntersectionEvent, vehicle_id: 14, road_id: 5130478410394501134 id: 1467
processing event: VehicleArriveIntersectionEvent, vehicle_id: 17, road_id: 5130501708444599198 id: 1554 at time: 548.524
Processed event: VehicleArriveIntersectionEvent, vehicle_id: 17, road_id: 5130501708444599198 id: 1554
processing event: VehicleEnterNewRoadEvent, vehicle_id: 17, road_id: 5130501708444598509 id: 1576 at time: 548.524
Processed event: VehicleEnterNewRoadEvent, vehicle_id: 17, road_id: 5130501708444598509 id: 1576
processing event: VehicleDepartureEvent, vehicle_id: 17, road_id: 5130501708444598509, offset: 0.000000 id: 1577 at time: 548.524
Processed event: VehicleDepartureEvent, vehicle_id: 17, road_id: 5130501708444598509, offset: 0.000000 id: 1577
processing event: VehicleEnterNewRoadEvent, vehicle_id: 14, road_id: 5130478408247017764 id: 1575 at time: 548.539
Processed event: VehicleEnterNewRoadEvent, vehicle_id: 14, road_id: 5130478408247017764 id: 1575
processing event: VehicleDepartureEvent, vehicle_id: 14, road_id: 5130478408247017764, offset: 0.000000 id: 1579 at time: 548.539
Processed event: VehicleDepartureEvent, vehicle_id: 14, road_id: 5130478408247017764, offset: 0.000000 id: 1579
processing event: VehicleArriveIntersectionEvent, vehicle_id: 5, road_id: 5130478386772181074 id: 1486 at time: 548.894
Processed event: VehicleArriveIntersectionEvent, vehicle_id: 5, road_id: 5130478386772181074 id: 1486
processing event: VehicleEnterNewRoadEvent, vehicle_id: 5, road_id: 5130478386772181099 id: 1581 at time: 548.894
Processed event: VehicleEnterNewRoadEvent, vehicle_id: 5, road_id: 5130478386772181099 id: 1581
processing event: VehicleDepartureEvent, vehicle_id: 5, road_id: 5130478386772181099, offset: 0.000000 id: 1582 at time: 548.894
Processed event: VehicleDepartureEvent, vehicle_id: 5, road_id: 5130478386772181099, offset: 0.000000 id: 1582
Simulator::runFor: now_ = 548.894 target = 550
[progress] simulator time = 550 / 1000
processing event: VehicleArriveIntersectionEvent, vehicle_id: 12, road_id: 5130501702002147653 id: 1564 at time: 551.967
Processed event: VehicleArriveIntersectionEvent, vehicle_id: 12, road_id: 5130501702002147653 id: 1564
processing event: VehicleEnterNewRoadEvent, vehicle_id: 12, road_id: 5130501702002147934 id: 1584 at time: 551.967
Processed event: VehicleEnterNewRoadEvent, vehicle_id: 12, road_id: 5130501702002147934 id: 1584
processing event: VehicleDepartureEvent, vehicle_id: 12, road_id: 5130501702002147934, offset: 0.000000 id: 1585 at time: 551.967
Processed event: VehicleDepartureEvent, vehicle_id: 12, road_id: 5130501702002147934, offset: 0.000000 id: 1585
processing event: VehicleArriveIntersectionEvent, vehicle_id: 2, road_id: 5130501708444598521 id: 1533 at time: 553.155
Processed event: VehicleArriveIntersectionEvent, vehicle_id: 2, road_id: 5130501708444598521 id: 1533
processing event: VehicleArriveIntersectionEvent, vehicle_id: 19, road_id: 5130478414689468619 id: 1567 at time: 553.673
Processed event: VehicleArriveIntersectionEvent, vehicle_id: 19, road_id: 5130478414689468619 id: 1567
processing event: VehicleArriveIntersectionEvent, vehicle_id: 17, road_id: 5130501708444598509 id: 1578 at time: 555.725
Processed event: VehicleArriveIntersectionEvent, vehicle_id: 17, road_id: 5130501708444598509 id: 1578
processing event: VehicleEnterNewRoadEvent, vehicle_id: 17, road_id: 5130501708444598505 id: 1589 at time: 555.725
Processed event: VehicleEnterNewRoadEvent, vehicle_id: 17, road_id: 5130501708444598505 id: 1589
processing event: VehicleDepartureEvent, vehicle_id: 17, road_id: 5130501708444598505, offset: 0.000000 id: 1590 at time: 555.725
Processed event: VehicleDepartureEvent, vehicle_id: 17, road_id: 5130501708444598505, offset: 0.000000 id: 1590
processing event: VehicleArriveIntersectionEvent, vehicle_id: 6, road_id: 5130501798638911521 id: 1514 at time: 556.751
Processed event: VehicleArriveIntersectionEvent, vehicle_id: 6, road_id: 5130501798638911521 id: 1514
processing event: VehicleEnterNewRoadEvent, vehicle_id: 6, road_id: 5130501798638911982 id: 1592 at time: 556.751
Processed event: VehicleEnterNewRoadEvent, vehicle_id: 6, road_id: 5130501798638911982 id: 1592
processing event: VehicleDepartureEvent, vehicle_id: 6, road_id: 5130501798638911982, offset: 0.000000 id: 1593 at time: 556.751
Processed event: VehicleDepartureEvent, vehicle_id: 6, road_id: 5130501798638911982, offset: 0.000000 id: 1593
processing event: VehicleEnterNewRoadEvent, vehicle_id: 2, road_id: 5130501708444599288 id: 1587 at time: 556.936
Processed event: VehicleEnterNewRoadEvent, vehicle_id: 2, road_id: 5130501708444599288 id: 1587
processing event: VehicleDepartureEvent, vehicle_id: 2, road_id: 5130501708444599288, offset: 0.000000 id: 1595 at time: 556.936
Processed event: VehicleDepartureEvent, vehicle_id: 2, road_id: 5130501708444599288, offset: 0.000000 id: 1595
processing event: VehicleArriveIntersectionEvent, vehicle_id: 5, road_id: 5130478386772181099 id: 1583 at time: 557.535
Processed event: VehicleArriveIntersectionEvent, vehicle_id: 5, road_id: 5130478386772181099 id: 1583
Simulator::runFor: now_ = 557.535 target = 560
[progress] simulator time = 560 / 1000
processing event: VehicleArriveIntersectionEvent, vehicle_id: 12, road_id: 5130501702002147934 id: 1586 at time: 560.788
Processed event: VehicleArriveIntersectionEvent, vehicle_id: 12, road_id: 5130501702002147934 id: 1586
processing event: VehicleEnterNewRoadEvent, vehicle_id: 12, road_id: 5130501702002147933 id: 1598 at time: 560.788
Processed event: VehicleEnterNewRoadEvent, vehicle_id: 12, road_id: 5130501702002147933 id: 1598
processing event: VehicleDepartureEvent, vehicle_id: 12, road_id: 5130501702002147933, offset: 0.000000 id: 1599 at time: 560.788
Processed event: VehicleDepartureEvent, vehicle_id: 12, road_id: 5130501702002147933, offset: 0.000000 id: 1599
processing event: VehicleArriveIntersectionEvent, vehicle_id: 17, road_id: 5130501708444598505 id: 1591 at time: 562.026
Processed event: VehicleArriveIntersectionEvent, vehicle_id: 17, road_id: 5130501708444598505 id: 1591
processing event: VehicleEnterNewRoadEvent, vehicle_id: 17, road_id: 5130501708444599204 id: 1601 at time: 562.026
Processed event: VehicleEnterNewRoadEvent, vehicle_id: 17, road_id: 5130501708444599204 id: 1601
processing event: VehicleDepartureEvent, vehicle_id: 17, road_id: 5130501708444599204, offset: 0.000000 id: 1602 at time: 562.026
Processed event: VehicleDepartureEvent, vehicle_id: 17, road_id: 5130501708444599204, offset: 0.000000 id: 1602
processing event: VehicleArriveIntersectionEvent, vehicle_id: 12, road_id: 5130501702002147933 id: 1600 at time: 565.469
Processed event: VehicleArriveIntersectionEvent, vehicle_id: 12, road_id: 5130501702002147933 id: 1600
processing event: VehicleEnterNewRoadEvent, vehicle_id: 12, road_id: 5130501702002147577 id: 1604 at time: 565.469
Processed event: VehicleEnterNewRoadEvent, vehicle_id: 12, road_id: 5130501702002147577 id: 1604
processing event: VehicleDepartureEvent, vehicle_id: 12, road_id: 5130501702002147577, offset: 0.000000 id: 1605 at time: 565.469
Processed event: VehicleDepartureEvent, vehicle_id: 12, road_id: 5130501702002147577, offset: 0.000000 id: 1605
processing event: VehicleArriveIntersectionEvent, vehicle_id: 6, road_id: 5130501798638911982 id: 1594 at time: 565.572
Processed event: VehicleArriveIntersectionEvent, vehicle_id: 6, road_id: 5130501798638911982 id: 1594
processing event: VehicleEnterNewRoadEvent, vehicle_id: 6, road_id: 5130501798638911983 id: 1607 at time: 565.572
Processed event: VehicleEnterNewRoadEvent, vehicle_id: 6, road_id: 5130501798638911983 id: 1607
processing event: VehicleDepartureEvent, vehicle_id: 6, road_id: 5130501798638911983, offset: 0.000000 id: 1608 at time: 565.572
Processed event: VehicleDepartureEvent, vehicle_id: 6, road_id: 5130501798638911983, offset: 0.000000 id: 1608
processing event: PassengerRouteStartEvent, passenger_id: 28, route_id: 1 id: 27 at time: 568
Processed event: PassengerRouteStartEvent, passenger_id: 28, route_id: 1 id: 27
processing event: OrderCreatedEvent, order_id: 28, available_pickups: 3 , available_dropoffs: 2 , passenger_id: 28, route_id: 1, passenger_num: 0 id: 1610 at time: 568
Processed event: OrderCreatedEvent, order_id: 28, available_pickups: 3 , available_dropoffs: 2 , passenger_id: 28, route_id: 1, passenger_num: 3 id: 1610
processing event: VehicleArriveIntersectionEvent, vehicle_id: 14, road_id: 5130478408247017764 id: 1580 at time: 568.881
Processed event: VehicleArriveIntersectionEvent, vehicle_id: 14, road_id: 5130478408247017764 id: 1580
processing event: VehicleEnterNewRoadEvent, vehicle_id: 14, road_id: 5130478408247018610 id: 1611 at time: 568.881
Processed event: VehicleEnterNewRoadEvent, vehicle_id: 14, road_id: 5130478408247018610 id: 1611
processing event: VehicleDepartureEvent, vehicle_id: 14, road_id: 5130478408247018610, offset: 0.000000 id: 1612 at time: 568.881
Processed event: VehicleDepartureEvent, vehicle_id: 14, road_id: 5130478408247018610, offset: 0.000000 id: 1612
processing event: VehicleArriveIntersectionEvent, vehicle_id: 20, road_id: 5130478382477214610 id: 1520 at time: 568.965
Processed event: VehicleArriveIntersectionEvent, vehicle_id: 20, road_id: 5130478382477214610 id: 1520
processing event: VehicleEnterNewRoadEvent, vehicle_id: 20, road_id: 5130478382477214609 id: 1614 at time: 568.965
Processed event: VehicleEnterNewRoadEvent, vehicle_id: 20, road_id: 5130478382477214609 id: 1614
processing event: VehicleDepartureEvent, vehicle_id: 20, road_id: 5130478382477214609, offset: 0.000000 id: 1615 at time: 568.965
Processed event: VehicleDepartureEvent, vehicle_id: 20, road_id: 5130478382477214609, offset: 0.000000 id: 1615
Simulator::runFor: now_ = 568.965 target = 570
[progress] simulator time = 570 / 1000
processing event: OrderMatchedEvent, order_id: 28, vehicle_id: 8 id: 1617 at time: 570
Processed event: OrderMatchedEvent, order_id: 28, vehicle_id: 8 id: 1617
processing event: PassengerArrivalEvent, passenger_id: 28 id: 1619 at time: 570
Processed event: PassengerArrivalEvent, passenger_id: 28 id: 1619
processing event: VehicleArriveIntersectionEvent, vehicle_id: 10, road_id: 5130478382477214610 id: 1527 at time: 572.565
Processed event: VehicleArriveIntersectionEvent, vehicle_id: 10, road_id: 5130478382477214610 id: 1527
processing event: VehicleEnterNewRoadEvent, vehicle_id: 10, road_id: 5130478382477214609 id: 1620 at time: 572.565
Processed event: VehicleEnterNewRoadEvent, vehicle_id: 10, road_id: 5130478382477214609 id: 1620
processing event: VehicleDepartureEvent, vehicle_id: 10, road_id: 5130478382477214609, offset: 0.000000 id: 1621 at time: 572.565
Processed event: VehicleDepartureEvent, vehicle_id: 10, road_id: 5130478382477214609, offset: 0.000000 id: 1621
processing event: VehicleArriveIntersectionEvent, vehicle_id: 12, road_id: 5130501702002147577 id: 1606 at time: 572.669
Processed event: VehicleArriveIntersectionEvent, vehicle_id: 12, road_id: 5130501702002147577 id: 1606
processing event: VehicleEnterNewRoadEvent, vehicle_id: 12, road_id: 5130501702002147578 id: 1623 at time: 572.669
Processed event: VehicleEnterNewRoadEvent, vehicle_id: 12, road_id: 5130501702002147578 id: 1623
processing event: VehicleDepartureEvent, vehicle_id: 12, road_id: 5130501702002147578, offset: 0.000000 id: 1624 at time: 572.669
Processed event: VehicleDepartureEvent, vehicle_id: 12, road_id: 5130501702002147578, offset: 0.000000 id: 1624
processing event: VehicleArriveIntersectionEvent, vehicle_id: 17, road_id: 5130501708444599204 id: 1603 at time: 573.367
Processed event: VehicleArriveIntersectionEvent, vehicle_id: 17, road_id: 5130501708444599204 id: 1603
processing event: VehicleEnterNewRoadEvent, vehicle_id: 17, road_id: 5130501708444599328 id: 1626 at time: 573.367
Processed event: VehicleEnterNewRoadEvent, vehicle_id: 17, road_id: 5130501708444599328 id: 1626
processing event: VehicleDepartureEvent, vehicle_id: 17, road_id: 5130501708444599328, offset: 0.000000 id: 1627 at time: 573.367
Processed event: VehicleDepartureEvent, vehicle_id: 17, road_id: 5130501708444599328, offset: 0.000000 id: 1627
processing event: VehicleArriveIntersectionEvent, vehicle_id: 14, road_id: 5130478408247018610 id: 1613 at time: 575.901
Processed event: VehicleArriveIntersectionEvent, vehicle_id: 14, road_id: 5130478408247018610 id: 1613
processing event: VehicleEnterNewRoadEvent, vehicle_id: 14, road_id: 5130478408247018609 id: 1629 at time: 575.901
Processed event: VehicleEnterNewRoadEvent, vehicle_id: 14, road_id: 5130478408247018609 id: 1629
processing event: VehicleDepartureEvent, vehicle_id: 14, road_id: 5130478408247018609, offset: 0.000000 id: 1630 at time: 575.901
Processed event: VehicleDepartureEvent, vehicle_id: 14, road_id: 5130478408247018609, offset: 0.000000 id: 1630
processing event: VehicleArriveIntersectionEvent, vehicle_id: 17, road_id: 5130501708444599328 id: 1628 at time: 577.327
Processed event: VehicleArriveIntersectionEvent, vehicle_id: 17, road_id: 5130501708444599328 id: 1628
processing event: VehicleEnterNewRoadEvent, vehicle_id: 17, road_id: 5130501708444599329 id: 1632 at time: 577.327
Processed event: VehicleEnterNewRoadEvent, vehicle_id: 17, road_id: 5130501708444599329 id: 1632
processing event: VehicleDepartureEvent, vehicle_id: 17, road_id: 5130501708444599329, offset: 0.000000 id: 1633 at time: 577.327
Processed event: VehicleDepartureEvent, vehicle_id: 17, road_id: 5130501708444599329, offset: 0.000000 id: 1633
processing event: VehicleArriveIntersectionEvent, vehicle_id: 14, road_id: 5130478408247018609 id: 1631 at time: 578.782
Processed event: VehicleArriveIntersectionEvent, vehicle_id: 14, road_id: 5130478408247018609 id: 1631
processing event: VehicleEnterNewRoadEvent, vehicle_id: 14, road_id: 5130478408247018031 id: 1635 at time: 578.782
Processed event: VehicleEnterNewRoadEvent, vehicle_id: 14, road_id: 5130478408247018031 id: 1635
processing event: VehicleDepartureEvent, vehicle_id: 14, road_id: 5130478408247018031, offset: 0.000000 id: 1636 at time: 578.782
Processed event: VehicleDepartureEvent, vehicle_id: 14, road_id: 5130478408247018031, offset: 0.000000 id: 1636
Event is not valid: VehicleArriveIntersectionEvent, vehicle_id: 20, road_id: 5130478382477214609 id: 1616 at time: 579.946
processing event: VehicleArriveIntersectionEvent, vehicle_id: 20, road_id: 5130478382477214609 id: 1622 at time: 579.946
Processed event: VehicleArriveIntersectionEvent, vehicle_id: 20, road_id: 5130478382477214609 id: 1622
processing event: VehicleEnterNewRoadEvent, vehicle_id: 20, road_id: 5130478382477214278 id: 1638 at time: 579.946
Processed event: VehicleEnterNewRoadEvent, vehicle_id: 20, road_id: 5130478382477214278 id: 1638
processing event: VehicleDepartureEvent, vehicle_id: 20, road_id: 5130478382477214278, offset: 0.000000 id: 1641 at time: 579.946
Processed event: VehicleDepartureEvent, vehicle_id: 20, road_id: 5130478382477214278, offset: 0.000000 id: 1641
Simulator::runFor: now_ = 579.946 target = 580
[progress] simulator time = 580 / 1000
processing event: VehicleArriveIntersectionEvent, vehicle_id: 17, road_id: 5130501708444599329 id: 1634 at time: 580.748
Processed event: VehicleArriveIntersectionEvent, vehicle_id: 17, road_id: 5130501708444599329 id: 1634
processing event: VehicleEnterNewRoadEvent, vehicle_id: 17, road_id: 5130501708444599202 id: 1643 at time: 580.748
Processed event: VehicleEnterNewRoadEvent, vehicle_id: 17, road_id: 5130501708444599202 id: 1643
processing event: VehicleDepartureEvent, vehicle_id: 17, road_id: 5130501708444599202, offset: 0.000000 id: 1644 at time: 580.748
Processed event: VehicleDepartureEvent, vehicle_id: 17, road_id: 5130501708444599202, offset: 0.000000 id: 1644
processing event: VehicleArriveIntersectionEvent, vehicle_id: 11, road_id: 5130501800786395572 id: 1559 at time: 581.564
Processed event: VehicleArriveIntersectionEvent, vehicle_id: 11, road_id: 5130501800786395572 id: 1559
Event is not valid: VehicleCheckPointEvent, vehicle_id: 10 id: 1639 at time: 582.106
processing event: VehicleEnterNewRoadEvent, vehicle_id: 11, road_id: 5130501800786395628 id: 1646 at time: 582.413
Processed event: VehicleEnterNewRoadEvent, vehicle_id: 11, road_id: 5130501800786395628 id: 1646
processing event: VehicleDepartureEvent, vehicle_id: 11, road_id: 5130501800786395628, offset: 0.000000 id: 1647 at time: 582.413
Processed event: VehicleDepartureEvent, vehicle_id: 11, road_id: 5130501800786395628, offset: 0.000000 id: 1647
processing event: VehicleArriveIntersectionEvent, vehicle_id: 7, road_id: 5130501895275675830 id: 1548 at time: 582.543
Processed event: VehicleArriveIntersectionEvent, vehicle_id: 7, road_id: 5130501895275675830 id: 1548
processing event: VehicleArriveIntersectionEvent, vehicle_id: 12, road_id: 5130501702002147578 id: 1625 at time: 583.11
Processed event: VehicleArriveIntersectionEvent, vehicle_id: 12, road_id: 5130501702002147578 id: 1625
processing event: VehicleEnterNewRoadEvent, vehicle_id: 12, road_id: 5130501702002147819 id: 1650 at time: 583.11
Processed event: VehicleEnterNewRoadEvent, vehicle_id: 12, road_id: 5130501702002147819 id: 1650
processing event: VehicleDepartureEvent, vehicle_id: 12, road_id: 5130501702002147819, offset: 0.000000 id: 1651 at time: 583.11
Processed event: VehicleDepartureEvent, vehicle_id: 12, road_id: 5130501702002147819, offset: 0.000000 id: 1651
processing event: VehicleArriveIntersectionEvent, vehicle_id: 10, road_id: 5130478382477214609 id: 1640 at time: 583.546
Processed event: VehicleArriveIntersectionEvent, vehicle_id: 10, road_id: 5130478382477214609 id: 1640
processing event: VehicleEnterNewRoadEvent, vehicle_id: 10, road_id: 5130478382477214278 id: 1653 at time: 583.546
Processed event: VehicleEnterNewRoadEvent, vehicle_id: 10, road_id: 5130478382477214278 id: 1653
processing event: VehicleDepartureEvent, vehicle_id: 10, road_id: 5130478382477214278, offset: 0.000000 id: 1654 at time: 583.546
Processed event: VehicleDepartureEvent, vehicle_id: 10, road_id: 5130478382477214278, offset: 0.000000 id: 1654
Event is not valid: VehicleArriveIntersectionEvent, vehicle_id: 8, road_id: 5130501706297114746 id: 1572 at time: 583.761
processing event: VehicleArriveIntersectionEvent, vehicle_id: 8, road_id: 5130501706297114746 id: 1618 at time: 583.761
Processed event: VehicleArriveIntersectionEvent, vehicle_id: 8, road_id: 5130501706297114746 id: 1618
Event is not valid: VehicleArriveIntersectionEvent, vehicle_id: 20, road_id: 5130478382477214278 id: 1642 at time: 584.086
processing event: VehicleArriveIntersectionEvent, vehicle_id: 20, road_id: 5130478382477214278 id: 1655 at time: 584.086
Processed event: VehicleArriveIntersectionEvent, vehicle_id: 20, road_id: 5130478382477214278 id: 1655
processing event: VehicleEnterNewRoadEvent, vehicle_id: 20, road_id: 5130478382477214367 id: 1657 at time: 584.086
Processed event: VehicleEnterNewRoadEvent, vehicle_id: 20, road_id: 5130478382477214367 id: 1657
processing event: VehicleDepartureEvent, vehicle_id: 20, road_id: 5130478382477214367, offset: 0.000000 id: 1660 at time: 584.086
Processed event: VehicleDepartureEvent, vehicle_id: 20, road_id: 5130478382477214367, offset: 0.000000 id: 1660
processing event: VehicleEnterNewRoadEvent, vehicle_id: 7, road_id: 5130501893128192026 id: 1649 at time: 584.703
Processed event: VehicleEnterNewRoadEvent, vehicle_id: 7, road_id: 5130501893128192026 id: 1649
processing event: VehicleDepartureEvent, vehicle_id: 7, road_id: 5130501893128192026, offset: 0.000000 id: 1662 at time: 584.703
Processed event: VehicleDepartureEvent, vehicle_id: 7, road_id: 5130501893128192026, offset: 0.000000 id: 1662
processing event: VehicleArriveIntersectionEvent, vehicle_id: 17, road_id: 5130501708444599202 id: 1645 at time: 585.068
Processed event: VehicleArriveIntersectionEvent, vehicle_id: 17, road_id: 5130501708444599202 id: 1645
processing event: VehicleEnterNewRoadEvent, vehicle_id: 17, road_id: 5130501708444598495 id: 1664 at time: 585.068
Processed event: VehicleEnterNewRoadEvent, vehicle_id: 17, road_id: 5130501708444598495 id: 1664
processing event: VehicleDepartureEvent, vehicle_id: 17, road_id: 5130501708444598495, offset: 0.000000 id: 1665 at time: 585.068
Processed event: VehicleDepartureEvent, vehicle_id: 17, road_id: 5130501708444598495, offset: 0.000000 id: 1665
processing event: VehicleArriveIntersectionEvent, vehicle_id: 18, road_id: 5130501704149630989 id: 1574 at time: 585.705
Processed event: VehicleArriveIntersectionEvent, vehicle_id: 18, road_id: 5130501704149630989 id: 1574
processing event: VehicleEnterNewRoadEvent, vehicle_id: 18, road_id: 5130501706297115037 id: 1667 at time: 585.705
Processed event: VehicleEnterNewRoadEvent, vehicle_id: 18, road_id: 5130501706297115037 id: 1667
processing event: VehicleDepartureEvent, vehicle_id: 18, road_id: 5130501706297115037, offset: 0.000000 id: 1668 at time: 585.705
Processed event: VehicleDepartureEvent, vehicle_id: 18, road_id: 5130501706297115037, offset: 0.000000 id: 1668
Event is not valid: VehicleCheckPointEvent, vehicle_id: 10 id: 1658 at time: 586.247
processing event: VehicleEnterNewRoadEvent, vehicle_id: 8, road_id: 5130501706297114751 id: 1656 at time: 586.306
Processed event: VehicleEnterNewRoadEvent, vehicle_id: 8, road_id: 5130501706297114751 id: 1656
processing event: VehicleDepartureEvent, vehicle_id: 8, road_id: 5130501706297114751, offset: 0.000000 id: 1670 at time: 586.306
Processed event: VehicleDepartureEvent, vehicle_id: 8, road_id: 5130501706297114751, offset: 0.000000 id: 1670
processing event: VehicleArriveIntersectionEvent, vehicle_id: 10, road_id: 5130478382477214278 id: 1659 at time: 587.687
Processed event: VehicleArriveIntersectionEvent, vehicle_id: 10, road_id: 5130478382477214278 id: 1659
processing event: VehicleEnterNewRoadEvent, vehicle_id: 10, road_id: 5130478382477214367 id: 1672 at time: 587.687
Processed event: VehicleEnterNewRoadEvent, vehicle_id: 10, road_id: 5130478382477214367 id: 1672
processing event: VehicleDepartureEvent, vehicle_id: 10, road_id: 5130478382477214367, offset: 0.000000 id: 1673 at time: 587.687
Processed event: VehicleDepartureEvent, vehicle_id: 10, road_id: 5130478382477214367, offset: 0.000000 id: 1673
processing event: VehicleArriveIntersectionEvent, vehicle_id: 14, road_id: 5130478408247018031 id: 1637 at time: 587.962
Processed event: VehicleArriveIntersectionEvent, vehicle_id: 14, road_id: 5130478408247018031 id: 1637
processing event: VehicleEnterNewRoadEvent, vehicle_id: 14, road_id: 5130478408247018030 id: 1675 at time: 587.962
Processed event: VehicleEnterNewRoadEvent, vehicle_id: 14, road_id: 5130478408247018030 id: 1675
processing event: VehicleDepartureEvent, vehicle_id: 14, road_id: 5130478408247018030, offset: 0.000000 id: 1676 at time: 587.962
Processed event: VehicleDepartureEvent, vehicle_id: 14, road_id: 5130478408247018030, offset: 0.000000 id: 1676
Simulator::runFor: now_ = 587.962 target = 590
[progress] simulator time = 590 / 1000
processing event: VehicleArriveIntersectionEvent, vehicle_id: 6, road_id: 5130501798638911983 id: 1609 at time: 590.414
Processed event: VehicleArriveIntersectionEvent, vehicle_id: 6, road_id: 5130501798638911983 id: 1609
processing event: VehicleEnterNewRoadEvent, vehicle_id: 6, road_id: 5130501798638911979 id: 1678 at time: 590.414
Processed event: VehicleEnterNewRoadEvent, vehicle_id: 6, road_id: 5130501798638911979 id: 1678
processing event: VehicleDepartureEvent, vehicle_id: 6, road_id: 5130501798638911979, offset: 0.000000 id: 1679 at time: 590.414
Processed event: VehicleDepartureEvent, vehicle_id: 6, road_id: 5130501798638911979, offset: 0.000000 id: 1679
processing event: PassengerRouteStartEvent, passenger_id: 29, route_id: 1 id: 28 at time: 591
Processed event: PassengerRouteStartEvent, passenger_id: 29, route_id: 1 id: 28
processing event: OrderCreatedEvent, order_id: 29, available_pickups: 4 , available_dropoffs: 5 , passenger_id: 29, route_id: 1, passenger_num: 0 id: 1681 at time: 591
Processed event: OrderCreatedEvent, order_id: 29, available_pickups: 4 , available_dropoffs: 5 , passenger_id: 29, route_id: 1, passenger_num: 3 id: 1681
processing event: VehicleArriveIntersectionEvent, vehicle_id: 7, road_id: 5130501893128192026 id: 1663 at time: 592.084
Processed event: VehicleArriveIntersectionEvent, vehicle_id: 7, road_id: 5130501893128192026 id: 1663
processing event: VehicleEnterNewRoadEvent, vehicle_id: 7, road_id: 5130501895275676053 id: 1682 at time: 592.084
Processed event: VehicleEnterNewRoadEvent, vehicle_id: 7, road_id: 5130501895275676053 id: 1682
processing event: VehicleDepartureEvent, vehicle_id: 7, road_id: 5130501895275676053, offset: 0.000000 id: 1683 at time: 592.084
Processed event: VehicleDepartureEvent, vehicle_id: 7, road_id: 5130501895275676053, offset: 0.000000 id: 1683
processing event: VehicleArriveIntersectionEvent, vehicle_id: 12, road_id: 5130501702002147819 id: 1652 at time: 593.011
Processed event: VehicleArriveIntersectionEvent, vehicle_id: 12, road_id: 5130501702002147819 id: 1652
processing event: VehicleArriveIntersectionEvent, vehicle_id: 14, road_id: 5130478408247018030 id: 1677 at time: 593.903
Processed event: VehicleArriveIntersectionEvent, vehicle_id: 14, road_id: 5130478408247018030 id: 1677
processing event: VehicleEnterNewRoadEvent, vehicle_id: 14, road_id: 5130478408247017908 id: 1686 at time: 593.903
Processed event: VehicleEnterNewRoadEvent, vehicle_id: 14, road_id: 5130478408247017908 id: 1686
processing event: VehicleDepartureEvent, vehicle_id: 14, road_id: 5130478408247017908, offset: 0.000000 id: 1687 at time: 593.903
Processed event: VehicleDepartureEvent, vehicle_id: 14, road_id: 5130478408247017908, offset: 0.000000 id: 1687
processing event: VehicleArriveIntersectionEvent, vehicle_id: 18, road_id: 5130501706297115037 id: 1669 at time: 595.246
Processed event: VehicleArriveIntersectionEvent, vehicle_id: 18, road_id: 5130501706297115037 id: 1669
processing event: VehicleEnterNewRoadEvent, vehicle_id: 18, road_id: 5130501706297115039 id: 1689 at time: 595.246
Processed event: VehicleEnterNewRoadEvent, vehicle_id: 18, road_id: 5130501706297115039 id: 1689
processing event: VehicleDepartureEvent, vehicle_id: 18, road_id: 5130501706297115039, offset: 0.000000 id: 1690 at time: 595.246
Processed event: VehicleDepartureEvent, vehicle_id: 18, road_id: 5130501706297115039, offset: 0.000000 id: 1690
processing event: VehicleEnterNewRoadEvent, vehicle_id: 12, road_id: 5130501702002147786 id: 1685 at time: 595.556
Processed event: VehicleEnterNewRoadEvent, vehicle_id: 12, road_id: 5130501702002147786 id: 1685
processing event: VehicleDepartureEvent, vehicle_id: 12, road_id: 5130501702002147786, offset: 0.000000 id: 1692 at time: 595.556
Processed event: VehicleDepartureEvent, vehicle_id: 12, road_id: 5130501702002147786, offset: 0.000000 id: 1692
processing event: VehicleArriveIntersectionEvent, vehicle_id: 18, road_id: 5130501706297115039 id: 1691 at time: 596.687
Processed event: VehicleArriveIntersectionEvent, vehicle_id: 18, road_id: 5130501706297115039 id: 1691
processing event: VehicleEnterNewRoadEvent, vehicle_id: 18, road_id: 5130501706297115040 id: 1694 at time: 596.687
Processed event: VehicleEnterNewRoadEvent, vehicle_id: 18, road_id: 5130501706297115040 id: 1694
processing event: VehicleDepartureEvent, vehicle_id: 18, road_id: 5130501706297115040, offset: 0.000000 id: 1695 at time: 596.687
Processed event: VehicleDepartureEvent, vehicle_id: 18, road_id: 5130501706297115040, offset: 0.000000 id: 1695
processing event: VehicleArriveIntersectionEvent, vehicle_id: 8, road_id: 5130501706297114751 id: 1671 at time: 597.467
Processed event: VehicleArriveIntersectionEvent, vehicle_id: 8, road_id: 5130501706297114751 id: 1671
processing event: VehicleEnterNewRoadEvent, vehicle_id: 8, road_id: 5130501706297115208 id: 1697 at time: 597.467
Processed event: VehicleEnterNewRoadEvent, vehicle_id: 8, road_id: 5130501706297115208 id: 1697
processing event: VehicleDepartureEvent, vehicle_id: 8, road_id: 5130501706297115208, offset: 0.000000 id: 1698 at time: 597.467
Processed event: VehicleDepartureEvent, vehicle_id: 8, road_id: 5130501706297115208, offset: 0.000000 id: 1698
Simulator::runFor: now_ = 597.467 target = 600
[progress] simulator time = 600 / 1000
processing event: OrderMatchedEvent, order_id: 29, vehicle_id: 15 id: 1700 at time: 600
Processed event: OrderMatchedEvent, order_id: 29, vehicle_id: 15 id: 1700
processing event: VehicleDepartureEvent, vehicle_id: 15, road_id: 5130478356707410966, offset: 18.585986 id: 1701 at time: 600
Processed event: VehicleDepartureEvent, vehicle_id: 15, road_id: 5130478356707410966, offset: 18.585986 id: 1701
processing event: PassengerArrivalEvent, passenger_id: 29 id: 1702 at time: 600
Processed event: PassengerArrivalEvent, passenger_id: 29 id: 1702
processing event: VehicleArriveIntersectionEvent, vehicle_id: 14, road_id: 5130478408247017908 id: 1688 at time: 602.364
Processed event: VehicleArriveIntersectionEvent, vehicle_id: 14, road_id: 5130478408247017908 id: 1688
processing event: VehicleEnterNewRoadEvent, vehicle_id: 14, road_id: 5130478408247017907 id: 1704 at time: 602.364
Processed event: VehicleEnterNewRoadEvent, vehicle_id: 14, road_id: 5130478408247017907 id: 1704
processing event: VehicleDepartureEvent, vehicle_id: 14, road_id: 5130478408247017907, offset: 0.000000 id: 1705 at time: 602.364
Processed event: VehicleDepartureEvent, vehicle_id: 14, road_id: 5130478408247017907, offset: 0.000000 id: 1705
processing event: VehicleArriveIntersectionEvent, vehicle_id: 6, road_id: 5130501798638911979 id: 1680 at time: 602.656
Processed event: VehicleArriveIntersectionEvent, vehicle_id: 6, road_id: 5130501798638911979 id: 1680
processing event: VehicleEnterNewRoadEvent, vehicle_id: 6, road_id: 5130501798638911980 id: 1707 at time: 602.656
Processed event: VehicleEnterNewRoadEvent, vehicle_id: 6, road_id: 5130501798638911980 id: 1707
processing event: VehicleDepartureEvent, vehicle_id: 6, road_id: 5130501798638911980, offset: 0.000000 id: 1708 at time: 602.656
Processed event: VehicleDepartureEvent, vehicle_id: 6, road_id: 5130501798638911980, offset: 0.000000 id: 1708
processing event: VehicleArriveIntersectionEvent, vehicle_id: 7, road_id: 5130501895275676053 id: 1684 at time: 603.065
Processed event: VehicleArriveIntersectionEvent, vehicle_id: 7, road_id: 5130501895275676053 id: 1684
processing event: VehicleEnterNewRoadEvent, vehicle_id: 7, road_id: 5130501895275676051 id: 1710 at time: 603.065
Processed event: VehicleEnterNewRoadEvent, vehicle_id: 7, road_id: 5130501895275676051 id: 1710
processing event: VehicleDepartureEvent, vehicle_id: 7, road_id: 5130501895275676051, offset: 0.000000 id: 1711 at time: 603.065
Processed event: VehicleDepartureEvent, vehicle_id: 7, road_id: 5130501895275676051, offset: 0.000000 id: 1711
processing event: VehicleArriveIntersectionEvent, vehicle_id: 12, road_id: 5130501702002147786 id: 1693 at time: 603.837
Processed event: VehicleArriveIntersectionEvent, vehicle_id: 12, road_id: 5130501702002147786 id: 1693
processing event: VehicleEnterNewRoadEvent, vehicle_id: 12, road_id: 5130501702002147787 id: 1713 at time: 603.837
Processed event: VehicleEnterNewRoadEvent, vehicle_id: 12, road_id: 5130501702002147787 id: 1713
processing event: VehicleDepartureEvent, vehicle_id: 12, road_id: 5130501702002147787, offset: 0.000000 id: 1714 at time: 603.837
Processed event: VehicleDepartureEvent, vehicle_id: 12, road_id: 5130501702002147787, offset: 0.000000 id: 1714
Event is not valid: VehicleCheckPointEvent, vehicle_id: 3 id: 1569 at time: 607.537
processing event: VehicleArriveIntersectionEvent, vehicle_id: 12, road_id: 5130501702002147787 id: 1715 at time: 608.878
Processed event: VehicleArriveIntersectionEvent, vehicle_id: 12, road_id: 5130501702002147787 id: 1715
processing event: VehicleEnterNewRoadEvent, vehicle_id: 12, road_id: 5130501702002147751 id: 1716 at time: 608.878
Processed event: VehicleEnterNewRoadEvent, vehicle_id: 12, road_id: 5130501702002147751 id: 1716
processing event: VehicleDepartureEvent, vehicle_id: 12, road_id: 5130501702002147751, offset: 0.000000 id: 1717 at time: 608.878
Processed event: VehicleDepartureEvent, vehicle_id: 12, road_id: 5130501702002147751, offset: 0.000000 id: 1717
processing event: VehicleArriveIntersectionEvent, vehicle_id: 3, road_id: 5130501706297114978 id: 1570 at time: 608.977
Processed event: VehicleArriveIntersectionEvent, vehicle_id: 3, road_id: 5130501706297114978 id: 1570
processing event: VehicleEnterNewRoadEvent, vehicle_id: 3, road_id: 5130501706297114746 id: 1719 at time: 608.977
Processed event: VehicleEnterNewRoadEvent, vehicle_id: 3, road_id: 5130501706297114746 id: 1719
processing event: VehicleDepartureEvent, vehicle_id: 3, road_id: 5130501706297114746, offset: 0.000000 id: 1720 at time: 608.977
Processed event: VehicleDepartureEvent, vehicle_id: 3, road_id: 5130501706297114746, offset: 0.000000 id: 1720
processing event: PassengerRouteStartEvent, passenger_id: 30, route_id: 1 id: 29 at time: 609
Processed event: PassengerRouteStartEvent, passenger_id: 30, route_id: 1 id: 29
processing event: OrderCreatedEvent, order_id: 30, available_pickups: 4 , available_dropoffs: 5 , passenger_id: 30, route_id: 1, passenger_num: 0 id: 1722 at time: 609
Processed event: OrderCreatedEvent, order_id: 30, available_pickups: 4 , available_dropoffs: 5 , passenger_id: 30, route_id: 1, passenger_num: 1 id: 1722
Simulator::runFor: now_ = 609 target = 610
[progress] simulator time = 610 / 1000
processing event: OrderMatchedEvent, order_id: 30, vehicle_id: 18 id: 1723 at time: 610
Processed event: OrderMatchedEvent, order_id: 30, vehicle_id: 18 id: 1723
processing event: PassengerArrivalEvent, passenger_id: 30 id: 1725 at time: 610
Processed event: PassengerArrivalEvent, passenger_id: 30 id: 1725
processing event: VehicleArriveIntersectionEvent, vehicle_id: 14, road_id: 5130478408247017907 id: 1706 at time: 611.725
Processed event: VehicleArriveIntersectionEvent, vehicle_id: 14, road_id: 5130478408247017907 id: 1706
processing event: VehicleEnterNewRoadEvent, vehicle_id: 14, road_id: 5130478408247018104 id: 1726 at time: 611.725
Processed event: VehicleEnterNewRoadEvent, vehicle_id: 14, road_id: 5130478408247018104 id: 1726
processing event: VehicleDepartureEvent, vehicle_id: 14, road_id: 5130478408247018104, offset: 0.000000 id: 1727 at time: 611.725
Processed event: VehicleDepartureEvent, vehicle_id: 14, road_id: 5130478408247018104, offset: 0.000000 id: 1727
processing event: VehicleEnterNewRoadEvent, vehicle_id: 19, road_id: 5130478412541985172 id: 1588 at time: 612.242
Processed event: VehicleEnterNewRoadEvent, vehicle_id: 19, road_id: 5130478412541985172 id: 1588
processing event: VehicleDepartureEvent, vehicle_id: 19, road_id: 5130478412541985172, offset: 0.000000 id: 1729 at time: 612.242
Processed event: VehicleDepartureEvent, vehicle_id: 19, road_id: 5130478412541985172, offset: 0.000000 id: 1729
processing event: VehicleEnterNewRoadEvent, vehicle_id: 5, road_id: 5130478386772181262 id: 1597 at time: 613.7
Processed event: VehicleEnterNewRoadEvent, vehicle_id: 5, road_id: 5130478386772181262 id: 1597
processing event: VehicleDepartureEvent, vehicle_id: 5, road_id: 5130478386772181262, offset: 0.000000 id: 1731 at time: 613.7
Processed event: VehicleDepartureEvent, vehicle_id: 5, road_id: 5130478386772181262, offset: 0.000000 id: 1731
Event is not valid: VehicleCheckPointEvent, vehicle_id: 16 id: 1488 at time: 614.048
processing event: VehicleArriveIntersectionEvent, vehicle_id: 11, road_id: 5130501800786395628 id: 1648 at time: 614.456
Processed event: VehicleArriveIntersectionEvent, vehicle_id: 11, road_id: 5130501800786395628 id: 1648
processing event: VehicleEnterNewRoadEvent, vehicle_id: 11, road_id: 5130501800786395627 id: 1733 at time: 614.456
Processed event: VehicleEnterNewRoadEvent, vehicle_id: 11, road_id: 5130501800786395627 id: 1733
processing event: VehicleDepartureEvent, vehicle_id: 11, road_id: 5130501800786395627, offset: 0.000000 id: 1734 at time: 614.456
Processed event: VehicleDepartureEvent, vehicle_id: 11, road_id: 5130501800786395627, offset: 0.000000 id: 1734
Event is not valid: VehicleArriveIntersectionEvent, vehicle_id: 16, road_id: 5130501708444599288 id: 1491 at time: 615.489
processing event: VehicleArriveIntersectionEvent, vehicle_id: 16, road_id: 5130501708444599288 id: 1596 at time: 615.489
Processed event: VehicleArriveIntersectionEvent, vehicle_id: 16, road_id: 5130501708444599288 id: 1596
processing event: PassengerRouteStartEvent, passenger_id: 31, route_id: 1 id: 30 at time: 616
Processed event: PassengerRouteStartEvent, passenger_id: 31, route_id: 1 id: 30
processing event: OrderCreatedEvent, order_id: 31, available_pickups: 1 , available_dropoffs: 2 , passenger_id: 31, route_id: 1, passenger_num: 0 id: 1738 at time: 616
Processed event: OrderCreatedEvent, order_id: 31, available_pickups: 1 , available_dropoffs: 2 , passenger_id: 31, route_id: 1, passenger_num: 3 id: 1738
processing event: VehicleArriveIntersectionEvent, vehicle_id: 14, road_id: 5130478408247018104 id: 1728 at time: 617.305
Processed event: VehicleArriveIntersectionEvent, vehicle_id: 14, road_id: 5130478408247018104 id: 1728
processing event: VehicleEnterNewRoadEvent, vehicle_id: 14, road_id: 5130478408247018103 id: 1739 at time: 617.305
Processed event: VehicleEnterNewRoadEvent, vehicle_id: 14, road_id: 5130478408247018103 id: 1739
processing event: VehicleDepartureEvent, vehicle_id: 14, road_id: 5130478408247018103, offset: 0.000000 id: 1740 at time: 617.305
Processed event: VehicleDepartureEvent, vehicle_id: 14, road_id: 5130478408247018103, offset: 0.000000 id: 1740
processing event: VehicleEnterNewRoadEvent, vehicle_id: 16, road_id: 5130501708444599199 id: 1736 at time: 617.379
Processed event: VehicleEnterNewRoadEvent, vehicle_id: 16, road_id: 5130501708444599199 id: 1736
processing event: VehicleDepartureEvent, vehicle_id: 16, road_id: 5130501708444599199, offset: 0.000000 id: 1743 at time: 617.379
Processed event: VehicleDepartureEvent, vehicle_id: 16, road_id: 5130501708444599199, offset: 0.000000 id: 1743
Simulator::runFor: now_ = 617.379 target = 620
[progress] simulator time = 620 / 1000
processing event: OrderMatchedEvent, order_id: 31, vehicle_id: 2 id: 1745 at time: 620
Processed event: OrderMatchedEvent, order_id: 31, vehicle_id: 2 id: 1745
processing event: PassengerArrivalEvent, passenger_id: 31 id: 1747 at time: 620
Processed event: PassengerArrivalEvent, passenger_id: 31 id: 1747
processing event: VehicleArriveIntersectionEvent, vehicle_id: 5, road_id: 5130478386772181262 id: 1732 at time: 620.901
Processed event: VehicleArriveIntersectionEvent, vehicle_id: 5, road_id: 5130478386772181262 id: 1732
processing event: VehicleEnterNewRoadEvent, vehicle_id: 5, road_id: 5130478386772181381 id: 1748 at time: 620.901
Processed event: VehicleEnterNewRoadEvent, vehicle_id: 5, road_id: 5130478386772181381 id: 1748
processing event: VehicleDepartureEvent, vehicle_id: 5, road_id: 5130478386772181381, offset: 0.000000 id: 1749 at time: 620.901
Processed event: VehicleDepartureEvent, vehicle_id: 5, road_id: 5130478386772181381, offset: 0.000000 id: 1749
processing event: VehicleArriveIntersectionEvent, vehicle_id: 14, road_id: 5130478408247018103 id: 1741 at time: 622.706
Processed event: VehicleArriveIntersectionEvent, vehicle_id: 14, road_id: 5130478408247018103 id: 1741
processing event: VehicleEnterNewRoadEvent, vehicle_id: 14, road_id: 5130478408247018546 id: 1751 at time: 625.251
Processed event: VehicleEnterNewRoadEvent, vehicle_id: 14, road_id: 5130478408247018546 id: 1751
processing event: VehicleDepartureEvent, vehicle_id: 14, road_id: 5130478408247018546, offset: 0.000000 id: 1752 at time: 625.251
Processed event: VehicleDepartureEvent, vehicle_id: 14, road_id: 5130478408247018546, offset: 0.000000 id: 1752
processing event: VehicleArriveIntersectionEvent, vehicle_id: 7, road_id: 5130501895275676051 id: 1712 at time: 626.468
Processed event: VehicleArriveIntersectionEvent, vehicle_id: 7, road_id: 5130501895275676051 id: 1712
processing event: VehicleEnterNewRoadEvent, vehicle_id: 7, road_id: 5130501895275676030 id: 1754 at time: 626.468
Processed event: VehicleEnterNewRoadEvent, vehicle_id: 7, road_id: 5130501895275676030 id: 1754
processing event: VehicleDepartureEvent, vehicle_id: 7, road_id: 5130501895275676030, offset: 0.000000 id: 1755 at time: 626.468
Processed event: VehicleDepartureEvent, vehicle_id: 7, road_id: 5130501895275676030, offset: 0.000000 id: 1755
processing event: VehicleArriveIntersectionEvent, vehicle_id: 11, road_id: 5130501800786395627 id: 1735 at time: 626.697
Processed event: VehicleArriveIntersectionEvent, vehicle_id: 11, road_id: 5130501800786395627 id: 1735
processing event: VehicleEnterNewRoadEvent, vehicle_id: 11, road_id: 5130501800786395631 id: 1757 at time: 626.697
Processed event: VehicleEnterNewRoadEvent, vehicle_id: 11, road_id: 5130501800786395631 id: 1757
processing event: VehicleDepartureEvent, vehicle_id: 11, road_id: 5130501800786395631, offset: 0.000000 id: 1758 at time: 626.697
Processed event: VehicleDepartureEvent, vehicle_id: 11, road_id: 5130501800786395631, offset: 0.000000 id: 1758
processing event: VehicleArriveIntersectionEvent, vehicle_id: 16, road_id: 5130501708444599199 id: 1744 at time: 629.44
Processed event: VehicleArriveIntersectionEvent, vehicle_id: 16, road_id: 5130501708444599199 id: 1744
processing event: VehicleEnterNewRoadEvent, vehicle_id: 16, road_id: 5130501708444599196 id: 1760 at time: 629.44
Processed event: VehicleEnterNewRoadEvent, vehicle_id: 16, road_id: 5130501708444599196 id: 1760
processing event: VehicleDepartureEvent, vehicle_id: 16, road_id: 5130501708444599196, offset: 0.000000 id: 1761 at time: 629.44
Processed event: VehicleDepartureEvent, vehicle_id: 16, road_id: 5130501708444599196, offset: 0.000000 id: 1761
Simulator::runFor: now_ = 629.44 target = 630
[progress] simulator time = 630 / 1000
processing event: VehicleArriveIntersectionEvent, vehicle_id: 17, road_id: 5130501708444598495 id: 1666 at time: 632.053
Processed event: VehicleArriveIntersectionEvent, vehicle_id: 17, road_id: 5130501708444598495 id: 1666
processing event: VehicleEnterNewRoadEvent, vehicle_id: 17, road_id: 5130501893128192635 id: 1763 at time: 632.053
Processed event: VehicleEnterNewRoadEvent, vehicle_id: 17, road_id: 5130501893128192635 id: 1763
processing event: VehicleDepartureEvent, vehicle_id: 17, road_id: 5130501893128192635, offset: 0.000000 id: 1764 at time: 632.053
Processed event: VehicleDepartureEvent, vehicle_id: 17, road_id: 5130501893128192635, offset: 0.000000 id: 1764
Event is not valid: VehicleArriveIntersectionEvent, vehicle_id: 18, road_id: 5130501706297115040 id: 1696 at time: 633.23
processing event: VehicleArriveIntersectionEvent, vehicle_id: 18, road_id: 5130501706297115040 id: 1724 at time: 633.23
Processed event: VehicleArriveIntersectionEvent, vehicle_id: 18, road_id: 5130501706297115040 id: 1724
processing event: VehicleEnterNewRoadEvent, vehicle_id: 18, road_id: 5130501706297114979 id: 1766 at time: 633.23
Processed event: VehicleEnterNewRoadEvent, vehicle_id: 18, road_id: 5130501706297114979 id: 1766
processing event: VehicleDepartureEvent, vehicle_id: 18, road_id: 5130501706297114979, offset: 0.000000 id: 1767 at time: 633.23
Processed event: VehicleDepartureEvent, vehicle_id: 18, road_id: 5130501706297114979, offset: 0.000000 id: 1767
processing event: VehicleArriveIntersectionEvent, vehicle_id: 14, road_id: 5130478408247018546 id: 1753 at time: 633.532
Processed event: VehicleArriveIntersectionEvent, vehicle_id: 14, road_id: 5130478408247018546 id: 1753
processing event: VehicleEnterNewRoadEvent, vehicle_id: 14, road_id: 5130478408247018424 id: 1769 at time: 633.532
Processed event: VehicleEnterNewRoadEvent, vehicle_id: 14, road_id: 5130478408247018424 id: 1769
processing event: VehicleDepartureEvent, vehicle_id: 14, road_id: 5130478408247018424, offset: 0.000000 id: 1770 at time: 633.532
Processed event: VehicleDepartureEvent, vehicle_id: 14, road_id: 5130478408247018424, offset: 0.000000 id: 1770
processing event: VehicleArriveIntersectionEvent, vehicle_id: 19, road_id: 5130478412541985172 id: 1730 at time: 633.844
Processed event: VehicleArriveIntersectionEvent, vehicle_id: 19, road_id: 5130478412541985172 id: 1730
processing event: VehicleEnterNewRoadEvent, vehicle_id: 19, road_id: 5130478412541985101 id: 1772 at time: 633.844
Processed event: VehicleEnterNewRoadEvent, vehicle_id: 19, road_id: 5130478412541985101 id: 1772
processing event: VehicleDepartureEvent, vehicle_id: 19, road_id: 5130478412541985101, offset: 0.000000 id: 1773 at time: 633.844
Processed event: VehicleDepartureEvent, vehicle_id: 19, road_id: 5130478412541985101, offset: 0.000000 id: 1773
processing event: VehicleArriveIntersectionEvent, vehicle_id: 6, road_id: 5130501798638911980 id: 1709 at time: 634.699
Processed event: VehicleArriveIntersectionEvent, vehicle_id: 6, road_id: 5130501798638911980 id: 1709
processing event: VehicleEnterNewRoadEvent, vehicle_id: 6, road_id: 5130501798638911924 id: 1775 at time: 634.699
Processed event: VehicleEnterNewRoadEvent, vehicle_id: 6, road_id: 5130501798638911924 id: 1775
processing event: VehicleDepartureEvent, vehicle_id: 6, road_id: 5130501798638911924, offset: 0.000000 id: 1776 at time: 634.699
Processed event: VehicleDepartureEvent, vehicle_id: 6, road_id: 5130501798638911924, offset: 0.000000 id: 1776
processing event: VehicleArriveIntersectionEvent, vehicle_id: 18, road_id: 5130501706297114979 id: 1768 at time: 637.731
Processed event: VehicleArriveIntersectionEvent, vehicle_id: 18, road_id: 5130501706297114979 id: 1768
processing event: VehicleEnterNewRoadEvent, vehicle_id: 18, road_id: 5130501706297114978 id: 1778 at time: 637.731
Processed event: VehicleEnterNewRoadEvent, vehicle_id: 18, road_id: 5130501706297114978 id: 1778
processing event: VehicleDepartureEvent, vehicle_id: 18, road_id: 5130501706297114978, offset: 0.000000 id: 1779 at time: 637.731
Processed event: VehicleDepartureEvent, vehicle_id: 18, road_id: 5130501706297114978, offset: 0.000000 id: 1779
processing event: VehicleArriveIntersectionEvent, vehicle_id: 19, road_id: 5130478412541985101 id: 1774 at time: 639.964
Processed event: VehicleArriveIntersectionEvent, vehicle_id: 19, road_id: 5130478412541985101 id: 1774
processing event: VehicleEnterNewRoadEvent, vehicle_id: 19, road_id: 5130478412541985102 id: 1781 at time: 639.964
Processed event: VehicleEnterNewRoadEvent, vehicle_id: 19, road_id: 5130478412541985102 id: 1781
processing event: VehicleDepartureEvent, vehicle_id: 19, road_id: 5130478412541985102, offset: 0.000000 id: 1782 at time: 639.964
Processed event: VehicleDepartureEvent, vehicle_id: 19, road_id: 5130478412541985102, offset: 0.000000 id: 1782
Simulator::runFor: now_ = 639.964 target = 640
[progress] simulator time = 640 / 1000
processing event: VehicleArriveIntersectionEvent, vehicle_id: 12, road_id: 5130501702002147751 id: 1718 at time: 642.181
Processed event: VehicleArriveIntersectionEvent, vehicle_id: 12, road_id: 5130501702002147751 id: 1718
processing event: VehicleEnterNewRoadEvent, vehicle_id: 12, road_id: 5130501702002147750 id: 1784 at time: 642.181
Processed event: VehicleEnterNewRoadEvent, vehicle_id: 12, road_id: 5130501702002147750 id: 1784
processing event: VehicleDepartureEvent, vehicle_id: 12, road_id: 5130501702002147750, offset: 0.000000 id: 1785 at time: 642.181
Processed event: VehicleDepartureEvent, vehicle_id: 12, road_id: 5130501702002147750, offset: 0.000000 id: 1785
processing event: VehicleArriveIntersectionEvent, vehicle_id: 15, road_id: 5130478356707410966 id: 1703 at time: 642.379
Processed event: VehicleArriveIntersectionEvent, vehicle_id: 15, road_id: 5130478356707410966 id: 1703
processing event: VehicleArriveIntersectionEvent, vehicle_id: 5, road_id: 5130478386772181381 id: 1750 at time: 644.483
Processed event: VehicleArriveIntersectionEvent, vehicle_id: 5, road_id: 5130478386772181381 id: 1750
processing event: VehicleEnterNewRoadEvent, vehicle_id: 5, road_id: 5130478386772181380 id: 1788 at time: 644.483
Processed event: VehicleEnterNewRoadEvent, vehicle_id: 5, road_id: 5130478386772181380 id: 1788
processing event: VehicleDepartureEvent, vehicle_id: 5, road_id: 5130478386772181380, offset: 0.000000 id: 1789 at time: 644.483
Processed event: VehicleDepartureEvent, vehicle_id: 5, road_id: 5130478386772181380, offset: 0.000000 id: 1789
processing event: VehicleArriveIntersectionEvent, vehicle_id: 3, road_id: 5130501706297114746 id: 1721 at time: 648.761
Processed event: VehicleArriveIntersectionEvent, vehicle_id: 3, road_id: 5130501706297114746 id: 1721
processing event: VehicleArriveIntersectionEvent, vehicle_id: 19, road_id: 5130478412541985102 id: 1783 at time: 648.785
Processed event: VehicleArriveIntersectionEvent, vehicle_id: 19, road_id: 5130478412541985102 id: 1783
processing event: VehicleArriveIntersectionEvent, vehicle_id: 12, road_id: 5130501702002147750 id: 1786 at time: 649.202
Processed event: VehicleArriveIntersectionEvent, vehicle_id: 12, road_id: 5130501702002147750 id: 1786
processing event: VehicleEnterNewRoadEvent, vehicle_id: 12, road_id: 5130501702002147749 id: 1793 at time: 649.202
Processed event: VehicleEnterNewRoadEvent, vehicle_id: 12, road_id: 5130501702002147749 id: 1793
processing event: VehicleDepartureEvent, vehicle_id: 12, road_id: 5130501702002147749, offset: 0.000000 id: 1794 at time: 649.202
Processed event: VehicleDepartureEvent, vehicle_id: 12, road_id: 5130501702002147749, offset: 0.000000 id: 1794
processing event: VehicleArriveIntersectionEvent, vehicle_id: 16, road_id: 5130501708444599196 id: 1762 at time: 649.782
Processed event: VehicleArriveIntersectionEvent, vehicle_id: 16, road_id: 5130501708444599196 id: 1762
processing event: VehicleEnterNewRoadEvent, vehicle_id: 16, road_id: 5130501708444599198 id: 1796 at time: 649.782
Processed event: VehicleEnterNewRoadEvent, vehicle_id: 16, road_id: 5130501708444599198 id: 1796
processing event: VehicleDepartureEvent, vehicle_id: 16, road_id: 5130501708444599198, offset: 0.000000 id: 1797 at time: 649.782
Processed event: VehicleDepartureEvent, vehicle_id: 16, road_id: 5130501708444599198, offset: 0.000000 id: 1797
Simulator::runFor: now_ = 649.782 target = 650
[progress] simulator time = 650 / 1000
processing event: VehicleEnterNewRoadEvent, vehicle_id: 3, road_id: 5130501706297114751 id: 1791 at time: 651.306
Processed event: VehicleEnterNewRoadEvent, vehicle_id: 3, road_id: 5130501706297114751 id: 1791
processing event: VehicleDepartureEvent, vehicle_id: 3, road_id: 5130501706297114751, offset: 0.000000 id: 1799 at time: 651.306
Processed event: VehicleDepartureEvent, vehicle_id: 3, road_id: 5130501706297114751, offset: 0.000000 id: 1799
processing event: VehicleArriveIntersectionEvent, vehicle_id: 11, road_id: 5130501800786395631 id: 1759 at time: 651.54
Processed event: VehicleArriveIntersectionEvent, vehicle_id: 11, road_id: 5130501800786395631 id: 1759
processing event: VehicleEnterNewRoadEvent, vehicle_id: 11, road_id: 5130501800786395630 id: 1801 at time: 651.54
Processed event: VehicleEnterNewRoadEvent, vehicle_id: 11, road_id: 5130501800786395630 id: 1801
processing event: VehicleDepartureEvent, vehicle_id: 11, road_id: 5130501800786395630, offset: 0.000000 id: 1802 at time: 651.54
Processed event: VehicleDepartureEvent, vehicle_id: 11, road_id: 5130501800786395630, offset: 0.000000 id: 1802
processing event: VehicleEnterNewRoadEvent, vehicle_id: 19, road_id: 5130478403952051037 id: 1792 at time: 652.178
Processed event: VehicleEnterNewRoadEvent, vehicle_id: 19, road_id: 5130478403952051037 id: 1792
processing event: VehicleDepartureEvent, vehicle_id: 19, road_id: 5130478403952051037, offset: 0.000000 id: 1804 at time: 652.178
Processed event: VehicleDepartureEvent, vehicle_id: 19, road_id: 5130478403952051037, offset: 0.000000 id: 1804
processing event: VehicleArriveIntersectionEvent, vehicle_id: 16, road_id: 5130501708444599198 id: 1798 at time: 658.063
Processed event: VehicleArriveIntersectionEvent, vehicle_id: 16, road_id: 5130501708444599198 id: 1798
processing event: VehicleEnterNewRoadEvent, vehicle_id: 16, road_id: 5130501708444598509 id: 1806 at time: 658.063
Processed event: VehicleEnterNewRoadEvent, vehicle_id: 16, road_id: 5130501708444598509 id: 1806
processing event: VehicleDepartureEvent, vehicle_id: 16, road_id: 5130501708444598509, offset: 0.000000 id: 1807 at time: 658.063
Processed event: VehicleDepartureEvent, vehicle_id: 16, road_id: 5130501708444598509, offset: 0.000000 id: 1807
processing event: VehicleArriveIntersectionEvent, vehicle_id: 12, road_id: 5130501702002147749 id: 1795 at time: 658.383
Processed event: VehicleArriveIntersectionEvent, vehicle_id: 12, road_id: 5130501702002147749 id: 1795
processing event: VehicleEnterNewRoadEvent, vehicle_id: 12, road_id: 5130501702002147508 id: 1809 at time: 658.383
Processed event: VehicleEnterNewRoadEvent, vehicle_id: 12, road_id: 5130501702002147508 id: 1809
processing event: VehicleDepartureEvent, vehicle_id: 12, road_id: 5130501702002147508, offset: 0.000000 id: 1810 at time: 658.383
Processed event: VehicleDepartureEvent, vehicle_id: 12, road_id: 5130501702002147508, offset: 0.000000 id: 1810
processing event: VehicleArriveIntersectionEvent, vehicle_id: 8, road_id: 5130501706297115208 id: 1699 at time: 658.673
Processed event: VehicleArriveIntersectionEvent, vehicle_id: 8, road_id: 5130501706297115208 id: 1699
Simulator::runFor: now_ = 658.673 target = 660
[progress] simulator time = 660 / 1000
processing event: VehicleArriveIntersectionEvent, vehicle_id: 11, road_id: 5130501800786395630 id: 1803 at time: 660.36
Processed event: VehicleArriveIntersectionEvent, vehicle_id: 11, road_id: 5130501800786395630 id: 1803
processing event: VehicleEnterNewRoadEvent, vehicle_id: 11, road_id: 5130501800786395169 id: 1813 at time: 660.36
Processed event: VehicleEnterNewRoadEvent, vehicle_id: 11, road_id: 5130501800786395169 id: 1813
processing event: VehicleDepartureEvent, vehicle_id: 11, road_id: 5130501800786395169, offset: 0.000000 id: 1814 at time: 660.36
Processed event: VehicleDepartureEvent, vehicle_id: 11, road_id: 5130501800786395169, offset: 0.000000 id: 1814
processing event: VehicleArriveIntersectionEvent, vehicle_id: 3, road_id: 5130501706297114751 id: 1800 at time: 662.467
Processed event: VehicleArriveIntersectionEvent, vehicle_id: 3, road_id: 5130501706297114751 id: 1800
processing event: VehicleEnterNewRoadEvent, vehicle_id: 3, road_id: 5130501706297115208 id: 1816 at time: 662.467
Processed event: VehicleEnterNewRoadEvent, vehicle_id: 3, road_id: 5130501706297115208 id: 1816
processing event: VehicleDepartureEvent, vehicle_id: 3, road_id: 5130501706297115208, offset: 0.000000 id: 1817 at time: 662.467
Processed event: VehicleDepartureEvent, vehicle_id: 3, road_id: 5130501706297115208, offset: 0.000000 id: 1817
processing event: VehicleArriveIntersectionEvent, vehicle_id: 14, road_id: 5130478408247018424 id: 1771 at time: 662.515
Processed event: VehicleArriveIntersectionEvent, vehicle_id: 14, road_id: 5130478408247018424 id: 1771
processing event: VehicleArriveIntersectionEvent, vehicle_id: 12, road_id: 5130501702002147508 id: 1811 at time: 663.783
Processed event: VehicleArriveIntersectionEvent, vehicle_id: 12, road_id: 5130501702002147508 id: 1811
processing event: VehicleEnterNewRoadEvent, vehicle_id: 12, road_id: 5130501702002147504 id: 1820 at time: 663.783
Processed event: VehicleEnterNewRoadEvent, vehicle_id: 12, road_id: 5130501702002147504 id: 1820
processing event: VehicleDepartureEvent, vehicle_id: 12, road_id: 5130501702002147504, offset: 0.000000 id: 1821 at time: 663.783
Processed event: VehicleDepartureEvent, vehicle_id: 12, road_id: 5130501702002147504, offset: 0.000000 id: 1821
processing event: VehicleArriveIntersectionEvent, vehicle_id: 17, road_id: 5130501893128192635 id: 1765 at time: 664.096
Processed event: VehicleArriveIntersectionEvent, vehicle_id: 17, road_id: 5130501893128192635 id: 1765
processing event: VehicleEnterNewRoadEvent, vehicle_id: 17, road_id: 5130501893128192634 id: 1823 at time: 664.096
Processed event: VehicleEnterNewRoadEvent, vehicle_id: 17, road_id: 5130501893128192634 id: 1823
processing event: VehicleDepartureEvent, vehicle_id: 17, road_id: 5130501893128192634, offset: 0.000000 id: 1824 at time: 664.096
Processed event: VehicleDepartureEvent, vehicle_id: 17, road_id: 5130501893128192634, offset: 0.000000 id: 1824
processing event: VehicleEnterNewRoadEvent, vehicle_id: 14, road_id: 5130478408247018008 id: 1819 at time: 664.635
Processed event: VehicleEnterNewRoadEvent, vehicle_id: 14, road_id: 5130478408247018008 id: 1819
processing event: VehicleDepartureEvent, vehicle_id: 14, road_id: 5130478408247018008, offset: 0.000000 id: 1826 at time: 664.635
Processed event: VehicleDepartureEvent, vehicle_id: 14, road_id: 5130478408247018008, offset: 0.000000 id: 1826
processing event: VehicleArriveIntersectionEvent, vehicle_id: 16, road_id: 5130501708444598509 id: 1808 at time: 665.264
Processed event: VehicleArriveIntersectionEvent, vehicle_id: 16, road_id: 5130501708444598509 id: 1808
processing event: VehicleEnterNewRoadEvent, vehicle_id: 16, road_id: 5130501708444599063 id: 1828 at time: 665.264
Processed event: VehicleEnterNewRoadEvent, vehicle_id: 16, road_id: 5130501708444599063 id: 1828
processing event: VehicleDepartureEvent, vehicle_id: 16, road_id: 5130501708444599063, offset: 0.000000 id: 1829 at time: 665.264
Processed event: VehicleDepartureEvent, vehicle_id: 16, road_id: 5130501708444599063, offset: 0.000000 id: 1829
processing event: VehicleArriveIntersectionEvent, vehicle_id: 17, road_id: 5130501893128192634 id: 1825 at time: 667.696
Processed event: VehicleArriveIntersectionEvent, vehicle_id: 17, road_id: 5130501893128192634 id: 1825
processing event: VehicleEnterNewRoadEvent, vehicle_id: 17, road_id: 5130501893128192185 id: 1831 at time: 667.696
Processed event: VehicleEnterNewRoadEvent, vehicle_id: 17, road_id: 5130501893128192185 id: 1831
processing event: VehicleDepartureEvent, vehicle_id: 17, road_id: 5130501893128192185, offset: 0.000000 id: 1832 at time: 667.696
Processed event: VehicleDepartureEvent, vehicle_id: 17, road_id: 5130501893128192185, offset: 0.000000 id: 1832
processing event: VehicleArriveIntersectionEvent, vehicle_id: 14, road_id: 5130478408247018008 id: 1827 at time: 669.856
Processed event: VehicleArriveIntersectionEvent, vehicle_id: 14, road_id: 5130478408247018008 id: 1827
processing event: VehicleEnterNewRoadEvent, vehicle_id: 14, road_id: 5130478408247018419 id: 1834 at time: 669.856
Processed event: VehicleEnterNewRoadEvent, vehicle_id: 14, road_id: 5130478408247018419 id: 1834
processing event: VehicleDepartureEvent, vehicle_id: 14, road_id: 5130478408247018419, offset: 0.000000 id: 1835 at time: 669.856
Processed event: VehicleDepartureEvent, vehicle_id: 14, road_id: 5130478408247018419, offset: 0.000000 id: 1835
Simulator::runFor: now_ = 669.856 target = 670
[progress] simulator time = 670 / 1000
processing event: VehicleArriveIntersectionEvent, vehicle_id: 16, road_id: 5130501708444599063 id: 1830 at time: 672.284
Processed event: VehicleArriveIntersectionEvent, vehicle_id: 16, road_id: 5130501708444599063 id: 1830
processing event: VehicleEnterNewRoadEvent, vehicle_id: 16, road_id: 5130501708444599316 id: 1837 at time: 672.284
Processed event: VehicleEnterNewRoadEvent, vehicle_id: 16, road_id: 5130501708444599316 id: 1837
processing event: VehicleDepartureEvent, vehicle_id: 16, road_id: 5130501708444599316, offset: 0.000000 id: 1838 at time: 672.284
Processed event: VehicleDepartureEvent, vehicle_id: 16, road_id: 5130501708444599316, offset: 0.000000 id: 1838
Event is not valid: VehicleArriveIntersectionEvent, vehicle_id: 20, road_id: 5130478382477214367 id: 1661 at time: 673.915
processing event: VehicleArriveIntersectionEvent, vehicle_id: 20, road_id: 5130478382477214367 id: 1674 at time: 673.915
Processed event: VehicleArriveIntersectionEvent, vehicle_id: 20, road_id: 5130478382477214367 id: 1674
processing event: VehicleEnterNewRoadEvent, vehicle_id: 20, road_id: 5130478382477214571 id: 1840 at time: 673.915
Processed event: VehicleEnterNewRoadEvent, vehicle_id: 20, road_id: 5130478382477214571 id: 1840
processing event: VehicleDepartureEvent, vehicle_id: 20, road_id: 5130478382477214571, offset: 0.000000 id: 1843 at time: 673.915
Processed event: VehicleDepartureEvent, vehicle_id: 20, road_id: 5130478382477214571, offset: 0.000000 id: 1843
processing event: VehicleArriveIntersectionEvent, vehicle_id: 6, road_id: 5130501798638911924 id: 1777 at time: 674.483
Processed event: VehicleArriveIntersectionEvent, vehicle_id: 6, road_id: 5130501798638911924 id: 1777
processing event: VehicleEnterNewRoadEvent, vehicle_id: 6, road_id: 5130501798638911926 id: 1845 at time: 674.483
Processed event: VehicleEnterNewRoadEvent, vehicle_id: 6, road_id: 5130501798638911926 id: 1845
processing event: VehicleDepartureEvent, vehicle_id: 6, road_id: 5130501798638911926, offset: 0.000000 id: 1846 at time: 674.483
Processed event: VehicleDepartureEvent, vehicle_id: 6, road_id: 5130501798638911926, offset: 0.000000 id: 1846
Event is not valid: VehicleCheckPointEvent, vehicle_id: 10 id: 1841 at time: 676.076
processing event: VehicleArriveIntersectionEvent, vehicle_id: 10, road_id: 5130478382477214367 id: 1842 at time: 677.516
Processed event: VehicleArriveIntersectionEvent, vehicle_id: 10, road_id: 5130478382477214367 id: 1842
processing event: VehicleEnterNewRoadEvent, vehicle_id: 10, road_id: 5130478382477214571 id: 1848 at time: 677.516
Processed event: VehicleEnterNewRoadEvent, vehicle_id: 10, road_id: 5130478382477214571 id: 1848
processing event: VehicleDepartureEvent, vehicle_id: 10, road_id: 5130478382477214571, offset: 0.000000 id: 1849 at time: 677.516
Processed event: VehicleDepartureEvent, vehicle_id: 10, road_id: 5130478382477214571, offset: 0.000000 id: 1849
processing event: VehicleArriveIntersectionEvent, vehicle_id: 20, road_id: 5130478382477214571 id: 1844 at time: 678.236
Processed event: VehicleArriveIntersectionEvent, vehicle_id: 20, road_id: 5130478382477214571 id: 1844
processing event: VehicleEnterNewRoadEvent, vehicle_id: 20, road_id: 5130478382477214568 id: 1851 at time: 678.236
Processed event: VehicleEnterNewRoadEvent, vehicle_id: 20, road_id: 5130478382477214568 id: 1851
processing event: VehicleDepartureEvent, vehicle_id: 20, road_id: 5130478382477214568, offset: 0.000000 id: 1852 at time: 678.236
Processed event: VehicleDepartureEvent, vehicle_id: 20, road_id: 5130478382477214568, offset: 0.000000 id: 1852
processing event: VehicleArriveIntersectionEvent, vehicle_id: 20, road_id: 5130478382477214568 id: 1853 at time: 679.676
Processed event: VehicleArriveIntersectionEvent, vehicle_id: 20, road_id: 5130478382477214568 id: 1853
Simulator::runFor: now_ = 679.676 target = 680
[progress] simulator time = 680 / 1000
processing event: VehicleArriveIntersectionEvent, vehicle_id: 10, road_id: 5130478382477214571 id: 1850 at time: 681.836
Processed event: VehicleArriveIntersectionEvent, vehicle_id: 10, road_id: 5130478382477214571 id: 1850
processing event: VehicleEnterNewRoadEvent, vehicle_id: 10, road_id: 5130478382477214568 id: 1855 at time: 681.836
Processed event: VehicleEnterNewRoadEvent, vehicle_id: 10, road_id: 5130478382477214568 id: 1855
processing event: VehicleDepartureEvent, vehicle_id: 10, road_id: 5130478382477214568, offset: 0.000000 id: 1856 at time: 681.836
Processed event: VehicleDepartureEvent, vehicle_id: 10, road_id: 5130478382477214568, offset: 0.000000 id: 1856
processing event: VehicleQueuedEvent, vehicle_id: 10, front_queued_vehicle_id: 20 id: 1857 at time: 681.836
Processed event: VehicleQueuedEvent, vehicle_id: 10, front_queued_vehicle_id: 20 id: 1857
processing event: BusArrivalEvent, vehicle_id: 16, stop_id: 2 id: 1839 at time: 683.827
Processed event: BusArrivalEvent, vehicle_id: 16, stop_id: 2 id: 1839
processing event: PassengerOnboardEvent, passenger_id: 10 id: 1858 at time: 683.827
Processed event: PassengerOnboardEvent, passenger_id: 10 id: 1858
processing event: VehicleArriveIntersectionEvent, vehicle_id: 12, road_id: 5130501702002147504 id: 1822 at time: 684.125
Processed event: VehicleArriveIntersectionEvent, vehicle_id: 12, road_id: 5130501702002147504 id: 1822
processing event: VehicleEnterNewRoadEvent, vehicle_id: 12, road_id: 5130501702002147452 id: 1860 at time: 684.125
Processed event: VehicleEnterNewRoadEvent, vehicle_id: 12, road_id: 5130501702002147452 id: 1860
processing event: VehicleDepartureEvent, vehicle_id: 12, road_id: 5130501702002147452, offset: 0.000000 id: 1861 at time: 684.125
Processed event: VehicleDepartureEvent, vehicle_id: 12, road_id: 5130501702002147452, offset: 0.000000 id: 1861
processing event: VehicleArriveIntersectionEvent, vehicle_id: 19, road_id: 5130478403952051037 id: 1805 at time: 684.402
Processed event: VehicleArriveIntersectionEvent, vehicle_id: 19, road_id: 5130478403952051037 id: 1805
processing event: VehicleEnterNewRoadEvent, vehicle_id: 19, road_id: 5130478403952050426 id: 1863 at time: 684.402
Processed event: VehicleEnterNewRoadEvent, vehicle_id: 19, road_id: 5130478403952050426 id: 1863
processing event: VehicleDepartureEvent, vehicle_id: 19, road_id: 5130478403952050426, offset: 0.000000 id: 1864 at time: 684.402
Processed event: VehicleDepartureEvent, vehicle_id: 19, road_id: 5130478403952050426, offset: 0.000000 id: 1864
processing event: VehicleArriveIntersectionEvent, vehicle_id: 6, road_id: 5130501798638911926 id: 1847 at time: 686.004
Processed event: VehicleArriveIntersectionEvent, vehicle_id: 6, road_id: 5130501798638911926 id: 1847
processing event: VehicleEnterNewRoadEvent, vehicle_id: 6, road_id: 5130501704149631184 id: 1866 at time: 686.004
Processed event: VehicleEnterNewRoadEvent, vehicle_id: 6, road_id: 5130501704149631184 id: 1866
processing event: VehicleDepartureEvent, vehicle_id: 6, road_id: 5130501704149631184, offset: 0.000000 id: 1867 at time: 686.004
Processed event: VehicleDepartureEvent, vehicle_id: 6, road_id: 5130501704149631184, offset: 0.000000 id: 1867
processing event: VehicleDepartureEvent, vehicle_id: 16, road_id: 5130501708444599316, offset: 64.122105 id: 1859 at time: 688.827
Processed event: VehicleDepartureEvent, vehicle_id: 16, road_id: 5130501708444599316, offset: 64.122105 id: 1859
processing event: VehicleArriveIntersectionEvent, vehicle_id: 16, road_id: 5130501708444599316 id: 1869 at time: 689.345
Processed event: VehicleArriveIntersectionEvent, vehicle_id: 16, road_id: 5130501708444599316 id: 1869
processing event: VehicleEnterNewRoadEvent, vehicle_id: 16, road_id: 5130501708444599317 id: 1870 at time: 689.345
Processed event: VehicleEnterNewRoadEvent, vehicle_id: 16, road_id: 5130501708444599317 id: 1870
processing event: VehicleDepartureEvent, vehicle_id: 16, road_id: 5130501708444599317, offset: 0.000000 id: 1871 at time: 689.345
Processed event: VehicleDepartureEvent, vehicle_id: 16, road_id: 5130501708444599317, offset: 0.000000 id: 1871
Simulator::runFor: now_ = 689.345 target = 690
[progress] simulator time = 690 / 1000
processing event: VehicleArriveIntersectionEvent, vehicle_id: 17, road_id: 5130501893128192185 id: 1833 at time: 690.199
Processed event: VehicleArriveIntersectionEvent, vehicle_id: 17, road_id: 5130501893128192185 id: 1833
processing event: VehicleEnterNewRoadEvent, vehicle_id: 17, road_id: 5130501895275675830 id: 1873 at time: 690.199
Processed event: VehicleEnterNewRoadEvent, vehicle_id: 17, road_id: 5130501895275675830 id: 1873
processing event: VehicleDepartureEvent, vehicle_id: 17, road_id: 5130501895275675830, offset: 0.000000 id: 1874 at time: 690.199
Processed event: VehicleDepartureEvent, vehicle_id: 17, road_id: 5130501895275675830, offset: 0.000000 id: 1874
processing event: VehicleArriveIntersectionEvent, vehicle_id: 14, road_id: 5130478408247018419 id: 1836 at time: 690.738
Processed event: VehicleArriveIntersectionEvent, vehicle_id: 14, road_id: 5130478408247018419 id: 1836
processing event: VehicleEnterNewRoadEvent, vehicle_id: 14, road_id: 5130478408247018255 id: 1876 at time: 690.738
Processed event: VehicleEnterNewRoadEvent, vehicle_id: 14, road_id: 5130478408247018255 id: 1876
processing event: VehicleDepartureEvent, vehicle_id: 14, road_id: 5130478408247018255, offset: 0.000000 id: 1877 at time: 690.738
Processed event: VehicleDepartureEvent, vehicle_id: 14, road_id: 5130478408247018255, offset: 0.000000 id: 1877
processing event: VehicleArriveIntersectionEvent, vehicle_id: 16, road_id: 5130501708444599317 id: 1872 at time: 693.846
Processed event: VehicleArriveIntersectionEvent, vehicle_id: 16, road_id: 5130501708444599317 id: 1872
processing event: VehicleEnterNewRoadEvent, vehicle_id: 16, road_id: 5130501708444598965 id: 1879 at time: 693.846
Processed event: VehicleEnterNewRoadEvent, vehicle_id: 16, road_id: 5130501708444598965 id: 1879
processing event: VehicleDepartureEvent, vehicle_id: 16, road_id: 5130501708444598965, offset: 0.000000 id: 1880 at time: 693.846
Processed event: VehicleDepartureEvent, vehicle_id: 16, road_id: 5130501708444598965, offset: 0.000000 id: 1880
processing event: VehicleArriveIntersectionEvent, vehicle_id: 7, road_id: 5130501895275676030 id: 1756 at time: 694.334
Processed event: VehicleArriveIntersectionEvent, vehicle_id: 7, road_id: 5130501895275676030 id: 1756
processing event: VehicleEnterNewRoadEvent, vehicle_id: 7, road_id: 5130501893128192332 id: 1882 at time: 694.334
Processed event: VehicleEnterNewRoadEvent, vehicle_id: 7, road_id: 5130501893128192332 id: 1882
processing event: VehicleDepartureEvent, vehicle_id: 7, road_id: 5130501893128192332, offset: 0.000000 id: 1883 at time: 694.334
Processed event: VehicleDepartureEvent, vehicle_id: 7, road_id: 5130501893128192332, offset: 0.000000 id: 1883
processing event: VehicleArriveIntersectionEvent, vehicle_id: 19, road_id: 5130478403952050426 id: 1865 at time: 695.383
Processed event: VehicleArriveIntersectionEvent, vehicle_id: 19, road_id: 5130478403952050426 id: 1865
processing event: VehicleEnterNewRoadEvent, vehicle_id: 19, road_id: 5130478403952051489 id: 1885 at time: 695.383
Processed event: VehicleEnterNewRoadEvent, vehicle_id: 19, road_id: 5130478403952051489 id: 1885
processing event: VehicleDepartureEvent, vehicle_id: 19, road_id: 5130478403952051489, offset: 0.000000 id: 1886 at time: 695.383
Processed event: VehicleDepartureEvent, vehicle_id: 19, road_id: 5130478403952051489, offset: 0.000000 id: 1886
Event is not valid: VehicleCheckPointEvent, vehicle_id: 2 id: 1737 at time: 699.51
processing event: VehicleArriveIntersectionEvent, vehicle_id: 11, road_id: 5130501800786395169 id: 1815 at time: 699.964
Processed event: VehicleArriveIntersectionEvent, vehicle_id: 11, road_id: 5130501800786395169 id: 1815
processing event: VehicleEnterNewRoadEvent, vehicle_id: 11, road_id: 5130501800786395168 id: 1888 at time: 699.964
Processed event: VehicleEnterNewRoadEvent, vehicle_id: 11, road_id: 5130501800786395168 id: 1888
processing event: VehicleDepartureEvent, vehicle_id: 11, road_id: 5130501800786395168, offset: 0.000000 id: 1889 at time: 699.964
Processed event: VehicleDepartureEvent, vehicle_id: 11, road_id: 5130501800786395168, offset: 0.000000 id: 1889
Simulator::runFor: now_ = 699.964 target = 700
[progress] simulator time = 700 / 1000
processing event: VehicleArriveIntersectionEvent, vehicle_id: 14, road_id: 5130478408247018255 id: 1878 at time: 700.279
Processed event: VehicleArriveIntersectionEvent, vehicle_id: 14, road_id: 5130478408247018255 id: 1878
Event is not valid: VehicleArriveIntersectionEvent, vehicle_id: 2, road_id: 5130501708444599288 id: 1742 at time: 700.95
processing event: VehicleArriveIntersectionEvent, vehicle_id: 2, road_id: 5130501708444599288 id: 1746 at time: 700.95
Processed event: VehicleArriveIntersectionEvent, vehicle_id: 2, road_id: 5130501708444599288 id: 1746
processing event: VehicleArriveIntersectionEvent, vehicle_id: 12, road_id: 5130501702002147452 id: 1862 at time: 701.047
Processed event: VehicleArriveIntersectionEvent, vehicle_id: 12, road_id: 5130501702002147452 id: 1862
processing event: VehicleEnterNewRoadEvent, vehicle_id: 12, road_id: 5130501702002147903 id: 1893 at time: 701.047
Processed event: VehicleEnterNewRoadEvent, vehicle_id: 12, road_id: 5130501702002147903 id: 1893
processing event: VehicleDepartureEvent, vehicle_id: 12, road_id: 5130501702002147903, offset: 0.000000 id: 1894 at time: 701.047
Processed event: VehicleDepartureEvent, vehicle_id: 12, road_id: 5130501702002147903, offset: 0.000000 id: 1894
processing event: VehicleArriveIntersectionEvent, vehicle_id: 6, road_id: 5130501704149631184 id: 1868 at time: 701.665
Processed event: VehicleArriveIntersectionEvent, vehicle_id: 6, road_id: 5130501704149631184 id: 1868
processing event: VehicleEnterNewRoadEvent, vehicle_id: 2, road_id: 5130501708444599199 id: 1892 at time: 702.84
Processed event: VehicleEnterNewRoadEvent, vehicle_id: 2, road_id: 5130501708444599199 id: 1892
processing event: VehicleDepartureEvent, vehicle_id: 2, road_id: 5130501708444599199, offset: 0.000000 id: 1897 at time: 702.84
Processed event: VehicleDepartureEvent, vehicle_id: 2, road_id: 5130501708444599199, offset: 0.000000 id: 1897
processing event: VehicleArriveIntersectionEvent, vehicle_id: 18, road_id: 5130501706297114978 id: 1780 at time: 703.977
Processed event: VehicleArriveIntersectionEvent, vehicle_id: 18, road_id: 5130501706297114978 id: 1780
processing event: VehicleEnterNewRoadEvent, vehicle_id: 18, road_id: 5130501704149631218 id: 1899 at time: 703.977
Processed event: VehicleEnterNewRoadEvent, vehicle_id: 18, road_id: 5130501704149631218 id: 1899
processing event: VehicleDepartureEvent, vehicle_id: 18, road_id: 5130501704149631218, offset: 0.000000 id: 1900 at time: 703.977
Processed event: VehicleDepartureEvent, vehicle_id: 18, road_id: 5130501704149631218, offset: 0.000000 id: 1900
processing event: VehicleEnterNewRoadEvent, vehicle_id: 6, road_id: 5130501704149630989 id: 1896 at time: 705.059
Processed event: VehicleEnterNewRoadEvent, vehicle_id: 6, road_id: 5130501704149630989 id: 1896
processing event: VehicleDepartureEvent, vehicle_id: 6, road_id: 5130501704149630989, offset: 0.000000 id: 1902 at time: 705.059
Processed event: VehicleDepartureEvent, vehicle_id: 6, road_id: 5130501704149630989, offset: 0.000000 id: 1902
processing event: VehicleArriveIntersectionEvent, vehicle_id: 12, road_id: 5130501702002147903 id: 1895 at time: 706.087
Processed event: VehicleArriveIntersectionEvent, vehicle_id: 12, road_id: 5130501702002147903 id: 1895
processing event: VehicleEnterNewRoadEvent, vehicle_id: 12, road_id: 5130501702002147904 id: 1904 at time: 706.087
Processed event: VehicleEnterNewRoadEvent, vehicle_id: 12, road_id: 5130501702002147904 id: 1904
processing event: VehicleDepartureEvent, vehicle_id: 12, road_id: 5130501702002147904, offset: 0.000000 id: 1905 at time: 706.087
Processed event: VehicleDepartureEvent, vehicle_id: 12, road_id: 5130501702002147904, offset: 0.000000 id: 1905
processing event: PassengerRouteStartEvent, passenger_id: 32, route_id: 1 id: 31 at time: 707
Processed event: PassengerRouteStartEvent, passenger_id: 32, route_id: 1 id: 31
processing event: OrderCreatedEvent, order_id: 32, available_pickups: 1 , available_dropoffs: 2 , passenger_id: 32, route_id: 1, passenger_num: 0 id: 1907 at time: 707
Processed event: OrderCreatedEvent, order_id: 32, available_pickups: 1 , available_dropoffs: 2 , passenger_id: 32, route_id: 1, passenger_num: 2 id: 1907
processing event: VehicleArriveIntersectionEvent, vehicle_id: 19, road_id: 5130478403952051489 id: 1887 at time: 707.804
Processed event: VehicleArriveIntersectionEvent, vehicle_id: 19, road_id: 5130478403952051489 id: 1887
processing event: VehicleEnterNewRoadEvent, vehicle_id: 19, road_id: 5130478403952051490 id: 1908 at time: 709.424
Processed event: VehicleEnterNewRoadEvent, vehicle_id: 19, road_id: 5130478403952051490 id: 1908
processing event: VehicleDepartureEvent, vehicle_id: 19, road_id: 5130478403952051490, offset: 0.000000 id: 1909 at time: 709.424
Processed event: VehicleDepartureEvent, vehicle_id: 19, road_id: 5130478403952051490, offset: 0.000000 id: 1909
Simulator::runFor: now_ = 709.424 target = 710
[progress] simulator time = 710 / 1000
processing event: OrderMatchedEvent, order_id: 32, vehicle_id: 16 id: 1911 at time: 710
Processed event: OrderMatchedEvent, order_id: 32, vehicle_id: 16 id: 1911
processing event: PassengerArrivalEvent, passenger_id: 32 id: 1913 at time: 710
Processed event: PassengerArrivalEvent, passenger_id: 32 id: 1913
processing event: VehicleArriveIntersectionEvent, vehicle_id: 7, road_id: 5130501893128192332 id: 1884 at time: 711.256
Processed event: VehicleArriveIntersectionEvent, vehicle_id: 7, road_id: 5130501893128192332 id: 1884
processing event: VehicleEnterNewRoadEvent, vehicle_id: 7, road_id: 5130501893128192429 id: 1914 at time: 711.256
Processed event: VehicleEnterNewRoadEvent, vehicle_id: 7, road_id: 5130501893128192429 id: 1914
processing event: VehicleDepartureEvent, vehicle_id: 7, road_id: 5130501893128192429, offset: 0.000000 id: 1915 at time: 711.256
Processed event: VehicleDepartureEvent, vehicle_id: 7, road_id: 5130501893128192429, offset: 0.000000 id: 1915
processing event: VehicleEnterNewRoadEvent, vehicle_id: 8, road_id: 5130501704149631511 id: 1812 at time: 712.044
Processed event: VehicleEnterNewRoadEvent, vehicle_id: 8, road_id: 5130501704149631511 id: 1812
processing event: VehicleDepartureEvent, vehicle_id: 8, road_id: 5130501704149631511, offset: 0.000000 id: 1918 at time: 712.044
Processed event: VehicleDepartureEvent, vehicle_id: 8, road_id: 5130501704149631511, offset: 0.000000 id: 1918
processing event: VehicleArriveIntersectionEvent, vehicle_id: 7, road_id: 5130501893128192429 id: 1916 at time: 713.056
Processed event: VehicleArriveIntersectionEvent, vehicle_id: 7, road_id: 5130501893128192429 id: 1916
processing event: VehicleEnterNewRoadEvent, vehicle_id: 7, road_id: 5130501893128192430 id: 1920 at time: 713.056
Processed event: VehicleEnterNewRoadEvent, vehicle_id: 7, road_id: 5130501893128192430 id: 1920
processing event: VehicleDepartureEvent, vehicle_id: 7, road_id: 5130501893128192430, offset: 0.000000 id: 1921 at time: 713.056
Processed event: VehicleDepartureEvent, vehicle_id: 7, road_id: 5130501893128192430, offset: 0.000000 id: 1921
processing event: VehicleArriveIntersectionEvent, vehicle_id: 2, road_id: 5130501708444599199 id: 1898 at time: 714.902
Processed event: VehicleArriveIntersectionEvent, vehicle_id: 2, road_id: 5130501708444599199 id: 1898
processing event: VehicleEnterNewRoadEvent, vehicle_id: 2, road_id: 5130501708444599196 id: 1923 at time: 714.902
Processed event: VehicleEnterNewRoadEvent, vehicle_id: 2, road_id: 5130501708444599196 id: 1923
processing event: VehicleDepartureEvent, vehicle_id: 2, road_id: 5130501708444599196, offset: 0.000000 id: 1924 at time: 714.902
Processed event: VehicleDepartureEvent, vehicle_id: 2, road_id: 5130501708444599196, offset: 0.000000 id: 1924
processing event: VehicleArriveIntersectionEvent, vehicle_id: 19, road_id: 5130478403952051490 id: 1910 at time: 716.625
Processed event: VehicleArriveIntersectionEvent, vehicle_id: 19, road_id: 5130478403952051490 id: 1910
Event is not valid: VehicleArriveIntersectionEvent, vehicle_id: 16, road_id: 5130501708444598965 id: 1881 at time: 719.048
processing event: VehicleArriveIntersectionEvent, vehicle_id: 16, road_id: 5130501708444598965 id: 1912 at time: 719.048
Processed event: VehicleArriveIntersectionEvent, vehicle_id: 16, road_id: 5130501708444598965 id: 1912
processing event: VehicleEnterNewRoadEvent, vehicle_id: 16, road_id: 5130501708444599059 id: 1927 at time: 719.048
Processed event: VehicleEnterNewRoadEvent, vehicle_id: 16, road_id: 5130501708444599059 id: 1927
processing event: VehicleDepartureEvent, vehicle_id: 16, road_id: 5130501708444599059, offset: 0.000000 id: 1928 at time: 719.048
Processed event: VehicleDepartureEvent, vehicle_id: 16, road_id: 5130501708444599059, offset: 0.000000 id: 1928
processing event: VehicleEnterNewRoadEvent, vehicle_id: 19, road_id: 5130478403952051379 id: 1926 at time: 719.325
Processed event: VehicleEnterNewRoadEvent, vehicle_id: 19, road_id: 5130478403952051379 id: 1926
processing event: VehicleDepartureEvent, vehicle_id: 19, road_id: 5130478403952051379, offset: 0.000000 id: 1930 at time: 719.325
Processed event: VehicleDepartureEvent, vehicle_id: 19, road_id: 5130478403952051379, offset: 0.000000 id: 1930
processing event: PassengerRouteStartEvent, passenger_id: 33, route_id: 1 id: 32 at time: 720
Processed event: PassengerRouteStartEvent, passenger_id: 33, route_id: 1 id: 32
processing event: VehicleEnterNewRoadEvent, vehicle_id: 14, road_id: 5130478408247018252 id: 1891 at time: 720
Processed event: VehicleEnterNewRoadEvent, vehicle_id: 14, road_id: 5130478408247018252 id: 1891
processing event: OrderCreatedEvent, order_id: 33, available_pickups: 1 , available_dropoffs: 5 , passenger_id: 33, route_id: 1, passenger_num: 0 id: 1932 at time: 720
Processed event: OrderCreatedEvent, order_id: 33, available_pickups: 1 , available_dropoffs: 5 , passenger_id: 33, route_id: 1, passenger_num: 1 id: 1932
processing event: VehicleDepartureEvent, vehicle_id: 14, road_id: 5130478408247018252, offset: 0.000000 id: 1933 at time: 720
Processed event: VehicleDepartureEvent, vehicle_id: 14, road_id: 5130478408247018252, offset: 0.000000 id: 1933
Simulator::runFor: now_ = 720 target = 720
[progress] simulator time = 720 / 1000
processing event: OrderMatchedEvent, order_id: 33, vehicle_id: 16 id: 1935 at time: 720
Processed event: OrderMatchedEvent, order_id: 33, vehicle_id: 16 id: 1935
processing event: PassengerArrivalEvent, passenger_id: 33 id: 1937 at time: 720
Processed event: PassengerArrivalEvent, passenger_id: 33 id: 1937
processing event: BusArrivalEvent, vehicle_id: 11, stop_id: 3 id: 1890 at time: 721.117
Processed event: BusArrivalEvent, vehicle_id: 11, stop_id: 3 id: 1890
processing event: PassengerOnboardEvent, passenger_id: 15 id: 1938 at time: 721.117
Processed event: PassengerOnboardEvent, passenger_id: 15 id: 1938
processing event: VehicleArriveIntersectionEvent, vehicle_id: 12, road_id: 5130501702002147904 id: 1906 at time: 721.389
Processed event: VehicleArriveIntersectionEvent, vehicle_id: 12, road_id: 5130501702002147904 id: 1906
processing event: VehicleEnterNewRoadEvent, vehicle_id: 12, road_id: 5130501676232344010 id: 1940 at time: 721.389
Processed event: VehicleEnterNewRoadEvent, vehicle_id: 12, road_id: 5130501676232344010 id: 1940
processing event: VehicleDepartureEvent, vehicle_id: 12, road_id: 5130501676232344010, offset: 0.000000 id: 1941 at time: 721.389
Processed event: VehicleDepartureEvent, vehicle_id: 12, road_id: 5130501676232344010, offset: 0.000000 id: 1941
processing event: VehicleEnterNewRoadEvent, vehicle_id: 15, road_id: 5130478356707410938 id: 1787 at time: 722.16
Processed event: VehicleEnterNewRoadEvent, vehicle_id: 15, road_id: 5130478356707410938 id: 1787
processing event: VehicleDepartureEvent, vehicle_id: 15, road_id: 5130478356707410938, offset: 0.000000 id: 1943 at time: 722.16
Processed event: VehicleDepartureEvent, vehicle_id: 15, road_id: 5130478356707410938, offset: 0.000000 id: 1943
Event is not valid: VehicleCheckPointEvent, vehicle_id: 3 id: 1818 at time: 722.233
processing event: VehicleArriveIntersectionEvent, vehicle_id: 8, road_id: 5130501704149631511 id: 1919 at time: 723.026
Processed event: VehicleArriveIntersectionEvent, vehicle_id: 8, road_id: 5130501704149631511 id: 1919
processing event: VehicleEnterNewRoadEvent, vehicle_id: 8, road_id: 5130501704149631591 id: 1945 at time: 723.026
Processed event: VehicleEnterNewRoadEvent, vehicle_id: 8, road_id: 5130501704149631591 id: 1945
processing event: VehicleDepartureEvent, vehicle_id: 8, road_id: 5130501704149631591, offset: 0.000000 id: 1946 at time: 723.026
Processed event: VehicleDepartureEvent, vehicle_id: 8, road_id: 5130501704149631591, offset: 0.000000 id: 1946
processing event: VehicleArriveIntersectionEvent, vehicle_id: 14, road_id: 5130478408247018252 id: 1934 at time: 723.42
Processed event: VehicleArriveIntersectionEvent, vehicle_id: 14, road_id: 5130478408247018252 id: 1934
processing event: VehicleEnterNewRoadEvent, vehicle_id: 14, road_id: 5130478408247018662 id: 1948 at time: 723.42
Processed event: VehicleEnterNewRoadEvent, vehicle_id: 14, road_id: 5130478408247018662 id: 1948
processing event: VehicleDepartureEvent, vehicle_id: 14, road_id: 5130478408247018662, offset: 0.000000 id: 1949 at time: 723.42
Processed event: VehicleDepartureEvent, vehicle_id: 14, road_id: 5130478408247018662, offset: 0.000000 id: 1949
processing event: VehicleArriveIntersectionEvent, vehicle_id: 3, road_id: 5130501706297115208 id: 1917 at time: 723.673
Processed event: VehicleArriveIntersectionEvent, vehicle_id: 3, road_id: 5130501706297115208 id: 1917
processing event: VehicleArriveIntersectionEvent, vehicle_id: 5, road_id: 5130478386772181380 id: 1790 at time: 726.032
Processed event: VehicleArriveIntersectionEvent, vehicle_id: 5, road_id: 5130478386772181380 id: 1790
processing event: VehicleDepartureEvent, vehicle_id: 11, road_id: 5130501800786395168, offset: 117.505572 id: 1939 at time: 726.117
Processed event: VehicleDepartureEvent, vehicle_id: 11, road_id: 5130501800786395168, offset: 117.505572 id: 1939
processing event: VehicleArriveIntersectionEvent, vehicle_id: 8, road_id: 5130501704149631591 id: 1947 at time: 726.806
Processed event: VehicleArriveIntersectionEvent, vehicle_id: 8, road_id: 5130501704149631591 id: 1947
processing event: VehicleEnterNewRoadEvent, vehicle_id: 8, road_id: 5130501704149631592 id: 1954 at time: 726.806
Processed event: VehicleEnterNewRoadEvent, vehicle_id: 8, road_id: 5130501704149631592 id: 1954
processing event: VehicleDepartureEvent, vehicle_id: 8, road_id: 5130501704149631592, offset: 0.000000 id: 1955 at time: 726.806
Processed event: VehicleDepartureEvent, vehicle_id: 8, road_id: 5130501704149631592, offset: 0.000000 id: 1955
processing event: VehicleArriveIntersectionEvent, vehicle_id: 18, road_id: 5130501704149631218 id: 1901 at time: 726.84
Processed event: VehicleArriveIntersectionEvent, vehicle_id: 18, road_id: 5130501704149631218 id: 1901
processing event: VehicleEnterNewRoadEvent, vehicle_id: 18, road_id: 5130501704149631217 id: 1957 at time: 726.84
Processed event: VehicleEnterNewRoadEvent, vehicle_id: 18, road_id: 5130501704149631217 id: 1957
processing event: VehicleDepartureEvent, vehicle_id: 18, road_id: 5130501704149631217, offset: 0.000000 id: 1958 at time: 726.84
Processed event: VehicleDepartureEvent, vehicle_id: 18, road_id: 5130501704149631217, offset: 0.000000 id: 1958
processing event: VehicleArriveIntersectionEvent, vehicle_id: 19, road_id: 5130478403952051379 id: 1931 at time: 727.606
Processed event: VehicleArriveIntersectionEvent, vehicle_id: 19, road_id: 5130478403952051379 id: 1931
processing event: VehicleEnterNewRoadEvent, vehicle_id: 19, road_id: 5130478403952051273 id: 1960 at time: 727.606
Processed event: VehicleEnterNewRoadEvent, vehicle_id: 19, road_id: 5130478403952051273 id: 1960
processing event: VehicleDepartureEvent, vehicle_id: 19, road_id: 5130478403952051273, offset: 0.000000 id: 1961 at time: 727.606
Processed event: VehicleDepartureEvent, vehicle_id: 19, road_id: 5130478403952051273, offset: 0.000000 id: 1961
processing event: PassengerRouteStartEvent, passenger_id: 34, route_id: 1 id: 33 at time: 728
Processed event: PassengerRouteStartEvent, passenger_id: 34, route_id: 1 id: 33
processing event: OrderCreatedEvent, order_id: 34, available_pickups: 5 , available_dropoffs: 3 , passenger_id: 34, route_id: 1, passenger_num: 0 id: 1963 at time: 728
Processed event: OrderCreatedEvent, order_id: 34, available_pickups: 5 , available_dropoffs: 3 , passenger_id: 34, route_id: 1, passenger_num: 3 id: 1963
processing event: VehicleEnterNewRoadEvent, vehicle_id: 5, road_id: 5130478386772181285 id: 1952 at time: 728.192
Processed event: VehicleEnterNewRoadEvent, vehicle_id: 5, road_id: 5130478386772181285 id: 1952
processing event: VehicleDepartureEvent, vehicle_id: 5, road_id: 5130478386772181285, offset: 0.000000 id: 1964 at time: 728.192
Processed event: VehicleDepartureEvent, vehicle_id: 5, road_id: 5130478386772181285, offset: 0.000000 id: 1964
processing event: VehicleArriveIntersectionEvent, vehicle_id: 14, road_id: 5130478408247018662 id: 1950 at time: 728.281
Processed event: VehicleArriveIntersectionEvent, vehicle_id: 14, road_id: 5130478408247018662 id: 1950
processing event: VehicleEnterNewRoadEvent, vehicle_id: 14, road_id: 5130478408247018661 id: 1966 at time: 728.281
Processed event: VehicleEnterNewRoadEvent, vehicle_id: 14, road_id: 5130478408247018661 id: 1966
processing event: VehicleDepartureEvent, vehicle_id: 14, road_id: 5130478408247018661, offset: 0.000000 id: 1967 at time: 728.281
Processed event: VehicleDepartureEvent, vehicle_id: 14, road_id: 5130478408247018661, offset: 0.000000 id: 1967
processing event: VehicleEnterNewRoadEvent, vehicle_id: 3, road_id: 5130501704149631511 id: 1951 at time: 728.551
Processed event: VehicleEnterNewRoadEvent, vehicle_id: 3, road_id: 5130501704149631511 id: 1951
processing event: VehicleDepartureEvent, vehicle_id: 3, road_id: 5130501704149631511, offset: 0.000000 id: 1969 at time: 728.551
Processed event: VehicleDepartureEvent, vehicle_id: 3, road_id: 5130501704149631511, offset: 0.000000 id: 1969
processing event: VehicleArriveIntersectionEvent, vehicle_id: 8, road_id: 5130501704149631592 id: 1956 at time: 729.506
Processed event: VehicleArriveIntersectionEvent, vehicle_id: 8, road_id: 5130501704149631592 id: 1956
processing event: VehicleEnterNewRoadEvent, vehicle_id: 8, road_id: 5130501704149631409 id: 1971 at time: 729.506
Processed event: VehicleEnterNewRoadEvent, vehicle_id: 8, road_id: 5130501704149631409 id: 1971
processing event: VehicleDepartureEvent, vehicle_id: 8, road_id: 5130501704149631409, offset: 0.000000 id: 1972 at time: 729.506
Processed event: VehicleDepartureEvent, vehicle_id: 8, road_id: 5130501704149631409, offset: 0.000000 id: 1972
Simulator::runFor: now_ = 729.506 target = 730
[progress] simulator time = 730 / 1000
processing event: OrderMatchedEvent, order_id: 34, vehicle_id: 20 id: 1974 at time: 730
Processed event: OrderMatchedEvent, order_id: 34, vehicle_id: 20 id: 1974
processing event: PassengerArrivalEvent, passenger_id: 34 id: 1975 at time: 730
Processed event: PassengerArrivalEvent, passenger_id: 34 id: 1975
processing event: VehicleArriveIntersectionEvent, vehicle_id: 12, road_id: 5130501676232344010 id: 1942 at time: 730.75
Processed event: VehicleArriveIntersectionEvent, vehicle_id: 12, road_id: 5130501676232344010 id: 1942
processing event: VehicleEnterNewRoadEvent, vehicle_id: 12, road_id: 5130501676232344011 id: 1976 at time: 730.75
Processed event: VehicleEnterNewRoadEvent, vehicle_id: 12, road_id: 5130501676232344011 id: 1976
processing event: VehicleDepartureEvent, vehicle_id: 12, road_id: 5130501676232344011, offset: 0.000000 id: 1977 at time: 730.75
Processed event: VehicleDepartureEvent, vehicle_id: 12, road_id: 5130501676232344011, offset: 0.000000 id: 1977
processing event: VehicleArriveIntersectionEvent, vehicle_id: 14, road_id: 5130478408247018661 id: 1968 at time: 732.241
Processed event: VehicleArriveIntersectionEvent, vehicle_id: 14, road_id: 5130478408247018661 id: 1968
processing event: VehicleEnterNewRoadEvent, vehicle_id: 14, road_id: 5130478408247018205 id: 1979 at time: 732.241
Processed event: VehicleEnterNewRoadEvent, vehicle_id: 14, road_id: 5130478408247018205 id: 1979
processing event: VehicleDepartureEvent, vehicle_id: 14, road_id: 5130478408247018205, offset: 0.000000 id: 1980 at time: 732.241
Processed event: VehicleDepartureEvent, vehicle_id: 14, road_id: 5130478408247018205, offset: 0.000000 id: 1980
processing event: VehicleArriveIntersectionEvent, vehicle_id: 12, road_id: 5130501676232344011 id: 1978 at time: 734.89
Processed event: VehicleArriveIntersectionEvent, vehicle_id: 12, road_id: 5130501676232344011 id: 1978
processing event: VehicleEnterNewRoadEvent, vehicle_id: 12, road_id: 5130501676232343938 id: 1982 at time: 734.89
Processed event: VehicleEnterNewRoadEvent, vehicle_id: 12, road_id: 5130501676232343938 id: 1982
processing event: VehicleDepartureEvent, vehicle_id: 12, road_id: 5130501676232343938, offset: 0.000000 id: 1983 at time: 734.89
Processed event: VehicleDepartureEvent, vehicle_id: 12, road_id: 5130501676232343938, offset: 0.000000 id: 1983
processing event: VehicleArriveIntersectionEvent, vehicle_id: 11, road_id: 5130501800786395168 id: 1953 at time: 735.207
Processed event: VehicleArriveIntersectionEvent, vehicle_id: 11, road_id: 5130501800786395168 id: 1953
processing event: VehicleArriveIntersectionEvent, vehicle_id: 2, road_id: 5130501708444599196 id: 1925 at time: 735.244
Processed event: VehicleArriveIntersectionEvent, vehicle_id: 2, road_id: 5130501708444599196 id: 1925
processing event: VehicleEnterNewRoadEvent, vehicle_id: 2, road_id: 5130501708444599198 id: 1986 at time: 735.244
Processed event: VehicleEnterNewRoadEvent, vehicle_id: 2, road_id: 5130501708444599198 id: 1986
processing event: VehicleDepartureEvent, vehicle_id: 2, road_id: 5130501708444599198, offset: 0.000000 id: 1987 at time: 735.244
Processed event: VehicleDepartureEvent, vehicle_id: 2, road_id: 5130501708444599198, offset: 0.000000 id: 1987
processing event: VehicleArriveIntersectionEvent, vehicle_id: 19, road_id: 5130478403952051273 id: 1962 at time: 735.707
Processed event: VehicleArriveIntersectionEvent, vehicle_id: 19, road_id: 5130478403952051273 id: 1962
processing event: VehicleEnterNewRoadEvent, vehicle_id: 11, road_id: 5130501798638911520 id: 1985 at time: 736.904
Processed event: VehicleEnterNewRoadEvent, vehicle_id: 11, road_id: 5130501798638911520 id: 1985
processing event: VehicleDepartureEvent, vehicle_id: 11, road_id: 5130501798638911520, offset: 0.000000 id: 1990 at time: 736.904
Processed event: VehicleDepartureEvent, vehicle_id: 11, road_id: 5130501798638911520, offset: 0.000000 id: 1990
processing event: VehicleEnterNewRoadEvent, vehicle_id: 20, road_id: 5130478382477214227 id: 1854 at time: 737.219
Processed event: VehicleEnterNewRoadEvent, vehicle_id: 20, road_id: 5130478382477214227 id: 1854
processing event: VehicleDepartureEvent, vehicle_id: 20, road_id: 5130478382477214227, offset: 0.000000 id: 1993 at time: 737.219
Processed event: VehicleDepartureEvent, vehicle_id: 20, road_id: 5130478382477214227, offset: 0.000000 id: 1993
processing event: VehicleArriveIntersectionEvent, vehicle_id: 17, road_id: 5130501895275675830 id: 1875 at time: 737.543
Processed event: VehicleArriveIntersectionEvent, vehicle_id: 17, road_id: 5130501895275675830 id: 1875
processing event: VehicleArriveIntersectionEvent, vehicle_id: 10, road_id: 5130478382477214568 id: 1992 at time: 738.659
Processed event: VehicleArriveIntersectionEvent, vehicle_id: 10, road_id: 5130478382477214568 id: 1992
processing event: VehicleArriveIntersectionEvent, vehicle_id: 12, road_id: 5130501676232343938 id: 1984 at time: 738.851
Processed event: VehicleArriveIntersectionEvent, vehicle_id: 12, road_id: 5130501676232343938 id: 1984
processing event: VehicleEnterNewRoadEvent, vehicle_id: 12, road_id: 5130501676232344377 id: 1997 at time: 738.851
Processed event: VehicleEnterNewRoadEvent, vehicle_id: 12, road_id: 5130501676232344377 id: 1997
processing event: VehicleDepartureEvent, vehicle_id: 12, road_id: 5130501676232344377, offset: 0.000000 id: 1998 at time: 738.851
Processed event: VehicleDepartureEvent, vehicle_id: 12, road_id: 5130501676232344377, offset: 0.000000 id: 1998
processing event: VehicleArriveIntersectionEvent, vehicle_id: 3, road_id: 5130501704149631511 id: 1970 at time: 739.532
Processed event: VehicleArriveIntersectionEvent, vehicle_id: 3, road_id: 5130501704149631511 id: 1970
processing event: VehicleEnterNewRoadEvent, vehicle_id: 3, road_id: 5130501704149631591 id: 2000 at time: 739.532
Processed event: VehicleEnterNewRoadEvent, vehicle_id: 3, road_id: 5130501704149631591 id: 2000
processing event: VehicleDepartureEvent, vehicle_id: 3, road_id: 5130501704149631591, offset: 0.000000 id: 2001 at time: 739.532
Processed event: VehicleDepartureEvent, vehicle_id: 3, road_id: 5130501704149631591, offset: 0.000000 id: 2001
processing event: VehicleEnterNewRoadEvent, vehicle_id: 17, road_id: 5130501893128192026 id: 1995 at time: 739.703
Processed event: VehicleEnterNewRoadEvent, vehicle_id: 17, road_id: 5130501893128192026 id: 1995
processing event: VehicleDepartureEvent, vehicle_id: 17, road_id: 5130501893128192026, offset: 0.000000 id: 2003 at time: 739.703
Processed event: VehicleDepartureEvent, vehicle_id: 17, road_id: 5130501893128192026, offset: 0.000000 id: 2003
Simulator::runFor: now_ = 739.703 target = 740
[progress] simulator time = 740 / 1000
processing event: VehicleEnterNewRoadEvent, vehicle_id: 10, road_id: 5130478382477214227 id: 1996 at time: 741.628
Processed event: VehicleEnterNewRoadEvent, vehicle_id: 10, road_id: 5130478382477214227 id: 1996
processing event: VehicleDepartureEvent, vehicle_id: 10, road_id: 5130478382477214227, offset: 0.000000 id: 2005 at time: 741.628
Processed event: VehicleDepartureEvent, vehicle_id: 10, road_id: 5130478382477214227, offset: 0.000000 id: 2005
processing event: VehicleArriveIntersectionEvent, vehicle_id: 3, road_id: 5130501704149631591 id: 2002 at time: 743.313
Processed event: VehicleArriveIntersectionEvent, vehicle_id: 3, road_id: 5130501704149631591 id: 2002
processing event: VehicleEnterNewRoadEvent, vehicle_id: 3, road_id: 5130501704149631592 id: 2007 at time: 743.313
Processed event: VehicleEnterNewRoadEvent, vehicle_id: 3, road_id: 5130501704149631592 id: 2007
processing event: VehicleDepartureEvent, vehicle_id: 3, road_id: 5130501704149631592, offset: 0.000000 id: 2008 at time: 743.313
Processed event: VehicleDepartureEvent, vehicle_id: 3, road_id: 5130501704149631592, offset: 0.000000 id: 2008
processing event: VehicleArriveIntersectionEvent, vehicle_id: 2, road_id: 5130501708444599198 id: 1988 at time: 743.524
Processed event: VehicleArriveIntersectionEvent, vehicle_id: 2, road_id: 5130501708444599198 id: 1988
processing event: VehicleEnterNewRoadEvent, vehicle_id: 2, road_id: 5130501708444598509 id: 2010 at time: 743.524
Processed event: VehicleEnterNewRoadEvent, vehicle_id: 2, road_id: 5130501708444598509 id: 2010
processing event: VehicleDepartureEvent, vehicle_id: 2, road_id: 5130501708444598509, offset: 0.000000 id: 2011 at time: 743.524
Processed event: VehicleDepartureEvent, vehicle_id: 2, road_id: 5130501708444598509, offset: 0.000000 id: 2011
processing event: VehicleArriveIntersectionEvent, vehicle_id: 3, road_id: 5130501704149631592 id: 2009 at time: 746.013
Processed event: VehicleArriveIntersectionEvent, vehicle_id: 3, road_id: 5130501704149631592 id: 2009
processing event: VehicleEnterNewRoadEvent, vehicle_id: 3, road_id: 5130501704149631409 id: 2013 at time: 746.013
Processed event: VehicleEnterNewRoadEvent, vehicle_id: 3, road_id: 5130501704149631409 id: 2013
processing event: VehicleDepartureEvent, vehicle_id: 3, road_id: 5130501704149631409, offset: 0.000000 id: 2014 at time: 746.013
Processed event: VehicleDepartureEvent, vehicle_id: 3, road_id: 5130501704149631409, offset: 0.000000 id: 2014
processing event: VehicleArriveIntersectionEvent, vehicle_id: 6, road_id: 5130501704149630989 id: 1903 at time: 746.643
Processed event: VehicleArriveIntersectionEvent, vehicle_id: 6, road_id: 5130501704149630989 id: 1903
processing event: VehicleEnterNewRoadEvent, vehicle_id: 6, road_id: 5130501706297115037 id: 2016 at time: 746.643
Processed event: VehicleEnterNewRoadEvent, vehicle_id: 6, road_id: 5130501706297115037 id: 2016
processing event: VehicleDepartureEvent, vehicle_id: 6, road_id: 5130501706297115037, offset: 0.000000 id: 2017 at time: 746.643
Processed event: VehicleDepartureEvent, vehicle_id: 6, road_id: 5130501706297115037, offset: 0.000000 id: 2017
processing event: VehicleArriveIntersectionEvent, vehicle_id: 17, road_id: 5130501893128192026 id: 2004 at time: 747.084
Processed event: VehicleArriveIntersectionEvent, vehicle_id: 17, road_id: 5130501893128192026 id: 2004
processing event: VehicleEnterNewRoadEvent, vehicle_id: 17, road_id: 5130501895275676053 id: 2019 at time: 747.084
Processed event: VehicleEnterNewRoadEvent, vehicle_id: 17, road_id: 5130501895275676053 id: 2019
processing event: VehicleDepartureEvent, vehicle_id: 17, road_id: 5130501895275676053, offset: 0.000000 id: 2020 at time: 747.084
Processed event: VehicleDepartureEvent, vehicle_id: 17, road_id: 5130501895275676053, offset: 0.000000 id: 2020
Event is not valid: VehicleArriveIntersectionEvent, vehicle_id: 20, road_id: 5130478382477214227 id: 1994 at time: 747.12
processing event: VehicleArriveIntersectionEvent, vehicle_id: 20, road_id: 5130478382477214227 id: 2006 at time: 747.12
Processed event: VehicleArriveIntersectionEvent, vehicle_id: 20, road_id: 5130478382477214227 id: 2006
processing event: VehicleEnterNewRoadEvent, vehicle_id: 20, road_id: 5130478382477214317 id: 2022 at time: 747.12
Processed event: VehicleEnterNewRoadEvent, vehicle_id: 20, road_id: 5130478382477214317 id: 2022
processing event: VehicleDepartureEvent, vehicle_id: 20, road_id: 5130478382477214317, offset: 0.000000 id: 2025 at time: 747.12
Processed event: VehicleDepartureEvent, vehicle_id: 20, road_id: 5130478382477214317, offset: 0.000000 id: 2025
processing event: VehicleArriveIntersectionEvent, vehicle_id: 12, road_id: 5130501676232344377 id: 1999 at time: 747.131
Processed event: VehicleArriveIntersectionEvent, vehicle_id: 12, road_id: 5130501676232344377 id: 1999
processing event: VehicleEnterNewRoadEvent, vehicle_id: 12, road_id: 5130501676232344376 id: 2027 at time: 747.131
Processed event: VehicleEnterNewRoadEvent, vehicle_id: 12, road_id: 5130501676232344376 id: 2027
processing event: VehicleDepartureEvent, vehicle_id: 12, road_id: 5130501676232344376, offset: 0.000000 id: 2028 at time: 747.131
Processed event: VehicleDepartureEvent, vehicle_id: 12, road_id: 5130501676232344376, offset: 0.000000 id: 2028
processing event: VehicleArriveIntersectionEvent, vehicle_id: 8, road_id: 5130501704149631409 id: 1973 at time: 748.768
Processed event: VehicleArriveIntersectionEvent, vehicle_id: 8, road_id: 5130501704149631409 id: 1973
processing event: VehicleEnterNewRoadEvent, vehicle_id: 8, road_id: 5130501704149631116 id: 2030 at time: 748.768
Processed event: VehicleEnterNewRoadEvent, vehicle_id: 8, road_id: 5130501704149631116 id: 2030
processing event: VehicleDepartureEvent, vehicle_id: 8, road_id: 5130501704149631116, offset: 0.000000 id: 2031 at time: 748.768
Processed event: VehicleDepartureEvent, vehicle_id: 8, road_id: 5130501704149631116, offset: 0.000000 id: 2031
Simulator::runFor: now_ = 748.768 target = 750
[progress] simulator time = 750 / 1000
Event is not valid: VehicleCheckPointEvent, vehicle_id: 10 id: 2023 at time: 750.089
processing event: VehicleArriveIntersectionEvent, vehicle_id: 18, road_id: 5130501704149631217 id: 1959 at time: 750.602
Processed event: VehicleArriveIntersectionEvent, vehicle_id: 18, road_id: 5130501704149631217 id: 1959
processing event: VehicleArriveIntersectionEvent, vehicle_id: 2, road_id: 5130501708444598509 id: 2012 at time: 750.725
Processed event: VehicleArriveIntersectionEvent, vehicle_id: 2, road_id: 5130501708444598509 id: 2012
processing event: VehicleEnterNewRoadEvent, vehicle_id: 2, road_id: 5130501708444598505 id: 2034 at time: 750.725
Processed event: VehicleEnterNewRoadEvent, vehicle_id: 2, road_id: 5130501708444598505 id: 2034
processing event: VehicleDepartureEvent, vehicle_id: 2, road_id: 5130501708444598505, offset: 0.000000 id: 2035 at time: 750.725
Processed event: VehicleDepartureEvent, vehicle_id: 2, road_id: 5130501708444598505, offset: 0.000000 id: 2035
processing event: VehicleArriveIntersectionEvent, vehicle_id: 10, road_id: 5130478382477214227 id: 2024 at time: 751.529
Processed event: VehicleArriveIntersectionEvent, vehicle_id: 10, road_id: 5130478382477214227 id: 2024
processing event: VehicleEnterNewRoadEvent, vehicle_id: 10, road_id: 5130478382477214317 id: 2037 at time: 751.529
Processed event: VehicleEnterNewRoadEvent, vehicle_id: 10, road_id: 5130478382477214317 id: 2037
processing event: VehicleDepartureEvent, vehicle_id: 10, road_id: 5130478382477214317, offset: 0.000000 id: 2038 at time: 751.529
Processed event: VehicleDepartureEvent, vehicle_id: 10, road_id: 5130478382477214317, offset: 0.000000 id: 2038
processing event: PassengerRouteStartEvent, passenger_id: 35, route_id: 1 id: 34 at time: 752
Processed event: PassengerRouteStartEvent, passenger_id: 35, route_id: 1 id: 34
processing event: OrderCreatedEvent, order_id: 35, available_pickups: 1 , available_dropoffs: 5 , passenger_id: 35, route_id: 1, passenger_num: 0 id: 2040 at time: 752
Processed event: OrderCreatedEvent, order_id: 35, available_pickups: 1 , available_dropoffs: 5 , passenger_id: 35, route_id: 1, passenger_num: 2 id: 2040
processing event: VehicleArriveIntersectionEvent, vehicle_id: 12, road_id: 5130501676232344376 id: 2029 at time: 753.252
Processed event: VehicleArriveIntersectionEvent, vehicle_id: 12, road_id: 5130501676232344376 id: 2029
processing event: VehicleEnterNewRoadEvent, vehicle_id: 12, road_id: 5130501676232344352 id: 2041 at time: 753.252
Processed event: VehicleEnterNewRoadEvent, vehicle_id: 12, road_id: 5130501676232344352 id: 2041
processing event: VehicleDepartureEvent, vehicle_id: 12, road_id: 5130501676232344352, offset: 0.000000 id: 2042 at time: 753.252
Processed event: VehicleDepartureEvent, vehicle_id: 12, road_id: 5130501676232344352, offset: 0.000000 id: 2042
processing event: VehicleEnterNewRoadEvent, vehicle_id: 18, road_id: 5130501798638911834 id: 2033 at time: 754.143
Processed event: VehicleEnterNewRoadEvent, vehicle_id: 18, road_id: 5130501798638911834 id: 2033
processing event: VehicleDepartureEvent, vehicle_id: 18, road_id: 5130501798638911834, offset: 0.000000 id: 2044 at time: 754.143
Processed event: VehicleDepartureEvent, vehicle_id: 18, road_id: 5130501798638911834, offset: 0.000000 id: 2044
processing event: VehicleArriveIntersectionEvent, vehicle_id: 14, road_id: 5130478408247018205 id: 1981 at time: 754.563
Processed event: VehicleArriveIntersectionEvent, vehicle_id: 14, road_id: 5130478408247018205 id: 1981
processing event: VehicleEnterNewRoadEvent, vehicle_id: 14, road_id: 5130501867358389356 id: 2046 at time: 754.563
Processed event: VehicleEnterNewRoadEvent, vehicle_id: 14, road_id: 5130501867358389356 id: 2046
processing event: VehicleDepartureEvent, vehicle_id: 14, road_id: 5130501867358389356, offset: 0.000000 id: 2047 at time: 754.563
Processed event: VehicleDepartureEvent, vehicle_id: 14, road_id: 5130501867358389356, offset: 0.000000 id: 2047
processing event: VehicleArriveIntersectionEvent, vehicle_id: 12, road_id: 5130501676232344352 id: 2043 at time: 755.052
Processed event: VehicleArriveIntersectionEvent, vehicle_id: 12, road_id: 5130501676232344352 id: 2043
processing event: VehicleEnterNewRoadEvent, vehicle_id: 12, road_id: 5130501676232344351 id: 2049 at time: 755.052
Processed event: VehicleEnterNewRoadEvent, vehicle_id: 12, road_id: 5130501676232344351 id: 2049
processing event: VehicleDepartureEvent, vehicle_id: 12, road_id: 5130501676232344351, offset: 0.000000 id: 2050 at time: 755.052
Processed event: VehicleDepartureEvent, vehicle_id: 12, road_id: 5130501676232344351, offset: 0.000000 id: 2050
processing event: VehicleArriveIntersectionEvent, vehicle_id: 6, road_id: 5130501706297115037 id: 2018 at time: 756.184
Processed event: VehicleArriveIntersectionEvent, vehicle_id: 6, road_id: 5130501706297115037 id: 2018
processing event: VehicleEnterNewRoadEvent, vehicle_id: 6, road_id: 5130501706297115039 id: 2052 at time: 756.184
Processed event: VehicleEnterNewRoadEvent, vehicle_id: 6, road_id: 5130501706297115039 id: 2052
processing event: VehicleDepartureEvent, vehicle_id: 6, road_id: 5130501706297115039, offset: 0.000000 id: 2053 at time: 756.184
Processed event: VehicleDepartureEvent, vehicle_id: 6, road_id: 5130501706297115039, offset: 0.000000 id: 2053
processing event: VehicleArriveIntersectionEvent, vehicle_id: 2, road_id: 5130501708444598505 id: 2036 at time: 757.026
Processed event: VehicleArriveIntersectionEvent, vehicle_id: 2, road_id: 5130501708444598505 id: 2036
processing event: VehicleEnterNewRoadEvent, vehicle_id: 2, road_id: 5130501708444599204 id: 2055 at time: 757.026
Processed event: VehicleEnterNewRoadEvent, vehicle_id: 2, road_id: 5130501708444599204 id: 2055
processing event: VehicleDepartureEvent, vehicle_id: 2, road_id: 5130501708444599204, offset: 0.000000 id: 2056 at time: 757.026
Processed event: VehicleDepartureEvent, vehicle_id: 2, road_id: 5130501708444599204, offset: 0.000000 id: 2056
processing event: VehicleArriveIntersectionEvent, vehicle_id: 6, road_id: 5130501706297115039 id: 2054 at time: 757.624
Processed event: VehicleArriveIntersectionEvent, vehicle_id: 6, road_id: 5130501706297115039 id: 2054
processing event: VehicleEnterNewRoadEvent, vehicle_id: 6, road_id: 5130501706297115040 id: 2058 at time: 757.624
Processed event: VehicleEnterNewRoadEvent, vehicle_id: 6, road_id: 5130501706297115040 id: 2058
processing event: VehicleDepartureEvent, vehicle_id: 6, road_id: 5130501706297115040, offset: 0.000000 id: 2059 at time: 757.624
Processed event: VehicleDepartureEvent, vehicle_id: 6, road_id: 5130501706297115040, offset: 0.000000 id: 2059
processing event: VehicleArriveIntersectionEvent, vehicle_id: 7, road_id: 5130501893128192430 id: 1922 at time: 758.061
Processed event: VehicleArriveIntersectionEvent, vehicle_id: 7, road_id: 5130501893128192430 id: 1922
processing event: VehicleEnterNewRoadEvent, vehicle_id: 7, road_id: 5130501884538257735 id: 2061 at time: 758.061
Processed event: VehicleEnterNewRoadEvent, vehicle_id: 7, road_id: 5130501884538257735 id: 2061
processing event: VehicleDepartureEvent, vehicle_id: 7, road_id: 5130501884538257735, offset: 0.000000 id: 2062 at time: 758.061
Processed event: VehicleDepartureEvent, vehicle_id: 7, road_id: 5130501884538257735, offset: 0.000000 id: 2062
processing event: VehicleArriveIntersectionEvent, vehicle_id: 17, road_id: 5130501895275676053 id: 2021 at time: 758.065
Processed event: VehicleArriveIntersectionEvent, vehicle_id: 17, road_id: 5130501895275676053 id: 2021
processing event: VehicleEnterNewRoadEvent, vehicle_id: 17, road_id: 5130501895275676051 id: 2064 at time: 758.065
Processed event: VehicleEnterNewRoadEvent, vehicle_id: 17, road_id: 5130501895275676051 id: 2064
processing event: VehicleDepartureEvent, vehicle_id: 17, road_id: 5130501895275676051, offset: 0.000000 id: 2065 at time: 758.065
Processed event: VehicleDepartureEvent, vehicle_id: 17, road_id: 5130501895275676051, offset: 0.000000 id: 2065
Simulator::runFor: now_ = 758.065 target = 760
[progress] simulator time = 760 / 1000
processing event: OrderMatchedEvent, order_id: 35, vehicle_id: 9 id: 2067 at time: 760
Processed event: OrderMatchedEvent, order_id: 35, vehicle_id: 9 id: 2067
processing event: VehicleDepartureEvent, vehicle_id: 9, road_id: 5130478412541985094, offset: 58.527109 id: 2068 at time: 760
Processed event: VehicleDepartureEvent, vehicle_id: 9, road_id: 5130478412541985094, offset: 58.527109 id: 2068
processing event: PassengerArrivalEvent, passenger_id: 35 id: 2069 at time: 760
Processed event: PassengerArrivalEvent, passenger_id: 35 id: 2069
processing event: VehicleArriveIntersectionEvent, vehicle_id: 7, road_id: 5130501884538257735 id: 2063 at time: 760.221
Processed event: VehicleArriveIntersectionEvent, vehicle_id: 7, road_id: 5130501884538257735 id: 2063
processing event: VehicleEnterNewRoadEvent, vehicle_id: 7, road_id: 5130501884538257736 id: 2071 at time: 760.221
Processed event: VehicleEnterNewRoadEvent, vehicle_id: 7, road_id: 5130501884538257736 id: 2071
processing event: VehicleDepartureEvent, vehicle_id: 7, road_id: 5130501884538257736, offset: 0.000000 id: 2072 at time: 760.221
Processed event: VehicleDepartureEvent, vehicle_id: 7, road_id: 5130501884538257736, offset: 0.000000 id: 2072
processing event: VehicleArriveIntersectionEvent, vehicle_id: 18, road_id: 5130501798638911834 id: 2045 at time: 762.424
Processed event: VehicleArriveIntersectionEvent, vehicle_id: 18, road_id: 5130501798638911834 id: 2045
processing event: VehicleEnterNewRoadEvent, vehicle_id: 18, road_id: 5130501798638911833 id: 2074 at time: 762.424
Processed event: VehicleEnterNewRoadEvent, vehicle_id: 18, road_id: 5130501798638911833 id: 2074
processing event: VehicleDepartureEvent, vehicle_id: 18, road_id: 5130501798638911833, offset: 0.000000 id: 2075 at time: 762.424
Processed event: VehicleDepartureEvent, vehicle_id: 18, road_id: 5130501798638911833, offset: 0.000000 id: 2075
processing event: VehicleArriveIntersectionEvent, vehicle_id: 12, road_id: 5130501676232344351 id: 2051 at time: 764.053
Processed event: VehicleArriveIntersectionEvent, vehicle_id: 12, road_id: 5130501676232344351 id: 2051
processing event: VehicleEnterNewRoadEvent, vehicle_id: 12, road_id: 5130501676232344123 id: 2077 at time: 764.053
Processed event: VehicleEnterNewRoadEvent, vehicle_id: 12, road_id: 5130501676232344123 id: 2077
processing event: VehicleDepartureEvent, vehicle_id: 12, road_id: 5130501676232344123, offset: 0.000000 id: 2078 at time: 764.053
Processed event: VehicleDepartureEvent, vehicle_id: 12, road_id: 5130501676232344123, offset: 0.000000 id: 2078
processing event: VehicleArriveIntersectionEvent, vehicle_id: 7, road_id: 5130501884538257736 id: 2073 at time: 765.082
Processed event: VehicleArriveIntersectionEvent, vehicle_id: 7, road_id: 5130501884538257736 id: 2073
processing event: VehicleEnterNewRoadEvent, vehicle_id: 7, road_id: 5130501884538257503 id: 2080 at time: 765.082
Processed event: VehicleEnterNewRoadEvent, vehicle_id: 7, road_id: 5130501884538257503 id: 2080
processing event: VehicleDepartureEvent, vehicle_id: 7, road_id: 5130501884538257503, offset: 0.000000 id: 2081 at time: 765.082
Processed event: VehicleDepartureEvent, vehicle_id: 7, road_id: 5130501884538257503, offset: 0.000000 id: 2081
processing event: VehicleArriveIntersectionEvent, vehicle_id: 3, road_id: 5130501704149631409 id: 2015 at time: 765.275
Processed event: VehicleArriveIntersectionEvent, vehicle_id: 3, road_id: 5130501704149631409 id: 2015
processing event: VehicleEnterNewRoadEvent, vehicle_id: 3, road_id: 5130501704149631116 id: 2083 at time: 765.275
Processed event: VehicleEnterNewRoadEvent, vehicle_id: 3, road_id: 5130501704149631116 id: 2083
processing event: VehicleDepartureEvent, vehicle_id: 3, road_id: 5130501704149631116, offset: 0.000000 id: 2084 at time: 765.275
Processed event: VehicleDepartureEvent, vehicle_id: 3, road_id: 5130501704149631116, offset: 0.000000 id: 2084
processing event: VehicleArriveIntersectionEvent, vehicle_id: 11, road_id: 5130501798638911520 id: 1991 at time: 767.147
Processed event: VehicleArriveIntersectionEvent, vehicle_id: 11, road_id: 5130501798638911520 id: 1991
processing event: VehicleEnterNewRoadEvent, vehicle_id: 11, road_id: 5130501798638911521 id: 2086 at time: 767.147
Processed event: VehicleEnterNewRoadEvent, vehicle_id: 11, road_id: 5130501798638911521 id: 2086
processing event: VehicleDepartureEvent, vehicle_id: 11, road_id: 5130501798638911521, offset: 0.000000 id: 2087 at time: 767.147
Processed event: VehicleDepartureEvent, vehicle_id: 11, road_id: 5130501798638911521, offset: 0.000000 id: 2087
processing event: VehicleArriveIntersectionEvent, vehicle_id: 2, road_id: 5130501708444599204 id: 2057 at time: 768.367
Processed event: VehicleArriveIntersectionEvent, vehicle_id: 2, road_id: 5130501708444599204 id: 2057
processing event: VehicleEnterNewRoadEvent, vehicle_id: 2, road_id: 5130501708444599328 id: 2089 at time: 768.367
Processed event: VehicleEnterNewRoadEvent, vehicle_id: 2, road_id: 5130501708444599328 id: 2089
processing event: VehicleDepartureEvent, vehicle_id: 2, road_id: 5130501708444599328, offset: 0.000000 id: 2090 at time: 768.367
Processed event: VehicleDepartureEvent, vehicle_id: 2, road_id: 5130501708444599328, offset: 0.000000 id: 2090
Simulator::runFor: now_ = 768.367 target = 770
[progress] simulator time = 770 / 1000
processing event: VehicleArriveIntersectionEvent, vehicle_id: 2, road_id: 5130501708444599328 id: 2091 at time: 772.327
Processed event: VehicleArriveIntersectionEvent, vehicle_id: 2, road_id: 5130501708444599328 id: 2091
processing event: VehicleEnterNewRoadEvent, vehicle_id: 2, road_id: 5130501708444599329 id: 2092 at time: 772.327
Processed event: VehicleEnterNewRoadEvent, vehicle_id: 2, road_id: 5130501708444599329 id: 2092
processing event: VehicleDepartureEvent, vehicle_id: 2, road_id: 5130501708444599329, offset: 0.000000 id: 2093 at time: 772.327
Processed event: VehicleDepartureEvent, vehicle_id: 2, road_id: 5130501708444599329, offset: 0.000000 id: 2093
processing event: VehicleArriveIntersectionEvent, vehicle_id: 7, road_id: 5130501884538257503 id: 2082 at time: 772.462
Processed event: VehicleArriveIntersectionEvent, vehicle_id: 7, road_id: 5130501884538257503 id: 2082
processing event: VehicleEnterNewRoadEvent, vehicle_id: 7, road_id: 5130501884538257468 id: 2095 at time: 772.462
Processed event: VehicleEnterNewRoadEvent, vehicle_id: 7, road_id: 5130501884538257468 id: 2095
processing event: VehicleDepartureEvent, vehicle_id: 7, road_id: 5130501884538257468, offset: 0.000000 id: 2096 at time: 772.462
Processed event: VehicleDepartureEvent, vehicle_id: 7, road_id: 5130501884538257468, offset: 0.000000 id: 2096
processing event: PassengerRouteStartEvent, passenger_id: 36, route_id: 1 id: 35 at time: 773
Processed event: PassengerRouteStartEvent, passenger_id: 36, route_id: 1 id: 35
processing event: OrderCreatedEvent, order_id: 36, available_pickups: 3 , available_dropoffs: 4 , passenger_id: 36, route_id: 1, passenger_num: 0 id: 2098 at time: 773
Processed event: OrderCreatedEvent, order_id: 36, available_pickups: 3 , available_dropoffs: 4 , passenger_id: 36, route_id: 1, passenger_num: 1 id: 2098
processing event: VehicleArriveIntersectionEvent, vehicle_id: 12, road_id: 5130501676232344123 id: 2079 at time: 774.854
Processed event: VehicleArriveIntersectionEvent, vehicle_id: 12, road_id: 5130501676232344123 id: 2079
processing event: VehicleEnterNewRoadEvent, vehicle_id: 12, road_id: 5130501676232343676 id: 2099 at time: 774.854
Processed event: VehicleEnterNewRoadEvent, vehicle_id: 12, road_id: 5130501676232343676 id: 2099
processing event: VehicleDepartureEvent, vehicle_id: 12, road_id: 5130501676232343676, offset: 0.000000 id: 2100 at time: 774.854
Processed event: VehicleDepartureEvent, vehicle_id: 12, road_id: 5130501676232343676, offset: 0.000000 id: 2100
processing event: VehicleArriveIntersectionEvent, vehicle_id: 2, road_id: 5130501708444599329 id: 2094 at time: 775.748
Processed event: VehicleArriveIntersectionEvent, vehicle_id: 2, road_id: 5130501708444599329 id: 2094
processing event: VehicleEnterNewRoadEvent, vehicle_id: 2, road_id: 5130501708444599202 id: 2102 at time: 775.748
Processed event: VehicleEnterNewRoadEvent, vehicle_id: 2, road_id: 5130501708444599202 id: 2102
processing event: VehicleDepartureEvent, vehicle_id: 2, road_id: 5130501708444599202, offset: 0.000000 id: 2103 at time: 775.748
Processed event: VehicleDepartureEvent, vehicle_id: 2, road_id: 5130501708444599202, offset: 0.000000 id: 2103
processing event: VehicleArriveIntersectionEvent, vehicle_id: 7, road_id: 5130501884538257468 id: 2097 at time: 777.863
Processed event: VehicleArriveIntersectionEvent, vehicle_id: 7, road_id: 5130501884538257468 id: 2097
processing event: VehicleEnterNewRoadEvent, vehicle_id: 7, road_id: 5130501884538257469 id: 2105 at time: 777.863
Processed event: VehicleEnterNewRoadEvent, vehicle_id: 7, road_id: 5130501884538257469 id: 2105
processing event: VehicleDepartureEvent, vehicle_id: 7, road_id: 5130501884538257469, offset: 0.000000 id: 2106 at time: 777.863
Processed event: VehicleDepartureEvent, vehicle_id: 7, road_id: 5130501884538257469, offset: 0.000000 id: 2106
Simulator::runFor: now_ = 777.863 target = 780
[progress] simulator time = 780 / 1000
processing event: OrderMatchedEvent, order_id: 36, vehicle_id: 20 id: 2108 at time: 780
Processed event: OrderMatchedEvent, order_id: 36, vehicle_id: 20 id: 2108
processing event: PassengerArrivalEvent, passenger_id: 36 id: 2110 at time: 780
Processed event: PassengerArrivalEvent, passenger_id: 36 id: 2110
processing event: VehicleArriveIntersectionEvent, vehicle_id: 2, road_id: 5130501708444599202 id: 2104 at time: 780.068
Processed event: VehicleArriveIntersectionEvent, vehicle_id: 2, road_id: 5130501708444599202 id: 2104
processing event: VehicleEnterNewRoadEvent, vehicle_id: 2, road_id: 5130501708444598495 id: 2111 at time: 780.068
Processed event: VehicleEnterNewRoadEvent, vehicle_id: 2, road_id: 5130501708444598495 id: 2111
processing event: VehicleDepartureEvent, vehicle_id: 2, road_id: 5130501708444598495, offset: 0.000000 id: 2112 at time: 780.068
Processed event: VehicleDepartureEvent, vehicle_id: 2, road_id: 5130501708444598495, offset: 0.000000 id: 2112
processing event: VehicleArriveIntersectionEvent, vehicle_id: 14, road_id: 5130501867358389356 id: 2048 at time: 780.306
Processed event: VehicleArriveIntersectionEvent, vehicle_id: 14, road_id: 5130501867358389356 id: 2048
processing event: VehicleEnterNewRoadEvent, vehicle_id: 14, road_id: 5130501867358389333 id: 2114 at time: 780.306
Processed event: VehicleEnterNewRoadEvent, vehicle_id: 14, road_id: 5130501867358389333 id: 2114
processing event: VehicleDepartureEvent, vehicle_id: 14, road_id: 5130501867358389333, offset: 0.000000 id: 2115 at time: 780.306
Processed event: VehicleDepartureEvent, vehicle_id: 14, road_id: 5130501867358389333, offset: 0.000000 id: 2115
processing event: VehicleArriveIntersectionEvent, vehicle_id: 12, road_id: 5130501676232343676 id: 2101 at time: 780.435
Processed event: VehicleArriveIntersectionEvent, vehicle_id: 12, road_id: 5130501676232343676 id: 2101
processing event: VehicleArriveIntersectionEvent, vehicle_id: 17, road_id: 5130501895275676051 id: 2066 at time: 781.468
Processed event: VehicleArriveIntersectionEvent, vehicle_id: 17, road_id: 5130501895275676051 id: 2066
processing event: VehicleEnterNewRoadEvent, vehicle_id: 17, road_id: 5130501895275676030 id: 2118 at time: 781.468
Processed event: VehicleEnterNewRoadEvent, vehicle_id: 17, road_id: 5130501895275676030 id: 2118
processing event: VehicleDepartureEvent, vehicle_id: 17, road_id: 5130501895275676030, offset: 0.000000 id: 2119 at time: 781.468
Processed event: VehicleDepartureEvent, vehicle_id: 17, road_id: 5130501895275676030, offset: 0.000000 id: 2119
processing event: VehicleEnterNewRoadEvent, vehicle_id: 19, road_id: 5130478403952051423 id: 1989 at time: 784.272
Processed event: VehicleEnterNewRoadEvent, vehicle_id: 19, road_id: 5130478403952051423 id: 1989
processing event: VehicleDepartureEvent, vehicle_id: 19, road_id: 5130478403952051423, offset: 0.000000 id: 2121 at time: 784.272
Processed event: VehicleDepartureEvent, vehicle_id: 19, road_id: 5130478403952051423, offset: 0.000000 id: 2121
processing event: VehicleArriveIntersectionEvent, vehicle_id: 14, road_id: 5130501867358389333 id: 2116 at time: 785.167
Processed event: VehicleArriveIntersectionEvent, vehicle_id: 14, road_id: 5130501867358389333 id: 2116
processing event: VehicleEnterNewRoadEvent, vehicle_id: 14, road_id: 5130501867358389335 id: 2123 at time: 785.167
Processed event: VehicleEnterNewRoadEvent, vehicle_id: 14, road_id: 5130501867358389335 id: 2123
processing event: VehicleDepartureEvent, vehicle_id: 14, road_id: 5130501867358389335, offset: 0.000000 id: 2124 at time: 785.167
Processed event: VehicleDepartureEvent, vehicle_id: 14, road_id: 5130501867358389335, offset: 0.000000 id: 2124
processing event: VehicleArriveIntersectionEvent, vehicle_id: 15, road_id: 5130478356707410938 id: 1944 at time: 786.787
Processed event: VehicleArriveIntersectionEvent, vehicle_id: 15, road_id: 5130478356707410938 id: 1944
processing event: VehicleArriveIntersectionEvent, vehicle_id: 14, road_id: 5130501867358389335 id: 2125 at time: 787.867
Processed event: VehicleArriveIntersectionEvent, vehicle_id: 14, road_id: 5130501867358389335 id: 2125
processing event: VehicleEnterNewRoadEvent, vehicle_id: 14, road_id: 5130501867358388985 id: 2127 at time: 787.867
Processed event: VehicleEnterNewRoadEvent, vehicle_id: 14, road_id: 5130501867358388985 id: 2127
processing event: VehicleDepartureEvent, vehicle_id: 14, road_id: 5130501867358388985, offset: 0.000000 id: 2128 at time: 787.867
Processed event: VehicleDepartureEvent, vehicle_id: 14, road_id: 5130501867358388985, offset: 0.000000 id: 2128
processing event: VehicleEnterNewRoadEvent, vehicle_id: 15, road_id: 5130478356707410015 id: 2126 at time: 788.589
Processed event: VehicleEnterNewRoadEvent, vehicle_id: 15, road_id: 5130478356707410015 id: 2126
processing event: VehicleDepartureEvent, vehicle_id: 15, road_id: 5130478356707410015, offset: 0.000000 id: 2130 at time: 788.589
Processed event: VehicleDepartureEvent, vehicle_id: 15, road_id: 5130478356707410015, offset: 0.000000 id: 2130
Simulator::runFor: now_ = 788.589 target = 790
[progress] simulator time = 790 / 1000
processing event: VehicleArriveIntersectionEvent, vehicle_id: 9, road_id: 5130478412541985094 id: 2070 at time: 790.148
Processed event: VehicleArriveIntersectionEvent, vehicle_id: 9, road_id: 5130478412541985094 id: 2070
processing event: VehicleEnterNewRoadEvent, vehicle_id: 9, road_id: 5130478414689468742 id: 2132 at time: 792.308
Processed event: VehicleEnterNewRoadEvent, vehicle_id: 9, road_id: 5130478414689468742 id: 2132
processing event: VehicleDepartureEvent, vehicle_id: 9, road_id: 5130478414689468742, offset: 0.000000 id: 2133 at time: 792.308
Processed event: VehicleDepartureEvent, vehicle_id: 9, road_id: 5130478414689468742, offset: 0.000000 id: 2133
processing event: VehicleArriveIntersectionEvent, vehicle_id: 7, road_id: 5130501884538257469 id: 2107 at time: 793.344
Processed event: VehicleArriveIntersectionEvent, vehicle_id: 7, road_id: 5130501884538257469 id: 2107
processing event: VehicleArriveIntersectionEvent, vehicle_id: 6, road_id: 5130501706297115040 id: 2060 at time: 794.168
Processed event: VehicleArriveIntersectionEvent, vehicle_id: 6, road_id: 5130501706297115040 id: 2060
processing event: VehicleEnterNewRoadEvent, vehicle_id: 6, road_id: 5130501706297114979 id: 2136 at time: 794.168
Processed event: VehicleEnterNewRoadEvent, vehicle_id: 6, road_id: 5130501706297114979 id: 2136
processing event: VehicleDepartureEvent, vehicle_id: 6, road_id: 5130501706297114979, offset: 0.000000 id: 2137 at time: 794.168
Processed event: VehicleDepartureEvent, vehicle_id: 6, road_id: 5130501706297114979, offset: 0.000000 id: 2137
processing event: VehicleArriveIntersectionEvent, vehicle_id: 14, road_id: 5130501867358388985 id: 2129 at time: 795.608
Processed event: VehicleArriveIntersectionEvent, vehicle_id: 14, road_id: 5130501867358388985 id: 2129
processing event: VehicleEnterNewRoadEvent, vehicle_id: 14, road_id: 5130501867358388984 id: 2139 at time: 795.608
Processed event: VehicleEnterNewRoadEvent, vehicle_id: 14, road_id: 5130501867358388984 id: 2139
processing event: VehicleDepartureEvent, vehicle_id: 14, road_id: 5130501867358388984, offset: 0.000000 id: 2140 at time: 795.608
Processed event: VehicleDepartureEvent, vehicle_id: 14, road_id: 5130501867358388984, offset: 0.000000 id: 2140
processing event: VehicleArriveIntersectionEvent, vehicle_id: 6, road_id: 5130501706297114979 id: 2138 at time: 798.668
Processed event: VehicleArriveIntersectionEvent, vehicle_id: 6, road_id: 5130501706297114979 id: 2138
processing event: VehicleEnterNewRoadEvent, vehicle_id: 6, road_id: 5130501706297114978 id: 2142 at time: 798.668
Processed event: VehicleEnterNewRoadEvent, vehicle_id: 6, road_id: 5130501706297114978 id: 2142
processing event: VehicleDepartureEvent, vehicle_id: 6, road_id: 5130501706297114978, offset: 0.000000 id: 2143 at time: 798.668
Processed event: VehicleDepartureEvent, vehicle_id: 6, road_id: 5130501706297114978, offset: 0.000000 id: 2143
Simulator::runFor: now_ = 798.668 target = 800
[progress] simulator time = 800 / 1000
processing event: VehicleArriveIntersectionEvent, vehicle_id: 14, road_id: 5130501867358388984 id: 2141 at time: 800.468
Processed event: VehicleArriveIntersectionEvent, vehicle_id: 14, road_id: 5130501867358388984 id: 2141
processing event: VehicleEnterNewRoadEvent, vehicle_id: 14, road_id: 5130501867358388607 id: 2145 at time: 800.468
Processed event: VehicleEnterNewRoadEvent, vehicle_id: 14, road_id: 5130501867358388607 id: 2145
processing event: VehicleDepartureEvent, vehicle_id: 14, road_id: 5130501867358388607, offset: 0.000000 id: 2146 at time: 800.468
Processed event: VehicleDepartureEvent, vehicle_id: 14, road_id: 5130501867358388607, offset: 0.000000 id: 2146
processing event: VehicleArriveIntersectionEvent, vehicle_id: 11, road_id: 5130501798638911521 id: 2088 at time: 806.751
Processed event: VehicleArriveIntersectionEvent, vehicle_id: 11, road_id: 5130501798638911521 id: 2088
processing event: VehicleEnterNewRoadEvent, vehicle_id: 11, road_id: 5130501798638911982 id: 2148 at time: 806.751
Processed event: VehicleEnterNewRoadEvent, vehicle_id: 11, road_id: 5130501798638911982 id: 2148
processing event: VehicleDepartureEvent, vehicle_id: 11, road_id: 5130501798638911982, offset: 0.000000 id: 2149 at time: 806.751
Processed event: VehicleDepartureEvent, vehicle_id: 11, road_id: 5130501798638911982, offset: 0.000000 id: 2149
processing event: VehicleArriveIntersectionEvent, vehicle_id: 15, road_id: 5130478356707410015 id: 2131 at time: 807.491
Processed event: VehicleArriveIntersectionEvent, vehicle_id: 15, road_id: 5130478356707410015 id: 2131
processing event: VehicleEnterNewRoadEvent, vehicle_id: 15, road_id: 5130478356707410873 id: 2151 at time: 807.491
Processed event: VehicleEnterNewRoadEvent, vehicle_id: 15, road_id: 5130478356707410873 id: 2151
processing event: VehicleDepartureEvent, vehicle_id: 15, road_id: 5130478356707410873, offset: 0.000000 id: 2152 at time: 807.491
Processed event: VehicleDepartureEvent, vehicle_id: 15, road_id: 5130478356707410873, offset: 0.000000 id: 2152
Simulator::runFor: now_ = 807.491 target = 810
[progress] simulator time = 810 / 1000
processing event: VehicleArriveIntersectionEvent, vehicle_id: 15, road_id: 5130478356707410873 id: 2153 at time: 811.812
Processed event: VehicleArriveIntersectionEvent, vehicle_id: 15, road_id: 5130478356707410873 id: 2153
processing event: VehicleEnterNewRoadEvent, vehicle_id: 15, road_id: 5130478356707411066 id: 2154 at time: 811.812
Processed event: VehicleEnterNewRoadEvent, vehicle_id: 15, road_id: 5130478356707411066 id: 2154
processing event: VehicleDepartureEvent, vehicle_id: 15, road_id: 5130478356707411066, offset: 0.000000 id: 2155 at time: 811.812
Processed event: VehicleDepartureEvent, vehicle_id: 15, road_id: 5130478356707411066, offset: 0.000000 id: 2155
processing event: VehicleArriveIntersectionEvent, vehicle_id: 11, road_id: 5130501798638911982 id: 2150 at time: 815.572
Processed event: VehicleArriveIntersectionEvent, vehicle_id: 11, road_id: 5130501798638911982 id: 2150
processing event: VehicleEnterNewRoadEvent, vehicle_id: 11, road_id: 5130501798638911983 id: 2157 at time: 815.572
Processed event: VehicleEnterNewRoadEvent, vehicle_id: 11, road_id: 5130501798638911983 id: 2157
processing event: VehicleDepartureEvent, vehicle_id: 11, road_id: 5130501798638911983, offset: 0.000000 id: 2158 at time: 815.572
Processed event: VehicleDepartureEvent, vehicle_id: 11, road_id: 5130501798638911983, offset: 0.000000 id: 2158
Event is not valid: VehicleArriveIntersectionEvent, vehicle_id: 8, road_id: 5130501704149631116 id: 2032 at time: 816.635
processing event: VehicleArriveIntersectionEvent, vehicle_id: 8, road_id: 5130501704149631116 id: 2085 at time: 816.635
Processed event: VehicleArriveIntersectionEvent, vehicle_id: 8, road_id: 5130501704149631116 id: 2085
processing event: VehicleEnterNewRoadEvent, vehicle_id: 8, road_id: 5130501708444599068 id: 2160 at time: 816.635
Processed event: VehicleEnterNewRoadEvent, vehicle_id: 8, road_id: 5130501708444599068 id: 2160
processing event: VehicleDepartureEvent, vehicle_id: 8, road_id: 5130501708444599068, offset: 0.000000 id: 2163 at time: 816.635
Processed event: VehicleDepartureEvent, vehicle_id: 8, road_id: 5130501708444599068, offset: 0.000000 id: 2163
processing event: VehicleArriveIntersectionEvent, vehicle_id: 14, road_id: 5130501867358388607 id: 2147 at time: 816.85
Processed event: VehicleArriveIntersectionEvent, vehicle_id: 14, road_id: 5130501867358388607 id: 2147
processing event: VehicleEnterNewRoadEvent, vehicle_id: 14, road_id: 5130501867358388606 id: 2165 at time: 816.85
Processed event: VehicleEnterNewRoadEvent, vehicle_id: 14, road_id: 5130501867358388606 id: 2165
processing event: VehicleDepartureEvent, vehicle_id: 14, road_id: 5130501867358388606, offset: 0.000000 id: 2166 at time: 816.85
Processed event: VehicleDepartureEvent, vehicle_id: 14, road_id: 5130501867358388606, offset: 0.000000 id: 2166
Simulator::runFor: now_ = 816.85 target = 820
[progress] simulator time = 820 / 1000
processing event: VehicleArriveIntersectionEvent, vehicle_id: 14, road_id: 5130501867358388606 id: 2167 at time: 820.63
Processed event: VehicleArriveIntersectionEvent, vehicle_id: 14, road_id: 5130501867358388606 id: 2167
processing event: VehicleEnterNewRoadEvent, vehicle_id: 14, road_id: 5130501867358389442 id: 2168 at time: 820.63
Processed event: VehicleEnterNewRoadEvent, vehicle_id: 14, road_id: 5130501867358389442 id: 2168
processing event: VehicleDepartureEvent, vehicle_id: 14, road_id: 5130501867358389442, offset: 0.000000 id: 2169 at time: 820.63
Processed event: VehicleDepartureEvent, vehicle_id: 14, road_id: 5130501867358389442, offset: 0.000000 id: 2169
processing event: VehicleEnterNewRoadEvent, vehicle_id: 7, road_id: 5130501884538257569 id: 2135 at time: 821.16
Processed event: VehicleEnterNewRoadEvent, vehicle_id: 7, road_id: 5130501884538257569 id: 2135
processing event: VehicleDepartureEvent, vehicle_id: 7, road_id: 5130501884538257569, offset: 0.000000 id: 2171 at time: 821.16
Processed event: VehicleDepartureEvent, vehicle_id: 7, road_id: 5130501884538257569, offset: 0.000000 id: 2171
processing event: VehicleArriveIntersectionEvent, vehicle_id: 15, road_id: 5130478356707411066 id: 2156 at time: 822.433
Processed event: VehicleArriveIntersectionEvent, vehicle_id: 15, road_id: 5130478356707411066 id: 2156
processing event: VehicleEnterNewRoadEvent, vehicle_id: 15, road_id: 5130478356707411063 id: 2173 at time: 822.433
Processed event: VehicleEnterNewRoadEvent, vehicle_id: 15, road_id: 5130478356707411063 id: 2173
processing event: VehicleDepartureEvent, vehicle_id: 15, road_id: 5130478356707411063, offset: 0.000000 id: 2174 at time: 822.433
Processed event: VehicleDepartureEvent, vehicle_id: 15, road_id: 5130478356707411063, offset: 0.000000 id: 2174
processing event: VehicleArriveIntersectionEvent, vehicle_id: 18, road_id: 5130501798638911833 id: 2076 at time: 822.55
Processed event: VehicleArriveIntersectionEvent, vehicle_id: 18, road_id: 5130501798638911833 id: 2076
processing event: VehicleEnterNewRoadEvent, vehicle_id: 18, road_id: 5130501708444598440 id: 2176 at time: 822.55
Processed event: VehicleEnterNewRoadEvent, vehicle_id: 18, road_id: 5130501708444598440 id: 2176
processing event: VehicleDepartureEvent, vehicle_id: 18, road_id: 5130501708444598440, offset: 0.000000 id: 2177 at time: 822.55
Processed event: VehicleDepartureEvent, vehicle_id: 18, road_id: 5130501708444598440, offset: 0.000000 id: 2177
Event is not valid: VehicleArriveIntersectionEvent, vehicle_id: 20, road_id: 5130478382477214317 id: 2026 at time: 823.268
Event is not valid: VehicleArriveIntersectionEvent, vehicle_id: 20, road_id: 5130478382477214317 id: 2039 at time: 823.268
processing event: VehicleArriveIntersectionEvent, vehicle_id: 20, road_id: 5130478382477214317 id: 2109 at time: 823.268
Processed event: VehicleArriveIntersectionEvent, vehicle_id: 20, road_id: 5130478382477214317 id: 2109
processing event: VehicleEnterNewRoadEvent, vehicle_id: 20, road_id: 5130478206383554824 id: 2179 at time: 823.268
Processed event: VehicleEnterNewRoadEvent, vehicle_id: 20, road_id: 5130478206383554824 id: 2179
processing event: VehicleDepartureEvent, vehicle_id: 20, road_id: 5130478206383554824, offset: 0.000000 id: 2182 at time: 823.268
Processed event: VehicleDepartureEvent, vehicle_id: 20, road_id: 5130478206383554824, offset: 0.000000 id: 2182
processing event: VehicleArriveIntersectionEvent, vehicle_id: 14, road_id: 5130501867358389442 id: 2170 at time: 825.131
Processed event: VehicleArriveIntersectionEvent, vehicle_id: 14, road_id: 5130501867358389442 id: 2170
processing event: VehicleEnterNewRoadEvent, vehicle_id: 14, road_id: 5130501867358389441 id: 2184 at time: 825.131
Processed event: VehicleEnterNewRoadEvent, vehicle_id: 14, road_id: 5130501867358389441 id: 2184
processing event: VehicleDepartureEvent, vehicle_id: 14, road_id: 5130501867358389441, offset: 0.000000 id: 2185 at time: 825.131
Processed event: VehicleDepartureEvent, vehicle_id: 14, road_id: 5130501867358389441, offset: 0.000000 id: 2185
Event is not valid: VehicleCheckPointEvent, vehicle_id: 10 id: 2180 at time: 826.237
processing event: VehicleArriveIntersectionEvent, vehicle_id: 2, road_id: 5130501708444598495 id: 2113 at time: 827.053
Processed event: VehicleArriveIntersectionEvent, vehicle_id: 2, road_id: 5130501708444598495 id: 2113
processing event: VehicleEnterNewRoadEvent, vehicle_id: 2, road_id: 5130501893128192635 id: 2187 at time: 827.053
Processed event: VehicleEnterNewRoadEvent, vehicle_id: 2, road_id: 5130501893128192635 id: 2187
processing event: VehicleDepartureEvent, vehicle_id: 2, road_id: 5130501893128192635, offset: 0.000000 id: 2188 at time: 827.053
Processed event: VehicleDepartureEvent, vehicle_id: 2, road_id: 5130501893128192635, offset: 0.000000 id: 2188
processing event: VehicleArriveIntersectionEvent, vehicle_id: 10, road_id: 5130478382477214317 id: 2181 at time: 827.677
Processed event: VehicleArriveIntersectionEvent, vehicle_id: 10, road_id: 5130478382477214317 id: 2181
Simulator::runFor: now_ = 827.677 target = 830
[progress] simulator time = 830 / 1000
Event is not valid: VehicleCheckPointEvent, vehicle_id: 3 id: 2161 at time: 831.702
processing event: VehicleArriveIntersectionEvent, vehicle_id: 18, road_id: 5130501708444598440 id: 2178 at time: 832.631
Processed event: VehicleArriveIntersectionEvent, vehicle_id: 18, road_id: 5130501708444598440 id: 2178
processing event: VehicleEnterNewRoadEvent, vehicle_id: 18, road_id: 5130501708444598441 id: 2191 at time: 832.631
Processed event: VehicleEnterNewRoadEvent, vehicle_id: 18, road_id: 5130501708444598441 id: 2191
processing event: VehicleDepartureEvent, vehicle_id: 18, road_id: 5130501708444598441, offset: 0.000000 id: 2192 at time: 832.631
Processed event: VehicleDepartureEvent, vehicle_id: 18, road_id: 5130501708444598441, offset: 0.000000 id: 2192
processing event: VehicleArriveIntersectionEvent, vehicle_id: 9, road_id: 5130478414689468742 id: 2134 at time: 832.992
Processed event: VehicleArriveIntersectionEvent, vehicle_id: 9, road_id: 5130478414689468742 id: 2134
processing event: VehicleEnterNewRoadEvent, vehicle_id: 9, road_id: 5130478412541985345 id: 2194 at time: 832.992
Processed event: VehicleEnterNewRoadEvent, vehicle_id: 9, road_id: 5130478412541985345 id: 2194
processing event: VehicleDepartureEvent, vehicle_id: 9, road_id: 5130478412541985345, offset: 0.000000 id: 2195 at time: 832.992
Processed event: VehicleDepartureEvent, vehicle_id: 9, road_id: 5130478412541985345, offset: 0.000000 id: 2195
processing event: VehicleArriveIntersectionEvent, vehicle_id: 3, road_id: 5130501704149631116 id: 2162 at time: 833.142
Processed event: VehicleArriveIntersectionEvent, vehicle_id: 3, road_id: 5130501704149631116 id: 2162
processing event: VehicleEnterNewRoadEvent, vehicle_id: 3, road_id: 5130501708444599068 id: 2197 at time: 833.142
Processed event: VehicleEnterNewRoadEvent, vehicle_id: 3, road_id: 5130501708444599068 id: 2197
processing event: VehicleDepartureEvent, vehicle_id: 3, road_id: 5130501708444599068, offset: 0.000000 id: 2198 at time: 833.142
Processed event: VehicleDepartureEvent, vehicle_id: 3, road_id: 5130501708444599068, offset: 0.000000 id: 2198
Event is not valid: VehicleArriveIntersectionEvent, vehicle_id: 16, road_id: 5130501708444599059 id: 1929 at time: 835.52
processing event: VehicleArriveIntersectionEvent, vehicle_id: 16, road_id: 5130501708444599059 id: 1936 at time: 835.52
Processed event: VehicleArriveIntersectionEvent, vehicle_id: 16, road_id: 5130501708444599059 id: 1936
processing event: VehicleEnterNewRoadEvent, vehicle_id: 16, road_id: 5130501708444598521 id: 2200 at time: 835.52
Processed event: VehicleEnterNewRoadEvent, vehicle_id: 16, road_id: 5130501708444598521 id: 2200
processing event: VehicleDepartureEvent, vehicle_id: 16, road_id: 5130501708444598521, offset: 0.000000 id: 2201 at time: 835.52
Processed event: VehicleDepartureEvent, vehicle_id: 16, road_id: 5130501708444598521, offset: 0.000000 id: 2201
processing event: VehicleArriveIntersectionEvent, vehicle_id: 14, road_id: 5130501867358389441 id: 2186 at time: 837.012
Processed event: VehicleArriveIntersectionEvent, vehicle_id: 14, road_id: 5130501867358389441 id: 2186
processing event: VehicleEnterNewRoadEvent, vehicle_id: 14, road_id: 5130501867358388375 id: 2203 at time: 837.012
Processed event: VehicleEnterNewRoadEvent, vehicle_id: 14, road_id: 5130501867358388375 id: 2203
processing event: VehicleDepartureEvent, vehicle_id: 14, road_id: 5130501867358388375, offset: 0.000000 id: 2204 at time: 837.012
Processed event: VehicleDepartureEvent, vehicle_id: 14, road_id: 5130501867358388375, offset: 0.000000 id: 2204
processing event: PassengerRouteStartEvent, passenger_id: 37, route_id: 1 id: 36 at time: 838
Processed event: PassengerRouteStartEvent, passenger_id: 37, route_id: 1 id: 36
processing event: OrderCreatedEvent, order_id: 37, available_pickups: 1 , available_dropoffs: 2 , passenger_id: 37, route_id: 1, passenger_num: 0 id: 2206 at time: 838
Processed event: OrderCreatedEvent, order_id: 37, available_pickups: 1 , available_dropoffs: 2 , passenger_id: 37, route_id: 1, passenger_num: 3 id: 2206
processing event: VehicleArriveIntersectionEvent, vehicle_id: 5, road_id: 5130478386772181285 id: 1965 at time: 839.983
Processed event: VehicleArriveIntersectionEvent, vehicle_id: 5, road_id: 5130478386772181285 id: 1965
processing event: VehicleEnterNewRoadEvent, vehicle_id: 5, road_id: 5130478386772181284 id: 2207 at time: 839.983
Processed event: VehicleEnterNewRoadEvent, vehicle_id: 5, road_id: 5130478386772181284 id: 2207
processing event: VehicleDepartureEvent, vehicle_id: 5, road_id: 5130478386772181284, offset: 0.000000 id: 2208 at time: 839.983
Processed event: VehicleDepartureEvent, vehicle_id: 5, road_id: 5130478386772181284, offset: 0.000000 id: 2208
Simulator::runFor: now_ = 839.983 target = 840
[progress] simulator time = 840 / 1000
processing event: OrderMatchedEvent, order_id: 37, vehicle_id: 1 id: 2210 at time: 840
Processed event: OrderMatchedEvent, order_id: 37, vehicle_id: 1 id: 2210
processing event: VehicleDepartureEvent, vehicle_id: 1, road_id: 5130501798638911834, offset: 17.497492 id: 2211 at time: 840
Processed event: VehicleDepartureEvent, vehicle_id: 1, road_id: 5130501798638911834, offset: 17.497492 id: 2211
processing event: PassengerArrivalEvent, passenger_id: 37 id: 2212 at time: 840
Processed event: PassengerArrivalEvent, passenger_id: 37 id: 2212
processing event: BusArrivalEvent, vehicle_id: 1, stop_id: 1 id: 2213 at time: 840.18
Processed event: BusArrivalEvent, vehicle_id: 1, stop_id: 1 id: 2213
processing event: PassengerOnboardEvent, passenger_id: 37 id: 2214 at time: 840.18
Processed event: PassengerOnboardEvent, passenger_id: 37 id: 2214
processing event: VehicleArriveIntersectionEvent, vehicle_id: 11, road_id: 5130501798638911983 id: 2159 at time: 840.414
Processed event: VehicleArriveIntersectionEvent, vehicle_id: 11, road_id: 5130501798638911983 id: 2159
processing event: VehicleEnterNewRoadEvent, vehicle_id: 11, road_id: 5130501798638911979 id: 2216 at time: 840.414
Processed event: VehicleEnterNewRoadEvent, vehicle_id: 11, road_id: 5130501798638911979 id: 2216
processing event: VehicleDepartureEvent, vehicle_id: 11, road_id: 5130501798638911979, offset: 0.000000 id: 2217 at time: 840.414
Processed event: VehicleDepartureEvent, vehicle_id: 11, road_id: 5130501798638911979, offset: 0.000000 id: 2217
processing event: VehicleArriveIntersectionEvent, vehicle_id: 19, road_id: 5130478403952051423 id: 2122 at time: 840.618
Processed event: VehicleArriveIntersectionEvent, vehicle_id: 19, road_id: 5130478403952051423 id: 2122
processing event: VehicleEnterNewRoadEvent, vehicle_id: 19, road_id: 5130478403952051424 id: 2219 at time: 840.618
Processed event: VehicleEnterNewRoadEvent, vehicle_id: 19, road_id: 5130478403952051424 id: 2219
processing event: VehicleDepartureEvent, vehicle_id: 19, road_id: 5130478403952051424, offset: 0.000000 id: 2220 at time: 840.618
Processed event: VehicleDepartureEvent, vehicle_id: 19, road_id: 5130478403952051424, offset: 0.000000 id: 2220
processing event: VehicleArriveIntersectionEvent, vehicle_id: 18, road_id: 5130501708444598441 id: 2193 at time: 841.812
Processed event: VehicleArriveIntersectionEvent, vehicle_id: 18, road_id: 5130501708444598441 id: 2193
processing event: VehicleEnterNewRoadEvent, vehicle_id: 18, road_id: 5130501708444598353 id: 2222 at time: 841.812
Processed event: VehicleEnterNewRoadEvent, vehicle_id: 18, road_id: 5130501708444598353 id: 2222
processing event: VehicleDepartureEvent, vehicle_id: 18, road_id: 5130501708444598353, offset: 0.000000 id: 2223 at time: 841.812
Processed event: VehicleDepartureEvent, vehicle_id: 18, road_id: 5130501708444598353, offset: 0.000000 id: 2223
processing event: VehicleDepartureEvent, vehicle_id: 1, road_id: 5130501798638911834, offset: 18.497492 id: 2215 at time: 845.18
Processed event: VehicleDepartureEvent, vehicle_id: 1, road_id: 5130501798638911834, offset: 18.497492 id: 2215
processing event: VehicleArriveIntersectionEvent, vehicle_id: 15, road_id: 5130478356707411063 id: 2175 at time: 846.555
Processed event: VehicleArriveIntersectionEvent, vehicle_id: 15, road_id: 5130478356707411063 id: 2175
processing event: VehicleArriveIntersectionEvent, vehicle_id: 18, road_id: 5130501708444598353 id: 2224 at time: 847.033
Processed event: VehicleArriveIntersectionEvent, vehicle_id: 18, road_id: 5130501708444598353 id: 2224
processing event: VehicleEnterNewRoadEvent, vehicle_id: 15, road_id: 5130478358854893665 id: 2226 at time: 848.252
Processed event: VehicleEnterNewRoadEvent, vehicle_id: 15, road_id: 5130478358854893665 id: 2226
processing event: VehicleDepartureEvent, vehicle_id: 15, road_id: 5130478358854893665, offset: 0.000000 id: 2228 at time: 848.252
Processed event: VehicleDepartureEvent, vehicle_id: 15, road_id: 5130478358854893665, offset: 0.000000 id: 2228
processing event: VehicleEnterNewRoadEvent, vehicle_id: 18, road_id: 5130501708444598863 id: 2227 at time: 849.193
Processed event: VehicleEnterNewRoadEvent, vehicle_id: 18, road_id: 5130501708444598863 id: 2227
processing event: VehicleDepartureEvent, vehicle_id: 18, road_id: 5130501708444598863, offset: 0.000000 id: 2230 at time: 849.193
Processed event: VehicleDepartureEvent, vehicle_id: 18, road_id: 5130501708444598863, offset: 0.000000 id: 2230
processing event: VehicleArriveIntersectionEvent, vehicle_id: 17, road_id: 5130501895275676030 id: 2120 at time: 849.334
Processed event: VehicleArriveIntersectionEvent, vehicle_id: 17, road_id: 5130501895275676030 id: 2120
processing event: VehicleEnterNewRoadEvent, vehicle_id: 17, road_id: 5130501893128192332 id: 2232 at time: 849.334
Processed event: VehicleEnterNewRoadEvent, vehicle_id: 17, road_id: 5130501893128192332 id: 2232
processing event: VehicleDepartureEvent, vehicle_id: 17, road_id: 5130501893128192332, offset: 0.000000 id: 2233 at time: 849.334
Processed event: VehicleDepartureEvent, vehicle_id: 17, road_id: 5130501893128192332, offset: 0.000000 id: 2233
processing event: VehicleArriveIntersectionEvent, vehicle_id: 7, road_id: 5130501884538257569 id: 2172 at time: 849.963
Processed event: VehicleArriveIntersectionEvent, vehicle_id: 7, road_id: 5130501884538257569 id: 2172
processing event: VehicleEnterNewRoadEvent, vehicle_id: 7, road_id: 5130501884538257542 id: 2235 at time: 849.963
Processed event: VehicleEnterNewRoadEvent, vehicle_id: 7, road_id: 5130501884538257542 id: 2235
processing event: VehicleDepartureEvent, vehicle_id: 7, road_id: 5130501884538257542, offset: 0.000000 id: 2236 at time: 849.963
Processed event: VehicleDepartureEvent, vehicle_id: 7, road_id: 5130501884538257542, offset: 0.000000 id: 2236
Simulator::runFor: now_ = 849.963 target = 850
[progress] simulator time = 850 / 1000
processing event: VehicleArriveIntersectionEvent, vehicle_id: 1, road_id: 5130501798638911834 id: 2225 at time: 850.131
Processed event: VehicleArriveIntersectionEvent, vehicle_id: 1, road_id: 5130501798638911834 id: 2225
processing event: VehicleEnterNewRoadEvent, vehicle_id: 1, road_id: 5130501798638911833 id: 2238 at time: 850.131
Processed event: VehicleEnterNewRoadEvent, vehicle_id: 1, road_id: 5130501798638911833 id: 2238
processing event: VehicleDepartureEvent, vehicle_id: 1, road_id: 5130501798638911833, offset: 0.000000 id: 2239 at time: 850.131
Processed event: VehicleDepartureEvent, vehicle_id: 1, road_id: 5130501798638911833, offset: 0.000000 id: 2239
processing event: VehicleArriveIntersectionEvent, vehicle_id: 5, road_id: 5130478386772181284 id: 2209 at time: 850.604
Processed event: VehicleArriveIntersectionEvent, vehicle_id: 5, road_id: 5130478386772181284 id: 2209
processing event: VehicleEnterNewRoadEvent, vehicle_id: 5, road_id: 5130478386772181282 id: 2241 at time: 850.604
Processed event: VehicleEnterNewRoadEvent, vehicle_id: 5, road_id: 5130478386772181282 id: 2241
processing event: VehicleDepartureEvent, vehicle_id: 5, road_id: 5130478386772181282, offset: 0.000000 id: 2242 at time: 850.604
Processed event: VehicleDepartureEvent, vehicle_id: 5, road_id: 5130478386772181282, offset: 0.000000 id: 2242
Event is not valid: VehicleArriveIntersectionEvent, vehicle_id: 8, road_id: 5130501708444599068 id: 2164 at time: 851.558
processing event: VehicleArriveIntersectionEvent, vehicle_id: 8, road_id: 5130501708444599068 id: 2199 at time: 851.558
Processed event: VehicleArriveIntersectionEvent, vehicle_id: 8, road_id: 5130501708444599068 id: 2199
processing event: VehicleEnterNewRoadEvent, vehicle_id: 8, road_id: 5130501708444599308 id: 2244 at time: 851.558
Processed event: VehicleEnterNewRoadEvent, vehicle_id: 8, road_id: 5130501708444599308 id: 2244
processing event: VehicleDepartureEvent, vehicle_id: 8, road_id: 5130501708444599308, offset: 0.000000 id: 2247 at time: 851.558
Processed event: VehicleDepartureEvent, vehicle_id: 8, road_id: 5130501708444599308, offset: 0.000000 id: 2247
processing event: VehicleArriveIntersectionEvent, vehicle_id: 11, road_id: 5130501798638911979 id: 2218 at time: 852.656
Processed event: VehicleArriveIntersectionEvent, vehicle_id: 11, road_id: 5130501798638911979 id: 2218
processing event: VehicleEnterNewRoadEvent, vehicle_id: 11, road_id: 5130501798638911980 id: 2249 at time: 852.656
Processed event: VehicleEnterNewRoadEvent, vehicle_id: 11, road_id: 5130501798638911980 id: 2249
processing event: VehicleDepartureEvent, vehicle_id: 11, road_id: 5130501798638911980, offset: 0.000000 id: 2250 at time: 852.656
Processed event: VehicleDepartureEvent, vehicle_id: 11, road_id: 5130501798638911980, offset: 0.000000 id: 2250
processing event: VehicleArriveIntersectionEvent, vehicle_id: 14, road_id: 5130501867358388375 id: 2205 at time: 853.213
Processed event: VehicleArriveIntersectionEvent, vehicle_id: 14, road_id: 5130501867358388375 id: 2205
processing event: VehicleEnterNewRoadEvent, vehicle_id: 14, road_id: 5130501867358388376 id: 2252 at time: 853.213
Processed event: VehicleEnterNewRoadEvent, vehicle_id: 14, road_id: 5130501867358388376 id: 2252
processing event: VehicleDepartureEvent, vehicle_id: 14, road_id: 5130501867358388376, offset: 0.000000 id: 2253 at time: 853.213
Processed event: VehicleDepartureEvent, vehicle_id: 14, road_id: 5130501867358388376, offset: 0.000000 id: 2253
processing event: VehicleArriveIntersectionEvent, vehicle_id: 20, road_id: 5130478206383554824 id: 2183 at time: 853.331
Processed event: VehicleArriveIntersectionEvent, vehicle_id: 20, road_id: 5130478206383554824 id: 2183
processing event: VehicleEnterNewRoadEvent, vehicle_id: 20, road_id: 5130478206383555039 id: 2255 at time: 853.331
Processed event: VehicleEnterNewRoadEvent, vehicle_id: 20, road_id: 5130478206383555039 id: 2255
processing event: VehicleDepartureEvent, vehicle_id: 20, road_id: 5130478206383555039, offset: 0.000000 id: 2256 at time: 853.331
Processed event: VehicleDepartureEvent, vehicle_id: 20, road_id: 5130478206383555039, offset: 0.000000 id: 2256
processing event: PassengerRouteStartEvent, passenger_id: 38, route_id: 1 id: 37 at time: 856
Processed event: PassengerRouteStartEvent, passenger_id: 38, route_id: 1 id: 37
processing event: OrderCreatedEvent, order_id: 38, available_pickups: 1 , available_dropoffs: 4 , passenger_id: 38, route_id: 1, passenger_num: 0 id: 2258 at time: 856
Processed event: OrderCreatedEvent, order_id: 38, available_pickups: 1 , available_dropoffs: 4 , passenger_id: 38, route_id: 1, passenger_num: 2 id: 2258
processing event: VehicleArriveIntersectionEvent, vehicle_id: 15, road_id: 5130478358854893665 id: 2229 at time: 856.173
Processed event: VehicleArriveIntersectionEvent, vehicle_id: 15, road_id: 5130478358854893665 id: 2229
processing event: VehicleEnterNewRoadEvent, vehicle_id: 15, road_id: 5130478356707409973 id: 2259 at time: 856.173
Processed event: VehicleEnterNewRoadEvent, vehicle_id: 15, road_id: 5130478356707409973 id: 2259
processing event: VehicleDepartureEvent, vehicle_id: 15, road_id: 5130478356707409973, offset: 0.000000 id: 2260 at time: 856.173
Processed event: VehicleDepartureEvent, vehicle_id: 15, road_id: 5130478356707409973, offset: 0.000000 id: 2260
processing event: VehicleArriveIntersectionEvent, vehicle_id: 2, road_id: 5130501893128192635 id: 2189 at time: 859.096
Processed event: VehicleArriveIntersectionEvent, vehicle_id: 2, road_id: 5130501893128192635 id: 2189
processing event: VehicleEnterNewRoadEvent, vehicle_id: 2, road_id: 5130501893128192634 id: 2262 at time: 859.096
Processed event: VehicleEnterNewRoadEvent, vehicle_id: 2, road_id: 5130501893128192634 id: 2262
processing event: VehicleDepartureEvent, vehicle_id: 2, road_id: 5130501893128192634, offset: 0.000000 id: 2263 at time: 859.096
Processed event: VehicleDepartureEvent, vehicle_id: 2, road_id: 5130501893128192634, offset: 0.000000 id: 2263
Simulator::runFor: now_ = 859.096 target = 860
[progress] simulator time = 860 / 1000
processing event: OrderMatchedEvent, order_id: 38, vehicle_id: 14 id: 2265 at time: 860
Processed event: OrderMatchedEvent, order_id: 38, vehicle_id: 14 id: 2265
processing event: PassengerArrivalEvent, passenger_id: 38 id: 2267 at time: 860
Processed event: PassengerArrivalEvent, passenger_id: 38 id: 2267
processing event: VehicleArriveIntersectionEvent, vehicle_id: 16, road_id: 5130501708444598521 id: 2202 at time: 861.803
Processed event: VehicleArriveIntersectionEvent, vehicle_id: 16, road_id: 5130501708444598521 id: 2202
processing event: VehicleArriveIntersectionEvent, vehicle_id: 2, road_id: 5130501893128192634 id: 2264 at time: 862.696
Processed event: VehicleArriveIntersectionEvent, vehicle_id: 2, road_id: 5130501893128192634 id: 2264
processing event: VehicleEnterNewRoadEvent, vehicle_id: 2, road_id: 5130501893128192185 id: 2269 at time: 862.696
Processed event: VehicleEnterNewRoadEvent, vehicle_id: 2, road_id: 5130501893128192185 id: 2269
processing event: VehicleDepartureEvent, vehicle_id: 2, road_id: 5130501893128192185, offset: 0.000000 id: 2270 at time: 862.696
Processed event: VehicleDepartureEvent, vehicle_id: 2, road_id: 5130501893128192185, offset: 0.000000 id: 2270
processing event: VehicleArriveIntersectionEvent, vehicle_id: 8, road_id: 5130501708444599308 id: 2248 at time: 864.16
Processed event: VehicleArriveIntersectionEvent, vehicle_id: 8, road_id: 5130501708444599308 id: 2248
processing event: VehicleEnterNewRoadEvent, vehicle_id: 8, road_id: 5130501708444599309 id: 2272 at time: 864.16
Processed event: VehicleEnterNewRoadEvent, vehicle_id: 8, road_id: 5130501708444599309 id: 2272
processing event: VehicleDepartureEvent, vehicle_id: 8, road_id: 5130501708444599309, offset: 0.000000 id: 2273 at time: 864.16
Processed event: VehicleDepartureEvent, vehicle_id: 8, road_id: 5130501708444599309, offset: 0.000000 id: 2273
processing event: VehicleEnterNewRoadEvent, vehicle_id: 12, road_id: 5130501676232344304 id: 2117 at time: 864.24
Processed event: VehicleEnterNewRoadEvent, vehicle_id: 12, road_id: 5130501676232344304 id: 2117
processing event: VehicleDepartureEvent, vehicle_id: 12, road_id: 5130501676232344304, offset: 0.000000 id: 2275 at time: 864.24
Processed event: VehicleDepartureEvent, vehicle_id: 12, road_id: 5130501676232344304, offset: 0.000000 id: 2275
processing event: VehicleArriveIntersectionEvent, vehicle_id: 18, road_id: 5130501708444598863 id: 2231 at time: 864.854
Processed event: VehicleArriveIntersectionEvent, vehicle_id: 18, road_id: 5130501708444598863 id: 2231
processing event: VehicleEnterNewRoadEvent, vehicle_id: 18, road_id: 5130501708444598861 id: 2277 at time: 864.854
Processed event: VehicleEnterNewRoadEvent, vehicle_id: 18, road_id: 5130501708444598861 id: 2277
processing event: VehicleDepartureEvent, vehicle_id: 18, road_id: 5130501708444598861, offset: 0.000000 id: 2278 at time: 864.854
Processed event: VehicleDepartureEvent, vehicle_id: 18, road_id: 5130501708444598861, offset: 0.000000 id: 2278
processing event: VehicleArriveIntersectionEvent, vehicle_id: 6, road_id: 5130501706297114978 id: 2144 at time: 864.915
Processed event: VehicleArriveIntersectionEvent, vehicle_id: 6, road_id: 5130501706297114978 id: 2144
processing event: VehicleEnterNewRoadEvent, vehicle_id: 6, road_id: 5130501706297114746 id: 2280 at time: 864.915
Processed event: VehicleEnterNewRoadEvent, vehicle_id: 6, road_id: 5130501706297114746 id: 2280
processing event: VehicleDepartureEvent, vehicle_id: 6, road_id: 5130501706297114746, offset: 0.000000 id: 2281 at time: 864.915
Processed event: VehicleDepartureEvent, vehicle_id: 6, road_id: 5130501706297114746, offset: 0.000000 id: 2281
processing event: VehicleEnterNewRoadEvent, vehicle_id: 16, road_id: 5130501710592082104 id: 2268 at time: 865.583
Processed event: VehicleEnterNewRoadEvent, vehicle_id: 16, road_id: 5130501710592082104 id: 2268
processing event: VehicleDepartureEvent, vehicle_id: 16, road_id: 5130501710592082104, offset: 0.000000 id: 2283 at time: 865.583
Processed event: VehicleDepartureEvent, vehicle_id: 16, road_id: 5130501710592082104, offset: 0.000000 id: 2283
Event is not valid: VehicleArriveIntersectionEvent, vehicle_id: 14, road_id: 5130501867358388376 id: 2254 at time: 865.995
processing event: VehicleArriveIntersectionEvent, vehicle_id: 14, road_id: 5130501867358388376 id: 2266 at time: 865.995
Processed event: VehicleArriveIntersectionEvent, vehicle_id: 14, road_id: 5130501867358388376 id: 2266
processing event: VehicleEnterNewRoadEvent, vehicle_id: 14, road_id: 5130501867358388246 id: 2285 at time: 865.995
Processed event: VehicleEnterNewRoadEvent, vehicle_id: 14, road_id: 5130501867358388246 id: 2285
processing event: VehicleDepartureEvent, vehicle_id: 14, road_id: 5130501867358388246, offset: 0.000000 id: 2286 at time: 865.995
Processed event: VehicleDepartureEvent, vehicle_id: 14, road_id: 5130501867358388246, offset: 0.000000 id: 2286
processing event: VehicleArriveIntersectionEvent, vehicle_id: 17, road_id: 5130501893128192332 id: 2234 at time: 866.256
Processed event: VehicleArriveIntersectionEvent, vehicle_id: 17, road_id: 5130501893128192332 id: 2234
processing event: VehicleEnterNewRoadEvent, vehicle_id: 17, road_id: 5130501893128192429 id: 2288 at time: 866.256
Processed event: VehicleEnterNewRoadEvent, vehicle_id: 17, road_id: 5130501893128192429 id: 2288
processing event: VehicleDepartureEvent, vehicle_id: 17, road_id: 5130501893128192429, offset: 0.000000 id: 2289 at time: 866.256
Processed event: VehicleDepartureEvent, vehicle_id: 17, road_id: 5130501893128192429, offset: 0.000000 id: 2289
Event is not valid: VehicleCheckPointEvent, vehicle_id: 3 id: 2245 at time: 866.625
processing event: VehicleArriveIntersectionEvent, vehicle_id: 9, road_id: 5130478412541985345 id: 2196 at time: 866.836
Processed event: VehicleArriveIntersectionEvent, vehicle_id: 9, road_id: 5130478412541985345 id: 2196
processing event: VehicleEnterNewRoadEvent, vehicle_id: 9, road_id: 5130478412541985347 id: 2291 at time: 866.836
Processed event: VehicleEnterNewRoadEvent, vehicle_id: 9, road_id: 5130478412541985347 id: 2291
processing event: VehicleDepartureEvent, vehicle_id: 9, road_id: 5130478412541985347, offset: 0.000000 id: 2292 at time: 866.836
Processed event: VehicleDepartureEvent, vehicle_id: 9, road_id: 5130478412541985347, offset: 0.000000 id: 2292
processing event: VehicleArriveIntersectionEvent, vehicle_id: 17, road_id: 5130501893128192429 id: 2290 at time: 868.056
Processed event: VehicleArriveIntersectionEvent, vehicle_id: 17, road_id: 5130501893128192429 id: 2290
processing event: VehicleEnterNewRoadEvent, vehicle_id: 17, road_id: 5130501893128192430 id: 2294 at time: 868.056
Processed event: VehicleEnterNewRoadEvent, vehicle_id: 17, road_id: 5130501893128192430 id: 2294
processing event: VehicleDepartureEvent, vehicle_id: 17, road_id: 5130501893128192430, offset: 0.000000 id: 2295 at time: 868.056
Processed event: VehicleDepartureEvent, vehicle_id: 17, road_id: 5130501893128192430, offset: 0.000000 id: 2295
processing event: VehicleArriveIntersectionEvent, vehicle_id: 3, road_id: 5130501708444599068 id: 2246 at time: 868.065
Processed event: VehicleArriveIntersectionEvent, vehicle_id: 3, road_id: 5130501708444599068 id: 2246
processing event: VehicleEnterNewRoadEvent, vehicle_id: 3, road_id: 5130501708444599308 id: 2297 at time: 868.065
Processed event: VehicleEnterNewRoadEvent, vehicle_id: 3, road_id: 5130501708444599308 id: 2297
processing event: VehicleDepartureEvent, vehicle_id: 3, road_id: 5130501708444599308, offset: 0.000000 id: 2298 at time: 868.065
Processed event: VehicleDepartureEvent, vehicle_id: 3, road_id: 5130501708444599308, offset: 0.000000 id: 2298
processing event: VehicleArriveIntersectionEvent, vehicle_id: 7, road_id: 5130501884538257542 id: 2237 at time: 868.325
Processed event: VehicleArriveIntersectionEvent, vehicle_id: 7, road_id: 5130501884538257542 id: 2237
processing event: VehicleEnterNewRoadEvent, vehicle_id: 7, road_id: 5130501884538257600 id: 2300 at time: 868.325
Processed event: VehicleEnterNewRoadEvent, vehicle_id: 7, road_id: 5130501884538257600 id: 2300
processing event: VehicleDepartureEvent, vehicle_id: 7, road_id: 5130501884538257600, offset: 0.000000 id: 2301 at time: 868.325
Processed event: VehicleDepartureEvent, vehicle_id: 7, road_id: 5130501884538257600, offset: 0.000000 id: 2301
Simulator::runFor: now_ = 868.325 target = 870
[progress] simulator time = 870 / 1000
processing event: VehicleArriveIntersectionEvent, vehicle_id: 15, road_id: 5130478356707409973 id: 2261 at time: 873.454
Processed event: VehicleArriveIntersectionEvent, vehicle_id: 15, road_id: 5130478356707409973 id: 2261
processing event: VehicleEnterNewRoadEvent, vehicle_id: 15, road_id: 5130478356707409974 id: 2303 at time: 873.454
Processed event: VehicleEnterNewRoadEvent, vehicle_id: 15, road_id: 5130478356707409974 id: 2303
processing event: VehicleDepartureEvent, vehicle_id: 15, road_id: 5130478356707409974, offset: 0.000000 id: 2304 at time: 873.454
Processed event: VehicleDepartureEvent, vehicle_id: 15, road_id: 5130478356707409974, offset: 0.000000 id: 2304
processing event: VehicleArriveIntersectionEvent, vehicle_id: 12, road_id: 5130501676232344304 id: 2276 at time: 873.601
Processed event: VehicleArriveIntersectionEvent, vehicle_id: 12, road_id: 5130501676232344304 id: 2276
processing event: VehicleArriveIntersectionEvent, vehicle_id: 18, road_id: 5130501708444598861 id: 2279 at time: 873.675
Processed event: VehicleArriveIntersectionEvent, vehicle_id: 18, road_id: 5130501708444598861 id: 2279
processing event: VehicleEnterNewRoadEvent, vehicle_id: 18, road_id: 5130501708444598860 id: 2307 at time: 873.675
Processed event: VehicleEnterNewRoadEvent, vehicle_id: 18, road_id: 5130501708444598860 id: 2307
processing event: VehicleDepartureEvent, vehicle_id: 18, road_id: 5130501708444598860, offset: 0.000000 id: 2308 at time: 873.675
Processed event: VehicleDepartureEvent, vehicle_id: 18, road_id: 5130501708444598860, offset: 0.000000 id: 2308
processing event: VehicleArriveIntersectionEvent, vehicle_id: 16, road_id: 5130501710592082104 id: 2284 at time: 876.384
Processed event: VehicleArriveIntersectionEvent, vehicle_id: 16, road_id: 5130501710592082104 id: 2284
processing event: VehicleEnterNewRoadEvent, vehicle_id: 16, road_id: 5130501710592082098 id: 2310 at time: 876.384
Processed event: VehicleEnterNewRoadEvent, vehicle_id: 16, road_id: 5130501710592082098 id: 2310
processing event: VehicleDepartureEvent, vehicle_id: 16, road_id: 5130501710592082098, offset: 0.000000 id: 2311 at time: 876.384
Processed event: VehicleDepartureEvent, vehicle_id: 16, road_id: 5130501710592082098, offset: 0.000000 id: 2311
processing event: PassengerRouteStartEvent, passenger_id: 39, route_id: 1 id: 38 at time: 877
Processed event: PassengerRouteStartEvent, passenger_id: 39, route_id: 1 id: 38
processing event: OrderCreatedEvent, order_id: 39, available_pickups: 3 , available_dropoffs: 5 , passenger_id: 39, route_id: 1, passenger_num: 0 id: 2313 at time: 877
Processed event: OrderCreatedEvent, order_id: 39, available_pickups: 3 , available_dropoffs: 5 , passenger_id: 39, route_id: 1, passenger_num: 2 id: 2313
processing event: VehicleEnterNewRoadEvent, vehicle_id: 12, road_id: 5130501674084860652 id: 2306 at time: 877.631
Processed event: VehicleEnterNewRoadEvent, vehicle_id: 12, road_id: 5130501674084860652 id: 2306
processing event: VehicleDepartureEvent, vehicle_id: 12, road_id: 5130501674084860652, offset: 0.000000 id: 2314 at time: 877.631
Processed event: VehicleDepartureEvent, vehicle_id: 12, road_id: 5130501674084860652, offset: 0.000000 id: 2314
processing event: VehicleArriveIntersectionEvent, vehicle_id: 14, road_id: 5130501867358388246 id: 2287 at time: 878.056
Processed event: VehicleArriveIntersectionEvent, vehicle_id: 14, road_id: 5130501867358388246 id: 2287
processing event: VehicleEnterNewRoadEvent, vehicle_id: 14, road_id: 5130501867358388231 id: 2316 at time: 878.056
Processed event: VehicleEnterNewRoadEvent, vehicle_id: 14, road_id: 5130501867358388231 id: 2316
processing event: VehicleDepartureEvent, vehicle_id: 14, road_id: 5130501867358388231, offset: 0.000000 id: 2317 at time: 878.056
Processed event: VehicleDepartureEvent, vehicle_id: 14, road_id: 5130501867358388231, offset: 0.000000 id: 2317
processing event: VehicleEnterNewRoadEvent, vehicle_id: 10, road_id: 5130478206383554824 id: 2190 at time: 879
Processed event: VehicleEnterNewRoadEvent, vehicle_id: 10, road_id: 5130478206383554824 id: 2190
processing event: VehicleDepartureEvent, vehicle_id: 10, road_id: 5130478206383554824, offset: 0.000000 id: 2319 at time: 879
Processed event: VehicleDepartureEvent, vehicle_id: 10, road_id: 5130478206383554824, offset: 0.000000 id: 2319
Simulator::runFor: now_ = 879 target = 880
[progress] simulator time = 880 / 1000
processing event: OrderMatchedEvent, order_id: 39, vehicle_id: 20 id: 2321 at time: 880
Processed event: OrderMatchedEvent, order_id: 39, vehicle_id: 20 id: 2321
processing event: PassengerArrivalEvent, passenger_id: 39 id: 2323 at time: 880
Processed event: PassengerArrivalEvent, passenger_id: 39 id: 2323
processing event: VehicleArriveIntersectionEvent, vehicle_id: 3, road_id: 5130501708444599308 id: 2299 at time: 880.666
Processed event: VehicleArriveIntersectionEvent, vehicle_id: 3, road_id: 5130501708444599308 id: 2299
processing event: VehicleEnterNewRoadEvent, vehicle_id: 3, road_id: 5130501708444599309 id: 2324 at time: 880.666
Processed event: VehicleEnterNewRoadEvent, vehicle_id: 3, road_id: 5130501708444599309 id: 2324
processing event: VehicleDepartureEvent, vehicle_id: 3, road_id: 5130501708444599309, offset: 0.000000 id: 2325 at time: 880.666
Processed event: VehicleDepartureEvent, vehicle_id: 3, road_id: 5130501708444599309, offset: 0.000000 id: 2325
processing event: VehicleArriveIntersectionEvent, vehicle_id: 18, road_id: 5130501708444598860 id: 2309 at time: 881.776
Processed event: VehicleArriveIntersectionEvent, vehicle_id: 18, road_id: 5130501708444598860 id: 2309
processing event: VehicleEnterNewRoadEvent, vehicle_id: 18, road_id: 5130501708444598892 id: 2327 at time: 881.776
Processed event: VehicleEnterNewRoadEvent, vehicle_id: 18, road_id: 5130501708444598892 id: 2327
processing event: VehicleDepartureEvent, vehicle_id: 18, road_id: 5130501708444598892, offset: 0.000000 id: 2328 at time: 881.776
Processed event: VehicleDepartureEvent, vehicle_id: 18, road_id: 5130501708444598892, offset: 0.000000 id: 2328
processing event: VehicleArriveIntersectionEvent, vehicle_id: 8, road_id: 5130501708444599309 id: 2274 at time: 882.882
Processed event: VehicleArriveIntersectionEvent, vehicle_id: 8, road_id: 5130501708444599309 id: 2274
processing event: VehicleEnterNewRoadEvent, vehicle_id: 8, road_id: 5130501708444599288 id: 2330 at time: 882.882
Processed event: VehicleEnterNewRoadEvent, vehicle_id: 8, road_id: 5130501708444599288 id: 2330
processing event: VehicleDepartureEvent, vehicle_id: 8, road_id: 5130501708444599288, offset: 0.000000 id: 2331 at time: 882.882
Processed event: VehicleDepartureEvent, vehicle_id: 8, road_id: 5130501708444599288, offset: 0.000000 id: 2331
processing event: VehicleArriveIntersectionEvent, vehicle_id: 19, road_id: 5130478403952051424 id: 2221 at time: 884.002
Processed event: VehicleArriveIntersectionEvent, vehicle_id: 19, road_id: 5130478403952051424 id: 2221
processing event: VehicleEnterNewRoadEvent, vehicle_id: 19, road_id: 5130478399657083814 id: 2333 at time: 884.002
Processed event: VehicleEnterNewRoadEvent, vehicle_id: 19, road_id: 5130478399657083814 id: 2333
processing event: VehicleDepartureEvent, vehicle_id: 19, road_id: 5130478399657083814, offset: 0.000000 id: 2334 at time: 884.002
Processed event: VehicleDepartureEvent, vehicle_id: 19, road_id: 5130478399657083814, offset: 0.000000 id: 2334
processing event: VehicleArriveIntersectionEvent, vehicle_id: 16, road_id: 5130501710592082098 id: 2312 at time: 884.305
Processed event: VehicleArriveIntersectionEvent, vehicle_id: 16, road_id: 5130501710592082098 id: 2312
processing event: VehicleEnterNewRoadEvent, vehicle_id: 16, road_id: 5130501710592082097 id: 2336 at time: 884.305
Processed event: VehicleEnterNewRoadEvent, vehicle_id: 16, road_id: 5130501710592082097 id: 2336
processing event: VehicleDepartureEvent, vehicle_id: 16, road_id: 5130501710592082097, offset: 0.000000 id: 2337 at time: 884.305
Processed event: VehicleDepartureEvent, vehicle_id: 16, road_id: 5130501710592082097, offset: 0.000000 id: 2337
processing event: VehicleArriveIntersectionEvent, vehicle_id: 11, road_id: 5130501798638911980 id: 2251 at time: 884.699
Processed event: VehicleArriveIntersectionEvent, vehicle_id: 11, road_id: 5130501798638911980 id: 2251
processing event: VehicleEnterNewRoadEvent, vehicle_id: 11, road_id: 5130501798638911924 id: 2339 at time: 884.699
Processed event: VehicleEnterNewRoadEvent, vehicle_id: 11, road_id: 5130501798638911924 id: 2339
processing event: VehicleDepartureEvent, vehicle_id: 11, road_id: 5130501798638911924, offset: 0.000000 id: 2340 at time: 884.699
Processed event: VehicleDepartureEvent, vehicle_id: 11, road_id: 5130501798638911924, offset: 0.000000 id: 2340
processing event: VehicleArriveIntersectionEvent, vehicle_id: 2, road_id: 5130501893128192185 id: 2271 at time: 885.199
Processed event: VehicleArriveIntersectionEvent, vehicle_id: 2, road_id: 5130501893128192185 id: 2271
processing event: VehicleEnterNewRoadEvent, vehicle_id: 2, road_id: 5130501895275675830 id: 2342 at time: 885.199
Processed event: VehicleEnterNewRoadEvent, vehicle_id: 2, road_id: 5130501895275675830 id: 2342
processing event: VehicleDepartureEvent, vehicle_id: 2, road_id: 5130501895275675830, offset: 0.000000 id: 2343 at time: 885.199
Processed event: VehicleDepartureEvent, vehicle_id: 2, road_id: 5130501895275675830, offset: 0.000000 id: 2343
processing event: VehicleArriveIntersectionEvent, vehicle_id: 7, road_id: 5130501884538257600 id: 2302 at time: 889.747
Processed event: VehicleArriveIntersectionEvent, vehicle_id: 7, road_id: 5130501884538257600 id: 2302
processing event: VehicleEnterNewRoadEvent, vehicle_id: 7, road_id: 5130501884538257599 id: 2345 at time: 889.747
Processed event: VehicleEnterNewRoadEvent, vehicle_id: 7, road_id: 5130501884538257599 id: 2345
processing event: VehicleDepartureEvent, vehicle_id: 7, road_id: 5130501884538257599, offset: 0.000000 id: 2346 at time: 889.747
Processed event: VehicleDepartureEvent, vehicle_id: 7, road_id: 5130501884538257599, offset: 0.000000 id: 2346
Simulator::runFor: now_ = 889.747 target = 890
[progress] simulator time = 890 / 1000
processing event: VehicleArriveIntersectionEvent, vehicle_id: 9, road_id: 5130478412541985347 id: 2293 at time: 890.598
Processed event: VehicleArriveIntersectionEvent, vehicle_id: 9, road_id: 5130478412541985347 id: 2293
processing event: VehicleEnterNewRoadEvent, vehicle_id: 9, road_id: 5130478412541984889 id: 2348 at time: 890.598
Processed event: VehicleEnterNewRoadEvent, vehicle_id: 9, road_id: 5130478412541984889 id: 2348
processing event: VehicleDepartureEvent, vehicle_id: 9, road_id: 5130478412541984889, offset: 0.000000 id: 2349 at time: 890.598
Processed event: VehicleDepartureEvent, vehicle_id: 9, road_id: 5130478412541984889, offset: 0.000000 id: 2349
processing event: VehicleArriveIntersectionEvent, vehicle_id: 14, road_id: 5130501867358388231 id: 2318 at time: 893.357
Processed event: VehicleArriveIntersectionEvent, vehicle_id: 14, road_id: 5130501867358388231 id: 2318
processing event: VehicleEnterNewRoadEvent, vehicle_id: 14, road_id: 5130501867358388228 id: 2351 at time: 893.357
Processed event: VehicleEnterNewRoadEvent, vehicle_id: 14, road_id: 5130501867358388228 id: 2351
processing event: VehicleDepartureEvent, vehicle_id: 14, road_id: 5130501867358388228, offset: 0.000000 id: 2352 at time: 893.357
Processed event: VehicleDepartureEvent, vehicle_id: 14, road_id: 5130501867358388228, offset: 0.000000 id: 2352
processing event: VehicleArriveIntersectionEvent, vehicle_id: 16, road_id: 5130501710592082097 id: 2338 at time: 894.206
Processed event: VehicleArriveIntersectionEvent, vehicle_id: 16, road_id: 5130501710592082097 id: 2338
processing event: VehicleEnterNewRoadEvent, vehicle_id: 16, road_id: 5130501710592082406 id: 2354 at time: 896.366
Processed event: VehicleEnterNewRoadEvent, vehicle_id: 16, road_id: 5130501710592082406 id: 2354
processing event: VehicleDepartureEvent, vehicle_id: 16, road_id: 5130501710592082406, offset: 0.000000 id: 2355 at time: 896.366
Processed event: VehicleDepartureEvent, vehicle_id: 16, road_id: 5130501710592082406, offset: 0.000000 id: 2355
processing event: VehicleArriveIntersectionEvent, vehicle_id: 14, road_id: 5130501867358388228 id: 2353 at time: 896.778
Processed event: VehicleArriveIntersectionEvent, vehicle_id: 14, road_id: 5130501867358388228 id: 2353
processing event: VehicleArriveIntersectionEvent, vehicle_id: 9, road_id: 5130478412541984889 id: 2350 at time: 898.339
Processed event: VehicleArriveIntersectionEvent, vehicle_id: 9, road_id: 5130478412541984889 id: 2350
processing event: VehicleEnterNewRoadEvent, vehicle_id: 9, road_id: 5130478412541984821 id: 2358 at time: 898.339
Processed event: VehicleEnterNewRoadEvent, vehicle_id: 9, road_id: 5130478412541984821 id: 2358
processing event: VehicleDepartureEvent, vehicle_id: 9, road_id: 5130478412541984821, offset: 0.000000 id: 2359 at time: 898.339
Processed event: VehicleDepartureEvent, vehicle_id: 9, road_id: 5130478412541984821, offset: 0.000000 id: 2359
processing event: VehicleEnterNewRoadEvent, vehicle_id: 14, road_id: 5130501867358388505 id: 2357 at time: 898.938
Processed event: VehicleEnterNewRoadEvent, vehicle_id: 14, road_id: 5130501867358388505 id: 2357
processing event: VehicleDepartureEvent, vehicle_id: 14, road_id: 5130501867358388505, offset: 0.000000 id: 2361 at time: 898.938
Processed event: VehicleDepartureEvent, vehicle_id: 14, road_id: 5130501867358388505, offset: 0.000000 id: 2361
processing event: VehicleArriveIntersectionEvent, vehicle_id: 3, road_id: 5130501708444599309 id: 2326 at time: 899.388
Processed event: VehicleArriveIntersectionEvent, vehicle_id: 3, road_id: 5130501708444599309 id: 2326
processing event: VehicleEnterNewRoadEvent, vehicle_id: 3, road_id: 5130501708444599288 id: 2363 at time: 899.388
Processed event: VehicleEnterNewRoadEvent, vehicle_id: 3, road_id: 5130501708444599288 id: 2363
processing event: VehicleDepartureEvent, vehicle_id: 3, road_id: 5130501708444599288, offset: 0.000000 id: 2364 at time: 899.388
Processed event: VehicleDepartureEvent, vehicle_id: 3, road_id: 5130501708444599288, offset: 0.000000 id: 2364
processing event: VehicleArriveIntersectionEvent, vehicle_id: 15, road_id: 5130478356707409974 id: 2305 at time: 899.917
Processed event: VehicleArriveIntersectionEvent, vehicle_id: 15, road_id: 5130478356707409974 id: 2305
processing event: VehicleEnterNewRoadEvent, vehicle_id: 15, road_id: 5130478356707409969 id: 2366 at time: 899.917
Processed event: VehicleEnterNewRoadEvent, vehicle_id: 15, road_id: 5130478356707409969 id: 2366
processing event: VehicleDepartureEvent, vehicle_id: 15, road_id: 5130478356707409969, offset: 0.000000 id: 2367 at time: 899.917
Processed event: VehicleDepartureEvent, vehicle_id: 15, road_id: 5130478356707409969, offset: 0.000000 id: 2367
Simulator::runFor: now_ = 899.917 target = 900
[progress] simulator time = 900 / 1000
processing event: VehicleArriveIntersectionEvent, vehicle_id: 18, road_id: 5130501708444598892 id: 2329 at time: 900.138
Processed event: VehicleArriveIntersectionEvent, vehicle_id: 18, road_id: 5130501708444598892 id: 2329
processing event: VehicleEnterNewRoadEvent, vehicle_id: 18, road_id: 5130501708444598891 id: 2369 at time: 900.138
Processed event: VehicleEnterNewRoadEvent, vehicle_id: 18, road_id: 5130501708444598891 id: 2369
processing event: VehicleDepartureEvent, vehicle_id: 18, road_id: 5130501708444598891, offset: 0.000000 id: 2370 at time: 900.138
Processed event: VehicleDepartureEvent, vehicle_id: 18, road_id: 5130501708444598891, offset: 0.000000 id: 2370
processing event: VehicleArriveIntersectionEvent, vehicle_id: 12, road_id: 5130501674084860652 id: 2315 at time: 904.093
Processed event: VehicleArriveIntersectionEvent, vehicle_id: 12, road_id: 5130501674084860652 id: 2315
processing event: VehicleEnterNewRoadEvent, vehicle_id: 12, road_id: 5130501674084860710 id: 2372 at time: 904.093
Processed event: VehicleEnterNewRoadEvent, vehicle_id: 12, road_id: 5130501674084860710 id: 2372
processing event: VehicleDepartureEvent, vehicle_id: 12, road_id: 5130501674084860710, offset: 0.000000 id: 2373 at time: 904.093
Processed event: VehicleDepartureEvent, vehicle_id: 12, road_id: 5130501674084860710, offset: 0.000000 id: 2373
processing event: VehicleArriveIntersectionEvent, vehicle_id: 14, road_id: 5130501867358388505 id: 2362 at time: 904.158
Processed event: VehicleArriveIntersectionEvent, vehicle_id: 14, road_id: 5130501867358388505 id: 2362
processing event: VehicleEnterNewRoadEvent, vehicle_id: 14, road_id: 5130501867358389410 id: 2375 at time: 904.158
Processed event: VehicleEnterNewRoadEvent, vehicle_id: 14, road_id: 5130501867358389410 id: 2375
processing event: VehicleDepartureEvent, vehicle_id: 14, road_id: 5130501867358389410, offset: 0.000000 id: 2376 at time: 904.158
Processed event: VehicleDepartureEvent, vehicle_id: 14, road_id: 5130501867358389410, offset: 0.000000 id: 2376
processing event: VehicleArriveIntersectionEvent, vehicle_id: 6, road_id: 5130501706297114746 id: 2282 at time: 904.699
Processed event: VehicleArriveIntersectionEvent, vehicle_id: 6, road_id: 5130501706297114746 id: 2282
processing event: PassengerRouteStartEvent, passenger_id: 40, route_id: 1 id: 39 at time: 906
Processed event: PassengerRouteStartEvent, passenger_id: 40, route_id: 1 id: 39
processing event: OrderCreatedEvent, order_id: 40, available_pickups: 5 , available_dropoffs: 4 , passenger_id: 40, route_id: 1, passenger_num: 0 id: 2379 at time: 906
Processed event: OrderCreatedEvent, order_id: 40, available_pickups: 5 , available_dropoffs: 4 , passenger_id: 40, route_id: 1, passenger_num: 1 id: 2379
processing event: VehicleEnterNewRoadEvent, vehicle_id: 6, road_id: 5130501706297114751 id: 2378 at time: 907.244
Processed event: VehicleEnterNewRoadEvent, vehicle_id: 6, road_id: 5130501706297114751 id: 2378
processing event: VehicleDepartureEvent, vehicle_id: 6, road_id: 5130501706297114751, offset: 0.000000 id: 2380 at time: 907.244
Processed event: VehicleDepartureEvent, vehicle_id: 6, road_id: 5130501706297114751, offset: 0.000000 id: 2380
processing event: VehicleArriveIntersectionEvent, vehicle_id: 16, road_id: 5130501710592082406 id: 2356 at time: 907.527
Processed event: VehicleArriveIntersectionEvent, vehicle_id: 16, road_id: 5130501710592082406 id: 2356
processing event: VehicleEnterNewRoadEvent, vehicle_id: 16, road_id: 5130501710592082405 id: 2382 at time: 907.527
Processed event: VehicleEnterNewRoadEvent, vehicle_id: 16, road_id: 5130501710592082405 id: 2382
processing event: VehicleDepartureEvent, vehicle_id: 16, road_id: 5130501710592082405, offset: 0.000000 id: 2383 at time: 907.527
Processed event: VehicleDepartureEvent, vehicle_id: 16, road_id: 5130501710592082405, offset: 0.000000 id: 2383
processing event: VehicleArriveIntersectionEvent, vehicle_id: 14, road_id: 5130501867358389410 id: 2377 at time: 907.759
Processed event: VehicleArriveIntersectionEvent, vehicle_id: 14, road_id: 5130501867358389410 id: 2377
processing event: VehicleEnterNewRoadEvent, vehicle_id: 14, road_id: 5130501867358389409 id: 2385 at time: 907.759
Processed event: VehicleEnterNewRoadEvent, vehicle_id: 14, road_id: 5130501867358389409 id: 2385
processing event: VehicleDepartureEvent, vehicle_id: 14, road_id: 5130501867358389409, offset: 0.000000 id: 2386 at time: 907.759
Processed event: VehicleDepartureEvent, vehicle_id: 14, road_id: 5130501867358389409, offset: 0.000000 id: 2386
processing event: VehicleArriveIntersectionEvent, vehicle_id: 10, road_id: 5130478206383554824 id: 2320 at time: 909.063
Processed event: VehicleArriveIntersectionEvent, vehicle_id: 10, road_id: 5130478206383554824 id: 2320
processing event: VehicleEnterNewRoadEvent, vehicle_id: 10, road_id: 5130478206383555039 id: 2388 at time: 909.063
Processed event: VehicleEnterNewRoadEvent, vehicle_id: 10, road_id: 5130478206383555039 id: 2388
processing event: VehicleDepartureEvent, vehicle_id: 10, road_id: 5130478206383555039, offset: 0.000000 id: 2389 at time: 909.063
Processed event: VehicleDepartureEvent, vehicle_id: 10, road_id: 5130478206383555039, offset: 0.000000 id: 2389
Simulator::runFor: now_ = 909.063 target = 910
[progress] simulator time = 910 / 1000
processing event: OrderMatchedEvent, order_id: 40, vehicle_id: 18 id: 2391 at time: 910
Processed event: OrderMatchedEvent, order_id: 40, vehicle_id: 18 id: 2391
processing event: PassengerArrivalEvent, passenger_id: 40 id: 2393 at time: 910
Processed event: PassengerArrivalEvent, passenger_id: 40 id: 2393
processing event: VehicleArriveIntersectionEvent, vehicle_id: 1, road_id: 5130501798638911833 id: 2240 at time: 910.257
Processed event: VehicleArriveIntersectionEvent, vehicle_id: 1, road_id: 5130501798638911833 id: 2240
processing event: VehicleEnterNewRoadEvent, vehicle_id: 1, road_id: 5130501708444598440 id: 2394 at time: 910.257
Processed event: VehicleEnterNewRoadEvent, vehicle_id: 1, road_id: 5130501708444598440 id: 2394
processing event: VehicleDepartureEvent, vehicle_id: 1, road_id: 5130501708444598440, offset: 0.000000 id: 2395 at time: 910.257
Processed event: VehicleDepartureEvent, vehicle_id: 1, road_id: 5130501708444598440, offset: 0.000000 id: 2395
processing event: VehicleArriveIntersectionEvent, vehicle_id: 17, road_id: 5130501893128192430 id: 2296 at time: 913.061
Processed event: VehicleArriveIntersectionEvent, vehicle_id: 17, road_id: 5130501893128192430 id: 2296
processing event: VehicleEnterNewRoadEvent, vehicle_id: 17, road_id: 5130501884538257735 id: 2397 at time: 913.061
Processed event: VehicleEnterNewRoadEvent, vehicle_id: 17, road_id: 5130501884538257735 id: 2397
processing event: VehicleDepartureEvent, vehicle_id: 17, road_id: 5130501884538257735, offset: 0.000000 id: 2398 at time: 913.061
Processed event: VehicleDepartureEvent, vehicle_id: 17, road_id: 5130501884538257735, offset: 0.000000 id: 2398
processing event: VehicleArriveIntersectionEvent, vehicle_id: 16, road_id: 5130501710592082405 id: 2384 at time: 913.288
Processed event: VehicleArriveIntersectionEvent, vehicle_id: 16, road_id: 5130501710592082405 id: 2384
processing event: VehicleEnterNewRoadEvent, vehicle_id: 16, road_id: 5130501710592082704 id: 2400 at time: 913.288
Processed event: VehicleEnterNewRoadEvent, vehicle_id: 16, road_id: 5130501710592082704 id: 2400
processing event: VehicleDepartureEvent, vehicle_id: 16, road_id: 5130501710592082704, offset: 0.000000 id: 2401 at time: 913.288
Processed event: VehicleDepartureEvent, vehicle_id: 16, road_id: 5130501710592082704, offset: 0.000000 id: 2401
processing event: VehicleArriveIntersectionEvent, vehicle_id: 12, road_id: 5130501674084860710 id: 2374 at time: 913.814
Processed event: VehicleArriveIntersectionEvent, vehicle_id: 12, road_id: 5130501674084860710 id: 2374
processing event: VehicleEnterNewRoadEvent, vehicle_id: 12, road_id: 5130501674084860711 id: 2403 at time: 913.814
Processed event: VehicleEnterNewRoadEvent, vehicle_id: 12, road_id: 5130501674084860711 id: 2403
processing event: VehicleDepartureEvent, vehicle_id: 12, road_id: 5130501674084860711, offset: 0.000000 id: 2404 at time: 913.814
Processed event: VehicleDepartureEvent, vehicle_id: 12, road_id: 5130501674084860711, offset: 0.000000 id: 2404
processing event: VehicleArriveIntersectionEvent, vehicle_id: 9, road_id: 5130478412541984821 id: 2360 at time: 913.821
Processed event: VehicleArriveIntersectionEvent, vehicle_id: 9, road_id: 5130478412541984821 id: 2360
processing event: VehicleArriveIntersectionEvent, vehicle_id: 17, road_id: 5130501884538257735 id: 2399 at time: 915.221
Processed event: VehicleArriveIntersectionEvent, vehicle_id: 17, road_id: 5130501884538257735 id: 2399
processing event: VehicleEnterNewRoadEvent, vehicle_id: 17, road_id: 5130501884538257736 id: 2407 at time: 915.221
Processed event: VehicleEnterNewRoadEvent, vehicle_id: 17, road_id: 5130501884538257736 id: 2407
processing event: VehicleDepartureEvent, vehicle_id: 17, road_id: 5130501884538257736, offset: 0.000000 id: 2408 at time: 915.221
Processed event: VehicleDepartureEvent, vehicle_id: 17, road_id: 5130501884538257736, offset: 0.000000 id: 2408
processing event: VehicleEnterNewRoadEvent, vehicle_id: 9, road_id: 5130478412541984798 id: 2406 at time: 917.002
Processed event: VehicleEnterNewRoadEvent, vehicle_id: 9, road_id: 5130478412541984798 id: 2406
processing event: VehicleDepartureEvent, vehicle_id: 9, road_id: 5130478412541984798, offset: 0.000000 id: 2410 at time: 917.002
Processed event: VehicleDepartureEvent, vehicle_id: 9, road_id: 5130478412541984798, offset: 0.000000 id: 2410
processing event: VehicleArriveIntersectionEvent, vehicle_id: 6, road_id: 5130501706297114751 id: 2381 at time: 918.405
Processed event: VehicleArriveIntersectionEvent, vehicle_id: 6, road_id: 5130501706297114751 id: 2381
processing event: VehicleEnterNewRoadEvent, vehicle_id: 6, road_id: 5130501706297115208 id: 2412 at time: 918.405
Processed event: VehicleEnterNewRoadEvent, vehicle_id: 6, road_id: 5130501706297115208 id: 2412
processing event: VehicleDepartureEvent, vehicle_id: 6, road_id: 5130501706297115208, offset: 0.000000 id: 2413 at time: 918.405
Processed event: VehicleDepartureEvent, vehicle_id: 6, road_id: 5130501706297115208, offset: 0.000000 id: 2413
processing event: VehicleArriveIntersectionEvent, vehicle_id: 14, road_id: 5130501867358389409 id: 2387 at time: 919.28
Processed event: VehicleArriveIntersectionEvent, vehicle_id: 14, road_id: 5130501867358389409 id: 2387
processing event: VehicleEnterNewRoadEvent, vehicle_id: 14, road_id: 5130501867358388356 id: 2415 at time: 919.28
Processed event: VehicleEnterNewRoadEvent, vehicle_id: 14, road_id: 5130501867358388356 id: 2415
processing event: VehicleDepartureEvent, vehicle_id: 14, road_id: 5130501867358388356, offset: 0.000000 id: 2416 at time: 919.28
Processed event: VehicleDepartureEvent, vehicle_id: 14, road_id: 5130501867358388356, offset: 0.000000 id: 2416
Simulator::runFor: now_ = 919.28 target = 920
[progress] simulator time = 920 / 1000
processing event: VehicleArriveIntersectionEvent, vehicle_id: 17, road_id: 5130501884538257736 id: 2409 at time: 920.082
Processed event: VehicleArriveIntersectionEvent, vehicle_id: 17, road_id: 5130501884538257736 id: 2409
processing event: VehicleEnterNewRoadEvent, vehicle_id: 17, road_id: 5130501884538257503 id: 2418 at time: 920.082
Processed event: VehicleEnterNewRoadEvent, vehicle_id: 17, road_id: 5130501884538257503 id: 2418
processing event: VehicleDepartureEvent, vehicle_id: 17, road_id: 5130501884538257503, offset: 0.000000 id: 2419 at time: 920.082
Processed event: VehicleDepartureEvent, vehicle_id: 17, road_id: 5130501884538257503, offset: 0.000000 id: 2419
processing event: VehicleArriveIntersectionEvent, vehicle_id: 1, road_id: 5130501708444598440 id: 2396 at time: 920.338
Processed event: VehicleArriveIntersectionEvent, vehicle_id: 1, road_id: 5130501708444598440 id: 2396
processing event: VehicleEnterNewRoadEvent, vehicle_id: 1, road_id: 5130501708444598441 id: 2421 at time: 920.338
Processed event: VehicleEnterNewRoadEvent, vehicle_id: 1, road_id: 5130501708444598441 id: 2421
processing event: VehicleDepartureEvent, vehicle_id: 1, road_id: 5130501708444598441, offset: 0.000000 id: 2422 at time: 920.338
Processed event: VehicleDepartureEvent, vehicle_id: 1, road_id: 5130501708444598441, offset: 0.000000 id: 2422
Event is not valid: VehicleArriveIntersectionEvent, vehicle_id: 18, road_id: 5130501708444598891 id: 2371 at time: 920.48
processing event: VehicleArriveIntersectionEvent, vehicle_id: 18, road_id: 5130501708444598891 id: 2392 at time: 920.48
Processed event: VehicleArriveIntersectionEvent, vehicle_id: 18, road_id: 5130501708444598891 id: 2392
processing event: VehicleEnterNewRoadEvent, vehicle_id: 18, road_id: 5130501708444598563 id: 2424 at time: 920.48
Processed event: VehicleEnterNewRoadEvent, vehicle_id: 18, road_id: 5130501708444598563 id: 2424
processing event: VehicleDepartureEvent, vehicle_id: 18, road_id: 5130501708444598563, offset: 0.000000 id: 2425 at time: 920.48
Processed event: VehicleDepartureEvent, vehicle_id: 18, road_id: 5130501708444598563, offset: 0.000000 id: 2425
processing event: PassengerRouteStartEvent, passenger_id: 41, route_id: 1 id: 40 at time: 923
Processed event: PassengerRouteStartEvent, passenger_id: 41, route_id: 1 id: 40
processing event: OrderCreatedEvent, order_id: 41, available_pickups: 5 , available_dropoffs: 3 , passenger_id: 41, route_id: 1, passenger_num: 0 id: 2427 at time: 923
Processed event: OrderCreatedEvent, order_id: 41, available_pickups: 5 , available_dropoffs: 3 , passenger_id: 41, route_id: 1, passenger_num: 1 id: 2427
processing event: VehicleArriveIntersectionEvent, vehicle_id: 11, road_id: 5130501798638911924 id: 2341 at time: 924.483
Processed event: VehicleArriveIntersectionEvent, vehicle_id: 11, road_id: 5130501798638911924 id: 2341
processing event: VehicleEnterNewRoadEvent, vehicle_id: 11, road_id: 5130501798638911926 id: 2428 at time: 924.483
Processed event: VehicleEnterNewRoadEvent, vehicle_id: 11, road_id: 5130501798638911926 id: 2428
processing event: VehicleDepartureEvent, vehicle_id: 11, road_id: 5130501798638911926, offset: 0.000000 id: 2429 at time: 924.483
Processed event: VehicleDepartureEvent, vehicle_id: 11, road_id: 5130501798638911926, offset: 0.000000 id: 2429
processing event: VehicleArriveIntersectionEvent, vehicle_id: 17, road_id: 5130501884538257503 id: 2420 at time: 927.462
Processed event: VehicleArriveIntersectionEvent, vehicle_id: 17, road_id: 5130501884538257503 id: 2420
processing event: VehicleEnterNewRoadEvent, vehicle_id: 17, road_id: 5130501884538257468 id: 2431 at time: 927.462
Processed event: VehicleEnterNewRoadEvent, vehicle_id: 17, road_id: 5130501884538257468 id: 2431
processing event: VehicleDepartureEvent, vehicle_id: 17, road_id: 5130501884538257468, offset: 0.000000 id: 2432 at time: 927.462
Processed event: VehicleDepartureEvent, vehicle_id: 17, road_id: 5130501884538257468, offset: 0.000000 id: 2432
processing event: VehicleArriveIntersectionEvent, vehicle_id: 1, road_id: 5130501708444598441 id: 2423 at time: 929.519
Processed event: VehicleArriveIntersectionEvent, vehicle_id: 1, road_id: 5130501708444598441 id: 2423
processing event: VehicleEnterNewRoadEvent, vehicle_id: 1, road_id: 5130501708444598353 id: 2434 at time: 929.519
Processed event: VehicleEnterNewRoadEvent, vehicle_id: 1, road_id: 5130501708444598353 id: 2434
processing event: VehicleDepartureEvent, vehicle_id: 1, road_id: 5130501708444598353, offset: 0.000000 id: 2435 at time: 929.519
Processed event: VehicleDepartureEvent, vehicle_id: 1, road_id: 5130501708444598353, offset: 0.000000 id: 2435
processing event: VehicleArriveIntersectionEvent, vehicle_id: 16, road_id: 5130501710592082704 id: 2402 at time: 929.85
Processed event: VehicleArriveIntersectionEvent, vehicle_id: 16, road_id: 5130501710592082704 id: 2402
processing event: VehicleEnterNewRoadEvent, vehicle_id: 16, road_id: 5130501702002147817 id: 2437 at time: 929.85
Processed event: VehicleEnterNewRoadEvent, vehicle_id: 16, road_id: 5130501702002147817 id: 2437
processing event: VehicleDepartureEvent, vehicle_id: 16, road_id: 5130501702002147817, offset: 0.000000 id: 2438 at time: 929.85
Processed event: VehicleDepartureEvent, vehicle_id: 16, road_id: 5130501702002147817, offset: 0.000000 id: 2438
Simulator::runFor: now_ = 929.85 target = 930
[progress] simulator time = 930 / 1000
processing event: OrderMatchedEvent, order_id: 41, vehicle_id: 5 id: 2440 at time: 930
Processed event: OrderMatchedEvent, order_id: 41, vehicle_id: 5 id: 2440
processing event: PassengerArrivalEvent, passenger_id: 41 id: 2442 at time: 930
Processed event: PassengerArrivalEvent, passenger_id: 41 id: 2442
processing event: VehicleArriveIntersectionEvent, vehicle_id: 2, road_id: 5130501895275675830 id: 2344 at time: 932.543
Processed event: VehicleArriveIntersectionEvent, vehicle_id: 2, road_id: 5130501895275675830 id: 2344
processing event: VehicleArriveIntersectionEvent, vehicle_id: 17, road_id: 5130501884538257468 id: 2433 at time: 932.863
Processed event: VehicleArriveIntersectionEvent, vehicle_id: 17, road_id: 5130501884538257468 id: 2433
processing event: VehicleEnterNewRoadEvent, vehicle_id: 17, road_id: 5130501884538257469 id: 2444 at time: 932.863
Processed event: VehicleEnterNewRoadEvent, vehicle_id: 17, road_id: 5130501884538257469 id: 2444
processing event: VehicleDepartureEvent, vehicle_id: 17, road_id: 5130501884538257469, offset: 0.000000 id: 2445 at time: 932.863
Processed event: VehicleDepartureEvent, vehicle_id: 17, road_id: 5130501884538257469, offset: 0.000000 id: 2445
processing event: VehicleEnterNewRoadEvent, vehicle_id: 2, road_id: 5130501893128192026 id: 2443 at time: 934.703
Processed event: VehicleEnterNewRoadEvent, vehicle_id: 2, road_id: 5130501893128192026 id: 2443
processing event: VehicleDepartureEvent, vehicle_id: 2, road_id: 5130501893128192026, offset: 0.000000 id: 2447 at time: 934.703
Processed event: VehicleDepartureEvent, vehicle_id: 2, road_id: 5130501893128192026, offset: 0.000000 id: 2447
processing event: VehicleArriveIntersectionEvent, vehicle_id: 1, road_id: 5130501708444598353 id: 2436 at time: 934.739
Processed event: VehicleArriveIntersectionEvent, vehicle_id: 1, road_id: 5130501708444598353 id: 2436
processing event: VehicleArriveIntersectionEvent, vehicle_id: 14, road_id: 5130501867358388356 id: 2417 at time: 934.761
Processed event: VehicleArriveIntersectionEvent, vehicle_id: 14, road_id: 5130501867358388356 id: 2417
processing event: VehicleEnterNewRoadEvent, vehicle_id: 14, road_id: 5130501867358389539 id: 2450 at time: 934.761
Processed event: VehicleEnterNewRoadEvent, vehicle_id: 14, road_id: 5130501867358389539 id: 2450
processing event: VehicleDepartureEvent, vehicle_id: 14, road_id: 5130501867358389539, offset: 0.000000 id: 2451 at time: 934.761
Processed event: VehicleDepartureEvent, vehicle_id: 14, road_id: 5130501867358389539, offset: 0.000000 id: 2451
processing event: VehicleArriveIntersectionEvent, vehicle_id: 12, road_id: 5130501674084860711 id: 2405 at time: 935.056
Processed event: VehicleArriveIntersectionEvent, vehicle_id: 12, road_id: 5130501674084860711 id: 2405
processing event: VehicleEnterNewRoadEvent, vehicle_id: 12, road_id: 5130501674084860641 id: 2453 at time: 935.056
Processed event: VehicleEnterNewRoadEvent, vehicle_id: 12, road_id: 5130501674084860641 id: 2453
processing event: VehicleDepartureEvent, vehicle_id: 12, road_id: 5130501674084860641, offset: 0.000000 id: 2454 at time: 935.056
Processed event: VehicleDepartureEvent, vehicle_id: 12, road_id: 5130501674084860641, offset: 0.000000 id: 2454
processing event: VehicleArriveIntersectionEvent, vehicle_id: 11, road_id: 5130501798638911926 id: 2430 at time: 936.004
Processed event: VehicleArriveIntersectionEvent, vehicle_id: 11, road_id: 5130501798638911926 id: 2430
processing event: VehicleEnterNewRoadEvent, vehicle_id: 11, road_id: 5130501704149631184 id: 2456 at time: 936.004
Processed event: VehicleEnterNewRoadEvent, vehicle_id: 11, road_id: 5130501704149631184 id: 2456
processing event: VehicleDepartureEvent, vehicle_id: 11, road_id: 5130501704149631184, offset: 0.000000 id: 2457 at time: 936.004
Processed event: VehicleDepartureEvent, vehicle_id: 11, road_id: 5130501704149631184, offset: 0.000000 id: 2457
processing event: VehicleArriveIntersectionEvent, vehicle_id: 19, road_id: 5130478399657083814 id: 2335 at time: 936.567
Processed event: VehicleArriveIntersectionEvent, vehicle_id: 19, road_id: 5130478399657083814 id: 2335
processing event: VehicleEnterNewRoadEvent, vehicle_id: 19, road_id: 5130478399657083878 id: 2459 at time: 936.567
Processed event: VehicleEnterNewRoadEvent, vehicle_id: 19, road_id: 5130478399657083878 id: 2459
processing event: VehicleDepartureEvent, vehicle_id: 19, road_id: 5130478399657083878, offset: 0.000000 id: 2460 at time: 936.567
Processed event: VehicleDepartureEvent, vehicle_id: 19, road_id: 5130478399657083878, offset: 0.000000 id: 2460
processing event: VehicleEnterNewRoadEvent, vehicle_id: 1, road_id: 5130501708444598863 id: 2449 at time: 936.9
Processed event: VehicleEnterNewRoadEvent, vehicle_id: 1, road_id: 5130501708444598863 id: 2449
processing event: VehicleDepartureEvent, vehicle_id: 1, road_id: 5130501708444598863, offset: 0.000000 id: 2462 at time: 936.9
Processed event: VehicleDepartureEvent, vehicle_id: 1, road_id: 5130501708444598863, offset: 0.000000 id: 2462
Event is not valid: VehicleArriveIntersectionEvent, vehicle_id: 20, road_id: 5130478206383555039 id: 2257 at time: 937.939
Event is not valid: VehicleArriveIntersectionEvent, vehicle_id: 20, road_id: 5130478206383555039 id: 2322 at time: 937.939
processing event: VehicleArriveIntersectionEvent, vehicle_id: 20, road_id: 5130478206383555039 id: 2390 at time: 937.939
Processed event: VehicleArriveIntersectionEvent, vehicle_id: 20, road_id: 5130478206383555039 id: 2390
processing event: VehicleArriveIntersectionEvent, vehicle_id: 15, road_id: 5130478356707409969 id: 2368 at time: 938.441
Processed event: VehicleArriveIntersectionEvent, vehicle_id: 15, road_id: 5130478356707409969 id: 2368
processing event: VehicleEnterNewRoadEvent, vehicle_id: 15, road_id: 5130478356707409970 id: 2466 at time: 938.441
Processed event: VehicleEnterNewRoadEvent, vehicle_id: 15, road_id: 5130478356707409970 id: 2466
processing event: VehicleDepartureEvent, vehicle_id: 15, road_id: 5130478356707409970, offset: 0.000000 id: 2467 at time: 938.441
Processed event: VehicleDepartureEvent, vehicle_id: 15, road_id: 5130478356707409970, offset: 0.000000 id: 2467
processing event: VehicleEnterNewRoadEvent, vehicle_id: 20, road_id: 5130478206383555035 id: 2464 at time: 939.106
Processed event: VehicleEnterNewRoadEvent, vehicle_id: 20, road_id: 5130478206383555035 id: 2464
processing event: VehicleDepartureEvent, vehicle_id: 20, road_id: 5130478206383555035, offset: 0.000000 id: 2470 at time: 939.106
Processed event: VehicleDepartureEvent, vehicle_id: 20, road_id: 5130478206383555035, offset: 0.000000 id: 2470
Simulator::runFor: now_ = 939.106 target = 940
[progress] simulator time = 940 / 1000
processing event: VehicleArriveIntersectionEvent, vehicle_id: 12, road_id: 5130501674084860641 id: 2455 at time: 941.177
Processed event: VehicleArriveIntersectionEvent, vehicle_id: 12, road_id: 5130501674084860641 id: 2455
processing event: VehicleArriveIntersectionEvent, vehicle_id: 14, road_id: 5130501867358389539 id: 2452 at time: 941.962
Processed event: VehicleArriveIntersectionEvent, vehicle_id: 14, road_id: 5130501867358389539 id: 2452
processing event: VehicleEnterNewRoadEvent, vehicle_id: 14, road_id: 5130501867358389540 id: 2473 at time: 941.962
Processed event: VehicleEnterNewRoadEvent, vehicle_id: 14, road_id: 5130501867358389540 id: 2473
processing event: VehicleDepartureEvent, vehicle_id: 14, road_id: 5130501867358389540, offset: 0.000000 id: 2474 at time: 941.962
Processed event: VehicleDepartureEvent, vehicle_id: 14, road_id: 5130501867358389540, offset: 0.000000 id: 2474
processing event: VehicleArriveIntersectionEvent, vehicle_id: 2, road_id: 5130501893128192026 id: 2448 at time: 942.084
Processed event: VehicleArriveIntersectionEvent, vehicle_id: 2, road_id: 5130501893128192026 id: 2448
processing event: VehicleEnterNewRoadEvent, vehicle_id: 2, road_id: 5130501895275676053 id: 2476 at time: 942.084
Processed event: VehicleEnterNewRoadEvent, vehicle_id: 2, road_id: 5130501895275676053 id: 2476
processing event: VehicleDepartureEvent, vehicle_id: 2, road_id: 5130501895275676053, offset: 0.000000 id: 2477 at time: 942.084
Processed event: VehicleDepartureEvent, vehicle_id: 2, road_id: 5130501895275676053, offset: 0.000000 id: 2477
processing event: VehicleArriveIntersectionEvent, vehicle_id: 7, road_id: 5130501884538257599 id: 2347 at time: 942.492
Processed event: VehicleArriveIntersectionEvent, vehicle_id: 7, road_id: 5130501884538257599 id: 2347
processing event: VehicleEnterNewRoadEvent, vehicle_id: 7, road_id: 5130501884538257710 id: 2479 at time: 942.492
Processed event: VehicleEnterNewRoadEvent, vehicle_id: 7, road_id: 5130501884538257710 id: 2479
processing event: VehicleDepartureEvent, vehicle_id: 7, road_id: 5130501884538257710, offset: 0.000000 id: 2480 at time: 942.492
Processed event: VehicleDepartureEvent, vehicle_id: 7, road_id: 5130501884538257710, offset: 0.000000 id: 2480
processing event: VehicleArriveIntersectionEvent, vehicle_id: 15, road_id: 5130478356707409970 id: 2468 at time: 946.542
Processed event: VehicleArriveIntersectionEvent, vehicle_id: 15, road_id: 5130478356707409970 id: 2468
processing event: VehicleEnterNewRoadEvent, vehicle_id: 15, road_id: 5130478356707409948 id: 2482 at time: 946.542
Processed event: VehicleEnterNewRoadEvent, vehicle_id: 15, road_id: 5130478356707409948 id: 2482
processing event: VehicleDepartureEvent, vehicle_id: 15, road_id: 5130478356707409948, offset: 0.000000 id: 2483 at time: 946.542
Processed event: VehicleDepartureEvent, vehicle_id: 15, road_id: 5130478356707409948, offset: 0.000000 id: 2483
Event is not valid: VehicleArriveIntersectionEvent, vehicle_id: 5, road_id: 5130478386772181282 id: 2243 at time: 946.554
processing event: VehicleArriveIntersectionEvent, vehicle_id: 5, road_id: 5130478386772181282 id: 2441 at time: 946.554
Processed event: VehicleArriveIntersectionEvent, vehicle_id: 5, road_id: 5130478386772181282 id: 2441
processing event: VehicleArriveIntersectionEvent, vehicle_id: 9, road_id: 5130478412541984798 id: 2411 at time: 947.425
Processed event: VehicleArriveIntersectionEvent, vehicle_id: 9, road_id: 5130478412541984798 id: 2411
processing event: VehicleEnterNewRoadEvent, vehicle_id: 9, road_id: 5130478414689468445 id: 2486 at time: 947.425
Processed event: VehicleEnterNewRoadEvent, vehicle_id: 9, road_id: 5130478414689468445 id: 2486
processing event: VehicleDepartureEvent, vehicle_id: 9, road_id: 5130478414689468445, offset: 0.000000 id: 2487 at time: 947.425
Processed event: VehicleDepartureEvent, vehicle_id: 9, road_id: 5130478414689468445, offset: 0.000000 id: 2487
processing event: VehicleArriveIntersectionEvent, vehicle_id: 16, road_id: 5130501702002147817 id: 2439 at time: 947.851
Processed event: VehicleArriveIntersectionEvent, vehicle_id: 16, road_id: 5130501702002147817 id: 2439
processing event: VehicleEnterNewRoadEvent, vehicle_id: 16, road_id: 5130501702002147450 id: 2489 at time: 947.851
Processed event: VehicleEnterNewRoadEvent, vehicle_id: 16, road_id: 5130501702002147450 id: 2489
processing event: VehicleDepartureEvent, vehicle_id: 16, road_id: 5130501702002147450, offset: 0.000000 id: 2490 at time: 947.851
Processed event: VehicleDepartureEvent, vehicle_id: 16, road_id: 5130501702002147450, offset: 0.000000 id: 2490
processing event: VehicleEnterNewRoadEvent, vehicle_id: 5, road_id: 5130478386772181255 id: 2485 at time: 948.174
Processed event: VehicleEnterNewRoadEvent, vehicle_id: 5, road_id: 5130478386772181255 id: 2485
processing event: VehicleDepartureEvent, vehicle_id: 5, road_id: 5130478386772181255, offset: 0.000000 id: 2492 at time: 948.174
Processed event: VehicleDepartureEvent, vehicle_id: 5, road_id: 5130478386772181255, offset: 0.000000 id: 2492
processing event: VehicleArriveIntersectionEvent, vehicle_id: 17, road_id: 5130501884538257469 id: 2446 at time: 948.344
Processed event: VehicleArriveIntersectionEvent, vehicle_id: 17, road_id: 5130501884538257469 id: 2446
processing event: VehicleArriveIntersectionEvent, vehicle_id: 18, road_id: 5130501708444598563 id: 2426 at time: 948.923
Processed event: VehicleArriveIntersectionEvent, vehicle_id: 18, road_id: 5130501708444598563 id: 2426
processing event: VehicleEnterNewRoadEvent, vehicle_id: 18, road_id: 5130501708444598293 id: 2495 at time: 948.923
Processed event: VehicleEnterNewRoadEvent, vehicle_id: 18, road_id: 5130501708444598293 id: 2495
processing event: VehicleDepartureEvent, vehicle_id: 18, road_id: 5130501708444598293, offset: 0.000000 id: 2496 at time: 948.923
Processed event: VehicleDepartureEvent, vehicle_id: 18, road_id: 5130501708444598293, offset: 0.000000 id: 2496
processing event: VehicleArriveIntersectionEvent, vehicle_id: 7, road_id: 5130501884538257710 id: 2481 at time: 949.693
Processed event: VehicleArriveIntersectionEvent, vehicle_id: 7, road_id: 5130501884538257710 id: 2481
processing event: VehicleEnterNewRoadEvent, vehicle_id: 7, road_id: 5130501884538257709 id: 2498 at time: 949.693
Processed event: VehicleEnterNewRoadEvent, vehicle_id: 7, road_id: 5130501884538257709 id: 2498
processing event: VehicleDepartureEvent, vehicle_id: 7, road_id: 5130501884538257709, offset: 0.000000 id: 2499 at time: 949.693
Processed event: VehicleDepartureEvent, vehicle_id: 7, road_id: 5130501884538257709, offset: 0.000000 id: 2499
Simulator::runFor: now_ = 949.693 target = 950
[progress] simulator time = 950 / 1000
processing event: VehicleArriveIntersectionEvent, vehicle_id: 5, road_id: 5130478386772181255 id: 2493 at time: 950.874
Processed event: VehicleArriveIntersectionEvent, vehicle_id: 5, road_id: 5130478386772181255 id: 2493
processing event: VehicleEnterNewRoadEvent, vehicle_id: 5, road_id: 5130478386772181254 id: 2501 at time: 950.874
Processed event: VehicleEnterNewRoadEvent, vehicle_id: 5, road_id: 5130478386772181254 id: 2501
processing event: VehicleDepartureEvent, vehicle_id: 5, road_id: 5130478386772181254, offset: 0.000000 id: 2502 at time: 950.874
Processed event: VehicleDepartureEvent, vehicle_id: 5, road_id: 5130478386772181254, offset: 0.000000 id: 2502
processing event: VehicleArriveIntersectionEvent, vehicle_id: 14, road_id: 5130501867358389540 id: 2475 at time: 950.963
Processed event: VehicleArriveIntersectionEvent, vehicle_id: 14, road_id: 5130501867358389540 id: 2475
processing event: VehicleEnterNewRoadEvent, vehicle_id: 14, road_id: 5130501867358389320 id: 2504 at time: 950.963
Processed event: VehicleEnterNewRoadEvent, vehicle_id: 14, road_id: 5130501867358389320 id: 2504
processing event: VehicleDepartureEvent, vehicle_id: 14, road_id: 5130501867358389320, offset: 0.000000 id: 2505 at time: 950.963
Processed event: VehicleDepartureEvent, vehicle_id: 14, road_id: 5130501867358389320, offset: 0.000000 id: 2505
processing event: VehicleArriveIntersectionEvent, vehicle_id: 20, road_id: 5130478206383555035 id: 2471 at time: 951.167
Processed event: VehicleArriveIntersectionEvent, vehicle_id: 20, road_id: 5130478206383555035 id: 2471
processing event: VehicleEnterNewRoadEvent, vehicle_id: 20, road_id: 5130478206383554889 id: 2507 at time: 951.167
Processed event: VehicleEnterNewRoadEvent, vehicle_id: 20, road_id: 5130478206383554889 id: 2507
processing event: VehicleDepartureEvent, vehicle_id: 20, road_id: 5130478206383554889, offset: 0.000000 id: 2508 at time: 951.167
Processed event: VehicleDepartureEvent, vehicle_id: 20, road_id: 5130478206383554889, offset: 0.000000 id: 2508
processing event: VehicleArriveIntersectionEvent, vehicle_id: 11, road_id: 5130501704149631184 id: 2458 at time: 951.665
Processed event: VehicleArriveIntersectionEvent, vehicle_id: 11, road_id: 5130501704149631184 id: 2458
processing event: VehicleArriveIntersectionEvent, vehicle_id: 18, road_id: 5130501708444598293 id: 2497 at time: 951.983
Processed event: VehicleArriveIntersectionEvent, vehicle_id: 18, road_id: 5130501708444598293 id: 2497
processing event: VehicleEnterNewRoadEvent, vehicle_id: 18, road_id: 5130501708444599171 id: 2511 at time: 951.983
Processed event: VehicleEnterNewRoadEvent, vehicle_id: 18, road_id: 5130501708444599171 id: 2511
processing event: VehicleDepartureEvent, vehicle_id: 18, road_id: 5130501708444599171, offset: 0.000000 id: 2512 at time: 951.983
Processed event: VehicleDepartureEvent, vehicle_id: 18, road_id: 5130501708444599171, offset: 0.000000 id: 2512
processing event: VehicleArriveIntersectionEvent, vehicle_id: 1, road_id: 5130501708444598863 id: 2463 at time: 952.561
Processed event: VehicleArriveIntersectionEvent, vehicle_id: 1, road_id: 5130501708444598863 id: 2463
processing event: VehicleEnterNewRoadEvent, vehicle_id: 1, road_id: 5130501708444598861 id: 2514 at time: 952.561
Processed event: VehicleEnterNewRoadEvent, vehicle_id: 1, road_id: 5130501708444598861 id: 2514
processing event: VehicleDepartureEvent, vehicle_id: 1, road_id: 5130501708444598861, offset: 0.000000 id: 2515 at time: 952.561
Processed event: VehicleDepartureEvent, vehicle_id: 1, road_id: 5130501708444598861, offset: 0.000000 id: 2515
processing event: VehicleArriveIntersectionEvent, vehicle_id: 2, road_id: 5130501895275676053 id: 2478 at time: 953.065
Processed event: VehicleArriveIntersectionEvent, vehicle_id: 2, road_id: 5130501895275676053 id: 2478
processing event: VehicleEnterNewRoadEvent, vehicle_id: 2, road_id: 5130501895275676051 id: 2517 at time: 953.065
Processed event: VehicleEnterNewRoadEvent, vehicle_id: 2, road_id: 5130501895275676051 id: 2517
processing event: VehicleDepartureEvent, vehicle_id: 2, road_id: 5130501895275676051, offset: 0.000000 id: 2518 at time: 953.065
Processed event: VehicleDepartureEvent, vehicle_id: 2, road_id: 5130501895275676051, offset: 0.000000 id: 2518
processing event: VehicleArriveIntersectionEvent, vehicle_id: 5, road_id: 5130478386772181254 id: 2503 at time: 953.394
Processed event: VehicleArriveIntersectionEvent, vehicle_id: 5, road_id: 5130478386772181254 id: 2503
processing event: VehicleEnterNewRoadEvent, vehicle_id: 5, road_id: 5130478386772181271 id: 2520 at time: 953.394
Processed event: VehicleEnterNewRoadEvent, vehicle_id: 5, road_id: 5130478386772181271 id: 2520
processing event: VehicleDepartureEvent, vehicle_id: 5, road_id: 5130478386772181271, offset: 0.000000 id: 2521 at time: 953.394
Processed event: VehicleDepartureEvent, vehicle_id: 5, road_id: 5130478386772181271, offset: 0.000000 id: 2521
processing event: VehicleArriveIntersectionEvent, vehicle_id: 18, road_id: 5130501708444599171 id: 2513 at time: 954.503
Processed event: VehicleArriveIntersectionEvent, vehicle_id: 18, road_id: 5130501708444599171 id: 2513
processing event: VehicleEnterNewRoadEvent, vehicle_id: 18, road_id: 5130501708444599170 id: 2523 at time: 954.503
Processed event: VehicleEnterNewRoadEvent, vehicle_id: 18, road_id: 5130501708444599170 id: 2523
processing event: VehicleDepartureEvent, vehicle_id: 18, road_id: 5130501708444599170, offset: 0.000000 id: 2524 at time: 954.503
Processed event: VehicleDepartureEvent, vehicle_id: 18, road_id: 5130501708444599170, offset: 0.000000 id: 2524
processing event: VehicleEnterNewRoadEvent, vehicle_id: 11, road_id: 5130501704149630989 id: 2510 at time: 955.059
Processed event: VehicleEnterNewRoadEvent, vehicle_id: 11, road_id: 5130501704149630989 id: 2510
processing event: VehicleDepartureEvent, vehicle_id: 11, road_id: 5130501704149630989, offset: 0.000000 id: 2526 at time: 955.059
Processed event: VehicleDepartureEvent, vehicle_id: 11, road_id: 5130501704149630989, offset: 0.000000 id: 2526
processing event: VehicleArriveIntersectionEvent, vehicle_id: 19, road_id: 5130478399657083878 id: 2461 at time: 955.109
Processed event: VehicleArriveIntersectionEvent, vehicle_id: 19, road_id: 5130478399657083878 id: 2461
processing event: VehicleArriveIntersectionEvent, vehicle_id: 7, road_id: 5130501884538257709 id: 2500 at time: 956.174
Processed event: VehicleArriveIntersectionEvent, vehicle_id: 7, road_id: 5130501884538257709 id: 2500
processing event: VehicleEnterNewRoadEvent, vehicle_id: 7, road_id: 5130501884538257715 id: 2529 at time: 956.174
Processed event: VehicleEnterNewRoadEvent, vehicle_id: 7, road_id: 5130501884538257715 id: 2529
processing event: VehicleDepartureEvent, vehicle_id: 7, road_id: 5130501884538257715, offset: 0.000000 id: 2530 at time: 956.174
Processed event: VehicleDepartureEvent, vehicle_id: 7, road_id: 5130501884538257715, offset: 0.000000 id: 2530
processing event: VehicleEnterNewRoadEvent, vehicle_id: 19, road_id: 5130478399657083870 id: 2528 at time: 956.729
Processed event: VehicleEnterNewRoadEvent, vehicle_id: 19, road_id: 5130478399657083870 id: 2528
processing event: VehicleDepartureEvent, vehicle_id: 19, road_id: 5130478399657083870, offset: 0.000000 id: 2532 at time: 956.729
Processed event: VehicleDepartureEvent, vehicle_id: 19, road_id: 5130478399657083870, offset: 0.000000 id: 2532
processing event: VehicleArriveIntersectionEvent, vehicle_id: 18, road_id: 5130501708444599170 id: 2525 at time: 957.384
Processed event: VehicleArriveIntersectionEvent, vehicle_id: 18, road_id: 5130501708444599170 id: 2525
processing event: VehicleArriveIntersectionEvent, vehicle_id: 16, road_id: 5130501702002147450 id: 2491 at time: 957.752
Processed event: VehicleArriveIntersectionEvent, vehicle_id: 16, road_id: 5130501702002147450 id: 2491
processing event: VehicleEnterNewRoadEvent, vehicle_id: 16, road_id: 5130501702002147427 id: 2535 at time: 957.752
Processed event: VehicleEnterNewRoadEvent, vehicle_id: 16, road_id: 5130501702002147427 id: 2535
processing event: VehicleDepartureEvent, vehicle_id: 16, road_id: 5130501702002147427, offset: 0.000000 id: 2536 at time: 957.752
Processed event: VehicleDepartureEvent, vehicle_id: 16, road_id: 5130501702002147427, offset: 0.000000 id: 2536
processing event: VehicleEnterNewRoadEvent, vehicle_id: 18, road_id: 5130501708444599172 id: 2534 at time: 958.464
Processed event: VehicleEnterNewRoadEvent, vehicle_id: 18, road_id: 5130501708444599172 id: 2534
processing event: VehicleDepartureEvent, vehicle_id: 18, road_id: 5130501708444599172, offset: 0.000000 id: 2538 at time: 958.464
Processed event: VehicleDepartureEvent, vehicle_id: 18, road_id: 5130501708444599172, offset: 0.000000 id: 2538
Simulator::runFor: now_ = 958.464 target = 960
[progress] simulator time = 960 / 1000
processing event: VehicleArriveIntersectionEvent, vehicle_id: 1, road_id: 5130501708444598861 id: 2516 at time: 961.382
Processed event: VehicleArriveIntersectionEvent, vehicle_id: 1, road_id: 5130501708444598861 id: 2516
processing event: VehicleEnterNewRoadEvent, vehicle_id: 1, road_id: 5130501708444598860 id: 2540 at time: 961.382
Processed event: VehicleEnterNewRoadEvent, vehicle_id: 1, road_id: 5130501708444598860 id: 2540
processing event: VehicleDepartureEvent, vehicle_id: 1, road_id: 5130501708444598860, offset: 0.000000 id: 2541 at time: 961.382
Processed event: VehicleDepartureEvent, vehicle_id: 1, road_id: 5130501708444598860, offset: 0.000000 id: 2541
processing event: VehicleArriveIntersectionEvent, vehicle_id: 14, road_id: 5130501867358389320 id: 2506 at time: 961.404
Processed event: VehicleArriveIntersectionEvent, vehicle_id: 14, road_id: 5130501867358389320 id: 2506
processing event: VehicleEnterNewRoadEvent, vehicle_id: 14, road_id: 5130501867358389319 id: 2543 at time: 961.404
Processed event: VehicleEnterNewRoadEvent, vehicle_id: 14, road_id: 5130501867358389319 id: 2543
processing event: VehicleDepartureEvent, vehicle_id: 14, road_id: 5130501867358389319, offset: 0.000000 id: 2544 at time: 961.404
Processed event: VehicleDepartureEvent, vehicle_id: 14, road_id: 5130501867358389319, offset: 0.000000 id: 2544
processing event: VehicleArriveIntersectionEvent, vehicle_id: 18, road_id: 5130501708444599172 id: 2539 at time: 962.604
Processed event: VehicleArriveIntersectionEvent, vehicle_id: 18, road_id: 5130501708444599172 id: 2539
processing event: VehicleEnterNewRoadEvent, vehicle_id: 18, road_id: 5130501708444598297 id: 2546 at time: 962.604
Processed event: VehicleEnterNewRoadEvent, vehicle_id: 18, road_id: 5130501708444598297 id: 2546
processing event: VehicleDepartureEvent, vehicle_id: 18, road_id: 5130501708444598297, offset: 0.000000 id: 2547 at time: 962.604
Processed event: VehicleDepartureEvent, vehicle_id: 18, road_id: 5130501708444598297, offset: 0.000000 id: 2547
processing event: VehicleArriveIntersectionEvent, vehicle_id: 18, road_id: 5130501708444598297 id: 2548 at time: 967.465
Processed event: VehicleArriveIntersectionEvent, vehicle_id: 18, road_id: 5130501708444598297 id: 2548
processing event: VehicleEnterNewRoadEvent, vehicle_id: 18, road_id: 5130501708444598742 id: 2549 at time: 968.005
Processed event: VehicleEnterNewRoadEvent, vehicle_id: 18, road_id: 5130501708444598742 id: 2549
processing event: VehicleDepartureEvent, vehicle_id: 18, road_id: 5130501708444598742, offset: 0.000000 id: 2550 at time: 968.005
Processed event: VehicleDepartureEvent, vehicle_id: 18, road_id: 5130501708444598742, offset: 0.000000 id: 2550
processing event: VehicleArriveIntersectionEvent, vehicle_id: 16, road_id: 5130501702002147427 id: 2537 at time: 969.273
Processed event: VehicleArriveIntersectionEvent, vehicle_id: 16, road_id: 5130501702002147427 id: 2537
processing event: VehicleArriveIntersectionEvent, vehicle_id: 1, road_id: 5130501708444598860 id: 2542 at time: 969.483
Processed event: VehicleArriveIntersectionEvent, vehicle_id: 1, road_id: 5130501708444598860 id: 2542
processing event: VehicleEnterNewRoadEvent, vehicle_id: 1, road_id: 5130501708444598892 id: 2553 at time: 969.483
Processed event: VehicleEnterNewRoadEvent, vehicle_id: 1, road_id: 5130501708444598892 id: 2553
processing event: VehicleDepartureEvent, vehicle_id: 1, road_id: 5130501708444598892, offset: 0.000000 id: 2554 at time: 969.483
Processed event: VehicleDepartureEvent, vehicle_id: 1, road_id: 5130501708444598892, offset: 0.000000 id: 2554
processing event: VehicleArriveIntersectionEvent, vehicle_id: 14, road_id: 5130501867358389319 id: 2545 at time: 969.865
Processed event: VehicleArriveIntersectionEvent, vehicle_id: 14, road_id: 5130501867358389319 id: 2545
processing event: VehicleEnterNewRoadEvent, vehicle_id: 14, road_id: 5130501867358389790 id: 2556 at time: 969.865
Processed event: VehicleEnterNewRoadEvent, vehicle_id: 14, road_id: 5130501867358389790 id: 2556
processing event: VehicleDepartureEvent, vehicle_id: 14, road_id: 5130501867358389790, offset: 0.000000 id: 2557 at time: 969.865
Processed event: VehicleDepartureEvent, vehicle_id: 14, road_id: 5130501867358389790, offset: 0.000000 id: 2557
Simulator::runFor: now_ = 969.865 target = 970
[progress] simulator time = 970 / 1000
processing event: VehicleEnterNewRoadEvent, vehicle_id: 16, road_id: 5130501702002147653 id: 2552 at time: 971.434
Processed event: VehicleEnterNewRoadEvent, vehicle_id: 16, road_id: 5130501702002147653 id: 2552
processing event: VehicleDepartureEvent, vehicle_id: 16, road_id: 5130501702002147653, offset: 0.000000 id: 2559 at time: 971.434
Processed event: VehicleDepartureEvent, vehicle_id: 16, road_id: 5130501702002147653, offset: 0.000000 id: 2559
processing event: VehicleArriveIntersectionEvent, vehicle_id: 18, road_id: 5130501708444598742 id: 2551 at time: 973.405
Processed event: VehicleArriveIntersectionEvent, vehicle_id: 18, road_id: 5130501708444598742 id: 2551
processing event: VehicleEnterNewRoadEvent, vehicle_id: 18, road_id: 5130501708444598743 id: 2561 at time: 973.405
Processed event: VehicleEnterNewRoadEvent, vehicle_id: 18, road_id: 5130501708444598743 id: 2561
processing event: VehicleDepartureEvent, vehicle_id: 18, road_id: 5130501708444598743, offset: 0.000000 id: 2562 at time: 973.405
Processed event: VehicleDepartureEvent, vehicle_id: 18, road_id: 5130501708444598743, offset: 0.000000 id: 2562
processing event: VehicleEnterNewRoadEvent, vehicle_id: 17, road_id: 5130501884538257569 id: 2494 at time: 975.41
Processed event: VehicleEnterNewRoadEvent, vehicle_id: 17, road_id: 5130501884538257569 id: 2494
processing event: VehicleDepartureEvent, vehicle_id: 17, road_id: 5130501884538257569, offset: 0.000000 id: 2564 at time: 975.41
Processed event: VehicleDepartureEvent, vehicle_id: 17, road_id: 5130501884538257569, offset: 0.000000 id: 2564
processing event: VehicleArriveIntersectionEvent, vehicle_id: 2, road_id: 5130501895275676051 id: 2519 at time: 976.468
Processed event: VehicleArriveIntersectionEvent, vehicle_id: 2, road_id: 5130501895275676051 id: 2519
processing event: VehicleEnterNewRoadEvent, vehicle_id: 2, road_id: 5130501895275676030 id: 2566 at time: 976.468
Processed event: VehicleEnterNewRoadEvent, vehicle_id: 2, road_id: 5130501895275676030 id: 2566
processing event: VehicleDepartureEvent, vehicle_id: 2, road_id: 5130501895275676030, offset: 0.000000 id: 2567 at time: 976.468
Processed event: VehicleDepartureEvent, vehicle_id: 2, road_id: 5130501895275676030, offset: 0.000000 id: 2567
processing event: VehicleArriveIntersectionEvent, vehicle_id: 14, road_id: 5130501867358389790 id: 2558 at time: 976.886
Processed event: VehicleArriveIntersectionEvent, vehicle_id: 14, road_id: 5130501867358389790 id: 2558
processing event: VehicleEnterNewRoadEvent, vehicle_id: 14, road_id: 5130501867358389791 id: 2569 at time: 976.886
Processed event: VehicleEnterNewRoadEvent, vehicle_id: 14, road_id: 5130501867358389791 id: 2569
processing event: VehicleDepartureEvent, vehicle_id: 14, road_id: 5130501867358389791, offset: 0.000000 id: 2570 at time: 976.886
Processed event: VehicleDepartureEvent, vehicle_id: 14, road_id: 5130501867358389791, offset: 0.000000 id: 2570
processing event: VehicleArriveIntersectionEvent, vehicle_id: 6, road_id: 5130501706297115208 id: 2414 at time: 979.611
Processed event: VehicleArriveIntersectionEvent, vehicle_id: 6, road_id: 5130501706297115208 id: 2414
Simulator::runFor: now_ = 979.611 target = 980
[progress] simulator time = 980 / 1000
processing event: VehicleArriveIntersectionEvent, vehicle_id: 16, road_id: 5130501702002147653 id: 2560 at time: 980.615
Processed event: VehicleArriveIntersectionEvent, vehicle_id: 16, road_id: 5130501702002147653 id: 2560
processing event: VehicleEnterNewRoadEvent, vehicle_id: 16, road_id: 5130501702002147934 id: 2573 at time: 980.615
Processed event: VehicleEnterNewRoadEvent, vehicle_id: 16, road_id: 5130501702002147934 id: 2573
processing event: VehicleDepartureEvent, vehicle_id: 16, road_id: 5130501702002147934, offset: 0.000000 id: 2574 at time: 980.615
Processed event: VehicleDepartureEvent, vehicle_id: 16, road_id: 5130501702002147934, offset: 0.000000 id: 2574
processing event: VehicleArriveIntersectionEvent, vehicle_id: 18, road_id: 5130501708444598743 id: 2563 at time: 981.146
Processed event: VehicleArriveIntersectionEvent, vehicle_id: 18, road_id: 5130501708444598743 id: 2563
processing event: VehicleEnterNewRoadEvent, vehicle_id: 18, road_id: 5130501708444598671 id: 2576 at time: 981.146
Processed event: VehicleEnterNewRoadEvent, vehicle_id: 18, road_id: 5130501708444598671 id: 2576
processing event: VehicleDepartureEvent, vehicle_id: 18, road_id: 5130501708444598671, offset: 0.000000 id: 2577 at time: 981.146
Processed event: VehicleDepartureEvent, vehicle_id: 18, road_id: 5130501708444598671, offset: 0.000000 id: 2577
processing event: VehicleArriveIntersectionEvent, vehicle_id: 9, road_id: 5130478414689468445 id: 2488 at time: 981.268
Processed event: VehicleArriveIntersectionEvent, vehicle_id: 9, road_id: 5130478414689468445 id: 2488
processing event: VehicleArriveIntersectionEvent, vehicle_id: 14, road_id: 5130501867358389791 id: 2571 at time: 983.366
Processed event: VehicleArriveIntersectionEvent, vehicle_id: 14, road_id: 5130501867358389791 id: 2571
processing event: VehicleEnterNewRoadEvent, vehicle_id: 14, road_id: 5130501867358388644 id: 2580 at time: 983.366
Processed event: VehicleEnterNewRoadEvent, vehicle_id: 14, road_id: 5130501867358388644 id: 2580
processing event: VehicleDepartureEvent, vehicle_id: 14, road_id: 5130501867358388644, offset: 0.000000 id: 2581 at time: 983.366
Processed event: VehicleDepartureEvent, vehicle_id: 14, road_id: 5130501867358388644, offset: 0.000000 id: 2581
processing event: VehicleEnterNewRoadEvent, vehicle_id: 9, road_id: 5130478410394501134 id: 2579 at time: 983.813
Processed event: VehicleEnterNewRoadEvent, vehicle_id: 9, road_id: 5130478410394501134 id: 2579
processing event: VehicleDepartureEvent, vehicle_id: 9, road_id: 5130478410394501134, offset: 0.000000 id: 2583 at time: 983.813
Processed event: VehicleDepartureEvent, vehicle_id: 9, road_id: 5130478410394501134, offset: 0.000000 id: 2583
processing event: VehicleArriveIntersectionEvent, vehicle_id: 7, road_id: 5130501884538257715 id: 2531 at time: 987.137
Processed event: VehicleArriveIntersectionEvent, vehicle_id: 7, road_id: 5130501884538257715 id: 2531
processing event: VehicleEnterNewRoadEvent, vehicle_id: 7, road_id: 5130501858768453639 id: 2585 at time: 987.137
Processed event: VehicleEnterNewRoadEvent, vehicle_id: 7, road_id: 5130501858768453639 id: 2585
processing event: VehicleDepartureEvent, vehicle_id: 7, road_id: 5130501858768453639, offset: 0.000000 id: 2586 at time: 987.137
Processed event: VehicleDepartureEvent, vehicle_id: 7, road_id: 5130501858768453639, offset: 0.000000 id: 2586
processing event: VehicleArriveIntersectionEvent, vehicle_id: 1, road_id: 5130501708444598892 id: 2555 at time: 987.845
Processed event: VehicleArriveIntersectionEvent, vehicle_id: 1, road_id: 5130501708444598892 id: 2555
processing event: VehicleEnterNewRoadEvent, vehicle_id: 1, road_id: 5130501708444598891 id: 2588 at time: 987.845
Processed event: VehicleEnterNewRoadEvent, vehicle_id: 1, road_id: 5130501708444598891 id: 2588
processing event: VehicleDepartureEvent, vehicle_id: 1, road_id: 5130501708444598891, offset: 0.000000 id: 2589 at time: 987.845
Processed event: VehicleDepartureEvent, vehicle_id: 1, road_id: 5130501708444598891, offset: 0.000000 id: 2589
processing event: VehicleArriveIntersectionEvent, vehicle_id: 16, road_id: 5130501702002147934 id: 2575 at time: 989.436
Processed event: VehicleArriveIntersectionEvent, vehicle_id: 16, road_id: 5130501702002147934 id: 2575
processing event: VehicleEnterNewRoadEvent, vehicle_id: 16, road_id: 5130501702002147933 id: 2591 at time: 989.436
Processed event: VehicleEnterNewRoadEvent, vehicle_id: 16, road_id: 5130501702002147933 id: 2591
processing event: VehicleDepartureEvent, vehicle_id: 16, road_id: 5130501702002147933, offset: 0.000000 id: 2592 at time: 989.436
Processed event: VehicleDepartureEvent, vehicle_id: 16, road_id: 5130501702002147933, offset: 0.000000 id: 2592
Simulator::runFor: now_ = 989.436 target = 990
[progress] simulator time = 990 / 1000
processing event: VehicleArriveIntersectionEvent, vehicle_id: 18, road_id: 5130501708444598671 id: 2578 at time: 990.867
Processed event: VehicleArriveIntersectionEvent, vehicle_id: 18, road_id: 5130501708444598671 id: 2578
processing event: VehicleEnterNewRoadEvent, vehicle_id: 18, road_id: 5130501708444598670 id: 2594 at time: 990.867
Processed event: VehicleEnterNewRoadEvent, vehicle_id: 18, road_id: 5130501708444598670 id: 2594
processing event: VehicleDepartureEvent, vehicle_id: 18, road_id: 5130501708444598670, offset: 0.000000 id: 2595 at time: 990.867
Processed event: VehicleDepartureEvent, vehicle_id: 18, road_id: 5130501708444598670, offset: 0.000000 id: 2595
processing event: VehicleArriveIntersectionEvent, vehicle_id: 20, road_id: 5130478206383554889 id: 2509 at time: 991.131
Processed event: VehicleArriveIntersectionEvent, vehicle_id: 20, road_id: 5130478206383554889 id: 2509
processing event: VehicleEnterNewRoadEvent, vehicle_id: 20, road_id: 5130478206383554913 id: 2597 at time: 991.131
Processed event: VehicleEnterNewRoadEvent, vehicle_id: 20, road_id: 5130478206383554913 id: 2597
processing event: VehicleDepartureEvent, vehicle_id: 20, road_id: 5130478206383554913, offset: 0.000000 id: 2598 at time: 991.131
Processed event: VehicleDepartureEvent, vehicle_id: 20, road_id: 5130478206383554913, offset: 0.000000 id: 2598
Event is not valid: VehicleCheckPointEvent, vehicle_id: 10 id: 2465 at time: 992.231
processing event: VehicleArriveIntersectionEvent, vehicle_id: 10, road_id: 5130478206383555039 id: 2469 at time: 993.671
Processed event: VehicleArriveIntersectionEvent, vehicle_id: 10, road_id: 5130478206383555039 id: 2469
processing event: PassengerRouteStartEvent, passenger_id: 42, route_id: 1 id: 41 at time: 994
Processed event: PassengerRouteStartEvent, passenger_id: 42, route_id: 1 id: 41
processing event: OrderCreatedEvent, order_id: 42, available_pickups: 4 , available_dropoffs: 3 , passenger_id: 42, route_id: 1, passenger_num: 0 id: 2601 at time: 994
Processed event: OrderCreatedEvent, order_id: 42, available_pickups: 4 , available_dropoffs: 3 , passenger_id: 42, route_id: 1, passenger_num: 3 id: 2601
processing event: VehicleArriveIntersectionEvent, vehicle_id: 16, road_id: 5130501702002147933 id: 2593 at time: 994.116
Processed event: VehicleArriveIntersectionEvent, vehicle_id: 16, road_id: 5130501702002147933 id: 2593
processing event: VehicleEnterNewRoadEvent, vehicle_id: 16, road_id: 5130501702002147577 id: 2602 at time: 994.116
Processed event: VehicleEnterNewRoadEvent, vehicle_id: 16, road_id: 5130501702002147577 id: 2602
processing event: VehicleDepartureEvent, vehicle_id: 16, road_id: 5130501702002147577, offset: 0.000000 id: 2603 at time: 994.116
Processed event: VehicleDepartureEvent, vehicle_id: 16, road_id: 5130501702002147577, offset: 0.000000 id: 2603
processing event: VehicleEnterNewRoadEvent, vehicle_id: 10, road_id: 5130478206383555035 id: 2600 at time: 994.838
Processed event: VehicleEnterNewRoadEvent, vehicle_id: 10, road_id: 5130478206383555035 id: 2600
processing event: VehicleDepartureEvent, vehicle_id: 10, road_id: 5130478206383555035, offset: 0.000000 id: 2605 at time: 994.838
Processed event: VehicleDepartureEvent, vehicle_id: 10, road_id: 5130478206383555035, offset: 0.000000 id: 2605
processing event: VehicleArriveIntersectionEvent, vehicle_id: 11, road_id: 5130501704149630989 id: 2527 at time: 996.643
Processed event: VehicleArriveIntersectionEvent, vehicle_id: 11, road_id: 5130501704149630989 id: 2527
processing event: VehicleEnterNewRoadEvent, vehicle_id: 11, road_id: 5130501706297115037 id: 2607 at time: 996.643
Processed event: VehicleEnterNewRoadEvent, vehicle_id: 11, road_id: 5130501706297115037 id: 2607
processing event: VehicleDepartureEvent, vehicle_id: 11, road_id: 5130501706297115037, offset: 0.000000 id: 2608 at time: 996.643
Processed event: VehicleDepartureEvent, vehicle_id: 11, road_id: 5130501706297115037, offset: 0.000000 id: 2608
Simulator::runFor: now_ = 996.643 target = 1000
[progress] simulator time = 1000 / 1000 (done)
Running time: 81121ms
Metrics collection produced 807 passenger records. Provide --metrics_output=path to write results.
