log_path: D:\PythonProject5\logs\simulator\simulation-19-20260817012724-b359bc8b
Loading map from D:\PythonProject5\data\zhijiaocheng_20260817_092723_85a4947f_area\map\map_file_0d5d7ebb8a8c4a11ac5d80bb52ba30a2.json
Loading walking links from D:\PythonProject5\data\zhijiaocheng_20260817_092723_85a4947f_area\walk_links\walk_links.json
Loading stops from D:\PythonProject5\data\zhijiaocheng_20260817_092723_85a4947f_area\stops\stop_file_9eef8443ae9347b088cf1857105f9263.json
Loading signal from D:\PythonProject5\data\zhijiaocheng_20260817_092723_85a4947f_area\signals\signal_file_5ac76dd221584022a61a7d10261167c2.json
Loading walking signals from D:\PythonProject5\data\zhijiaocheng_20260817_092723_85a4947f_area\walk_signals\walk_signals.json
Loading buses from D:\PythonProject5\data\zhijiaocheng_20260817_092723_85a4947f_area\buses\bus_file_158fff99f4ab4d8fa129e639f2a17b5a.json
Loading orders from D:\PythonProject5\data\zhijiaocheng_20260817_092723_85a4947f_area\orders\order_file_19f8214f99aa4887aa6102517e98e65a.json
Simulator::runFor: now_ = 0 target = 10
[progress] simulator time = 10 / 3600
Simulator::runFor: now_ = 10 target = 20
[progress] simulator time = 20 / 3600
processing event: PassengerRouteStartEvent, passenger_id: 1, route_id: 1 id: 0 at time: 22
Processed event: PassengerRouteStartEvent, passenger_id: 1, route_id: 1 id: 0
processing event: OrderCreatedEvent, order_id: 1, available_pickups: 39 , available_dropoffs: 71 , passenger_id: 1, route_id: 1, passenger_num: 0 id: 453 at time: 22
Processed event: OrderCreatedEvent, order_id: 1, available_pickups: 39 , available_dropoffs: 71 , passenger_id: 1, route_id: 1, passenger_num: 2 id: 453
Simulator::runFor: now_ = 22 target = 30
[progress] simulator time = 30 / 3600
processing event: OrderMatchedEvent, order_id: 1, vehicle_id: 1 id: 454 at time: 30
Processed event: OrderMatchedEvent, order_id: 1, vehicle_id: 1 id: 454
processing event: VehicleDepartureEvent, vehicle_id: 1, road_id: 1000000000000000257, offset: 209.100000 id: 455 at time: 30
Processed event: VehicleDepartureEvent, vehicle_id: 1, road_id: 1000000000000000257, offset: 209.100000 id: 455
processing event: PassengerArrivalEvent, passenger_id: 1 id: 456 at time: 30
Processed event: PassengerArrivalEvent, passenger_id: 1 id: 456
Simulator::runFor: now_ = 30 target = 40
[progress] simulator time = 40 / 3600
Simulator::runFor: now_ = 40 target = 50
[progress] simulator time = 50 / 3600
processing event: VehicleArriveIntersectionEvent, vehicle_id: 1, road_id: 1000000000000000257 id: 457 at time: 56.8047
Processed event: VehicleArriveIntersectionEvent, vehicle_id: 1, road_id: 1000000000000000257 id: 457
Simulator::runFor: now_ = 56.8047 target = 60
[progress] simulator time = 60 / 3600
Simulator::runFor: now_ = 60 target = 70
[progress] simulator time = 70 / 3600
Simulator::runFor: now_ = 70 target = 80
[progress] simulator time = 80 / 3600
processing event: VehicleEnterNewRoadEvent, vehicle_id: 1, road_id: 1000000000000001752 id: 458 at time: 85.3852
Processed event: VehicleEnterNewRoadEvent, vehicle_id: 1, road_id: 1000000000000001752 id: 458
processing event: VehicleDepartureEvent, vehicle_id: 1, road_id: 1000000000000001752, offset: 0.000000 id: 459 at time: 85.3852
Processed event: VehicleDepartureEvent, vehicle_id: 1, road_id: 1000000000000001752, offset: 0.000000 id: 459
Simulator::runFor: now_ = 85.3852 target = 90
[progress] simulator time = 90 / 3600
Simulator::runFor: now_ = 90 target = 100
[progress] simulator time = 100 / 3600
Simulator::runFor: now_ = 100 target = 110
[progress] simulator time = 110 / 3600
processing event: PassengerRouteStartEvent, passenger_id: 2, route_id: 1 id: 1 at time: 117
Processed event: PassengerRouteStartEvent, passenger_id: 2, route_id: 1 id: 1
processing event: OrderCreatedEvent, order_id: 2, available_pickups: 25 , available_dropoffs: 71 , passenger_id: 2, route_id: 1, passenger_num: 0 id: 461 at time: 117
Processed event: OrderCreatedEvent, order_id: 2, available_pickups: 25 , available_dropoffs: 71 , passenger_id: 2, route_id: 1, passenger_num: 1 id: 461
Simulator::runFor: now_ = 117 target = 120
[progress] simulator time = 120 / 3600
processing event: OrderMatchedEvent, order_id: 2, vehicle_id: 5 id: 462 at time: 120
Processed event: OrderMatchedEvent, order_id: 2, vehicle_id: 5 id: 462
processing event: VehicleDepartureEvent, vehicle_id: 5, road_id: 1000000000000000623, offset: 158.230000 id: 463 at time: 120
Processed event: VehicleDepartureEvent, vehicle_id: 5, road_id: 1000000000000000623, offset: 158.230000 id: 463
processing event: PassengerArrivalEvent, passenger_id: 2 id: 464 at time: 120
Processed event: PassengerArrivalEvent, passenger_id: 2 id: 464
Simulator::runFor: now_ = 120 target = 130
[progress] simulator time = 130 / 3600
Simulator::runFor: now_ = 130 target = 140
[progress] simulator time = 140 / 3600
processing event: VehicleArriveIntersectionEvent, vehicle_id: 1, road_id: 1000000000000001752 id: 460 at time: 149.832
Processed event: VehicleArriveIntersectionEvent, vehicle_id: 1, road_id: 1000000000000001752 id: 460
Simulator::runFor: now_ = 149.832 target = 150
[progress] simulator time = 150 / 3600
processing event: VehicleArriveIntersectionEvent, vehicle_id: 5, road_id: 1000000000000000623 id: 465 at time: 153.982
Processed event: VehicleArriveIntersectionEvent, vehicle_id: 5, road_id: 1000000000000000623 id: 465
Simulator::runFor: now_ = 153.982 target = 160
[progress] simulator time = 160 / 3600
processing event: VehicleEnterNewRoadEvent, vehicle_id: 1, road_id: 1000000000000001750 id: 466 at time: 165.852
Processed event: VehicleEnterNewRoadEvent, vehicle_id: 1, road_id: 1000000000000001750 id: 466
processing event: VehicleDepartureEvent, vehicle_id: 1, road_id: 1000000000000001750, offset: 0.000000 id: 468 at time: 165.852
Processed event: VehicleDepartureEvent, vehicle_id: 1, road_id: 1000000000000001750, offset: 0.000000 id: 468
Simulator::runFor: now_ = 165.852 target = 170
[progress] simulator time = 170 / 3600
processing event: VehicleEnterNewRoadEvent, vehicle_id: 5, road_id: 1000000000000000620 id: 467 at time: 170.025
Processed event: VehicleEnterNewRoadEvent, vehicle_id: 5, road_id: 1000000000000000620 id: 467
processing event: VehicleDepartureEvent, vehicle_id: 5, road_id: 1000000000000000620, offset: 0.000000 id: 470 at time: 170.025
Processed event: VehicleDepartureEvent, vehicle_id: 5, road_id: 1000000000000000620, offset: 0.000000 id: 470
Simulator::runFor: now_ = 170.025 target = 180
[progress] simulator time = 180 / 3600
processing event: VehicleArriveIntersectionEvent, vehicle_id: 5, road_id: 1000000000000000620 id: 471 at time: 188.747
Processed event: VehicleArriveIntersectionEvent, vehicle_id: 5, road_id: 1000000000000000620 id: 471
Simulator::runFor: now_ = 188.747 target = 190
[progress] simulator time = 190 / 3600
Simulator::runFor: now_ = 190 target = 200
[progress] simulator time = 200 / 3600
Simulator::runFor: now_ = 200 target = 210
[progress] simulator time = 210 / 3600
processing event: VehicleArriveIntersectionEvent, vehicle_id: 1, road_id: 1000000000000001750 id: 469 at time: 218.417
Processed event: VehicleArriveIntersectionEvent, vehicle_id: 1, road_id: 1000000000000001750 id: 469
Simulator::runFor: now_ = 218.417 target = 220
[progress] simulator time = 220 / 3600
Simulator::runFor: now_ = 220 target = 230
[progress] simulator time = 230 / 3600
processing event: VehicleEnterNewRoadEvent, vehicle_id: 5, road_id: 1000000000000000254 id: 472 at time: 233.451
Processed event: VehicleEnterNewRoadEvent, vehicle_id: 5, road_id: 1000000000000000254 id: 472
processing event: VehicleDepartureEvent, vehicle_id: 5, road_id: 1000000000000000254, offset: 0.000000 id: 474 at time: 233.451
Processed event: VehicleDepartureEvent, vehicle_id: 5, road_id: 1000000000000000254, offset: 0.000000 id: 474
Simulator::runFor: now_ = 233.451 target = 240
[progress] simulator time = 240 / 3600
processing event: VehicleArriveIntersectionEvent, vehicle_id: 5, road_id: 1000000000000000254 id: 475 at time: 242.992
Processed event: VehicleArriveIntersectionEvent, vehicle_id: 5, road_id: 1000000000000000254 id: 475
processing event: VehicleEnterNewRoadEvent, vehicle_id: 1, road_id: 1000000000000001928 id: 473 at time: 246.079
Processed event: VehicleEnterNewRoadEvent, vehicle_id: 1, road_id: 1000000000000001928 id: 473
processing event: VehicleDepartureEvent, vehicle_id: 1, road_id: 1000000000000001928, offset: 0.000000 id: 477 at time: 246.079
Processed event: VehicleDepartureEvent, vehicle_id: 1, road_id: 1000000000000001928, offset: 0.000000 id: 477
Simulator::runFor: now_ = 246.079 target = 250
[progress] simulator time = 250 / 3600
processing event: VehicleArriveIntersectionEvent, vehicle_id: 1, road_id: 1000000000000001928 id: 478 at time: 255.62
Processed event: VehicleArriveIntersectionEvent, vehicle_id: 1, road_id: 1000000000000001928 id: 478
processing event: VehicleEnterNewRoadEvent, vehicle_id: 1, road_id: 1000000000000001945 id: 479 at time: 257.421
Processed event: VehicleEnterNewRoadEvent, vehicle_id: 1, road_id: 1000000000000001945 id: 479
processing event: VehicleDepartureEvent, vehicle_id: 1, road_id: 1000000000000001945, offset: 0.000000 id: 480 at time: 257.421
Processed event: VehicleDepartureEvent, vehicle_id: 1, road_id: 1000000000000001945, offset: 0.000000 id: 480
Simulator::runFor: now_ = 257.421 target = 260
[progress] simulator time = 260 / 3600
Simulator::runFor: now_ = 260 target = 270
[progress] simulator time = 270 / 3600
processing event: VehicleArriveIntersectionEvent, vehicle_id: 1, road_id: 1000000000000001945 id: 481 at time: 276.142
Processed event: VehicleArriveIntersectionEvent, vehicle_id: 1, road_id: 1000000000000001945 id: 481
Simulator::runFor: now_ = 276.142 target = 280
[progress] simulator time = 280 / 3600
Simulator::runFor: now_ = 280 target = 290
[progress] simulator time = 290 / 3600
processing event: VehicleEnterNewRoadEvent, vehicle_id: 5, road_id: 1000000000000001749 id: 476 at time: 296.664
Processed event: VehicleEnterNewRoadEvent, vehicle_id: 5, road_id: 1000000000000001749 id: 476
processing event: VehicleDepartureEvent, vehicle_id: 5, road_id: 1000000000000001749, offset: 0.000000 id: 483 at time: 296.664
Processed event: VehicleDepartureEvent, vehicle_id: 5, road_id: 1000000000000001749, offset: 0.000000 id: 483
Simulator::runFor: now_ = 296.664 target = 300
[progress] simulator time = 300 / 3600
Simulator::runFor: now_ = 300 target = 310
[progress] simulator time = 310 / 3600
processing event: VehicleEnterNewRoadEvent, vehicle_id: 1, road_id: 1000000000000001947 id: 482 at time: 318.932
Processed event: VehicleEnterNewRoadEvent, vehicle_id: 1, road_id: 1000000000000001947 id: 482
processing event: VehicleDepartureEvent, vehicle_id: 1, road_id: 1000000000000001947, offset: 0.000000 id: 485 at time: 318.932
Processed event: VehicleDepartureEvent, vehicle_id: 1, road_id: 1000000000000001947, offset: 0.000000 id: 485
Simulator::runFor: now_ = 318.932 target = 320
[progress] simulator time = 320 / 3600
Simulator::runFor: now_ = 320 target = 330
[progress] simulator time = 330 / 3600
Simulator::runFor: now_ = 330 target = 340
[progress] simulator time = 340 / 3600
Simulator::runFor: now_ = 340 target = 350
[progress] simulator time = 350 / 3600
Simulator::runFor: now_ = 350 target = 360
[progress] simulator time = 360 / 3600
processing event: VehicleArriveIntersectionEvent, vehicle_id: 5, road_id: 1000000000000001749 id: 484 at time: 362.911
Processed event: VehicleArriveIntersectionEvent, vehicle_id: 5, road_id: 1000000000000001749 id: 484
processing event: VehicleEnterNewRoadEvent, vehicle_id: 5, road_id: 1000000000000001754 id: 487 at time: 363.911
Processed event: VehicleEnterNewRoadEvent, vehicle_id: 5, road_id: 1000000000000001754 id: 487
processing event: VehicleDepartureEvent, vehicle_id: 5, road_id: 1000000000000001754, offset: 0.000000 id: 488 at time: 363.911
Processed event: VehicleDepartureEvent, vehicle_id: 5, road_id: 1000000000000001754, offset: 0.000000 id: 488
Simulator::runFor: now_ = 363.911 target = 370
[progress] simulator time = 370 / 3600
Simulator::runFor: now_ = 370 target = 380
[progress] simulator time = 380 / 3600
processing event: VehicleArriveIntersectionEvent, vehicle_id: 1, road_id: 1000000000000001947 id: 486 at time: 381.398
Processed event: VehicleArriveIntersectionEvent, vehicle_id: 1, road_id: 1000000000000001947 id: 486
Simulator::runFor: now_ = 381.398 target = 390
[progress] simulator time = 390 / 3600
Simulator::runFor: now_ = 390 target = 400
[progress] simulator time = 400 / 3600
processing event: VehicleEnterNewRoadEvent, vehicle_id: 1, road_id: 1000000000000001946 id: 490 at time: 409.853
Processed event: VehicleEnterNewRoadEvent, vehicle_id: 1, road_id: 1000000000000001946 id: 490
processing event: VehicleDepartureEvent, vehicle_id: 1, road_id: 1000000000000001946, offset: 0.000000 id: 491 at time: 409.853
Processed event: VehicleDepartureEvent, vehicle_id: 1, road_id: 1000000000000001946, offset: 0.000000 id: 491
Simulator::runFor: now_ = 409.853 target = 410
[progress] simulator time = 410 / 3600
Simulator::runFor: now_ = 410 target = 420
[progress] simulator time = 420 / 3600
Simulator::runFor: now_ = 420 target = 430
[progress] simulator time = 430 / 3600
Simulator::runFor: now_ = 430 target = 440
[progress] simulator time = 440 / 3600
Simulator::runFor: now_ = 440 target = 450
[progress] simulator time = 450 / 3600
Simulator::runFor: now_ = 450 target = 460
[progress] simulator time = 460 / 3600
processing event: VehicleArriveIntersectionEvent, vehicle_id: 5, road_id: 1000000000000001754 id: 489 at time: 460.941
Processed event: VehicleArriveIntersectionEvent, vehicle_id: 5, road_id: 1000000000000001754 id: 489
Simulator::runFor: now_ = 460.941 target = 470
[progress] simulator time = 470 / 3600
Simulator::runFor: now_ = 470 target = 480
[progress] simulator time = 480 / 3600
Simulator::runFor: now_ = 480 target = 490
[progress] simulator time = 490 / 3600
Simulator::runFor: now_ = 490 target = 500
[progress] simulator time = 500 / 3600
processing event: VehicleEnterNewRoadEvent, vehicle_id: 5, road_id: 1000000000000000267 id: 493 at time: 508.009
Processed event: VehicleEnterNewRoadEvent, vehicle_id: 5, road_id: 1000000000000000267 id: 493
processing event: VehicleDepartureEvent, vehicle_id: 5, road_id: 1000000000000000267, offset: 0.000000 id: 494 at time: 508.009
Processed event: VehicleDepartureEvent, vehicle_id: 5, road_id: 1000000000000000267, offset: 0.000000 id: 494
Simulator::runFor: now_ = 508.009 target = 510
[progress] simulator time = 510 / 3600
Simulator::runFor: now_ = 510 target = 520
[progress] simulator time = 520 / 3600
processing event: VehicleArriveIntersectionEvent, vehicle_id: 1, road_id: 1000000000000001946 id: 492 at time: 526.864
Processed event: VehicleArriveIntersectionEvent, vehicle_id: 1, road_id: 1000000000000001946 id: 492
Simulator::runFor: now_ = 526.864 target = 530
[progress] simulator time = 530 / 3600
Simulator::runFor: now_ = 530 target = 540
[progress] simulator time = 540 / 3600
Simulator::runFor: now_ = 540 target = 550
[progress] simulator time = 550 / 3600
processing event: VehicleEnterNewRoadEvent, vehicle_id: 1, road_id: 1000000000000000901 id: 496 at time: 557.903
Processed event: VehicleEnterNewRoadEvent, vehicle_id: 1, road_id: 1000000000000000901 id: 496
processing event: VehicleDepartureEvent, vehicle_id: 1, road_id: 1000000000000000901, offset: 0.000000 id: 497 at time: 557.903
Processed event: VehicleDepartureEvent, vehicle_id: 1, road_id: 1000000000000000901, offset: 0.000000 id: 497
Simulator::runFor: now_ = 557.903 target = 560
[progress] simulator time = 560 / 3600
Simulator::runFor: now_ = 560 target = 570
[progress] simulator time = 570 / 3600
processing event: BusArrivalEvent, vehicle_id: 5, stop_id: 25 id: 495 at time: 578.662
Processed event: BusArrivalEvent, vehicle_id: 5, stop_id: 25 id: 495
processing event: PassengerOnboardEvent, passenger_id: 2 id: 499 at time: 578.662
Processed event: PassengerOnboardEvent, passenger_id: 2 id: 499
Simulator::runFor: now_ = 578.662 target = 580
[progress] simulator time = 580 / 3600
processing event: VehicleDepartureEvent, vehicle_id: 5, road_id: 1000000000000000267, offset: 392.480000 id: 500 at time: 583.662
Processed event: VehicleDepartureEvent, vehicle_id: 5, road_id: 1000000000000000267, offset: 392.480000 id: 500
Simulator::runFor: now_ = 583.662 target = 590
[progress] simulator time = 590 / 3600
Simulator::runFor: now_ = 590 target = 600
[progress] simulator time = 600 / 3600
Simulator::runFor: now_ = 600 target = 610
[progress] simulator time = 610 / 3600
processing event: VehicleArriveIntersectionEvent, vehicle_id: 5, road_id: 1000000000000000267 id: 501 at time: 610.039
Processed event: VehicleArriveIntersectionEvent, vehicle_id: 5, road_id: 1000000000000000267 id: 501
Simulator::runFor: now_ = 610.039 target = 620
[progress] simulator time = 620 / 3600
Simulator::runFor: now_ = 620 target = 630
[progress] simulator time = 630 / 3600
processing event: VehicleArriveIntersectionEvent, vehicle_id: 1, road_id: 1000000000000000901 id: 498 at time: 635.671
Processed event: VehicleArriveIntersectionEvent, vehicle_id: 1, road_id: 1000000000000000901 id: 498
Simulator::runFor: now_ = 635.671 target = 640
[progress] simulator time = 640 / 3600
Simulator::runFor: now_ = 640 target = 650
[progress] simulator time = 650 / 3600
processing event: VehicleEnterNewRoadEvent, vehicle_id: 5, road_id: 1000000000000001748 id: 502 at time: 655.37
Processed event: VehicleEnterNewRoadEvent, vehicle_id: 5, road_id: 1000000000000001748 id: 502
processing event: VehicleDepartureEvent, vehicle_id: 5, road_id: 1000000000000001748, offset: 0.000000 id: 504 at time: 655.37
Processed event: VehicleDepartureEvent, vehicle_id: 5, road_id: 1000000000000001748, offset: 0.000000 id: 504
Simulator::runFor: now_ = 655.37 target = 660
[progress] simulator time = 660 / 3600
Simulator::runFor: now_ = 660 target = 670
[progress] simulator time = 670 / 3600
processing event: VehicleEnterNewRoadEvent, vehicle_id: 1, road_id: 1000000000000000646 id: 503 at time: 679.964
Processed event: VehicleEnterNewRoadEvent, vehicle_id: 1, road_id: 1000000000000000646 id: 503
processing event: VehicleDepartureEvent, vehicle_id: 1, road_id: 1000000000000000646, offset: 0.000000 id: 506 at time: 679.964
Processed event: VehicleDepartureEvent, vehicle_id: 1, road_id: 1000000000000000646, offset: 0.000000 id: 506
Simulator::runFor: now_ = 679.964 target = 680
[progress] simulator time = 680 / 3600
Simulator::runFor: now_ = 680 target = 690
[progress] simulator time = 690 / 3600
Simulator::runFor: now_ = 690 target = 700
[progress] simulator time = 700 / 3600
processing event: VehicleArriveIntersectionEvent, vehicle_id: 5, road_id: 1000000000000001748 id: 505 at time: 704.335
Processed event: VehicleArriveIntersectionEvent, vehicle_id: 5, road_id: 1000000000000001748 id: 505
Simulator::runFor: now_ = 704.335 target = 710
[progress] simulator time = 710 / 3600
processing event: VehicleEnterNewRoadEvent, vehicle_id: 5, road_id: 1000000000000000907 id: 508 at time: 710.919
Processed event: VehicleEnterNewRoadEvent, vehicle_id: 5, road_id: 1000000000000000907 id: 508
processing event: VehicleDepartureEvent, vehicle_id: 5, road_id: 1000000000000000907, offset: 0.000000 id: 509 at time: 710.919
Processed event: VehicleDepartureEvent, vehicle_id: 5, road_id: 1000000000000000907, offset: 0.000000 id: 509
Simulator::runFor: now_ = 710.919 target = 720
[progress] simulator time = 720 / 3600
Simulator::runFor: now_ = 720 target = 730
[progress] simulator time = 730 / 3600
processing event: VehicleArriveIntersectionEvent, vehicle_id: 5, road_id: 1000000000000000907 id: 510 at time: 730.721
Processed event: VehicleArriveIntersectionEvent, vehicle_id: 5, road_id: 1000000000000000907 id: 510
processing event: VehicleEnterNewRoadEvent, vehicle_id: 5, road_id: 1000000000000000908 id: 511 at time: 732.521
Processed event: VehicleEnterNewRoadEvent, vehicle_id: 5, road_id: 1000000000000000908 id: 511
processing event: VehicleDepartureEvent, vehicle_id: 5, road_id: 1000000000000000908, offset: 0.000000 id: 512 at time: 732.521
Processed event: VehicleDepartureEvent, vehicle_id: 5, road_id: 1000000000000000908, offset: 0.000000 id: 512
processing event: VehicleArriveIntersectionEvent, vehicle_id: 1, road_id: 1000000000000000646 id: 507 at time: 733.79
Processed event: VehicleArriveIntersectionEvent, vehicle_id: 1, road_id: 1000000000000000646 id: 507
Simulator::runFor: now_ = 733.79 target = 740
[progress] simulator time = 740 / 3600
Simulator::runFor: now_ = 740 target = 750
[progress] simulator time = 750 / 3600
processing event: VehicleArriveIntersectionEvent, vehicle_id: 5, road_id: 1000000000000000908 id: 513 at time: 757.003
Processed event: VehicleArriveIntersectionEvent, vehicle_id: 5, road_id: 1000000000000000908 id: 513
Simulator::runFor: now_ = 757.003 target = 760
[progress] simulator time = 760 / 3600
processing event: VehicleEnterNewRoadEvent, vehicle_id: 5, road_id: 1000000000000000181 id: 515 at time: 769.8
Processed event: VehicleEnterNewRoadEvent, vehicle_id: 5, road_id: 1000000000000000181 id: 515
processing event: VehicleDepartureEvent, vehicle_id: 5, road_id: 1000000000000000181, offset: 0.000000 id: 516 at time: 769.8
Processed event: VehicleDepartureEvent, vehicle_id: 5, road_id: 1000000000000000181, offset: 0.000000 id: 516
Simulator::runFor: now_ = 769.8 target = 770
[progress] simulator time = 770 / 3600
Simulator::runFor: now_ = 770 target = 780
[progress] simulator time = 780 / 3600
Simulator::runFor: now_ = 780 target = 790
[progress] simulator time = 790 / 3600
processing event: VehicleArriveIntersectionEvent, vehicle_id: 5, road_id: 1000000000000000181 id: 517 at time: 799.863
Processed event: VehicleArriveIntersectionEvent, vehicle_id: 5, road_id: 1000000000000000181 id: 517
Simulator::runFor: now_ = 799.863 target = 800
[progress] simulator time = 800 / 3600
processing event: PassengerRouteStartEvent, passenger_id: 3, route_id: 1 id: 2 at time: 803
Processed event: PassengerRouteStartEvent, passenger_id: 3, route_id: 1 id: 2
processing event: OrderCreatedEvent, order_id: 3, available_pickups: 58 83 , available_dropoffs: 71 , passenger_id: 3, route_id: 1, passenger_num: 0 id: 519 at time: 803
Processed event: OrderCreatedEvent, order_id: 3, available_pickups: 58 83 , available_dropoffs: 71 , passenger_id: 3, route_id: 1, passenger_num: 2 id: 519
processing event: VehicleEnterNewRoadEvent, vehicle_id: 1, road_id: 1000000000000000648 id: 514 at time: 803.313
Processed event: VehicleEnterNewRoadEvent, vehicle_id: 1, road_id: 1000000000000000648 id: 514
processing event: VehicleDepartureEvent, vehicle_id: 1, road_id: 1000000000000000648, offset: 0.000000 id: 520 at time: 803.313
Processed event: VehicleDepartureEvent, vehicle_id: 1, road_id: 1000000000000000648, offset: 0.000000 id: 520
processing event: VehicleArriveIntersectionEvent, vehicle_id: 1, road_id: 1000000000000000648 id: 521 at time: 804.933
Processed event: VehicleArriveIntersectionEvent, vehicle_id: 1, road_id: 1000000000000000648 id: 521
processing event: VehicleEnterNewRoadEvent, vehicle_id: 1, road_id: 1000000000000000897 id: 522 at time: 808.891
Processed event: VehicleEnterNewRoadEvent, vehicle_id: 1, road_id: 1000000000000000897 id: 522
processing event: VehicleDepartureEvent, vehicle_id: 1, road_id: 1000000000000000897, offset: 0.000000 id: 523 at time: 808.891
Processed event: VehicleDepartureEvent, vehicle_id: 1, road_id: 1000000000000000897, offset: 0.000000 id: 523
Simulator::runFor: now_ = 808.891 target = 810
[progress] simulator time = 810 / 3600
processing event: OrderMatchedEvent, order_id: 3, vehicle_id: 2 id: 525 at time: 810
Processed event: OrderMatchedEvent, order_id: 3, vehicle_id: 2 id: 525
processing event: VehicleDepartureEvent, vehicle_id: 2, road_id: 1000000000000000250, offset: 137.350000 id: 526 at time: 810
Processed event: VehicleDepartureEvent, vehicle_id: 2, road_id: 1000000000000000250, offset: 137.350000 id: 526
processing event: PassengerArrivalEvent, passenger_id: 3 id: 527 at time: 810
Processed event: PassengerArrivalEvent, passenger_id: 3 id: 527
processing event: VehicleArriveIntersectionEvent, vehicle_id: 1, road_id: 1000000000000000897 id: 524 at time: 815.732
Processed event: VehicleArriveIntersectionEvent, vehicle_id: 1, road_id: 1000000000000000897 id: 524
processing event: PassengerRouteStartEvent, passenger_id: 4, route_id: 1 id: 3 at time: 820
Processed event: PassengerRouteStartEvent, passenger_id: 4, route_id: 1 id: 3
processing event: OrderCreatedEvent, order_id: 4, available_pickups: 41 , available_dropoffs: 68 , passenger_id: 4, route_id: 1, passenger_num: 0 id: 530 at time: 820
Processed event: OrderCreatedEvent, order_id: 4, available_pickups: 41 , available_dropoffs: 68 , passenger_id: 4, route_id: 1, passenger_num: 2 id: 530
Simulator::runFor: now_ = 820 target = 820
[progress] simulator time = 820 / 3600
processing event: OrderMatchedEvent, order_id: 4, vehicle_id: 7 id: 531 at time: 820
Processed event: OrderMatchedEvent, order_id: 4, vehicle_id: 7 id: 531
processing event: VehicleDepartureEvent, vehicle_id: 7, road_id: 1000000000000001038, offset: 54.970000 id: 532 at time: 820
Processed event: VehicleDepartureEvent, vehicle_id: 7, road_id: 1000000000000001038, offset: 54.970000 id: 532
processing event: PassengerArrivalEvent, passenger_id: 4 id: 533 at time: 820
Processed event: PassengerArrivalEvent, passenger_id: 4 id: 533
processing event: VehicleEnterNewRoadEvent, vehicle_id: 5, road_id: 1000000000000000183 id: 518 at time: 829.157
Processed event: VehicleEnterNewRoadEvent, vehicle_id: 5, road_id: 1000000000000000183 id: 518
processing event: VehicleDepartureEvent, vehicle_id: 5, road_id: 1000000000000000183, offset: 0.000000 id: 535 at time: 829.157
Processed event: VehicleDepartureEvent, vehicle_id: 5, road_id: 1000000000000000183, offset: 0.000000 id: 535
Simulator::runFor: now_ = 829.157 target = 830
[progress] simulator time = 830 / 3600
Simulator::runFor: now_ = 830 target = 840
[progress] simulator time = 840 / 3600
Simulator::runFor: now_ = 840 target = 850
[progress] simulator time = 850 / 3600
processing event: VehicleArriveIntersectionEvent, vehicle_id: 7, road_id: 1000000000000001038 id: 534 at time: 853.309
Processed event: VehicleArriveIntersectionEvent, vehicle_id: 7, road_id: 1000000000000001038 id: 534
Simulator::runFor: now_ = 853.309 target = 860
[progress] simulator time = 860 / 3600
processing event: VehicleArriveIntersectionEvent, vehicle_id: 2, road_id: 1000000000000000250 id: 528 at time: 869.703
Processed event: VehicleArriveIntersectionEvent, vehicle_id: 2, road_id: 1000000000000000250 id: 528
Simulator::runFor: now_ = 869.703 target = 870
[progress] simulator time = 870 / 3600
Simulator::runFor: now_ = 870 target = 880
[progress] simulator time = 880 / 3600
processing event: VehicleEnterNewRoadEvent, vehicle_id: 1, road_id: 1000000000000001789 id: 529 at time: 884.391
Processed event: VehicleEnterNewRoadEvent, vehicle_id: 1, road_id: 1000000000000001789 id: 529
processing event: VehicleDepartureEvent, vehicle_id: 1, road_id: 1000000000000001789, offset: 0.000000 id: 539 at time: 884.391
Processed event: VehicleDepartureEvent, vehicle_id: 1, road_id: 1000000000000001789, offset: 0.000000 id: 539
Simulator::runFor: now_ = 884.391 target = 890
[progress] simulator time = 890 / 3600
processing event: VehicleEnterNewRoadEvent, vehicle_id: 7, road_id: 1000000000000001041 id: 537 at time: 892.8
Processed event: VehicleEnterNewRoadEvent, vehicle_id: 7, road_id: 1000000000000001041 id: 537
processing event: VehicleDepartureEvent, vehicle_id: 7, road_id: 1000000000000001041, offset: 0.000000 id: 541 at time: 892.8
Processed event: VehicleDepartureEvent, vehicle_id: 7, road_id: 1000000000000001041, offset: 0.000000 id: 541
Simulator::runFor: now_ = 892.8 target = 900
[progress] simulator time = 900 / 3600
Simulator::runFor: now_ = 900 target = 910
[progress] simulator time = 910 / 3600
processing event: VehicleArriveIntersectionEvent, vehicle_id: 7, road_id: 1000000000000001041 id: 542 at time: 917.463
Processed event: VehicleArriveIntersectionEvent, vehicle_id: 7, road_id: 1000000000000001041 id: 542
Simulator::runFor: now_ = 917.463 target = 920
[progress] simulator time = 920 / 3600
processing event: VehicleArriveIntersectionEvent, vehicle_id: 1, road_id: 1000000000000001789 id: 540 at time: 920.754
Processed event: VehicleArriveIntersectionEvent, vehicle_id: 1, road_id: 1000000000000001789 id: 540
processing event: VehicleEnterNewRoadEvent, vehicle_id: 1, road_id: 1000000000000001795 id: 544 at time: 922.554
Processed event: VehicleEnterNewRoadEvent, vehicle_id: 1, road_id: 1000000000000001795 id: 544
processing event: VehicleDepartureEvent, vehicle_id: 1, road_id: 1000000000000001795, offset: 0.000000 id: 545 at time: 922.554
Processed event: VehicleDepartureEvent, vehicle_id: 1, road_id: 1000000000000001795, offset: 0.000000 id: 545
processing event: VehicleEnterNewRoadEvent, vehicle_id: 2, road_id: 1000000000000000907 id: 538 at time: 923.862
Processed event: VehicleEnterNewRoadEvent, vehicle_id: 2, road_id: 1000000000000000907 id: 538
processing event: VehicleDepartureEvent, vehicle_id: 2, road_id: 1000000000000000907, offset: 0.000000 id: 547 at time: 923.862
Processed event: VehicleDepartureEvent, vehicle_id: 2, road_id: 1000000000000000907, offset: 0.000000 id: 547
Simulator::runFor: now_ = 923.862 target = 930
[progress] simulator time = 930 / 3600
processing event: VehicleEnterNewRoadEvent, vehicle_id: 7, road_id: 1000000000000001039 id: 543 at time: 931.142
Processed event: VehicleEnterNewRoadEvent, vehicle_id: 7, road_id: 1000000000000001039 id: 543
processing event: VehicleDepartureEvent, vehicle_id: 7, road_id: 1000000000000001039, offset: 0.000000 id: 549 at time: 931.142
Processed event: VehicleDepartureEvent, vehicle_id: 7, road_id: 1000000000000001039, offset: 0.000000 id: 549
Simulator::runFor: now_ = 931.142 target = 940
[progress] simulator time = 940 / 3600
processing event: VehicleArriveIntersectionEvent, vehicle_id: 2, road_id: 1000000000000000907 id: 548 at time: 943.664
Processed event: VehicleArriveIntersectionEvent, vehicle_id: 2, road_id: 1000000000000000907 id: 548
processing event: VehicleArriveIntersectionEvent, vehicle_id: 5, road_id: 1000000000000000183 id: 536 at time: 948.149
Processed event: VehicleArriveIntersectionEvent, vehicle_id: 5, road_id: 1000000000000000183 id: 536
Simulator::runFor: now_ = 948.149 target = 950
[progress] simulator time = 950 / 3600
Simulator::runFor: now_ = 950 target = 960
[progress] simulator time = 960 / 3600
processing event: VehicleArriveIntersectionEvent, vehicle_id: 7, road_id: 1000000000000001039 id: 550 at time: 960.305
Processed event: VehicleArriveIntersectionEvent, vehicle_id: 7, road_id: 1000000000000001039 id: 550
processing event: VehicleEnterNewRoadEvent, vehicle_id: 2, road_id: 1000000000000000908 id: 551 at time: 961.8
Processed event: VehicleEnterNewRoadEvent, vehicle_id: 2, road_id: 1000000000000000908 id: 551
processing event: VehicleDepartureEvent, vehicle_id: 2, road_id: 1000000000000000908, offset: 0.000000 id: 554 at time: 961.8
Processed event: VehicleDepartureEvent, vehicle_id: 2, road_id: 1000000000000000908, offset: 0.000000 id: 554
processing event: VehicleEnterNewRoadEvent, vehicle_id: 5, road_id: 1000000000000000184 id: 552 at time: 965.853
Processed event: VehicleEnterNewRoadEvent, vehicle_id: 5, road_id: 1000000000000000184 id: 552
processing event: VehicleDepartureEvent, vehicle_id: 5, road_id: 1000000000000000184, offset: 0.000000 id: 556 at time: 965.853
Processed event: VehicleDepartureEvent, vehicle_id: 5, road_id: 1000000000000000184, offset: 0.000000 id: 556
Simulator::runFor: now_ = 965.853 target = 970
[progress] simulator time = 970 / 3600
Simulator::runFor: now_ = 970 target = 980
[progress] simulator time = 980 / 3600
processing event: VehicleArriveIntersectionEvent, vehicle_id: 2, road_id: 1000000000000000908 id: 555 at time: 986.283
Processed event: VehicleArriveIntersectionEvent, vehicle_id: 2, road_id: 1000000000000000908 id: 555
processing event: VehicleEnterNewRoadEvent, vehicle_id: 2, road_id: 1000000000000000181 id: 558 at time: 988.083
Processed event: VehicleEnterNewRoadEvent, vehicle_id: 2, road_id: 1000000000000000181 id: 558
processing event: VehicleDepartureEvent, vehicle_id: 2, road_id: 1000000000000000181, offset: 0.000000 id: 559 at time: 988.083
Processed event: VehicleDepartureEvent, vehicle_id: 2, road_id: 1000000000000000181, offset: 0.000000 id: 559
Simulator::runFor: now_ = 988.083 target = 990
[progress] simulator time = 990 / 3600
processing event: VehicleEnterNewRoadEvent, vehicle_id: 7, road_id: 1000000000000001883 id: 553 at time: 994.568
Processed event: VehicleEnterNewRoadEvent, vehicle_id: 7, road_id: 1000000000000001883 id: 553
processing event: VehicleDepartureEvent, vehicle_id: 7, road_id: 1000000000000001883, offset: 0.000000 id: 561 at time: 994.568
Processed event: VehicleDepartureEvent, vehicle_id: 7, road_id: 1000000000000001883, offset: 0.000000 id: 561
Simulator::runFor: now_ = 994.568 target = 1000
[progress] simulator time = 1000 / 3600
Simulator::runFor: now_ = 1000 target = 1010
[progress] simulator time = 1010 / 3600
processing event: VehicleArriveIntersectionEvent, vehicle_id: 2, road_id: 1000000000000000181 id: 560 at time: 1018.15
Processed event: VehicleArriveIntersectionEvent, vehicle_id: 2, road_id: 1000000000000000181 id: 560
Simulator::runFor: now_ = 1018.15 target = 1020
[progress] simulator time = 1020 / 3600
processing event: VehicleArriveIntersectionEvent, vehicle_id: 1, road_id: 1000000000000001795 id: 546 at time: 1020.66
Processed event: VehicleArriveIntersectionEvent, vehicle_id: 1, road_id: 1000000000000001795 id: 546
processing event: VehicleArriveIntersectionEvent, vehicle_id: 5, road_id: 1000000000000000184 id: 557 at time: 1023.46
Processed event: VehicleArriveIntersectionEvent, vehicle_id: 5, road_id: 1000000000000000184 id: 557
processing event: PassengerRouteStartEvent, passenger_id: 5, route_id: 1 id: 4 at time: 1028
Processed event: PassengerRouteStartEvent, passenger_id: 5, route_id: 1 id: 4
processing event: OrderCreatedEvent, order_id: 5, available_pickups: 2 81 , available_dropoffs: 71 , passenger_id: 5, route_id: 1, passenger_num: 0 id: 566 at time: 1028
Processed event: OrderCreatedEvent, order_id: 5, available_pickups: 2 81 , available_dropoffs: 71 , passenger_id: 5, route_id: 1, passenger_num: 2 id: 566
processing event: VehicleArriveIntersectionEvent, vehicle_id: 7, road_id: 1000000000000001883 id: 562 at time: 1029.85
Processed event: VehicleArriveIntersectionEvent, vehicle_id: 7, road_id: 1000000000000001883 id: 562
Simulator::runFor: now_ = 1029.85 target = 1030
[progress] simulator time = 1030 / 3600
processing event: OrderMatchedEvent, order_id: 5, vehicle_id: 5 id: 568 at time: 1030
Processed event: OrderMatchedEvent, order_id: 5, vehicle_id: 5 id: 568
processing event: PassengerArrivalEvent, passenger_id: 5 id: 569 at time: 1030
Processed event: PassengerArrivalEvent, passenger_id: 5 id: 569
Simulator::runFor: now_ = 1030 target = 1040
[progress] simulator time = 1040 / 3600
Simulator::runFor: now_ = 1040 target = 1050
[progress] simulator time = 1050 / 3600
processing event: VehicleEnterNewRoadEvent, vehicle_id: 5, road_id: 1000000000000001387 id: 565 at time: 1057
Processed event: VehicleEnterNewRoadEvent, vehicle_id: 5, road_id: 1000000000000001387 id: 565
processing event: VehicleDepartureEvent, vehicle_id: 5, road_id: 1000000000000001387, offset: 0.000000 id: 570 at time: 1057
Processed event: VehicleDepartureEvent, vehicle_id: 5, road_id: 1000000000000001387, offset: 0.000000 id: 570
processing event: VehicleEnterNewRoadEvent, vehicle_id: 7, road_id: 1000000000000000938 id: 567 at time: 1057.99
Processed event: VehicleEnterNewRoadEvent, vehicle_id: 7, road_id: 1000000000000000938 id: 567
processing event: VehicleDepartureEvent, vehicle_id: 7, road_id: 1000000000000000938, offset: 0.000000 id: 572 at time: 1057.99
Processed event: VehicleDepartureEvent, vehicle_id: 7, road_id: 1000000000000000938, offset: 0.000000 id: 572
processing event: VehicleEnterNewRoadEvent, vehicle_id: 2, road_id: 1000000000000000183 id: 563 at time: 1058.01
Processed event: VehicleEnterNewRoadEvent, vehicle_id: 2, road_id: 1000000000000000183 id: 563
processing event: VehicleDepartureEvent, vehicle_id: 2, road_id: 1000000000000000183, offset: 0.000000 id: 574 at time: 1058.01
Processed event: VehicleDepartureEvent, vehicle_id: 2, road_id: 1000000000000000183, offset: 0.000000 id: 574
Simulator::runFor: now_ = 1058.01 target = 1060
[progress] simulator time = 1060 / 3600
processing event: VehicleEnterNewRoadEvent, vehicle_id: 1, road_id: 1000000000000001794 id: 564 at time: 1060.34
Processed event: VehicleEnterNewRoadEvent, vehicle_id: 1, road_id: 1000000000000001794 id: 564
processing event: VehicleDepartureEvent, vehicle_id: 1, road_id: 1000000000000001794, offset: 0.000000 id: 576 at time: 1060.34
Processed event: VehicleDepartureEvent, vehicle_id: 1, road_id: 1000000000000001794, offset: 0.000000 id: 576
Simulator::runFor: now_ = 1060.34 target = 1070
[progress] simulator time = 1070 / 3600
Simulator::runFor: now_ = 1070 target = 1080
[progress] simulator time = 1080 / 3600
Simulator::runFor: now_ = 1080 target = 1090
[progress] simulator time = 1090 / 3600
processing event: VehicleArriveIntersectionEvent, vehicle_id: 7, road_id: 1000000000000000938 id: 573 at time: 1095.08
Processed event: VehicleArriveIntersectionEvent, vehicle_id: 7, road_id: 1000000000000000938 id: 573
processing event: VehicleEnterNewRoadEvent, vehicle_id: 7, road_id: 1000000000000000275 id: 578 at time: 1099.04
Processed event: VehicleEnterNewRoadEvent, vehicle_id: 7, road_id: 1000000000000000275 id: 578
processing event: VehicleDepartureEvent, vehicle_id: 7, road_id: 1000000000000000275, offset: 0.000000 id: 579 at time: 1099.04
Processed event: VehicleDepartureEvent, vehicle_id: 7, road_id: 1000000000000000275, offset: 0.000000 id: 579
Simulator::runFor: now_ = 1099.04 target = 1100
[progress] simulator time = 1100 / 3600
Simulator::runFor: now_ = 1100 target = 1110
[progress] simulator time = 1110 / 3600
processing event: VehicleArriveIntersectionEvent, vehicle_id: 5, road_id: 1000000000000001387 id: 571 at time: 1113.71
Processed event: VehicleArriveIntersectionEvent, vehicle_id: 5, road_id: 1000000000000001387 id: 571
processing event: VehicleArriveIntersectionEvent, vehicle_id: 1, road_id: 1000000000000001794 id: 577 at time: 1116.69
Processed event: VehicleArriveIntersectionEvent, vehicle_id: 1, road_id: 1000000000000001794 id: 577
processing event: VehicleEnterNewRoadEvent, vehicle_id: 5, road_id: 1000000000000001073 id: 581 at time: 1117.66
Processed event: VehicleEnterNewRoadEvent, vehicle_id: 5, road_id: 1000000000000001073 id: 581
processing event: VehicleDepartureEvent, vehicle_id: 5, road_id: 1000000000000001073, offset: 0.000000 id: 583 at time: 1117.66
Processed event: VehicleDepartureEvent, vehicle_id: 5, road_id: 1000000000000001073, offset: 0.000000 id: 583
processing event: VehicleEnterNewRoadEvent, vehicle_id: 1, road_id: 1000000000000001793 id: 582 at time: 1118.14
Processed event: VehicleEnterNewRoadEvent, vehicle_id: 1, road_id: 1000000000000001793 id: 582
processing event: VehicleDepartureEvent, vehicle_id: 1, road_id: 1000000000000001793, offset: 0.000000 id: 585 at time: 1118.14
Processed event: VehicleDepartureEvent, vehicle_id: 1, road_id: 1000000000000001793, offset: 0.000000 id: 585
Simulator::runFor: now_ = 1118.14 target = 1120
[progress] simulator time = 1120 / 3600
Simulator::runFor: now_ = 1120 target = 1130
[progress] simulator time = 1130 / 3600
processing event: PassengerRouteStartEvent, passenger_id: 6, route_id: 1 id: 5 at time: 1138
Processed event: PassengerRouteStartEvent, passenger_id: 6, route_id: 1 id: 5
processing event: OrderCreatedEvent, order_id: 6, available_pickups: 41 , available_dropoffs: 71 , passenger_id: 6, route_id: 1, passenger_num: 0 id: 587 at time: 1138
Processed event: OrderCreatedEvent, order_id: 6, available_pickups: 41 , available_dropoffs: 71 , passenger_id: 6, route_id: 1, passenger_num: 2 id: 587
Simulator::runFor: now_ = 1138 target = 1140
[progress] simulator time = 1140 / 3600
processing event: OrderMatchedEvent, order_id: 6, vehicle_id: 1 id: 588 at time: 1140
Processed event: OrderMatchedEvent, order_id: 6, vehicle_id: 1 id: 588
processing event: PassengerArrivalEvent, passenger_id: 6 id: 590 at time: 1140
Processed event: PassengerArrivalEvent, passenger_id: 6 id: 590
Simulator::runFor: now_ = 1140 target = 1150
[progress] simulator time = 1150 / 3600
Simulator::runFor: now_ = 1150 target = 1160
[progress] simulator time = 1160 / 3600
Simulator::runFor: now_ = 1160 target = 1170
[progress] simulator time = 1170 / 3600
processing event: VehicleArriveIntersectionEvent, vehicle_id: 2, road_id: 1000000000000000183 id: 575 at time: 1177
Processed event: VehicleArriveIntersectionEvent, vehicle_id: 2, road_id: 1000000000000000183 id: 575
Simulator::runFor: now_ = 1177 target = 1180
[progress] simulator time = 1180 / 3600
processing event: PassengerRouteStartEvent, passenger_id: 7, route_id: 1 id: 6 at time: 1182
Processed event: PassengerRouteStartEvent, passenger_id: 7, route_id: 1 id: 6
processing event: OrderCreatedEvent, order_id: 7, available_pickups: 41 , available_dropoffs: 68 , passenger_id: 7, route_id: 1, passenger_num: 0 id: 592 at time: 1182
Processed event: OrderCreatedEvent, order_id: 7, available_pickups: 41 , available_dropoffs: 68 , passenger_id: 7, route_id: 1, passenger_num: 1 id: 592
processing event: VehicleArriveIntersectionEvent, vehicle_id: 5, road_id: 1000000000000001073 id: 584 at time: 1189.85
Processed event: VehicleArriveIntersectionEvent, vehicle_id: 5, road_id: 1000000000000001073 id: 584
Simulator::runFor: now_ = 1189.85 target = 1190
[progress] simulator time = 1190 / 3600
processing event: OrderMatchedEvent, order_id: 7, vehicle_id: 7 id: 594 at time: 1190
Processed event: OrderMatchedEvent, order_id: 7, vehicle_id: 7 id: 594
processing event: PassengerArrivalEvent, passenger_id: 7 id: 596 at time: 1190
Processed event: PassengerArrivalEvent, passenger_id: 7 id: 596
processing event: VehicleEnterNewRoadEvent, vehicle_id: 5, road_id: 1000000000000001074 id: 593 at time: 1191.65
Processed event: VehicleEnterNewRoadEvent, vehicle_id: 5, road_id: 1000000000000001074 id: 593
processing event: VehicleDepartureEvent, vehicle_id: 5, road_id: 1000000000000001074, offset: 0.000000 id: 597 at time: 1191.65
Processed event: VehicleDepartureEvent, vehicle_id: 5, road_id: 1000000000000001074, offset: 0.000000 id: 597
Simulator::runFor: now_ = 1191.65 target = 1200
[progress] simulator time = 1200 / 3600
Simulator::runFor: now_ = 1200 target = 1210
[progress] simulator time = 1210 / 3600
processing event: PassengerRouteStartEvent, passenger_id: 8, route_id: 1 id: 7 at time: 1214
Processed event: PassengerRouteStartEvent, passenger_id: 8, route_id: 1 id: 7
processing event: OrderCreatedEvent, order_id: 8, available_pickups: 71 , available_dropoffs: 74 , passenger_id: 8, route_id: 1, passenger_num: 0 id: 599 at time: 1214
Processed event: OrderCreatedEvent, order_id: 8, available_pickups: 71 , available_dropoffs: 74 , passenger_id: 8, route_id: 1, passenger_num: 1 id: 599
Simulator::runFor: now_ = 1214 target = 1220
[progress] simulator time = 1220 / 3600
processing event: OrderMatchedEvent, order_id: 8, vehicle_id: 3 id: 600 at time: 1220
Processed event: OrderMatchedEvent, order_id: 8, vehicle_id: 3 id: 600
processing event: VehicleDepartureEvent, vehicle_id: 3, road_id: 1000000000000001042, offset: 102.160000 id: 601 at time: 1220
Processed event: VehicleDepartureEvent, vehicle_id: 3, road_id: 1000000000000001042, offset: 102.160000 id: 601
processing event: PassengerArrivalEvent, passenger_id: 8 id: 602 at time: 1220
Processed event: PassengerArrivalEvent, passenger_id: 8 id: 602
processing event: VehicleArriveIntersectionEvent, vehicle_id: 5, road_id: 1000000000000001074 id: 598 at time: 1222.07
Processed event: VehicleArriveIntersectionEvent, vehicle_id: 5, road_id: 1000000000000001074 id: 598
Simulator::runFor: now_ = 1222.07 target = 1230
[progress] simulator time = 1230 / 3600
Event is not valid: VehicleArriveIntersectionEvent, vehicle_id: 1, road_id: 1000000000000001793 id: 586 at time: 1235.51
processing event: VehicleArriveIntersectionEvent, vehicle_id: 1, road_id: 1000000000000001793 id: 589 at time: 1235.51
Processed event: VehicleArriveIntersectionEvent, vehicle_id: 1, road_id: 1000000000000001793 id: 589
processing event: VehicleArriveIntersectionEvent, vehicle_id: 3, road_id: 1000000000000001042 id: 603 at time: 1236.89
Processed event: VehicleArriveIntersectionEvent, vehicle_id: 3, road_id: 1000000000000001042 id: 603
Simulator::runFor: now_ = 1236.89 target = 1240
[progress] simulator time = 1240 / 3600
processing event: VehicleEnterNewRoadEvent, vehicle_id: 1, road_id: 1000000000000000658 id: 605 at time: 1246.61
Processed event: VehicleEnterNewRoadEvent, vehicle_id: 1, road_id: 1000000000000000658 id: 605
processing event: VehicleDepartureEvent, vehicle_id: 1, road_id: 1000000000000000658, offset: 0.000000 id: 607 at time: 1246.61
Processed event: VehicleDepartureEvent, vehicle_id: 1, road_id: 1000000000000000658, offset: 0.000000 id: 607
Simulator::runFor: now_ = 1246.61 target = 1250
[progress] simulator time = 1250 / 3600
Event is not valid: VehicleArriveIntersectionEvent, vehicle_id: 7, road_id: 1000000000000000275 id: 580 at time: 1250.43
processing event: VehicleArriveIntersectionEvent, vehicle_id: 7, road_id: 1000000000000000275 id: 595 at time: 1250.43
Processed event: VehicleArriveIntersectionEvent, vehicle_id: 7, road_id: 1000000000000000275 id: 595
processing event: PassengerRouteStartEvent, passenger_id: 9, route_id: 1 id: 8 at time: 1251
Processed event: PassengerRouteStartEvent, passenger_id: 9, route_id: 1 id: 8
processing event: OrderCreatedEvent, order_id: 9, available_pickups: 41 , available_dropoffs: 68 , passenger_id: 9, route_id: 1, passenger_num: 0 id: 610 at time: 1251
Processed event: OrderCreatedEvent, order_id: 9, available_pickups: 41 , available_dropoffs: 68 , passenger_id: 9, route_id: 1, passenger_num: 2 id: 610
processing event: VehicleEnterNewRoadEvent, vehicle_id: 7, road_id: 1000000000000000294 id: 609 at time: 1254.39
Processed event: VehicleEnterNewRoadEvent, vehicle_id: 7, road_id: 1000000000000000294 id: 609
processing event: VehicleDepartureEvent, vehicle_id: 7, road_id: 1000000000000000294, offset: 0.000000 id: 611 at time: 1254.39
Processed event: VehicleDepartureEvent, vehicle_id: 7, road_id: 1000000000000000294, offset: 0.000000 id: 611
Simulator::runFor: now_ = 1254.39 target = 1260
[progress] simulator time = 1260 / 3600
processing event: OrderMatchedEvent, order_id: 9, vehicle_id: 6 id: 613 at time: 1260
Processed event: OrderMatchedEvent, order_id: 9, vehicle_id: 6 id: 613
processing event: VehicleDepartureEvent, vehicle_id: 6, road_id: 1000000000000001100, offset: 86.070000 id: 614 at time: 1260
Processed event: VehicleDepartureEvent, vehicle_id: 6, road_id: 1000000000000001100, offset: 86.070000 id: 614
processing event: PassengerArrivalEvent, passenger_id: 9 id: 615 at time: 1260
Processed event: PassengerArrivalEvent, passenger_id: 9 id: 615
processing event: VehicleEnterNewRoadEvent, vehicle_id: 2, road_id: 1000000000000001835 id: 591 at time: 1264.13
Processed event: VehicleEnterNewRoadEvent, vehicle_id: 2, road_id: 1000000000000001835 id: 591
processing event: VehicleDepartureEvent, vehicle_id: 2, road_id: 1000000000000001835, offset: 0.000000 id: 617 at time: 1264.13
Processed event: VehicleDepartureEvent, vehicle_id: 2, road_id: 1000000000000001835, offset: 0.000000 id: 617
Simulator::runFor: now_ = 1264.13 target = 1270
[progress] simulator time = 1270 / 3600
processing event: VehicleArriveIntersectionEvent, vehicle_id: 6, road_id: 1000000000000001100 id: 616 at time: 1273.67
Processed event: VehicleArriveIntersectionEvent, vehicle_id: 6, road_id: 1000000000000001100 id: 616
processing event: VehicleEnterNewRoadEvent, vehicle_id: 6, road_id: 1000000000000001106 id: 619 at time: 1275.47
Processed event: VehicleEnterNewRoadEvent, vehicle_id: 6, road_id: 1000000000000001106 id: 619
processing event: VehicleDepartureEvent, vehicle_id: 6, road_id: 1000000000000001106, offset: 0.000000 id: 620 at time: 1275.47
Processed event: VehicleDepartureEvent, vehicle_id: 6, road_id: 1000000000000001106, offset: 0.000000 id: 620
processing event: VehicleEnterNewRoadEvent, vehicle_id: 3, road_id: 1000000000000000628 id: 606 at time: 1279.65
Processed event: VehicleEnterNewRoadEvent, vehicle_id: 3, road_id: 1000000000000000628 id: 606
processing event: VehicleDepartureEvent, vehicle_id: 3, road_id: 1000000000000000628, offset: 0.000000 id: 622 at time: 1279.65
Processed event: VehicleDepartureEvent, vehicle_id: 3, road_id: 1000000000000000628, offset: 0.000000 id: 622
Simulator::runFor: now_ = 1279.65 target = 1280
[progress] simulator time = 1280 / 3600
Simulator::runFor: now_ = 1280 target = 1290
[progress] simulator time = 1290 / 3600
processing event: VehicleEnterNewRoadEvent, vehicle_id: 5, road_id: 1000000000000001075 id: 604 at time: 1290.54
Processed event: VehicleEnterNewRoadEvent, vehicle_id: 5, road_id: 1000000000000001075 id: 604
processing event: VehicleDepartureEvent, vehicle_id: 5, road_id: 1000000000000001075, offset: 0.000000 id: 624 at time: 1290.54
Processed event: VehicleDepartureEvent, vehicle_id: 5, road_id: 1000000000000001075, offset: 0.000000 id: 624
processing event: VehicleArriveIntersectionEvent, vehicle_id: 3, road_id: 1000000000000000628 id: 623 at time: 1297.65
Processed event: VehicleArriveIntersectionEvent, vehicle_id: 3, road_id: 1000000000000000628 id: 623
processing event: VehicleEnterNewRoadEvent, vehicle_id: 3, road_id: 1000000000000001044 id: 626 at time: 1299.45
Processed event: VehicleEnterNewRoadEvent, vehicle_id: 3, road_id: 1000000000000001044 id: 626
processing event: VehicleDepartureEvent, vehicle_id: 3, road_id: 1000000000000001044, offset: 0.000000 id: 627 at time: 1299.45
Processed event: VehicleDepartureEvent, vehicle_id: 3, road_id: 1000000000000001044, offset: 0.000000 id: 627
processing event: VehicleArriveIntersectionEvent, vehicle_id: 6, road_id: 1000000000000001106 id: 621 at time: 1299.95
Processed event: VehicleArriveIntersectionEvent, vehicle_id: 6, road_id: 1000000000000001106 id: 621
Simulator::runFor: now_ = 1299.95 target = 1300
[progress] simulator time = 1300 / 3600
processing event: VehicleEnterNewRoadEvent, vehicle_id: 6, road_id: 1000000000000001105 id: 629 at time: 1301.75
Processed event: VehicleEnterNewRoadEvent, vehicle_id: 6, road_id: 1000000000000001105 id: 629
processing event: VehicleDepartureEvent, vehicle_id: 6, road_id: 1000000000000001105, offset: 0.000000 id: 630 at time: 1301.75
Processed event: VehicleDepartureEvent, vehicle_id: 6, road_id: 1000000000000001105, offset: 0.000000 id: 630
processing event: BusArrivalEvent, vehicle_id: 1, stop_id: 39 id: 608 at time: 1307.3
Processed event: BusArrivalEvent, vehicle_id: 1, stop_id: 39 id: 608
processing event: PassengerOnboardEvent, passenger_id: 1 id: 632 at time: 1307.3
Processed event: PassengerOnboardEvent, passenger_id: 1 id: 632
Simulator::runFor: now_ = 1307.3 target = 1310
[progress] simulator time = 1310 / 3600
processing event: VehicleDepartureEvent, vehicle_id: 1, road_id: 1000000000000000658, offset: 337.150000 id: 633 at time: 1312.3
Processed event: VehicleDepartureEvent, vehicle_id: 1, road_id: 1000000000000000658, offset: 337.150000 id: 633
processing event: VehicleArriveIntersectionEvent, vehicle_id: 2, road_id: 1000000000000001835 id: 618 at time: 1318.68
Processed event: VehicleArriveIntersectionEvent, vehicle_id: 2, road_id: 1000000000000001835 id: 618
Simulator::runFor: now_ = 1318.68 target = 1320
[progress] simulator time = 1320 / 3600
processing event: VehicleArriveIntersectionEvent, vehicle_id: 6, road_id: 1000000000000001105 id: 631 at time: 1322.81
Processed event: VehicleArriveIntersectionEvent, vehicle_id: 6, road_id: 1000000000000001105 id: 631
processing event: VehicleEnterNewRoadEvent, vehicle_id: 6, road_id: 1000000000000000252 id: 636 at time: 1326.64
Processed event: VehicleEnterNewRoadEvent, vehicle_id: 6, road_id: 1000000000000000252 id: 636
processing event: VehicleDepartureEvent, vehicle_id: 6, road_id: 1000000000000000252, offset: 0.000000 id: 637 at time: 1326.64
Processed event: VehicleDepartureEvent, vehicle_id: 6, road_id: 1000000000000000252, offset: 0.000000 id: 637
Simulator::runFor: now_ = 1326.64 target = 1330
[progress] simulator time = 1330 / 3600
Simulator::runFor: now_ = 1330 target = 1340
[progress] simulator time = 1340 / 3600
processing event: VehicleArriveIntersectionEvent, vehicle_id: 5, road_id: 1000000000000001075 id: 625 at time: 1345.98
Processed event: VehicleArriveIntersectionEvent, vehicle_id: 5, road_id: 1000000000000001075 id: 625
processing event: VehicleEnterNewRoadEvent, vehicle_id: 5, road_id: 1000000000000001076 id: 639 at time: 1347.78
Processed event: VehicleEnterNewRoadEvent, vehicle_id: 5, road_id: 1000000000000001076 id: 639
processing event: VehicleDepartureEvent, vehicle_id: 5, road_id: 1000000000000001076, offset: 0.000000 id: 640 at time: 1347.78
Processed event: VehicleDepartureEvent, vehicle_id: 5, road_id: 1000000000000001076, offset: 0.000000 id: 640
Simulator::runFor: now_ = 1347.78 target = 1350
[progress] simulator time = 1350 / 3600
Simulator::runFor: now_ = 1350 target = 1360
[progress] simulator time = 1360 / 3600
processing event: VehicleArriveIntersectionEvent, vehicle_id: 1, road_id: 1000000000000000658 id: 634 at time: 1368.98
Processed event: VehicleArriveIntersectionEvent, vehicle_id: 1, road_id: 1000000000000000658 id: 634
Simulator::runFor: now_ = 1368.98 target = 1370
[progress] simulator time = 1370 / 3600
processing event: BusArrivalEvent, vehicle_id: 7, stop_id: 41 id: 612 at time: 1372.5
Processed event: BusArrivalEvent, vehicle_id: 7, stop_id: 41 id: 612
processing event: PassengerOnboardEvent, passenger_id: 4 id: 643 at time: 1372.5
Processed event: PassengerOnboardEvent, passenger_id: 4 id: 643
processing event: VehicleArriveIntersectionEvent, vehicle_id: 6, road_id: 1000000000000000252 id: 638 at time: 1375.6
Processed event: VehicleArriveIntersectionEvent, vehicle_id: 6, road_id: 1000000000000000252 id: 638
processing event: VehicleDepartureEvent, vehicle_id: 7, road_id: 1000000000000000294, offset: 656.100000 id: 644 at time: 1377.5
Processed event: VehicleDepartureEvent, vehicle_id: 7, road_id: 1000000000000000294, offset: 656.100000 id: 644
Simulator::runFor: now_ = 1377.5 target = 1380
[progress] simulator time = 1380 / 3600
processing event: VehicleArriveIntersectionEvent, vehicle_id: 3, road_id: 1000000000000001044 id: 628 at time: 1381.54
Processed event: VehicleArriveIntersectionEvent, vehicle_id: 3, road_id: 1000000000000001044 id: 628
processing event: VehicleEnterNewRoadEvent, vehicle_id: 3, road_id: 1000000000000000682 id: 647 at time: 1387.8
Processed event: VehicleEnterNewRoadEvent, vehicle_id: 3, road_id: 1000000000000000682 id: 647
processing event: VehicleDepartureEvent, vehicle_id: 3, road_id: 1000000000000000682, offset: 0.000000 id: 648 at time: 1387.8
Processed event: VehicleDepartureEvent, vehicle_id: 3, road_id: 1000000000000000682, offset: 0.000000 id: 648
Simulator::runFor: now_ = 1387.8 target = 1390
[progress] simulator time = 1390 / 3600
processing event: VehicleEnterNewRoadEvent, vehicle_id: 2, road_id: 1000000000000000646 id: 635 at time: 1393.77
Processed event: VehicleEnterNewRoadEvent, vehicle_id: 2, road_id: 1000000000000000646 id: 635
processing event: VehicleDepartureEvent, vehicle_id: 2, road_id: 1000000000000000646, offset: 0.000000 id: 650 at time: 1393.77
Processed event: VehicleDepartureEvent, vehicle_id: 2, road_id: 1000000000000000646, offset: 0.000000 id: 650
Simulator::runFor: now_ = 1393.77 target = 1400
[progress] simulator time = 1400 / 3600
processing event: VehicleEnterNewRoadEvent, vehicle_id: 1, road_id: 1000000000000000673 id: 642 at time: 1401.29
Processed event: VehicleEnterNewRoadEvent, vehicle_id: 1, road_id: 1000000000000000673 id: 642
processing event: VehicleDepartureEvent, vehicle_id: 1, road_id: 1000000000000000673, offset: 0.000000 id: 652 at time: 1401.29
Processed event: VehicleDepartureEvent, vehicle_id: 1, road_id: 1000000000000000673, offset: 0.000000 id: 652
processing event: PassengerRouteStartEvent, passenger_id: 10, route_id: 1 id: 9 at time: 1402
Processed event: PassengerRouteStartEvent, passenger_id: 10, route_id: 1 id: 9
processing event: OrderCreatedEvent, order_id: 10, available_pickups: 44 , available_dropoffs: 68 , passenger_id: 10, route_id: 1, passenger_num: 0 id: 654 at time: 1402
Processed event: OrderCreatedEvent, order_id: 10, available_pickups: 44 , available_dropoffs: 68 , passenger_id: 10, route_id: 1, passenger_num: 1 id: 654
Simulator::runFor: now_ = 1402 target = 1410
[progress] simulator time = 1410 / 3600
processing event: OrderMatchedEvent, order_id: 10, vehicle_id: 10 id: 655 at time: 1410
Processed event: OrderMatchedEvent, order_id: 10, vehicle_id: 10 id: 655
processing event: VehicleDepartureEvent, vehicle_id: 10, road_id: 1000000000000000646, offset: 241.550000 id: 657 at time: 1410
Processed event: VehicleDepartureEvent, vehicle_id: 10, road_id: 1000000000000000646, offset: 241.550000 id: 657
processing event: PassengerArrivalEvent, passenger_id: 10 id: 658 at time: 1410
Processed event: PassengerArrivalEvent, passenger_id: 10 id: 658
processing event: VehicleEnterNewRoadEvent, vehicle_id: 6, road_id: 1000000000000001754 id: 645 at time: 1411.46
Processed event: VehicleEnterNewRoadEvent, vehicle_id: 6, road_id: 1000000000000001754 id: 645
processing event: VehicleDepartureEvent, vehicle_id: 6, road_id: 1000000000000001754, offset: 0.000000 id: 660 at time: 1411.46
Processed event: VehicleDepartureEvent, vehicle_id: 6, road_id: 1000000000000001754, offset: 0.000000 id: 660
Simulator::runFor: now_ = 1411.46 target = 1420
[progress] simulator time = 1420 / 3600
processing event: VehicleArriveIntersectionEvent, vehicle_id: 10, road_id: 1000000000000000646 id: 659 at time: 1420.34
Processed event: VehicleArriveIntersectionEvent, vehicle_id: 10, road_id: 1000000000000000646 id: 659
processing event: VehicleArriveIntersectionEvent, vehicle_id: 7, road_id: 1000000000000000294 id: 646 at time: 1425.01
Processed event: VehicleArriveIntersectionEvent, vehicle_id: 7, road_id: 1000000000000000294 id: 646
Simulator::runFor: now_ = 1425.01 target = 1430
[progress] simulator time = 1430 / 3600
Simulator::runFor: now_ = 1430 target = 1440
[progress] simulator time = 1440 / 3600
processing event: VehicleArriveIntersectionEvent, vehicle_id: 5, road_id: 1000000000000001076 id: 641 at time: 1446.07
Processed event: VehicleArriveIntersectionEvent, vehicle_id: 5, road_id: 1000000000000001076 id: 641
processing event: VehicleCheckPointEvent, vehicle_id: 2 id: 663 at time: 1447.06
Processed event: VehicleCheckPointEvent, vehicle_id: 2 id: 663
processing event: VehicleQueuedEvent, vehicle_id: 2, front_queued_vehicle_id: 10 id: 666 at time: 1447.06
Processed event: VehicleQueuedEvent, vehicle_id: 2, front_queued_vehicle_id: 10 id: 666
Event is not valid: VehicleArriveIntersectionEvent, vehicle_id: 2, road_id: 1000000000000000646 id: 651 at time: 1447.6
Event is not valid: VehicleArriveIntersectionEvent, vehicle_id: 2, road_id: 1000000000000000646 id: 656 at time: 1447.6
processing event: VehicleEnterNewRoadEvent, vehicle_id: 5, road_id: 1000000000000001077 id: 665 at time: 1447.87
Processed event: VehicleEnterNewRoadEvent, vehicle_id: 5, road_id: 1000000000000001077 id: 665
processing event: VehicleDepartureEvent, vehicle_id: 5, road_id: 1000000000000001077, offset: 0.000000 id: 667 at time: 1447.87
Processed event: VehicleDepartureEvent, vehicle_id: 5, road_id: 1000000000000001077, offset: 0.000000 id: 667
Simulator::runFor: now_ = 1447.87 target = 1450
[progress] simulator time = 1450 / 3600
processing event: VehicleEnterNewRoadEvent, vehicle_id: 7, road_id: 1000000000000000310 id: 664 at time: 1452.93
Processed event: VehicleEnterNewRoadEvent, vehicle_id: 7, road_id: 1000000000000000310 id: 664
processing event: VehicleDepartureEvent, vehicle_id: 7, road_id: 1000000000000000310, offset: 0.000000 id: 669 at time: 1452.93
Processed event: VehicleDepartureEvent, vehicle_id: 7, road_id: 1000000000000000310, offset: 0.000000 id: 669
processing event: BusArrivalEvent, vehicle_id: 5, stop_id: 71 id: 668 at time: 1458.43
Processed event: BusArrivalEvent, vehicle_id: 5, stop_id: 71 id: 668
processing event: PassengerRouteEndEvent, passenger_id: 2, route_id: 1 id: 671 at time: 1458.43
Passenger 2 finished all routes
Processed event: PassengerRouteEndEvent, passenger_id: 2, route_id: 1 id: 671
processing event: PassengerDropoffEvent, passenger_id: 2 id: 673 at time: 1458.43
Processed event: PassengerDropoffEvent, passenger_id: 2 id: 673
processing event: OrderFinishedEvent, order_id: 2 id: 674 at time: 1458.43
Processed event: OrderFinishedEvent, order_id: 2 id: 674
Simulator::runFor: now_ = 1458.43 target = 1460
[progress] simulator time = 1460 / 3600
processing event: PassengerRouteStartEvent, passenger_id: 11, route_id: 1 id: 10 at time: 1463
Processed event: PassengerRouteStartEvent, passenger_id: 11, route_id: 1 id: 10
processing event: OrderCreatedEvent, order_id: 11, available_pickups: 63 , available_dropoffs: 71 , passenger_id: 11, route_id: 1, passenger_num: 0 id: 675 at time: 1463
Processed event: OrderCreatedEvent, order_id: 11, available_pickups: 63 , available_dropoffs: 71 , passenger_id: 11, route_id: 1, passenger_num: 5 id: 675
processing event: VehicleDepartureEvent, vehicle_id: 5, road_id: 1000000000000001077, offset: 58.620000 id: 672 at time: 1463.43
Processed event: VehicleDepartureEvent, vehicle_id: 5, road_id: 1000000000000001077, offset: 58.620000 id: 672
Simulator::runFor: now_ = 1463.43 target = 1470
[progress] simulator time = 1470 / 3600
processing event: OrderMatchedEvent, order_id: 11, vehicle_id: 10 id: 677 at time: 1470
Processed event: OrderMatchedEvent, order_id: 11, vehicle_id: 10 id: 677
processing event: PassengerArrivalEvent, passenger_id: 11 id: 678 at time: 1470
Processed event: PassengerArrivalEvent, passenger_id: 11 id: 678
Simulator::runFor: now_ = 1470 target = 1480
[progress] simulator time = 1480 / 3600
processing event: VehicleArriveIntersectionEvent, vehicle_id: 3, road_id: 1000000000000000682 id: 649 at time: 1480.51
Processed event: VehicleArriveIntersectionEvent, vehicle_id: 3, road_id: 1000000000000000682 id: 649
processing event: VehicleEnterNewRoadEvent, vehicle_id: 3, road_id: 1000000000000001045 id: 679 at time: 1482.31
Processed event: VehicleEnterNewRoadEvent, vehicle_id: 3, road_id: 1000000000000001045 id: 679
processing event: VehicleDepartureEvent, vehicle_id: 3, road_id: 1000000000000001045, offset: 0.000000 id: 680 at time: 1482.31
Processed event: VehicleDepartureEvent, vehicle_id: 3, road_id: 1000000000000001045, offset: 0.000000 id: 680
processing event: VehicleArriveIntersectionEvent, vehicle_id: 5, road_id: 1000000000000001077 id: 676 at time: 1488.16
Processed event: VehicleArriveIntersectionEvent, vehicle_id: 5, road_id: 1000000000000001077 id: 676
processing event: VehicleEnterNewRoadEvent, vehicle_id: 10, road_id: 1000000000000001788 id: 662 at time: 1489.87
Processed event: VehicleEnterNewRoadEvent, vehicle_id: 10, road_id: 1000000000000001788 id: 662
processing event: VehicleDepartureEvent, vehicle_id: 10, road_id: 1000000000000001788, offset: 0.000000 id: 684 at time: 1489.87
Processed event: VehicleDepartureEvent, vehicle_id: 10, road_id: 1000000000000001788, offset: 0.000000 id: 684
Simulator::runFor: now_ = 1489.87 target = 1490
[progress] simulator time = 1490 / 3600
processing event: VehicleArriveIntersectionEvent, vehicle_id: 2, road_id: 1000000000000000646 id: 683 at time: 1490.41
Processed event: VehicleArriveIntersectionEvent, vehicle_id: 2, road_id: 1000000000000000646 id: 683
processing event: VehicleArriveIntersectionEvent, vehicle_id: 7, road_id: 1000000000000000310 id: 670 at time: 1491.27
Processed event: VehicleArriveIntersectionEvent, vehicle_id: 7, road_id: 1000000000000000310 id: 670
processing event: VehicleEnterNewRoadEvent, vehicle_id: 2, road_id: 1000000000000000648 id: 686 at time: 1492.74
Processed event: VehicleEnterNewRoadEvent, vehicle_id: 2, road_id: 1000000000000000648 id: 686
processing event: VehicleDepartureEvent, vehicle_id: 2, road_id: 1000000000000000648, offset: 0.000000 id: 688 at time: 1492.74
Processed event: VehicleDepartureEvent, vehicle_id: 2, road_id: 1000000000000000648, offset: 0.000000 id: 688
processing event: VehicleEnterNewRoadEvent, vehicle_id: 7, road_id: 1000000000000000627 id: 687 at time: 1493.07
Processed event: VehicleEnterNewRoadEvent, vehicle_id: 7, road_id: 1000000000000000627 id: 687
processing event: VehicleDepartureEvent, vehicle_id: 7, road_id: 1000000000000000627, offset: 0.000000 id: 690 at time: 1493.07
Processed event: VehicleDepartureEvent, vehicle_id: 7, road_id: 1000000000000000627, offset: 0.000000 id: 690
processing event: VehicleEnterNewRoadEvent, vehicle_id: 5, road_id: 1000000000000000094 id: 682 at time: 1493.7
Processed event: VehicleEnterNewRoadEvent, vehicle_id: 5, road_id: 1000000000000000094 id: 682
processing event: VehicleDepartureEvent, vehicle_id: 5, road_id: 1000000000000000094, offset: 0.000000 id: 692 at time: 1493.7
Processed event: VehicleDepartureEvent, vehicle_id: 5, road_id: 1000000000000000094, offset: 0.000000 id: 692
processing event: VehicleArriveIntersectionEvent, vehicle_id: 2, road_id: 1000000000000000648 id: 689 at time: 1494.36
Processed event: VehicleArriveIntersectionEvent, vehicle_id: 2, road_id: 1000000000000000648 id: 689
Simulator::runFor: now_ = 1494.36 target = 1500
[progress] simulator time = 1500 / 3600
processing event: VehicleEnterNewRoadEvent, vehicle_id: 2, road_id: 1000000000000000897 id: 694 at time: 1501.98
Processed event: VehicleEnterNewRoadEvent, vehicle_id: 2, road_id: 1000000000000000897 id: 694
processing event: VehicleDepartureEvent, vehicle_id: 2, road_id: 1000000000000000897, offset: 0.000000 id: 695 at time: 1501.98
Processed event: VehicleDepartureEvent, vehicle_id: 2, road_id: 1000000000000000897, offset: 0.000000 id: 695
processing event: VehicleArriveIntersectionEvent, vehicle_id: 6, road_id: 1000000000000001754 id: 661 at time: 1508.49
Processed event: VehicleArriveIntersectionEvent, vehicle_id: 6, road_id: 1000000000000001754 id: 661
processing event: VehicleArriveIntersectionEvent, vehicle_id: 2, road_id: 1000000000000000897 id: 696 at time: 1508.82
Processed event: VehicleArriveIntersectionEvent, vehicle_id: 2, road_id: 1000000000000000897 id: 696
Simulator::runFor: now_ = 1508.82 target = 1510
[progress] simulator time = 1510 / 3600
processing event: VehicleArriveIntersectionEvent, vehicle_id: 1, road_id: 1000000000000000673 id: 653 at time: 1511.1
Processed event: VehicleArriveIntersectionEvent, vehicle_id: 1, road_id: 1000000000000000673 id: 653
processing event: VehicleEnterNewRoadEvent, vehicle_id: 1, road_id: 1000000000000001807 id: 699 at time: 1519.73
Processed event: VehicleEnterNewRoadEvent, vehicle_id: 1, road_id: 1000000000000001807 id: 699
processing event: VehicleDepartureEvent, vehicle_id: 1, road_id: 1000000000000001807, offset: 0.000000 id: 700 at time: 1519.73
Processed event: VehicleDepartureEvent, vehicle_id: 1, road_id: 1000000000000001807, offset: 0.000000 id: 700
Simulator::runFor: now_ = 1519.73 target = 1520
[progress] simulator time = 1520 / 3600
Simulator::runFor: now_ = 1520 target = 1530
[progress] simulator time = 1530 / 3600
processing event: VehicleArriveIntersectionEvent, vehicle_id: 7, road_id: 1000000000000000627 id: 691 at time: 1532.5
Processed event: VehicleArriveIntersectionEvent, vehicle_id: 7, road_id: 1000000000000000627 id: 691
processing event: VehicleArriveIntersectionEvent, vehicle_id: 5, road_id: 1000000000000000094 id: 693 at time: 1535.82
Processed event: VehicleArriveIntersectionEvent, vehicle_id: 5, road_id: 1000000000000000094 id: 693
Simulator::runFor: now_ = 1535.82 target = 1540
[progress] simulator time = 1540 / 3600
processing event: VehicleArriveIntersectionEvent, vehicle_id: 10, road_id: 1000000000000001788 id: 685 at time: 1543.7
Processed event: VehicleArriveIntersectionEvent, vehicle_id: 10, road_id: 1000000000000001788 id: 685
processing event: VehicleEnterNewRoadEvent, vehicle_id: 7, road_id: 1000000000000000628 id: 702 at time: 1549.78
Processed event: VehicleEnterNewRoadEvent, vehicle_id: 7, road_id: 1000000000000000628 id: 702
processing event: VehicleDepartureEvent, vehicle_id: 7, road_id: 1000000000000000628, offset: 0.000000 id: 705 at time: 1549.78
Processed event: VehicleDepartureEvent, vehicle_id: 7, road_id: 1000000000000000628, offset: 0.000000 id: 705
Simulator::runFor: now_ = 1549.78 target = 1550
[progress] simulator time = 1550 / 3600
Simulator::runFor: now_ = 1550 target = 1560
[progress] simulator time = 1560 / 3600
processing event: VehicleEnterNewRoadEvent, vehicle_id: 6, road_id: 1000000000000000294 id: 697 at time: 1566.55
Processed event: VehicleEnterNewRoadEvent, vehicle_id: 6, road_id: 1000000000000000294 id: 697
processing event: VehicleDepartureEvent, vehicle_id: 6, road_id: 1000000000000000294, offset: 0.000000 id: 707 at time: 1566.55
Processed event: VehicleDepartureEvent, vehicle_id: 6, road_id: 1000000000000000294, offset: 0.000000 id: 707
processing event: VehicleArriveIntersectionEvent, vehicle_id: 7, road_id: 1000000000000000628 id: 706 at time: 1567.78
Processed event: VehicleArriveIntersectionEvent, vehicle_id: 7, road_id: 1000000000000000628 id: 706
Simulator::runFor: now_ = 1567.78 target = 1570
[progress] simulator time = 1570 / 3600
processing event: VehicleEnterNewRoadEvent, vehicle_id: 2, road_id: 1000000000000001789 id: 698 at time: 1570.95
Processed event: VehicleEnterNewRoadEvent, vehicle_id: 2, road_id: 1000000000000001789 id: 698
processing event: VehicleDepartureEvent, vehicle_id: 2, road_id: 1000000000000001789, offset: 0.000000 id: 710 at time: 1570.95
Processed event: VehicleDepartureEvent, vehicle_id: 2, road_id: 1000000000000001789, offset: 0.000000 id: 710
processing event: VehicleArriveIntersectionEvent, vehicle_id: 3, road_id: 1000000000000001045 id: 681 at time: 1571.96
Processed event: VehicleArriveIntersectionEvent, vehicle_id: 3, road_id: 1000000000000001045 id: 681
Simulator::runFor: now_ = 1571.96 target = 1580
[progress] simulator time = 1580 / 3600
processing event: VehicleEnterNewRoadEvent, vehicle_id: 7, road_id: 1000000000000001044 id: 709 at time: 1585.8
Processed event: VehicleEnterNewRoadEvent, vehicle_id: 7, road_id: 1000000000000001044 id: 709
processing event: VehicleEnterNewRoadEvent, vehicle_id: 3, road_id: 1000000000000001054 id: 712 at time: 1585.8
Processed event: VehicleEnterNewRoadEvent, vehicle_id: 3, road_id: 1000000000000001054 id: 712
processing event: VehicleDepartureEvent, vehicle_id: 7, road_id: 1000000000000001044, offset: 0.000000 id: 713 at time: 1585.8
Processed event: VehicleDepartureEvent, vehicle_id: 7, road_id: 1000000000000001044, offset: 0.000000 id: 713
processing event: VehicleDepartureEvent, vehicle_id: 3, road_id: 1000000000000001054, offset: 0.000000 id: 714 at time: 1585.8
Processed event: VehicleDepartureEvent, vehicle_id: 3, road_id: 1000000000000001054, offset: 0.000000 id: 714
processing event: VehicleArriveIntersectionEvent, vehicle_id: 3, road_id: 1000000000000001054 id: 716 at time: 1589.04
Processed event: VehicleArriveIntersectionEvent, vehicle_id: 3, road_id: 1000000000000001054 id: 716
Simulator::runFor: now_ = 1589.04 target = 1590
[progress] simulator time = 1590 / 3600
processing event: VehicleArriveIntersectionEvent, vehicle_id: 1, road_id: 1000000000000001807 id: 701 at time: 1594.8
Processed event: VehicleArriveIntersectionEvent, vehicle_id: 1, road_id: 1000000000000001807 id: 701
processing event: VehicleEnterNewRoadEvent, vehicle_id: 1, road_id: 1000000000000001806 id: 718 at time: 1598.53
Processed event: VehicleEnterNewRoadEvent, vehicle_id: 1, road_id: 1000000000000001806 id: 718
processing event: VehicleDepartureEvent, vehicle_id: 1, road_id: 1000000000000001806, offset: 0.000000 id: 719 at time: 1598.53
Processed event: VehicleDepartureEvent, vehicle_id: 1, road_id: 1000000000000001806, offset: 0.000000 id: 719
Simulator::runFor: now_ = 1598.53 target = 1600
[progress] simulator time = 1600 / 3600
processing event: VehicleArriveIntersectionEvent, vehicle_id: 2, road_id: 1000000000000001789 id: 711 at time: 1607.31
Processed event: VehicleArriveIntersectionEvent, vehicle_id: 2, road_id: 1000000000000001789 id: 711
Simulator::runFor: now_ = 1607.31 target = 1610
[progress] simulator time = 1610 / 3600
processing event: VehicleEnterNewRoadEvent, vehicle_id: 5, road_id: 1000000000000000095 id: 703 at time: 1613.42
Processed event: VehicleEnterNewRoadEvent, vehicle_id: 5, road_id: 1000000000000000095 id: 703
processing event: VehicleDepartureEvent, vehicle_id: 5, road_id: 1000000000000000095, offset: 0.000000 id: 722 at time: 1613.42
Processed event: VehicleDepartureEvent, vehicle_id: 5, road_id: 1000000000000000095, offset: 0.000000 id: 722
processing event: VehicleEnterNewRoadEvent, vehicle_id: 10, road_id: 1000000000000001949 id: 704 at time: 1616.04
Processed event: VehicleEnterNewRoadEvent, vehicle_id: 10, road_id: 1000000000000001949 id: 704
processing event: VehicleDepartureEvent, vehicle_id: 10, road_id: 1000000000000001949, offset: 0.000000 id: 724 at time: 1616.04
Processed event: VehicleDepartureEvent, vehicle_id: 10, road_id: 1000000000000001949, offset: 0.000000 id: 724
processing event: VehicleArriveIntersectionEvent, vehicle_id: 10, road_id: 1000000000000001949 id: 725 at time: 1619.46
Processed event: VehicleArriveIntersectionEvent, vehicle_id: 10, road_id: 1000000000000001949 id: 725
Simulator::runFor: now_ = 1619.46 target = 1620
[progress] simulator time = 1620 / 3600
Simulator::runFor: now_ = 1620 target = 1630
[progress] simulator time = 1630 / 3600
processing event: VehicleEnterNewRoadEvent, vehicle_id: 2, road_id: 1000000000000001795 id: 721 at time: 1630.33
Processed event: VehicleEnterNewRoadEvent, vehicle_id: 2, road_id: 1000000000000001795 id: 721
processing event: VehicleDepartureEvent, vehicle_id: 2, road_id: 1000000000000001795, offset: 0.000000 id: 727 at time: 1630.33
Processed event: VehicleDepartureEvent, vehicle_id: 2, road_id: 1000000000000001795, offset: 0.000000 id: 727
processing event: VehicleEnterNewRoadEvent, vehicle_id: 3, road_id: 1000000000000001073 id: 717 at time: 1635.31
Processed event: VehicleEnterNewRoadEvent, vehicle_id: 3, road_id: 1000000000000001073 id: 717
processing event: VehicleDepartureEvent, vehicle_id: 3, road_id: 1000000000000001073, offset: 0.000000 id: 729 at time: 1635.31
Processed event: VehicleDepartureEvent, vehicle_id: 3, road_id: 1000000000000001073, offset: 0.000000 id: 729
Simulator::runFor: now_ = 1635.31 target = 1640
[progress] simulator time = 1640 / 3600
Simulator::runFor: now_ = 1640 target = 1650
[progress] simulator time = 1650 / 3600
processing event: VehicleEnterNewRoadEvent, vehicle_id: 10, road_id: 1000000000000001927 id: 726 at time: 1650.89
Processed event: VehicleEnterNewRoadEvent, vehicle_id: 10, road_id: 1000000000000001927 id: 726
processing event: VehicleDepartureEvent, vehicle_id: 10, road_id: 1000000000000001927, offset: 0.000000 id: 731 at time: 1650.89
Processed event: VehicleDepartureEvent, vehicle_id: 10, road_id: 1000000000000001927, offset: 0.000000 id: 731
processing event: PassengerRouteStartEvent, passenger_id: 12, route_id: 1 id: 11 at time: 1659
Processed event: PassengerRouteStartEvent, passenger_id: 12, route_id: 1 id: 11
processing event: OrderCreatedEvent, order_id: 12, available_pickups: 58 83 , available_dropoffs: 71 , passenger_id: 12, route_id: 1, passenger_num: 0 id: 733 at time: 1659
Processed event: OrderCreatedEvent, order_id: 12, available_pickups: 58 83 , available_dropoffs: 71 , passenger_id: 12, route_id: 1, passenger_num: 1 id: 733
Simulator::runFor: now_ = 1659 target = 1660
[progress] simulator time = 1660 / 3600
processing event: OrderMatchedEvent, order_id: 12, vehicle_id: 6 id: 734 at time: 1660
Processed event: OrderMatchedEvent, order_id: 12, vehicle_id: 6 id: 734
processing event: PassengerArrivalEvent, passenger_id: 12 id: 736 at time: 1660
Processed event: PassengerArrivalEvent, passenger_id: 12 id: 736
processing event: VehicleArriveIntersectionEvent, vehicle_id: 7, road_id: 1000000000000001044 id: 715 at time: 1667.89
Processed event: VehicleArriveIntersectionEvent, vehicle_id: 7, road_id: 1000000000000001044 id: 715
processing event: VehicleEnterNewRoadEvent, vehicle_id: 7, road_id: 1000000000000000682 id: 737 at time: 1669.69
Processed event: VehicleEnterNewRoadEvent, vehicle_id: 7, road_id: 1000000000000000682 id: 737
processing event: VehicleDepartureEvent, vehicle_id: 7, road_id: 1000000000000000682, offset: 0.000000 id: 738 at time: 1669.69
Processed event: VehicleDepartureEvent, vehicle_id: 7, road_id: 1000000000000000682, offset: 0.000000 id: 738
Simulator::runFor: now_ = 1669.69 target = 1670
[progress] simulator time = 1670 / 3600
processing event: VehicleArriveIntersectionEvent, vehicle_id: 1, road_id: 1000000000000001806 id: 720 at time: 1673.23
Processed event: VehicleArriveIntersectionEvent, vehicle_id: 1, road_id: 1000000000000001806 id: 720
Simulator::runFor: now_ = 1673.23 target = 1680
[progress] simulator time = 1680 / 3600
Event is not valid: BusArrivalEvent, vehicle_id: 6, stop_id: 41 id: 708 at time: 1684.66
processing event: BusArrivalEvent, vehicle_id: 6, stop_id: 41 id: 735 at time: 1684.66
Processed event: BusArrivalEvent, vehicle_id: 6, stop_id: 41 id: 735
processing event: PassengerOnboardEvent, passenger_id: 9 id: 741 at time: 1684.66
Processed event: PassengerOnboardEvent, passenger_id: 9 id: 741
processing event: VehicleDepartureEvent, vehicle_id: 6, road_id: 1000000000000000294, offset: 656.100000 id: 742 at time: 1689.66
Processed event: VehicleDepartureEvent, vehicle_id: 6, road_id: 1000000000000000294, offset: 656.100000 id: 742
Simulator::runFor: now_ = 1689.66 target = 1690
[progress] simulator time = 1690 / 3600
processing event: PassengerRouteStartEvent, passenger_id: 13, route_id: 1 id: 12 at time: 1692
Processed event: PassengerRouteStartEvent, passenger_id: 13, route_id: 1 id: 12
processing event: OrderCreatedEvent, order_id: 13, available_pickups: 41 , available_dropoffs: 68 , passenger_id: 13, route_id: 1, passenger_num: 0 id: 744 at time: 1692
Processed event: OrderCreatedEvent, order_id: 13, available_pickups: 41 , available_dropoffs: 68 , passenger_id: 13, route_id: 1, passenger_num: 1 id: 744
Simulator::runFor: now_ = 1692 target = 1700
[progress] simulator time = 1700 / 3600
processing event: OrderMatchedEvent, order_id: 13, vehicle_id: 5 id: 745 at time: 1700
Processed event: OrderMatchedEvent, order_id: 13, vehicle_id: 5 id: 745
processing event: PassengerArrivalEvent, passenger_id: 13 id: 747 at time: 1700
Processed event: PassengerArrivalEvent, passenger_id: 13 id: 747
processing event: PassengerRouteStartEvent, passenger_id: 14, route_id: 1 id: 13 at time: 1701
Processed event: PassengerRouteStartEvent, passenger_id: 14, route_id: 1 id: 13
processing event: OrderCreatedEvent, order_id: 14, available_pickups: 19 , available_dropoffs: 68 , passenger_id: 14, route_id: 1, passenger_num: 0 id: 748 at time: 1701
Processed event: OrderCreatedEvent, order_id: 14, available_pickups: 19 , available_dropoffs: 68 , passenger_id: 14, route_id: 1, passenger_num: 1 id: 748
processing event: VehicleArriveIntersectionEvent, vehicle_id: 3, road_id: 1000000000000001073 id: 730 at time: 1707.49
Processed event: VehicleArriveIntersectionEvent, vehicle_id: 3, road_id: 1000000000000001073 id: 730
processing event: VehicleEnterNewRoadEvent, vehicle_id: 3, road_id: 1000000000000001074 id: 749 at time: 1709.29
Processed event: VehicleEnterNewRoadEvent, vehicle_id: 3, road_id: 1000000000000001074 id: 749
processing event: VehicleDepartureEvent, vehicle_id: 3, road_id: 1000000000000001074, offset: 0.000000 id: 750 at time: 1709.29
Processed event: VehicleDepartureEvent, vehicle_id: 3, road_id: 1000000000000001074, offset: 0.000000 id: 750
Simulator::runFor: now_ = 1709.29 target = 1710
[progress] simulator time = 1710 / 3600
processing event: OrderMatchedEvent, order_id: 14, vehicle_id: 3 id: 752 at time: 1710
Processed event: OrderMatchedEvent, order_id: 14, vehicle_id: 3 id: 752
processing event: PassengerArrivalEvent, passenger_id: 14 id: 754 at time: 1710
Processed event: PassengerArrivalEvent, passenger_id: 14 id: 754
Event is not valid: VehicleArriveIntersectionEvent, vehicle_id: 5, road_id: 1000000000000000095 id: 723 at time: 1711.53
processing event: VehicleArriveIntersectionEvent, vehicle_id: 5, road_id: 1000000000000000095 id: 746 at time: 1711.53
Processed event: VehicleArriveIntersectionEvent, vehicle_id: 5, road_id: 1000000000000000095 id: 746
Simulator::runFor: now_ = 1711.53 target = 1720
[progress] simulator time = 1720 / 3600
processing event: VehicleArriveIntersectionEvent, vehicle_id: 2, road_id: 1000000000000001795 id: 728 at time: 1728.44
Processed event: VehicleArriveIntersectionEvent, vehicle_id: 2, road_id: 1000000000000001795 id: 728
Simulator::runFor: now_ = 1728.44 target = 1730
[progress] simulator time = 1730 / 3600
processing event: VehicleEnterNewRoadEvent, vehicle_id: 2, road_id: 1000000000000000661 id: 756 at time: 1730.24
Processed event: VehicleEnterNewRoadEvent, vehicle_id: 2, road_id: 1000000000000000661 id: 756
processing event: VehicleDepartureEvent, vehicle_id: 2, road_id: 1000000000000000661, offset: 0.000000 id: 757 at time: 1730.24
Processed event: VehicleDepartureEvent, vehicle_id: 2, road_id: 1000000000000000661, offset: 0.000000 id: 757
processing event: VehicleEnterNewRoadEvent, vehicle_id: 5, road_id: 1000000000000000096 id: 755 at time: 1734.38
Processed event: VehicleEnterNewRoadEvent, vehicle_id: 5, road_id: 1000000000000000096 id: 755
processing event: VehicleDepartureEvent, vehicle_id: 5, road_id: 1000000000000000096, offset: 0.000000 id: 759 at time: 1734.38
Processed event: VehicleDepartureEvent, vehicle_id: 5, road_id: 1000000000000000096, offset: 0.000000 id: 759
processing event: VehicleArriveIntersectionEvent, vehicle_id: 6, road_id: 1000000000000000294 id: 743 at time: 1737.17
Processed event: VehicleArriveIntersectionEvent, vehicle_id: 6, road_id: 1000000000000000294 id: 743
Event is not valid: VehicleArriveIntersectionEvent, vehicle_id: 3, road_id: 1000000000000001074 id: 751 at time: 1739.72
processing event: VehicleArriveIntersectionEvent, vehicle_id: 3, road_id: 1000000000000001074 id: 753 at time: 1739.72
Processed event: VehicleArriveIntersectionEvent, vehicle_id: 3, road_id: 1000000000000001074 id: 753
Simulator::runFor: now_ = 1739.72 target = 1740
[progress] simulator time = 1740 / 3600
processing event: VehicleEnterNewRoadEvent, vehicle_id: 1, road_id: 1000000000000001872 id: 740 at time: 1741.61
Processed event: VehicleEnterNewRoadEvent, vehicle_id: 1, road_id: 1000000000000001872 id: 740
processing event: VehicleDepartureEvent, vehicle_id: 1, road_id: 1000000000000001872, offset: 0.000000 id: 763 at time: 1741.61
Processed event: VehicleDepartureEvent, vehicle_id: 1, road_id: 1000000000000001872, offset: 0.000000 id: 763
Simulator::runFor: now_ = 1741.61 target = 1750
[progress] simulator time = 1750 / 3600
Simulator::runFor: now_ = 1750 target = 1760
[progress] simulator time = 1760 / 3600
processing event: BusArrivalEvent, vehicle_id: 2, stop_id: 58 id: 758 at time: 1760.97
Processed event: BusArrivalEvent, vehicle_id: 2, stop_id: 58 id: 758
processing event: PassengerOnboardEvent, passenger_id: 3 id: 765 at time: 1760.97
Processed event: PassengerOnboardEvent, passenger_id: 3 id: 765
processing event: VehicleArriveIntersectionEvent, vehicle_id: 7, road_id: 1000000000000000682 id: 739 at time: 1762.4
Processed event: VehicleArriveIntersectionEvent, vehicle_id: 7, road_id: 1000000000000000682 id: 739
processing event: VehicleArriveIntersectionEvent, vehicle_id: 10, road_id: 1000000000000001927 id: 732 at time: 1763.04
Processed event: VehicleArriveIntersectionEvent, vehicle_id: 10, road_id: 1000000000000001927 id: 732
processing event: VehicleEnterNewRoadEvent, vehicle_id: 7, road_id: 1000000000000001045 id: 767 at time: 1765.8
Processed event: VehicleEnterNewRoadEvent, vehicle_id: 7, road_id: 1000000000000001045 id: 767
processing event: VehicleDepartureEvent, vehicle_id: 7, road_id: 1000000000000001045, offset: 0.000000 id: 769 at time: 1765.8
Processed event: VehicleDepartureEvent, vehicle_id: 7, road_id: 1000000000000001045, offset: 0.000000 id: 769
processing event: VehicleDepartureEvent, vehicle_id: 2, road_id: 1000000000000000661, offset: 170.730000 id: 766 at time: 1765.97
Processed event: VehicleDepartureEvent, vehicle_id: 2, road_id: 1000000000000000661, offset: 170.730000 id: 766
Simulator::runFor: now_ = 1765.97 target = 1770
[progress] simulator time = 1770 / 3600
processing event: PassengerRouteStartEvent, passenger_id: 15, route_id: 1 id: 14 at time: 1775
Processed event: PassengerRouteStartEvent, passenger_id: 15, route_id: 1 id: 14
processing event: OrderCreatedEvent, order_id: 15, available_pickups: 35 , available_dropoffs: 71 , passenger_id: 15, route_id: 1, passenger_num: 0 id: 772 at time: 1775
Processed event: OrderCreatedEvent, order_id: 15, available_pickups: 35 , available_dropoffs: 71 , passenger_id: 15, route_id: 1, passenger_num: 1 id: 772
processing event: VehicleEnterNewRoadEvent, vehicle_id: 6, road_id: 1000000000000000310 id: 761 at time: 1778.64
Processed event: VehicleEnterNewRoadEvent, vehicle_id: 6, road_id: 1000000000000000310 id: 761
processing event: VehicleDepartureEvent, vehicle_id: 6, road_id: 1000000000000000310, offset: 0.000000 id: 773 at time: 1778.64
Processed event: VehicleDepartureEvent, vehicle_id: 6, road_id: 1000000000000000310, offset: 0.000000 id: 773
Simulator::runFor: now_ = 1778.64 target = 1780
[progress] simulator time = 1780 / 3600
processing event: OrderMatchedEvent, order_id: 15, vehicle_id: 5 id: 775 at time: 1780
Processed event: OrderMatchedEvent, order_id: 15, vehicle_id: 5 id: 775
processing event: PassengerArrivalEvent, passenger_id: 15 id: 777 at time: 1780
Processed event: PassengerArrivalEvent, passenger_id: 15 id: 777
Simulator::runFor: now_ = 1780 target = 1790
[progress] simulator time = 1790 / 3600
processing event: VehicleEnterNewRoadEvent, vehicle_id: 10, road_id: 1000000000000000238 id: 768 at time: 1795.34
Processed event: VehicleEnterNewRoadEvent, vehicle_id: 10, road_id: 1000000000000000238 id: 768
processing event: VehicleDepartureEvent, vehicle_id: 10, road_id: 1000000000000000238, offset: 0.000000 id: 778 at time: 1795.34
Processed event: VehicleDepartureEvent, vehicle_id: 10, road_id: 1000000000000000238, offset: 0.000000 id: 778
Simulator::runFor: now_ = 1795.34 target = 1800
[progress] simulator time = 1800 / 3600
processing event: PassengerRouteStartEvent, passenger_id: 16, route_id: 1 id: 15 at time: 1802
Processed event: PassengerRouteStartEvent, passenger_id: 16, route_id: 1 id: 15
processing event: OrderCreatedEvent, order_id: 16, available_pickups: 71 , available_dropoffs: 15 , passenger_id: 16, route_id: 1, passenger_num: 0 id: 780 at time: 1802
Processed event: OrderCreatedEvent, order_id: 16, available_pickups: 71 , available_dropoffs: 15 , passenger_id: 16, route_id: 1, passenger_num: 1 id: 780
Simulator::runFor: now_ = 1802 target = 1810
[progress] simulator time = 1810 / 3600
processing event: OrderMatchedEvent, order_id: 16, vehicle_id: 6 id: 781 at time: 1810
Processed event: OrderMatchedEvent, order_id: 16, vehicle_id: 6 id: 781
processing event: PassengerArrivalEvent, passenger_id: 16 id: 783 at time: 1810
Processed event: PassengerArrivalEvent, passenger_id: 16 id: 783
Event is not valid: VehicleArriveIntersectionEvent, vehicle_id: 6, road_id: 1000000000000000310 id: 774 at time: 1816.98
processing event: VehicleArriveIntersectionEvent, vehicle_id: 6, road_id: 1000000000000000310 id: 782 at time: 1816.98
Processed event: VehicleArriveIntersectionEvent, vehicle_id: 6, road_id: 1000000000000000310 id: 782
Simulator::runFor: now_ = 1816.98 target = 1820
[progress] simulator time = 1820 / 3600
processing event: VehicleEnterNewRoadEvent, vehicle_id: 3, road_id: 1000000000000001075 id: 762 at time: 1820.35
Processed event: VehicleEnterNewRoadEvent, vehicle_id: 3, road_id: 1000000000000001075 id: 762
processing event: VehicleDepartureEvent, vehicle_id: 3, road_id: 1000000000000001075, offset: 0.000000 id: 785 at time: 1820.35
Processed event: VehicleDepartureEvent, vehicle_id: 3, road_id: 1000000000000001075, offset: 0.000000 id: 785
processing event: VehicleEnterNewRoadEvent, vehicle_id: 6, road_id: 1000000000000000627 id: 784 at time: 1825.8
Processed event: VehicleEnterNewRoadEvent, vehicle_id: 6, road_id: 1000000000000000627 id: 784
processing event: VehicleDepartureEvent, vehicle_id: 6, road_id: 1000000000000000627, offset: 0.000000 id: 787 at time: 1825.8
Processed event: VehicleDepartureEvent, vehicle_id: 6, road_id: 1000000000000000627, offset: 0.000000 id: 787
Simulator::runFor: now_ = 1825.8 target = 1830
[progress] simulator time = 1830 / 3600
processing event: VehicleArriveIntersectionEvent, vehicle_id: 2, road_id: 1000000000000000661 id: 771 at time: 1833.35
Processed event: VehicleArriveIntersectionEvent, vehicle_id: 2, road_id: 1000000000000000661 id: 771
Simulator::runFor: now_ = 1833.35 target = 1840
[progress] simulator time = 1840 / 3600
processing event: VehicleEnterNewRoadEvent, vehicle_id: 2, road_id: 1000000000000000649 id: 789 at time: 1843.77
Processed event: VehicleEnterNewRoadEvent, vehicle_id: 2, road_id: 1000000000000000649 id: 789
processing event: VehicleDepartureEvent, vehicle_id: 2, road_id: 1000000000000000649, offset: 0.000000 id: 790 at time: 1843.77
Processed event: VehicleDepartureEvent, vehicle_id: 2, road_id: 1000000000000000649, offset: 0.000000 id: 790
Simulator::runFor: now_ = 1843.77 target = 1850
[progress] simulator time = 1850 / 3600
processing event: VehicleArriveIntersectionEvent, vehicle_id: 7, road_id: 1000000000000001045 id: 770 at time: 1855.45
Processed event: VehicleArriveIntersectionEvent, vehicle_id: 7, road_id: 1000000000000001045 id: 770
Simulator::runFor: now_ = 1855.45 target = 1860
[progress] simulator time = 1860 / 3600
processing event: VehicleArriveIntersectionEvent, vehicle_id: 6, road_id: 1000000000000000627 id: 788 at time: 1865.22
Processed event: VehicleArriveIntersectionEvent, vehicle_id: 6, road_id: 1000000000000000627 id: 788
Simulator::runFor: now_ = 1865.22 target = 1870
[progress] simulator time = 1870 / 3600
processing event: VehicleEnterNewRoadEvent, vehicle_id: 7, road_id: 1000000000000001054 id: 792 at time: 1873.8
Processed event: VehicleEnterNewRoadEvent, vehicle_id: 7, road_id: 1000000000000001054 id: 792
processing event: VehicleDepartureEvent, vehicle_id: 7, road_id: 1000000000000001054, offset: 0.000000 id: 794 at time: 1873.8
Processed event: VehicleDepartureEvent, vehicle_id: 7, road_id: 1000000000000001054, offset: 0.000000 id: 794
processing event: VehicleArriveIntersectionEvent, vehicle_id: 10, road_id: 1000000000000000238 id: 779 at time: 1875.27
Processed event: VehicleArriveIntersectionEvent, vehicle_id: 10, road_id: 1000000000000000238 id: 779
processing event: VehicleArriveIntersectionEvent, vehicle_id: 3, road_id: 1000000000000001075 id: 786 at time: 1875.79
Processed event: VehicleArriveIntersectionEvent, vehicle_id: 3, road_id: 1000000000000001075 id: 786
processing event: VehicleArriveIntersectionEvent, vehicle_id: 7, road_id: 1000000000000001054 id: 795 at time: 1877.04
Processed event: VehicleArriveIntersectionEvent, vehicle_id: 7, road_id: 1000000000000001054 id: 795
Simulator::runFor: now_ = 1877.04 target = 1880
[progress] simulator time = 1880 / 3600
processing event: VehicleArriveIntersectionEvent, vehicle_id: 2, road_id: 1000000000000000649 id: 791 at time: 1880.13
Processed event: VehicleArriveIntersectionEvent, vehicle_id: 2, road_id: 1000000000000000649 id: 791
Simulator::runFor: now_ = 1880.13 target = 1890
[progress] simulator time = 1890 / 3600
Event is not valid: VehicleArriveIntersectionEvent, vehicle_id: 5, road_id: 1000000000000000096 id: 760 at time: 1892.61
processing event: VehicleArriveIntersectionEvent, vehicle_id: 5, road_id: 1000000000000000096 id: 776 at time: 1892.61
Processed event: VehicleArriveIntersectionEvent, vehicle_id: 5, road_id: 1000000000000000096 id: 776
processing event: VehicleEnterNewRoadEvent, vehicle_id: 10, road_id: 1000000000000000623 id: 796 at time: 1898.02
Processed event: VehicleEnterNewRoadEvent, vehicle_id: 10, road_id: 1000000000000000623 id: 796
processing event: VehicleDepartureEvent, vehicle_id: 10, road_id: 1000000000000000623, offset: 0.000000 id: 801 at time: 1898.02
Processed event: VehicleDepartureEvent, vehicle_id: 10, road_id: 1000000000000000623, offset: 0.000000 id: 801
processing event: VehicleArriveIntersectionEvent, vehicle_id: 1, road_id: 1000000000000001872 id: 764 at time: 1899.12
Processed event: VehicleArriveIntersectionEvent, vehicle_id: 1, road_id: 1000000000000001872 id: 764
processing event: VehicleEnterNewRoadEvent, vehicle_id: 5, road_id: 1000000000000001034 id: 800 at time: 1899.8
Processed event: VehicleEnterNewRoadEvent, vehicle_id: 5, road_id: 1000000000000001034 id: 800
processing event: VehicleDepartureEvent, vehicle_id: 5, road_id: 1000000000000001034, offset: 0.000000 id: 804 at time: 1899.8
Processed event: VehicleDepartureEvent, vehicle_id: 5, road_id: 1000000000000001034, offset: 0.000000 id: 804
Simulator::runFor: now_ = 1899.8 target = 1900
[progress] simulator time = 1900 / 3600
processing event: VehicleEnterNewRoadEvent, vehicle_id: 3, road_id: 1000000000000001076 id: 797 at time: 1904.18
Processed event: VehicleEnterNewRoadEvent, vehicle_id: 3, road_id: 1000000000000001076 id: 797
processing event: VehicleDepartureEvent, vehicle_id: 3, road_id: 1000000000000001076, offset: 0.000000 id: 806 at time: 1904.18
Processed event: VehicleDepartureEvent, vehicle_id: 3, road_id: 1000000000000001076, offset: 0.000000 id: 806
Simulator::runFor: now_ = 1904.18 target = 1910
[progress] simulator time = 1910 / 3600
processing event: VehicleArriveIntersectionEvent, vehicle_id: 5, road_id: 1000000000000001034 id: 805 at time: 1912.58
Processed event: VehicleArriveIntersectionEvent, vehicle_id: 5, road_id: 1000000000000001034 id: 805
processing event: PassengerRouteStartEvent, passenger_id: 17, route_id: 1 id: 16 at time: 1913
Processed event: PassengerRouteStartEvent, passenger_id: 17, route_id: 1 id: 16
processing event: OrderCreatedEvent, order_id: 17, available_pickups: 2 81 , available_dropoffs: 71 , passenger_id: 17, route_id: 1, passenger_num: 0 id: 809 at time: 1913
Processed event: OrderCreatedEvent, order_id: 17, available_pickups: 2 81 , available_dropoffs: 71 , passenger_id: 17, route_id: 1, passenger_num: 3 id: 809
processing event: VehicleEnterNewRoadEvent, vehicle_id: 2, road_id: 1000000000000000648 id: 799 at time: 1916.21
Processed event: VehicleEnterNewRoadEvent, vehicle_id: 2, road_id: 1000000000000000648 id: 799
processing event: VehicleDepartureEvent, vehicle_id: 2, road_id: 1000000000000000648, offset: 0.000000 id: 810 at time: 1916.21
Processed event: VehicleDepartureEvent, vehicle_id: 2, road_id: 1000000000000000648, offset: 0.000000 id: 810
processing event: VehicleArriveIntersectionEvent, vehicle_id: 2, road_id: 1000000000000000648 id: 811 at time: 1917.83
Processed event: VehicleArriveIntersectionEvent, vehicle_id: 2, road_id: 1000000000000000648 id: 811
Simulator::runFor: now_ = 1917.83 target = 1920
[progress] simulator time = 1920 / 3600
processing event: OrderMatchedEvent, order_id: 17, vehicle_id: 3 id: 813 at time: 1920
Processed event: OrderMatchedEvent, order_id: 17, vehicle_id: 3 id: 813
processing event: PassengerArrivalEvent, passenger_id: 17 id: 815 at time: 1920
Processed event: PassengerArrivalEvent, passenger_id: 17 id: 815
processing event: VehicleEnterNewRoadEvent, vehicle_id: 6, road_id: 1000000000000000628 id: 793 at time: 1920.08
Processed event: VehicleEnterNewRoadEvent, vehicle_id: 6, road_id: 1000000000000000628 id: 793
processing event: VehicleDepartureEvent, vehicle_id: 6, road_id: 1000000000000000628, offset: 0.000000 id: 816 at time: 1920.08
Processed event: VehicleDepartureEvent, vehicle_id: 6, road_id: 1000000000000000628, offset: 0.000000 id: 816
processing event: VehicleEnterNewRoadEvent, vehicle_id: 5, road_id: 1000000000000001035 id: 808 at time: 1921.8
Processed event: VehicleEnterNewRoadEvent, vehicle_id: 5, road_id: 1000000000000001035 id: 808
processing event: VehicleDepartureEvent, vehicle_id: 5, road_id: 1000000000000001035, offset: 0.000000 id: 818 at time: 1921.8
Processed event: VehicleDepartureEvent, vehicle_id: 5, road_id: 1000000000000001035, offset: 0.000000 id: 818
processing event: VehicleEnterNewRoadEvent, vehicle_id: 7, road_id: 1000000000000001073 id: 798 at time: 1924.16
Processed event: VehicleEnterNewRoadEvent, vehicle_id: 7, road_id: 1000000000000001073 id: 798
processing event: VehicleDepartureEvent, vehicle_id: 7, road_id: 1000000000000001073, offset: 0.000000 id: 820 at time: 1924.16
Processed event: VehicleDepartureEvent, vehicle_id: 7, road_id: 1000000000000001073, offset: 0.000000 id: 820
Simulator::runFor: now_ = 1924.16 target = 1930
[progress] simulator time = 1930 / 3600
processing event: VehicleArriveIntersectionEvent, vehicle_id: 6, road_id: 1000000000000000628 id: 817 at time: 1938.08
Processed event: VehicleArriveIntersectionEvent, vehicle_id: 6, road_id: 1000000000000000628 id: 817
processing event: VehicleEnterNewRoadEvent, vehicle_id: 6, road_id: 1000000000000001044 id: 822 at time: 1939.88
Processed event: VehicleEnterNewRoadEvent, vehicle_id: 6, road_id: 1000000000000001044 id: 822
processing event: VehicleDepartureEvent, vehicle_id: 6, road_id: 1000000000000001044, offset: 0.000000 id: 823 at time: 1939.88
Processed event: VehicleDepartureEvent, vehicle_id: 6, road_id: 1000000000000001044, offset: 0.000000 id: 823
Simulator::runFor: now_ = 1939.88 target = 1940
[progress] simulator time = 1940 / 3600
processing event: VehicleEnterNewRoadEvent, vehicle_id: 1, road_id: 1000000000000001076 id: 803 at time: 1940.93
Processed event: VehicleEnterNewRoadEvent, vehicle_id: 1, road_id: 1000000000000001076 id: 803
processing event: VehicleDepartureEvent, vehicle_id: 1, road_id: 1000000000000001076, offset: 0.000000 id: 825 at time: 1940.93
Processed event: VehicleDepartureEvent, vehicle_id: 1, road_id: 1000000000000001076, offset: 0.000000 id: 825
processing event: VehicleEnterNewRoadEvent, vehicle_id: 2, road_id: 1000000000000000897 id: 812 at time: 1945.96
Processed event: VehicleEnterNewRoadEvent, vehicle_id: 2, road_id: 1000000000000000897 id: 812
processing event: VehicleDepartureEvent, vehicle_id: 2, road_id: 1000000000000000897, offset: 0.000000 id: 827 at time: 1945.96
Processed event: VehicleDepartureEvent, vehicle_id: 2, road_id: 1000000000000000897, offset: 0.000000 id: 827
Simulator::runFor: now_ = 1945.96 target = 1950
[progress] simulator time = 1950 / 3600
processing event: VehicleArriveIntersectionEvent, vehicle_id: 2, road_id: 1000000000000000897 id: 828 at time: 1952.8
Processed event: VehicleArriveIntersectionEvent, vehicle_id: 2, road_id: 1000000000000000897 id: 828
Simulator::runFor: now_ = 1952.8 target = 1960
[progress] simulator time = 1960 / 3600
processing event: VehicleArriveIntersectionEvent, vehicle_id: 10, road_id: 1000000000000000623 id: 802 at time: 1960.49
Processed event: VehicleArriveIntersectionEvent, vehicle_id: 10, road_id: 1000000000000000623 id: 802
processing event: VehicleArriveIntersectionEvent, vehicle_id: 5, road_id: 1000000000000001035 id: 819 at time: 1963.2
Processed event: VehicleArriveIntersectionEvent, vehicle_id: 5, road_id: 1000000000000001035 id: 819
processing event: VehicleEnterNewRoadEvent, vehicle_id: 10, road_id: 1000000000000000620 id: 830 at time: 1964.45
Processed event: VehicleEnterNewRoadEvent, vehicle_id: 10, road_id: 1000000000000000620 id: 830
processing event: VehicleDepartureEvent, vehicle_id: 10, road_id: 1000000000000000620, offset: 0.000000 id: 832 at time: 1964.45
Processed event: VehicleDepartureEvent, vehicle_id: 10, road_id: 1000000000000000620, offset: 0.000000 id: 832
Simulator::runFor: now_ = 1964.45 target = 1970
[progress] simulator time = 1970 / 3600
processing event: VehicleEnterNewRoadEvent, vehicle_id: 5, road_id: 1000000000000001036 id: 831 at time: 1976.48
Processed event: VehicleEnterNewRoadEvent, vehicle_id: 5, road_id: 1000000000000001036 id: 831
processing event: VehicleDepartureEvent, vehicle_id: 5, road_id: 1000000000000001036, offset: 0.000000 id: 834 at time: 1976.48
Processed event: VehicleDepartureEvent, vehicle_id: 5, road_id: 1000000000000001036, offset: 0.000000 id: 834
Simulator::runFor: now_ = 1976.48 target = 1980
[progress] simulator time = 1980 / 3600
processing event: VehicleArriveIntersectionEvent, vehicle_id: 10, road_id: 1000000000000000620 id: 833 at time: 1983.17
Processed event: VehicleArriveIntersectionEvent, vehicle_id: 10, road_id: 1000000000000000620 id: 833
Simulator::runFor: now_ = 1983.17 target = 1990
[progress] simulator time = 1990 / 3600
processing event: VehicleArriveIntersectionEvent, vehicle_id: 7, road_id: 1000000000000001073 id: 821 at time: 1996.35
Processed event: VehicleArriveIntersectionEvent, vehicle_id: 7, road_id: 1000000000000001073 id: 821
Simulator::runFor: now_ = 1996.35 target = 2000
[progress] simulator time = 2000 / 3600
Event is not valid: VehicleArriveIntersectionEvent, vehicle_id: 3, road_id: 1000000000000001076 id: 807 at time: 2002.47
Event is not valid: VehicleArriveIntersectionEvent, vehicle_id: 3, road_id: 1000000000000001076 id: 814 at time: 2002.47
processing event: VehicleArriveIntersectionEvent, vehicle_id: 3, road_id: 1000000000000001076 id: 826 at time: 2002.47
Processed event: VehicleArriveIntersectionEvent, vehicle_id: 3, road_id: 1000000000000001076 id: 826
processing event: VehicleEnterNewRoadEvent, vehicle_id: 10, road_id: 1000000000000000254 id: 836 at time: 2009.39
Processed event: VehicleEnterNewRoadEvent, vehicle_id: 10, road_id: 1000000000000000254 id: 836
processing event: VehicleDepartureEvent, vehicle_id: 10, road_id: 1000000000000000254, offset: 0.000000 id: 840 at time: 2009.39
Processed event: VehicleDepartureEvent, vehicle_id: 10, road_id: 1000000000000000254, offset: 0.000000 id: 840
Simulator::runFor: now_ = 2009.39 target = 2010
[progress] simulator time = 2010 / 3600
processing event: VehicleEnterNewRoadEvent, vehicle_id: 7, road_id: 1000000000000001074 id: 837 at time: 2015.07
Processed event: VehicleEnterNewRoadEvent, vehicle_id: 7, road_id: 1000000000000001074 id: 837
processing event: VehicleDepartureEvent, vehicle_id: 7, road_id: 1000000000000001074, offset: 0.000000 id: 842 at time: 2015.07
Processed event: VehicleDepartureEvent, vehicle_id: 7, road_id: 1000000000000001074, offset: 0.000000 id: 842
processing event: VehicleArriveIntersectionEvent, vehicle_id: 10, road_id: 1000000000000000254 id: 841 at time: 2018.93
Processed event: VehicleArriveIntersectionEvent, vehicle_id: 10, road_id: 1000000000000000254 id: 841
Simulator::runFor: now_ = 2018.93 target = 2020
[progress] simulator time = 2020 / 3600
processing event: VehicleArriveIntersectionEvent, vehicle_id: 6, road_id: 1000000000000001044 id: 824 at time: 2021.97
Processed event: VehicleArriveIntersectionEvent, vehicle_id: 6, road_id: 1000000000000001044 id: 824
processing event: VehicleEnterNewRoadEvent, vehicle_id: 10, road_id: 1000000000000000255 id: 844 at time: 2022.89
Processed event: VehicleEnterNewRoadEvent, vehicle_id: 10, road_id: 1000000000000000255 id: 844
processing event: VehicleDepartureEvent, vehicle_id: 10, road_id: 1000000000000000255, offset: 0.000000 id: 846 at time: 2022.89
Processed event: VehicleDepartureEvent, vehicle_id: 10, road_id: 1000000000000000255, offset: 0.000000 id: 846
processing event: VehicleEnterNewRoadEvent, vehicle_id: 6, road_id: 1000000000000000682 id: 845 at time: 2023.77
Processed event: VehicleEnterNewRoadEvent, vehicle_id: 6, road_id: 1000000000000000682 id: 845
processing event: VehicleDepartureEvent, vehicle_id: 6, road_id: 1000000000000000682, offset: 0.000000 id: 848 at time: 2023.77
Processed event: VehicleDepartureEvent, vehicle_id: 6, road_id: 1000000000000000682, offset: 0.000000 id: 848
processing event: VehicleEnterNewRoadEvent, vehicle_id: 3, road_id: 1000000000000001077 id: 838 at time: 2025.15
Processed event: VehicleEnterNewRoadEvent, vehicle_id: 3, road_id: 1000000000000001077 id: 838
processing event: VehicleDepartureEvent, vehicle_id: 3, road_id: 1000000000000001077, offset: 0.000000 id: 851 at time: 2025.15
Processed event: VehicleDepartureEvent, vehicle_id: 3, road_id: 1000000000000001077, offset: 0.000000 id: 851
processing event: VehicleEnterNewRoadEvent, vehicle_id: 2, road_id: 1000000000000001102 id: 829 at time: 2028.65
Processed event: VehicleEnterNewRoadEvent, vehicle_id: 2, road_id: 1000000000000001102 id: 829
processing event: VehicleDepartureEvent, vehicle_id: 2, road_id: 1000000000000001102, offset: 0.000000 id: 853 at time: 2028.65
Processed event: VehicleDepartureEvent, vehicle_id: 2, road_id: 1000000000000001102, offset: 0.000000 id: 853
Simulator::runFor: now_ = 2028.65 target = 2030
[progress] simulator time = 2030 / 3600
processing event: BusArrivalEvent, vehicle_id: 3, stop_id: 71 id: 852 at time: 2035.7
Processed event: BusArrivalEvent, vehicle_id: 3, stop_id: 71 id: 852
processing event: PassengerOnboardEvent, passenger_id: 8 id: 855 at time: 2035.7
Processed event: PassengerOnboardEvent, passenger_id: 8 id: 855
Event is not valid: VehicleCheckPointEvent, vehicle_id: 1 id: 839 at time: 2038.68
processing event: VehicleArriveIntersectionEvent, vehicle_id: 1, road_id: 1000000000000001076 id: 850 at time: 2039.22
Processed event: VehicleArriveIntersectionEvent, vehicle_id: 1, road_id: 1000000000000001076 id: 850
Simulator::runFor: now_ = 2039.22 target = 2040
[progress] simulator time = 2040 / 3600
processing event: VehicleDepartureEvent, vehicle_id: 3, road_id: 1000000000000001077, offset: 58.620000 id: 856 at time: 2040.7
Processed event: VehicleDepartureEvent, vehicle_id: 3, road_id: 1000000000000001077, offset: 58.620000 id: 856
processing event: VehicleEnterNewRoadEvent, vehicle_id: 1, road_id: 1000000000000001077 id: 857 at time: 2041.02
Processed event: VehicleEnterNewRoadEvent, vehicle_id: 1, road_id: 1000000000000001077 id: 857
processing event: VehicleDepartureEvent, vehicle_id: 1, road_id: 1000000000000001077, offset: 0.000000 id: 859 at time: 2041.02
Processed event: VehicleDepartureEvent, vehicle_id: 1, road_id: 1000000000000001077, offset: 0.000000 id: 859
processing event: VehicleArriveIntersectionEvent, vehicle_id: 7, road_id: 1000000000000001074 id: 843 at time: 2045.49
Processed event: VehicleArriveIntersectionEvent, vehicle_id: 7, road_id: 1000000000000001074 id: 843
processing event: VehicleEnterNewRoadEvent, vehicle_id: 7, road_id: 1000000000000001075 id: 861 at time: 2046.49
Processed event: VehicleEnterNewRoadEvent, vehicle_id: 7, road_id: 1000000000000001075 id: 861
processing event: VehicleDepartureEvent, vehicle_id: 7, road_id: 1000000000000001075, offset: 0.000000 id: 862 at time: 2046.49
Processed event: VehicleDepartureEvent, vehicle_id: 7, road_id: 1000000000000001075, offset: 0.000000 id: 862
Simulator::runFor: now_ = 2046.49 target = 2050
[progress] simulator time = 2050 / 3600
processing event: BusArrivalEvent, vehicle_id: 1, stop_id: 71 id: 860 at time: 2051.58
Processed event: BusArrivalEvent, vehicle_id: 1, stop_id: 71 id: 860
processing event: PassengerRouteEndEvent, passenger_id: 1, route_id: 1 id: 865 at time: 2051.58
Passenger 1 finished all routes
Processed event: PassengerRouteEndEvent, passenger_id: 1, route_id: 1 id: 865
processing event: PassengerDropoffEvent, passenger_id: 1 id: 867 at time: 2051.58
Processed event: PassengerDropoffEvent, passenger_id: 1 id: 867
processing event: OrderFinishedEvent, order_id: 1 id: 868 at time: 2051.58
Processed event: OrderFinishedEvent, order_id: 1 id: 868
processing event: VehicleDepartureEvent, vehicle_id: 1, road_id: 1000000000000001077, offset: 58.620000 id: 866 at time: 2056.58
Processed event: VehicleDepartureEvent, vehicle_id: 1, road_id: 1000000000000001077, offset: 58.620000 id: 866
Simulator::runFor: now_ = 2056.58 target = 2060
[progress] simulator time = 2060 / 3600
Event is not valid: VehicleArriveIntersectionEvent, vehicle_id: 3, road_id: 1000000000000001077 id: 858 at time: 2065.43
Event is not valid: VehicleArriveIntersectionEvent, vehicle_id: 3, road_id: 1000000000000001077 id: 864 at time: 2065.43
processing event: VehicleArriveIntersectionEvent, vehicle_id: 3, road_id: 1000000000000001077 id: 869 at time: 2065.43
Processed event: VehicleArriveIntersectionEvent, vehicle_id: 3, road_id: 1000000000000001077 id: 869
Simulator::runFor: now_ = 2065.43 target = 2070
[progress] simulator time = 2070 / 3600
processing event: VehicleEnterNewRoadEvent, vehicle_id: 3, road_id: 1000000000000000094 id: 870 at time: 2070.97
Processed event: VehicleEnterNewRoadEvent, vehicle_id: 3, road_id: 1000000000000000094 id: 870
processing event: VehicleDepartureEvent, vehicle_id: 3, road_id: 1000000000000000094, offset: 0.000000 id: 873 at time: 2070.97
Processed event: VehicleDepartureEvent, vehicle_id: 3, road_id: 1000000000000000094, offset: 0.000000 id: 873
processing event: VehicleArriveIntersectionEvent, vehicle_id: 2, road_id: 1000000000000001102 id: 854 at time: 2071.68
Processed event: VehicleArriveIntersectionEvent, vehicle_id: 2, road_id: 1000000000000001102 id: 854
processing event: VehicleEnterNewRoadEvent, vehicle_id: 2, road_id: 1000000000000001385 id: 875 at time: 2073.48
Processed event: VehicleEnterNewRoadEvent, vehicle_id: 2, road_id: 1000000000000001385 id: 875
processing event: VehicleDepartureEvent, vehicle_id: 2, road_id: 1000000000000001385, offset: 0.000000 id: 876 at time: 2073.48
Processed event: VehicleDepartureEvent, vehicle_id: 2, road_id: 1000000000000001385, offset: 0.000000 id: 876
processing event: VehicleArriveIntersectionEvent, vehicle_id: 10, road_id: 1000000000000000255 id: 847 at time: 2075.46
Processed event: VehicleArriveIntersectionEvent, vehicle_id: 10, road_id: 1000000000000000255 id: 847
processing event: VehicleEnterNewRoadEvent, vehicle_id: 10, road_id: 1000000000000000257 id: 878 at time: 2079.41
Processed event: VehicleEnterNewRoadEvent, vehicle_id: 10, road_id: 1000000000000000257 id: 878
processing event: VehicleDepartureEvent, vehicle_id: 10, road_id: 1000000000000000257, offset: 0.000000 id: 879 at time: 2079.41
Processed event: VehicleDepartureEvent, vehicle_id: 10, road_id: 1000000000000000257, offset: 0.000000 id: 879
Simulator::runFor: now_ = 2079.41 target = 2080
[progress] simulator time = 2080 / 3600
Event is not valid: VehicleCheckPointEvent, vehicle_id: 1 id: 871 at time: 2080.77
processing event: VehicleArriveIntersectionEvent, vehicle_id: 1, road_id: 1000000000000001077 id: 872 at time: 2081.31
Processed event: VehicleArriveIntersectionEvent, vehicle_id: 1, road_id: 1000000000000001077 id: 872
processing event: PassengerRouteStartEvent, passenger_id: 18, route_id: 1 id: 17 at time: 2085
Processed event: PassengerRouteStartEvent, passenger_id: 18, route_id: 1 id: 17
processing event: OrderCreatedEvent, order_id: 18, available_pickups: 50 , available_dropoffs: 41 , passenger_id: 18, route_id: 1, passenger_num: 0 id: 882 at time: 2085
Processed event: OrderCreatedEvent, order_id: 18, available_pickups: 50 , available_dropoffs: 41 , passenger_id: 18, route_id: 1, passenger_num: 1 id: 882
processing event: VehicleArriveIntersectionEvent, vehicle_id: 2, road_id: 1000000000000001385 id: 877 at time: 2087.16
Processed event: VehicleArriveIntersectionEvent, vehicle_id: 2, road_id: 1000000000000001385 id: 877
Simulator::runFor: now_ = 2087.16 target = 2090
[progress] simulator time = 2090 / 3600
processing event: OrderMatchedEvent, order_id: 18, vehicle_id: 7 id: 884 at time: 2090
Processed event: OrderMatchedEvent, order_id: 18, vehicle_id: 7 id: 884
processing event: PassengerArrivalEvent, passenger_id: 18 id: 886 at time: 2090
Processed event: PassengerArrivalEvent, passenger_id: 18 id: 886
processing event: PassengerRouteStartEvent, passenger_id: 19, route_id: 1 id: 18 at time: 2092
Processed event: PassengerRouteStartEvent, passenger_id: 19, route_id: 1 id: 18
processing event: OrderCreatedEvent, order_id: 19, available_pickups: 41 , available_dropoffs: 68 , passenger_id: 19, route_id: 1, passenger_num: 0 id: 887 at time: 2092
Processed event: OrderCreatedEvent, order_id: 19, available_pickups: 41 , available_dropoffs: 68 , passenger_id: 19, route_id: 1, passenger_num: 1 id: 887
processing event: VehicleArriveIntersectionEvent, vehicle_id: 5, road_id: 1000000000000001036 id: 835 at time: 2094.21
Processed event: VehicleArriveIntersectionEvent, vehicle_id: 5, road_id: 1000000000000001036 id: 835
processing event: VehicleEnterNewRoadEvent, vehicle_id: 2, road_id: 1000000000000001386 id: 883 at time: 2094.87
Processed event: VehicleEnterNewRoadEvent, vehicle_id: 2, road_id: 1000000000000001386 id: 883
processing event: VehicleDepartureEvent, vehicle_id: 2, road_id: 1000000000000001386, offset: 0.000000 id: 889 at time: 2094.87
Processed event: VehicleDepartureEvent, vehicle_id: 2, road_id: 1000000000000001386, offset: 0.000000 id: 889
Simulator::runFor: now_ = 2094.87 target = 2100
[progress] simulator time = 2100 / 3600
processing event: OrderMatchedEvent, order_id: 19, vehicle_id: 2 id: 891 at time: 2100
Processed event: OrderMatchedEvent, order_id: 19, vehicle_id: 2 id: 891
processing event: PassengerArrivalEvent, passenger_id: 19 id: 893 at time: 2100
Processed event: PassengerArrivalEvent, passenger_id: 19 id: 893
Event is not valid: VehicleArriveIntersectionEvent, vehicle_id: 7, road_id: 1000000000000001075 id: 863 at time: 2101.94
processing event: VehicleArriveIntersectionEvent, vehicle_id: 7, road_id: 1000000000000001075 id: 885 at time: 2101.94
Processed event: VehicleArriveIntersectionEvent, vehicle_id: 7, road_id: 1000000000000001075 id: 885
Event is not valid: VehicleArriveIntersectionEvent, vehicle_id: 2, road_id: 1000000000000001386 id: 890 at time: 2103.15
processing event: VehicleArriveIntersectionEvent, vehicle_id: 2, road_id: 1000000000000001386 id: 892 at time: 2103.15
Processed event: VehicleArriveIntersectionEvent, vehicle_id: 2, road_id: 1000000000000001386 id: 892
processing event: VehicleEnterNewRoadEvent, vehicle_id: 2, road_id: 1000000000000001387 id: 895 at time: 2104.95
Processed event: VehicleEnterNewRoadEvent, vehicle_id: 2, road_id: 1000000000000001387 id: 895
processing event: VehicleDepartureEvent, vehicle_id: 2, road_id: 1000000000000001387, offset: 0.000000 id: 896 at time: 2104.95
Processed event: VehicleDepartureEvent, vehicle_id: 2, road_id: 1000000000000001387, offset: 0.000000 id: 896
Simulator::runFor: now_ = 2104.95 target = 2110
[progress] simulator time = 2110 / 3600
processing event: VehicleArriveIntersectionEvent, vehicle_id: 3, road_id: 1000000000000000094 id: 874 at time: 2113.1
Processed event: VehicleArriveIntersectionEvent, vehicle_id: 3, road_id: 1000000000000000094 id: 874
processing event: VehicleArriveIntersectionEvent, vehicle_id: 6, road_id: 1000000000000000682 id: 849 at time: 2116.48
Processed event: VehicleArriveIntersectionEvent, vehicle_id: 6, road_id: 1000000000000000682 id: 849
processing event: VehicleEnterNewRoadEvent, vehicle_id: 6, road_id: 1000000000000001045 id: 899 at time: 2118.28
Processed event: VehicleEnterNewRoadEvent, vehicle_id: 6, road_id: 1000000000000001045 id: 899
processing event: VehicleDepartureEvent, vehicle_id: 6, road_id: 1000000000000001045, offset: 0.000000 id: 900 at time: 2118.28
Processed event: VehicleDepartureEvent, vehicle_id: 6, road_id: 1000000000000001045, offset: 0.000000 id: 900
processing event: VehicleEnterNewRoadEvent, vehicle_id: 5, road_id: 1000000000000001038 id: 888 at time: 2119.94
Processed event: VehicleEnterNewRoadEvent, vehicle_id: 5, road_id: 1000000000000001038 id: 888
processing event: VehicleDepartureEvent, vehicle_id: 5, road_id: 1000000000000001038, offset: 0.000000 id: 902 at time: 2119.94
Processed event: VehicleDepartureEvent, vehicle_id: 5, road_id: 1000000000000001038, offset: 0.000000 id: 902
Simulator::runFor: now_ = 2119.94 target = 2120
[progress] simulator time = 2120 / 3600
processing event: VehicleEnterNewRoadEvent, vehicle_id: 3, road_id: 1000000000000000095 id: 898 at time: 2121.01
Processed event: VehicleEnterNewRoadEvent, vehicle_id: 3, road_id: 1000000000000000095 id: 898
processing event: VehicleDepartureEvent, vehicle_id: 3, road_id: 1000000000000000095, offset: 0.000000 id: 904 at time: 2121.01
Processed event: VehicleDepartureEvent, vehicle_id: 3, road_id: 1000000000000000095, offset: 0.000000 id: 904
Simulator::runFor: now_ = 2121.01 target = 2130
[progress] simulator time = 2130 / 3600
Simulator::runFor: now_ = 2130 target = 2140
[progress] simulator time = 2140 / 3600
processing event: VehicleArriveIntersectionEvent, vehicle_id: 10, road_id: 1000000000000000257 id: 880 at time: 2143.86
Processed event: VehicleArriveIntersectionEvent, vehicle_id: 10, road_id: 1000000000000000257 id: 880
processing event: VehicleEnterNewRoadEvent, vehicle_id: 7, road_id: 1000000000000001076 id: 894 at time: 2146.11
Processed event: VehicleEnterNewRoadEvent, vehicle_id: 7, road_id: 1000000000000001076 id: 894
processing event: VehicleDepartureEvent, vehicle_id: 7, road_id: 1000000000000001076, offset: 0.000000 id: 907 at time: 2146.11
Processed event: VehicleDepartureEvent, vehicle_id: 7, road_id: 1000000000000001076, offset: 0.000000 id: 907
processing event: VehicleEnterNewRoadEvent, vehicle_id: 10, road_id: 1000000000000000264 id: 906 at time: 2147.82
Processed event: VehicleEnterNewRoadEvent, vehicle_id: 10, road_id: 1000000000000000264 id: 906
processing event: VehicleDepartureEvent, vehicle_id: 10, road_id: 1000000000000000264, offset: 0.000000 id: 909 at time: 2147.82
Processed event: VehicleDepartureEvent, vehicle_id: 10, road_id: 1000000000000000264, offset: 0.000000 id: 909
Simulator::runFor: now_ = 2147.82 target = 2150
[progress] simulator time = 2150 / 3600
Simulator::runFor: now_ = 2150 target = 2160
[progress] simulator time = 2160 / 3600
processing event: VehicleArriveIntersectionEvent, vehicle_id: 2, road_id: 1000000000000001387 id: 897 at time: 2161.66
Processed event: VehicleArriveIntersectionEvent, vehicle_id: 2, road_id: 1000000000000001387 id: 897
processing event: VehicleArriveIntersectionEvent, vehicle_id: 5, road_id: 1000000000000001038 id: 903 at time: 2163.15
Processed event: VehicleArriveIntersectionEvent, vehicle_id: 5, road_id: 1000000000000001038 id: 903
processing event: BusArrivalEvent, vehicle_id: 10, stop_id: 44 id: 910 at time: 2169.64
Processed event: BusArrivalEvent, vehicle_id: 10, stop_id: 44 id: 910
processing event: PassengerOnboardEvent, passenger_id: 10 id: 913 at time: 2169.64
Processed event: PassengerOnboardEvent, passenger_id: 10 id: 913
Simulator::runFor: now_ = 2169.64 target = 2170
[progress] simulator time = 2170 / 3600
processing event: VehicleDepartureEvent, vehicle_id: 10, road_id: 1000000000000000264, offset: 121.210000 id: 914 at time: 2174.64
Processed event: VehicleDepartureEvent, vehicle_id: 10, road_id: 1000000000000000264, offset: 121.210000 id: 914
Simulator::runFor: now_ = 2174.64 target = 2180
[progress] simulator time = 2180 / 3600
processing event: VehicleEnterNewRoadEvent, vehicle_id: 5, road_id: 1000000000000001041 id: 912 at time: 2188.8
Processed event: VehicleEnterNewRoadEvent, vehicle_id: 5, road_id: 1000000000000001041 id: 912
processing event: VehicleDepartureEvent, vehicle_id: 5, road_id: 1000000000000001041, offset: 0.000000 id: 916 at time: 2188.8
Processed event: VehicleDepartureEvent, vehicle_id: 5, road_id: 1000000000000001041, offset: 0.000000 id: 916
Simulator::runFor: now_ = 2188.8 target = 2190
[progress] simulator time = 2190 / 3600
processing event: VehicleArriveIntersectionEvent, vehicle_id: 10, road_id: 1000000000000000264 id: 915 at time: 2198.9
Processed event: VehicleArriveIntersectionEvent, vehicle_id: 10, road_id: 1000000000000000264 id: 915
Simulator::runFor: now_ = 2198.9 target = 2200
[progress] simulator time = 2200 / 3600
processing event: VehicleEnterNewRoadEvent, vehicle_id: 1, road_id: 1000000000000000094 id: 881 at time: 2204.94
Processed event: VehicleEnterNewRoadEvent, vehicle_id: 1, road_id: 1000000000000000094 id: 881
processing event: VehicleDepartureEvent, vehicle_id: 1, road_id: 1000000000000000094, offset: 0.000000 id: 919 at time: 2204.94
Processed event: VehicleDepartureEvent, vehicle_id: 1, road_id: 1000000000000000094, offset: 0.000000 id: 919
processing event: VehicleArriveIntersectionEvent, vehicle_id: 6, road_id: 1000000000000001045 id: 901 at time: 2207.93
Processed event: VehicleArriveIntersectionEvent, vehicle_id: 6, road_id: 1000000000000001045 id: 901
processing event: VehicleEnterNewRoadEvent, vehicle_id: 6, road_id: 1000000000000001054 id: 921 at time: 2209.8
Processed event: VehicleEnterNewRoadEvent, vehicle_id: 6, road_id: 1000000000000001054 id: 921
processing event: VehicleDepartureEvent, vehicle_id: 6, road_id: 1000000000000001054, offset: 0.000000 id: 922 at time: 2209.8
Processed event: VehicleDepartureEvent, vehicle_id: 6, road_id: 1000000000000001054, offset: 0.000000 id: 922
Simulator::runFor: now_ = 2209.8 target = 2210
[progress] simulator time = 2210 / 3600
processing event: VehicleEnterNewRoadEvent, vehicle_id: 10, road_id: 1000000000000000261 id: 918 at time: 2211.47
Processed event: VehicleEnterNewRoadEvent, vehicle_id: 10, road_id: 1000000000000000261 id: 918
processing event: VehicleDepartureEvent, vehicle_id: 10, road_id: 1000000000000000261, offset: 0.000000 id: 924 at time: 2211.47
Processed event: VehicleDepartureEvent, vehicle_id: 10, road_id: 1000000000000000261, offset: 0.000000 id: 924
processing event: VehicleArriveIntersectionEvent, vehicle_id: 6, road_id: 1000000000000001054 id: 923 at time: 2213.04
Processed event: VehicleArriveIntersectionEvent, vehicle_id: 6, road_id: 1000000000000001054 id: 923
processing event: VehicleArriveIntersectionEvent, vehicle_id: 5, road_id: 1000000000000001041 id: 917 at time: 2213.46
Processed event: VehicleArriveIntersectionEvent, vehicle_id: 5, road_id: 1000000000000001041 id: 917
processing event: VehicleEnterNewRoadEvent, vehicle_id: 5, road_id: 1000000000000001039 id: 927 at time: 2217.42
Processed event: VehicleEnterNewRoadEvent, vehicle_id: 5, road_id: 1000000000000001039 id: 927
processing event: VehicleDepartureEvent, vehicle_id: 5, road_id: 1000000000000001039, offset: 0.000000 id: 928 at time: 2217.42
Processed event: VehicleDepartureEvent, vehicle_id: 5, road_id: 1000000000000001039, offset: 0.000000 id: 928
processing event: VehicleArriveIntersectionEvent, vehicle_id: 3, road_id: 1000000000000000095 id: 905 at time: 2219.12
Processed event: VehicleArriveIntersectionEvent, vehicle_id: 3, road_id: 1000000000000000095 id: 905
Simulator::runFor: now_ = 2219.12 target = 2220
[progress] simulator time = 2220 / 3600
processing event: VehicleEnterNewRoadEvent, vehicle_id: 6, road_id: 1000000000000001073 id: 926 at time: 2226.66
Processed event: VehicleEnterNewRoadEvent, vehicle_id: 6, road_id: 1000000000000001073 id: 926
processing event: VehicleDepartureEvent, vehicle_id: 6, road_id: 1000000000000001073, offset: 0.000000 id: 931 at time: 2226.66
Processed event: VehicleDepartureEvent, vehicle_id: 6, road_id: 1000000000000001073, offset: 0.000000 id: 931
processing event: VehicleEnterNewRoadEvent, vehicle_id: 3, road_id: 1000000000000000096 id: 930 at time: 2227.04
Processed event: VehicleEnterNewRoadEvent, vehicle_id: 3, road_id: 1000000000000000096 id: 930
processing event: VehicleDepartureEvent, vehicle_id: 3, road_id: 1000000000000000096, offset: 0.000000 id: 933 at time: 2227.04
Processed event: VehicleDepartureEvent, vehicle_id: 3, road_id: 1000000000000000096, offset: 0.000000 id: 933
Simulator::runFor: now_ = 2227.04 target = 2230
[progress] simulator time = 2230 / 3600
Simulator::runFor: now_ = 2230 target = 2240
[progress] simulator time = 2240 / 3600
processing event: VehicleArriveIntersectionEvent, vehicle_id: 7, road_id: 1000000000000001076 id: 908 at time: 2244.4
Processed event: VehicleArriveIntersectionEvent, vehicle_id: 7, road_id: 1000000000000001076 id: 908
processing event: VehicleArriveIntersectionEvent, vehicle_id: 5, road_id: 1000000000000001039 id: 929 at time: 2246.58
Processed event: VehicleArriveIntersectionEvent, vehicle_id: 5, road_id: 1000000000000001039 id: 929
processing event: VehicleArriveIntersectionEvent, vehicle_id: 1, road_id: 1000000000000000094 id: 920 at time: 2247.06
Processed event: VehicleArriveIntersectionEvent, vehicle_id: 1, road_id: 1000000000000000094 id: 920
Simulator::runFor: now_ = 2247.06 target = 2250
[progress] simulator time = 2250 / 3600
processing event: VehicleArriveIntersectionEvent, vehicle_id: 10, road_id: 1000000000000000261 id: 925 at time: 2258.09
Processed event: VehicleArriveIntersectionEvent, vehicle_id: 10, road_id: 1000000000000000261 id: 925
Simulator::runFor: now_ = 2258.09 target = 2260
[progress] simulator time = 2260 / 3600
processing event: VehicleEnterNewRoadEvent, vehicle_id: 5, road_id: 1000000000000000250 id: 936 at time: 2263.1
Processed event: VehicleEnterNewRoadEvent, vehicle_id: 5, road_id: 1000000000000000250 id: 936
processing event: VehicleDepartureEvent, vehicle_id: 5, road_id: 1000000000000000250, offset: 0.000000 id: 939 at time: 2263.1
Processed event: VehicleDepartureEvent, vehicle_id: 5, road_id: 1000000000000000250, offset: 0.000000 id: 939
processing event: VehicleEnterNewRoadEvent, vehicle_id: 7, road_id: 1000000000000001009 id: 935 at time: 2267.07
Processed event: VehicleEnterNewRoadEvent, vehicle_id: 7, road_id: 1000000000000001009 id: 935
processing event: VehicleDepartureEvent, vehicle_id: 7, road_id: 1000000000000001009, offset: 0.000000 id: 941 at time: 2267.07
Processed event: VehicleDepartureEvent, vehicle_id: 7, road_id: 1000000000000001009, offset: 0.000000 id: 941
processing event: VehicleEnterNewRoadEvent, vehicle_id: 2, road_id: 1000000000000001073 id: 911 at time: 2269.35
Processed event: VehicleEnterNewRoadEvent, vehicle_id: 2, road_id: 1000000000000001073 id: 911
processing event: VehicleDepartureEvent, vehicle_id: 2, road_id: 1000000000000001073, offset: 0.000000 id: 943 at time: 2269.35
Processed event: VehicleDepartureEvent, vehicle_id: 2, road_id: 1000000000000001073, offset: 0.000000 id: 943
Simulator::runFor: now_ = 2269.35 target = 2270
[progress] simulator time = 2270 / 3600
Simulator::runFor: now_ = 2270 target = 2280
[progress] simulator time = 2280 / 3600
processing event: BusArrivalEvent, vehicle_id: 5, stop_id: 2 id: 940 at time: 2288
Processed event: BusArrivalEvent, vehicle_id: 5, stop_id: 2 id: 940
processing event: PassengerOnboardEvent, passenger_id: 5 id: 945 at time: 2288
Processed event: PassengerOnboardEvent, passenger_id: 5 id: 945
Simulator::runFor: now_ = 2288 target = 2290
[progress] simulator time = 2290 / 3600
processing event: VehicleDepartureEvent, vehicle_id: 5, road_id: 1000000000000000250, offset: 138.350000 id: 946 at time: 2293
Processed event: VehicleDepartureEvent, vehicle_id: 5, road_id: 1000000000000000250, offset: 138.350000 id: 946
processing event: VehicleArriveIntersectionEvent, vehicle_id: 6, road_id: 1000000000000001073 id: 932 at time: 2298.84
Processed event: VehicleArriveIntersectionEvent, vehicle_id: 6, road_id: 1000000000000001073 id: 932
Simulator::runFor: now_ = 2298.84 target = 2300
[progress] simulator time = 2300 / 3600
Simulator::runFor: now_ = 2300 target = 2310
[progress] simulator time = 2310 / 3600
processing event: VehicleEnterNewRoadEvent, vehicle_id: 10, road_id: 1000000000000001752 id: 938 at time: 2313.74
Processed event: VehicleEnterNewRoadEvent, vehicle_id: 10, road_id: 1000000000000001752 id: 938
processing event: VehicleDepartureEvent, vehicle_id: 10, road_id: 1000000000000001752, offset: 0.000000 id: 949 at time: 2313.74
Processed event: VehicleDepartureEvent, vehicle_id: 10, road_id: 1000000000000001752, offset: 0.000000 id: 949
processing event: PassengerRouteStartEvent, passenger_id: 20, route_id: 1 id: 19 at time: 2318
Processed event: PassengerRouteStartEvent, passenger_id: 20, route_id: 1 id: 19
processing event: OrderCreatedEvent, order_id: 20, available_pickups: 58 83 , available_dropoffs: 71 , passenger_id: 20, route_id: 1, passenger_num: 0 id: 951 at time: 2318
Processed event: OrderCreatedEvent, order_id: 20, available_pickups: 58 83 , available_dropoffs: 71 , passenger_id: 20, route_id: 1, passenger_num: 2 id: 951
Simulator::runFor: now_ = 2318 target = 2320
[progress] simulator time = 2320 / 3600
processing event: OrderMatchedEvent, order_id: 20, vehicle_id: 9 id: 952 at time: 2320
Processed event: OrderMatchedEvent, order_id: 20, vehicle_id: 9 id: 952
processing event: VehicleDepartureEvent, vehicle_id: 9, road_id: 1000000000000000246, offset: 223.440000 id: 953 at time: 2320
Processed event: VehicleDepartureEvent, vehicle_id: 9, road_id: 1000000000000000246, offset: 223.440000 id: 953
processing event: PassengerArrivalEvent, passenger_id: 20 id: 954 at time: 2320
Processed event: PassengerArrivalEvent, passenger_id: 20 id: 954
processing event: PassengerRouteStartEvent, passenger_id: 21, route_id: 1 id: 20 at time: 2325
Processed event: PassengerRouteStartEvent, passenger_id: 21, route_id: 1 id: 20
processing event: OrderCreatedEvent, order_id: 21, available_pickups: 68 , available_dropoffs: 2 81 , passenger_id: 21, route_id: 1, passenger_num: 0 id: 956 at time: 2325
Processed event: OrderCreatedEvent, order_id: 21, available_pickups: 68 , available_dropoffs: 2 81 , passenger_id: 21, route_id: 1, passenger_num: 1 id: 956
processing event: VehicleArriveIntersectionEvent, vehicle_id: 7, road_id: 1000000000000001009 id: 942 at time: 2325.03
Processed event: VehicleArriveIntersectionEvent, vehicle_id: 7, road_id: 1000000000000001009 id: 942
Simulator::runFor: now_ = 2325.03 target = 2330
[progress] simulator time = 2330 / 3600
processing event: OrderMatchedEvent, order_id: 21, vehicle_id: 4 id: 958 at time: 2330
Processed event: OrderMatchedEvent, order_id: 21, vehicle_id: 4 id: 958
processing event: VehicleDepartureEvent, vehicle_id: 4, road_id: 1000000000000001105, offset: 35.710000 id: 959 at time: 2330
Processed event: VehicleDepartureEvent, vehicle_id: 4, road_id: 1000000000000001105, offset: 35.710000 id: 959
processing event: PassengerArrivalEvent, passenger_id: 21 id: 960 at time: 2330
Processed event: PassengerArrivalEvent, passenger_id: 21 id: 960
processing event: VehicleEnterNewRoadEvent, vehicle_id: 6, road_id: 1000000000000001074 id: 948 at time: 2332.95
Processed event: VehicleEnterNewRoadEvent, vehicle_id: 6, road_id: 1000000000000001074 id: 948
processing event: VehicleDepartureEvent, vehicle_id: 6, road_id: 1000000000000001074, offset: 0.000000 id: 962 at time: 2332.95
Processed event: VehicleDepartureEvent, vehicle_id: 6, road_id: 1000000000000001074, offset: 0.000000 id: 962
processing event: VehicleEnterNewRoadEvent, vehicle_id: 1, road_id: 1000000000000000095 id: 937 at time: 2339.19
Processed event: VehicleEnterNewRoadEvent, vehicle_id: 1, road_id: 1000000000000000095 id: 937
processing event: VehicleDepartureEvent, vehicle_id: 1, road_id: 1000000000000000095, offset: 0.000000 id: 964 at time: 2339.19
Processed event: VehicleDepartureEvent, vehicle_id: 1, road_id: 1000000000000000095, offset: 0.000000 id: 964
Simulator::runFor: now_ = 2339.19 target = 2340
[progress] simulator time = 2340 / 3600
processing event: VehicleArriveIntersectionEvent, vehicle_id: 2, road_id: 1000000000000001073 id: 944 at time: 2341.54
Processed event: VehicleArriveIntersectionEvent, vehicle_id: 2, road_id: 1000000000000001073 id: 944
processing event: VehicleEnterNewRoadEvent, vehicle_id: 2, road_id: 1000000000000001074 id: 966 at time: 2343.34
Processed event: VehicleEnterNewRoadEvent, vehicle_id: 2, road_id: 1000000000000001074 id: 966
processing event: VehicleDepartureEvent, vehicle_id: 2, road_id: 1000000000000001074, offset: 0.000000 id: 967 at time: 2343.34
Processed event: VehicleDepartureEvent, vehicle_id: 2, road_id: 1000000000000001074, offset: 0.000000 id: 967
processing event: VehicleArriveIntersectionEvent, vehicle_id: 4, road_id: 1000000000000001105 id: 961 at time: 2344.63
Processed event: VehicleArriveIntersectionEvent, vehicle_id: 4, road_id: 1000000000000001105 id: 961
Simulator::runFor: now_ = 2344.63 target = 2350
[progress] simulator time = 2350 / 3600
processing event: VehicleArriveIntersectionEvent, vehicle_id: 5, road_id: 1000000000000000250 id: 947 at time: 2352.52
Processed event: VehicleArriveIntersectionEvent, vehicle_id: 5, road_id: 1000000000000000250 id: 947
processing event: BusArrivalEvent, vehicle_id: 3, stop_id: 74 id: 934 at time: 2357.83
Processed event: BusArrivalEvent, vehicle_id: 3, stop_id: 74 id: 934
processing event: PassengerRouteEndEvent, passenger_id: 8, route_id: 1 id: 971 at time: 2357.83
Passenger 8 finished all routes
Processed event: PassengerRouteEndEvent, passenger_id: 8, route_id: 1 id: 971
processing event: PassengerDropoffEvent, passenger_id: 8 id: 973 at time: 2357.83
Processed event: PassengerDropoffEvent, passenger_id: 8 id: 973
processing event: OrderFinishedEvent, order_id: 8 id: 974 at time: 2357.83
Processed event: OrderFinishedEvent, order_id: 8 id: 974
Simulator::runFor: now_ = 2357.83 target = 2360
[progress] simulator time = 2360 / 3600
processing event: VehicleDepartureEvent, vehicle_id: 3, road_id: 1000000000000000096, offset: 726.550000 id: 972 at time: 2362.83
Processed event: VehicleDepartureEvent, vehicle_id: 3, road_id: 1000000000000000096, offset: 726.550000 id: 972
processing event: VehicleEnterNewRoadEvent, vehicle_id: 7, road_id: 1000000000000000788 id: 957 at time: 2363.35
Processed event: VehicleEnterNewRoadEvent, vehicle_id: 7, road_id: 1000000000000000788 id: 957
processing event: VehicleDepartureEvent, vehicle_id: 7, road_id: 1000000000000000788, offset: 0.000000 id: 976 at time: 2363.35
Processed event: VehicleDepartureEvent, vehicle_id: 7, road_id: 1000000000000000788, offset: 0.000000 id: 976
processing event: VehicleArriveIntersectionEvent, vehicle_id: 6, road_id: 1000000000000001074 id: 963 at time: 2363.38
Processed event: VehicleArriveIntersectionEvent, vehicle_id: 6, road_id: 1000000000000001074 id: 963
processing event: VehicleEnterNewRoadEvent, vehicle_id: 6, road_id: 1000000000000001075 id: 978 at time: 2364.38
Processed event: VehicleEnterNewRoadEvent, vehicle_id: 6, road_id: 1000000000000001075 id: 978
processing event: VehicleDepartureEvent, vehicle_id: 6, road_id: 1000000000000001075, offset: 0.000000 id: 979 at time: 2364.38
Processed event: VehicleDepartureEvent, vehicle_id: 6, road_id: 1000000000000001075, offset: 0.000000 id: 979
processing event: VehicleEnterNewRoadEvent, vehicle_id: 4, road_id: 1000000000000000907 id: 969 at time: 2365.19
Processed event: VehicleEnterNewRoadEvent, vehicle_id: 4, road_id: 1000000000000000907 id: 969
processing event: VehicleDepartureEvent, vehicle_id: 4, road_id: 1000000000000000907, offset: 0.000000 id: 981 at time: 2365.19
Processed event: VehicleDepartureEvent, vehicle_id: 4, road_id: 1000000000000000907, offset: 0.000000 id: 981
Simulator::runFor: now_ = 2365.19 target = 2370
[progress] simulator time = 2370 / 3600
processing event: VehicleArriveIntersectionEvent, vehicle_id: 2, road_id: 1000000000000001074 id: 968 at time: 2373.77
Processed event: VehicleArriveIntersectionEvent, vehicle_id: 2, road_id: 1000000000000001074 id: 968
processing event: VehicleArriveIntersectionEvent, vehicle_id: 10, road_id: 1000000000000001752 id: 950 at time: 2378.19
Processed event: VehicleArriveIntersectionEvent, vehicle_id: 10, road_id: 1000000000000001752 id: 950
Simulator::runFor: now_ = 2378.19 target = 2380
[progress] simulator time = 2380 / 3600
processing event: VehicleEnterNewRoadEvent, vehicle_id: 10, road_id: 1000000000000001750 id: 984 at time: 2381.19
Processed event: VehicleEnterNewRoadEvent, vehicle_id: 10, road_id: 1000000000000001750 id: 984
processing event: VehicleDepartureEvent, vehicle_id: 10, road_id: 1000000000000001750, offset: 0.000000 id: 985 at time: 2381.19
Processed event: VehicleDepartureEvent, vehicle_id: 10, road_id: 1000000000000001750, offset: 0.000000 id: 985
processing event: VehicleArriveIntersectionEvent, vehicle_id: 4, road_id: 1000000000000000907 id: 982 at time: 2384.99
Processed event: VehicleArriveIntersectionEvent, vehicle_id: 4, road_id: 1000000000000000907 id: 982
processing event: VehicleEnterNewRoadEvent, vehicle_id: 5, road_id: 1000000000000000907 id: 970 at time: 2389.54
Processed event: VehicleEnterNewRoadEvent, vehicle_id: 5, road_id: 1000000000000000907 id: 970
processing event: VehicleDepartureEvent, vehicle_id: 5, road_id: 1000000000000000907, offset: 0.000000 id: 988 at time: 2389.54
Processed event: VehicleDepartureEvent, vehicle_id: 5, road_id: 1000000000000000907, offset: 0.000000 id: 988
Simulator::runFor: now_ = 2389.54 target = 2390
[progress] simulator time = 2390 / 3600
processing event: VehicleArriveIntersectionEvent, vehicle_id: 3, road_id: 1000000000000000096 id: 975 at time: 2390.28
Processed event: VehicleArriveIntersectionEvent, vehicle_id: 3, road_id: 1000000000000000096 id: 975
processing event: VehicleArriveIntersectionEvent, vehicle_id: 9, road_id: 1000000000000000246 id: 955 at time: 2391.93
Processed event: VehicleArriveIntersectionEvent, vehicle_id: 9, road_id: 1000000000000000246 id: 955
processing event: VehicleEnterNewRoadEvent, vehicle_id: 9, road_id: 1000000000000000645 id: 991 at time: 2395.89
Processed event: VehicleEnterNewRoadEvent, vehicle_id: 9, road_id: 1000000000000000645 id: 991
processing event: VehicleDepartureEvent, vehicle_id: 9, road_id: 1000000000000000645, offset: 0.000000 id: 992 at time: 2395.89
Processed event: VehicleDepartureEvent, vehicle_id: 9, road_id: 1000000000000000645, offset: 0.000000 id: 992
processing event: VehicleArriveIntersectionEvent, vehicle_id: 9, road_id: 1000000000000000645 id: 993 at time: 2399.31
Processed event: VehicleArriveIntersectionEvent, vehicle_id: 9, road_id: 1000000000000000645 id: 993
Simulator::runFor: now_ = 2399.31 target = 2400
[progress] simulator time = 2400 / 3600
processing event: VehicleEnterNewRoadEvent, vehicle_id: 4, road_id: 1000000000000000908 id: 987 at time: 2401.8
Processed event: VehicleEnterNewRoadEvent, vehicle_id: 4, road_id: 1000000000000000908 id: 987
processing event: VehicleDepartureEvent, vehicle_id: 4, road_id: 1000000000000000908, offset: 0.000000 id: 995 at time: 2401.8
Processed event: VehicleDepartureEvent, vehicle_id: 4, road_id: 1000000000000000908, offset: 0.000000 id: 995
processing event: VehicleArriveIntersectionEvent, vehicle_id: 7, road_id: 1000000000000000788 id: 977 at time: 2407.09
Processed event: VehicleArriveIntersectionEvent, vehicle_id: 7, road_id: 1000000000000000788 id: 977
processing event: VehicleArriveIntersectionEvent, vehicle_id: 5, road_id: 1000000000000000907 id: 989 at time: 2409.34
Processed event: VehicleArriveIntersectionEvent, vehicle_id: 5, road_id: 1000000000000000907 id: 989
Simulator::runFor: now_ = 2409.34 target = 2410
[progress] simulator time = 2410 / 3600
processing event: VehicleEnterNewRoadEvent, vehicle_id: 5, road_id: 1000000000000000908 id: 998 at time: 2411.14
Processed event: VehicleEnterNewRoadEvent, vehicle_id: 5, road_id: 1000000000000000908 id: 998
processing event: VehicleDepartureEvent, vehicle_id: 5, road_id: 1000000000000000908, offset: 0.000000 id: 999 at time: 2411.14
Processed event: VehicleDepartureEvent, vehicle_id: 5, road_id: 1000000000000000908, offset: 0.000000 id: 999
processing event: VehicleEnterNewRoadEvent, vehicle_id: 9, road_id: 1000000000000000646 id: 994 at time: 2413.45
Processed event: VehicleEnterNewRoadEvent, vehicle_id: 9, road_id: 1000000000000000646 id: 994
processing event: VehicleDepartureEvent, vehicle_id: 9, road_id: 1000000000000000646, offset: 0.000000 id: 1001 at time: 2413.45
Processed event: VehicleDepartureEvent, vehicle_id: 9, road_id: 1000000000000000646, offset: 0.000000 id: 1001
processing event: VehicleArriveIntersectionEvent, vehicle_id: 6, road_id: 1000000000000001075 id: 980 at time: 2419.82
Processed event: VehicleArriveIntersectionEvent, vehicle_id: 6, road_id: 1000000000000001075 id: 980
Simulator::runFor: now_ = 2419.82 target = 2420
[progress] simulator time = 2420 / 3600
processing event: VehicleEnterNewRoadEvent, vehicle_id: 6, road_id: 1000000000000001076 id: 1003 at time: 2421.62
Processed event: VehicleEnterNewRoadEvent, vehicle_id: 6, road_id: 1000000000000001076 id: 1003
processing event: VehicleDepartureEvent, vehicle_id: 6, road_id: 1000000000000001076, offset: 0.000000 id: 1004 at time: 2421.62
Processed event: VehicleDepartureEvent, vehicle_id: 6, road_id: 1000000000000001076, offset: 0.000000 id: 1004
processing event: VehicleArriveIntersectionEvent, vehicle_id: 4, road_id: 1000000000000000908 id: 996 at time: 2426.28
Processed event: VehicleArriveIntersectionEvent, vehicle_id: 4, road_id: 1000000000000000908 id: 996
processing event: VehicleEnterNewRoadEvent, vehicle_id: 4, road_id: 1000000000000000181 id: 1006 at time: 2428.08
Processed event: VehicleEnterNewRoadEvent, vehicle_id: 4, road_id: 1000000000000000181 id: 1006
processing event: VehicleDepartureEvent, vehicle_id: 4, road_id: 1000000000000000181, offset: 0.000000 id: 1007 at time: 2428.08
Processed event: VehicleDepartureEvent, vehicle_id: 4, road_id: 1000000000000000181, offset: 0.000000 id: 1007
Simulator::runFor: now_ = 2428.08 target = 2430
[progress] simulator time = 2430 / 3600
processing event: VehicleArriveIntersectionEvent, vehicle_id: 10, road_id: 1000000000000001750 id: 986 at time: 2433.75
Processed event: VehicleArriveIntersectionEvent, vehicle_id: 10, road_id: 1000000000000001750 id: 986
processing event: VehicleArriveIntersectionEvent, vehicle_id: 5, road_id: 1000000000000000908 id: 1000 at time: 2435.62
Processed event: VehicleArriveIntersectionEvent, vehicle_id: 5, road_id: 1000000000000000908 id: 1000
processing event: VehicleArriveIntersectionEvent, vehicle_id: 1, road_id: 1000000000000000095 id: 965 at time: 2437.3
Processed event: VehicleArriveIntersectionEvent, vehicle_id: 1, road_id: 1000000000000000095 id: 965
Simulator::runFor: now_ = 2437.3 target = 2440
[progress] simulator time = 2440 / 3600
processing event: VehicleEnterNewRoadEvent, vehicle_id: 10, road_id: 1000000000000001749 id: 1009 at time: 2444.59
Processed event: VehicleEnterNewRoadEvent, vehicle_id: 10, road_id: 1000000000000001749 id: 1009
processing event: VehicleDepartureEvent, vehicle_id: 10, road_id: 1000000000000001749, offset: 0.000000 id: 1012 at time: 2444.59
Processed event: VehicleDepartureEvent, vehicle_id: 10, road_id: 1000000000000001749, offset: 0.000000 id: 1012
processing event: VehicleEnterNewRoadEvent, vehicle_id: 7, road_id: 1000000000000001087 id: 997 at time: 2446.41
Processed event: VehicleEnterNewRoadEvent, vehicle_id: 7, road_id: 1000000000000001087 id: 997
processing event: VehicleDepartureEvent, vehicle_id: 7, road_id: 1000000000000001087, offset: 0.000000 id: 1014 at time: 2446.41
Processed event: VehicleDepartureEvent, vehicle_id: 7, road_id: 1000000000000001087, offset: 0.000000 id: 1014
processing event: VehicleEnterNewRoadEvent, vehicle_id: 5, road_id: 1000000000000000181 id: 1010 at time: 2449.8
Processed event: VehicleEnterNewRoadEvent, vehicle_id: 5, road_id: 1000000000000000181 id: 1010
processing event: VehicleDepartureEvent, vehicle_id: 5, road_id: 1000000000000000181, offset: 0.000000 id: 1016 at time: 2449.8
Processed event: VehicleDepartureEvent, vehicle_id: 5, road_id: 1000000000000000181, offset: 0.000000 id: 1016
Simulator::runFor: now_ = 2449.8 target = 2450
[progress] simulator time = 2450 / 3600
processing event: VehicleEnterNewRoadEvent, vehicle_id: 2, road_id: 1000000000000001075 id: 983 at time: 2456.11
Processed event: VehicleEnterNewRoadEvent, vehicle_id: 2, road_id: 1000000000000001075 id: 983
processing event: VehicleDepartureEvent, vehicle_id: 2, road_id: 1000000000000001075, offset: 0.000000 id: 1018 at time: 2456.11
Processed event: VehicleDepartureEvent, vehicle_id: 2, road_id: 1000000000000001075, offset: 0.000000 id: 1018
processing event: VehicleArriveIntersectionEvent, vehicle_id: 4, road_id: 1000000000000000181 id: 1008 at time: 2458.15
Processed event: VehicleArriveIntersectionEvent, vehicle_id: 4, road_id: 1000000000000000181 id: 1008
Simulator::runFor: now_ = 2458.15 target = 2460
[progress] simulator time = 2460 / 3600
processing event: VehicleEnterNewRoadEvent, vehicle_id: 1, road_id: 1000000000000000096 id: 1011 at time: 2460.15
Processed event: VehicleEnterNewRoadEvent, vehicle_id: 1, road_id: 1000000000000000096 id: 1011
processing event: VehicleDepartureEvent, vehicle_id: 1, road_id: 1000000000000000096, offset: 0.000000 id: 1021 at time: 2460.15
Processed event: VehicleDepartureEvent, vehicle_id: 1, road_id: 1000000000000000096, offset: 0.000000 id: 1021
processing event: VehicleEnterNewRoadEvent, vehicle_id: 3, road_id: 1000000000000001056 id: 990 at time: 2462.43
Processed event: VehicleEnterNewRoadEvent, vehicle_id: 3, road_id: 1000000000000001056 id: 990
processing event: VehicleDepartureEvent, vehicle_id: 3, road_id: 1000000000000001056, offset: 0.000000 id: 1023 at time: 2462.43
Processed event: VehicleDepartureEvent, vehicle_id: 3, road_id: 1000000000000001056, offset: 0.000000 id: 1023
processing event: VehicleArriveIntersectionEvent, vehicle_id: 9, road_id: 1000000000000000646 id: 1002 at time: 2467.27
Processed event: VehicleArriveIntersectionEvent, vehicle_id: 9, road_id: 1000000000000000646 id: 1002
Simulator::runFor: now_ = 2467.27 target = 2470
[progress] simulator time = 2470 / 3600
processing event: VehicleArriveIntersectionEvent, vehicle_id: 7, road_id: 1000000000000001087 id: 1015 at time: 2473.59
Processed event: VehicleArriveIntersectionEvent, vehicle_id: 7, road_id: 1000000000000001087 id: 1015
processing event: VehicleArriveIntersectionEvent, vehicle_id: 5, road_id: 1000000000000000181 id: 1017 at time: 2479.86
Processed event: VehicleArriveIntersectionEvent, vehicle_id: 5, road_id: 1000000000000000181 id: 1017
Simulator::runFor: now_ = 2479.86 target = 2480
[progress] simulator time = 2480 / 3600
Simulator::runFor: now_ = 2480 target = 2490
[progress] simulator time = 2490 / 3600
processing event: PassengerRouteStartEvent, passenger_id: 22, route_id: 1 id: 21 at time: 2491
Processed event: PassengerRouteStartEvent, passenger_id: 22, route_id: 1 id: 21
processing event: OrderCreatedEvent, order_id: 22, available_pickups: 41 , available_dropoffs: 68 , passenger_id: 22, route_id: 1, passenger_num: 0 id: 1028 at time: 2491
Processed event: OrderCreatedEvent, order_id: 22, available_pickups: 41 , available_dropoffs: 68 , passenger_id: 22, route_id: 1, passenger_num: 1 id: 1028
processing event: VehicleEnterNewRoadEvent, vehicle_id: 7, road_id: 1000000000000000824 id: 1026 at time: 2494.17
Processed event: VehicleEnterNewRoadEvent, vehicle_id: 7, road_id: 1000000000000000824 id: 1026
processing event: VehicleDepartureEvent, vehicle_id: 7, road_id: 1000000000000000824, offset: 0.000000 id: 1029 at time: 2494.17
Processed event: VehicleDepartureEvent, vehicle_id: 7, road_id: 1000000000000000824, offset: 0.000000 id: 1029
Simulator::runFor: now_ = 2494.17 target = 2500
[progress] simulator time = 2500 / 3600
processing event: OrderMatchedEvent, order_id: 22, vehicle_id: 9 id: 1031 at time: 2500
Processed event: OrderMatchedEvent, order_id: 22, vehicle_id: 9 id: 1031
processing event: PassengerArrivalEvent, passenger_id: 22 id: 1032 at time: 2500
Processed event: PassengerArrivalEvent, passenger_id: 22 id: 1032
processing event: BusArrivalEvent, vehicle_id: 7, stop_id: 68 id: 1030 at time: 2509.51
Processed event: BusArrivalEvent, vehicle_id: 7, stop_id: 68 id: 1030
processing event: PassengerRouteEndEvent, passenger_id: 4, route_id: 1 id: 1033 at time: 2509.51
Passenger 4 finished all routes
Processed event: PassengerRouteEndEvent, passenger_id: 4, route_id: 1 id: 1033
processing event: PassengerDropoffEvent, passenger_id: 4 id: 1035 at time: 2509.51
Processed event: PassengerDropoffEvent, passenger_id: 4 id: 1035
processing event: OrderFinishedEvent, order_id: 4 id: 1036 at time: 2509.51
Processed event: OrderFinishedEvent, order_id: 4 id: 1036
Simulator::runFor: now_ = 2509.51 target = 2510
[progress] simulator time = 2510 / 3600
processing event: VehicleArriveIntersectionEvent, vehicle_id: 10, road_id: 1000000000000001749 id: 1013 at time: 2510.84
Processed event: VehicleArriveIntersectionEvent, vehicle_id: 10, road_id: 1000000000000001749 id: 1013
processing event: VehicleArriveIntersectionEvent, vehicle_id: 2, road_id: 1000000000000001075 id: 1019 at time: 2511.56
Processed event: VehicleArriveIntersectionEvent, vehicle_id: 2, road_id: 1000000000000001075 id: 1019
processing event: VehicleEnterNewRoadEvent, vehicle_id: 2, road_id: 1000000000000001076 id: 1038 at time: 2513.36
Processed event: VehicleEnterNewRoadEvent, vehicle_id: 2, road_id: 1000000000000001076 id: 1038
processing event: VehicleDepartureEvent, vehicle_id: 2, road_id: 1000000000000001076, offset: 0.000000 id: 1039 at time: 2513.36
Processed event: VehicleDepartureEvent, vehicle_id: 2, road_id: 1000000000000001076, offset: 0.000000 id: 1039
processing event: VehicleDepartureEvent, vehicle_id: 7, road_id: 1000000000000000824, offset: 85.240000 id: 1034 at time: 2514.51
Processed event: VehicleDepartureEvent, vehicle_id: 7, road_id: 1000000000000000824, offset: 85.240000 id: 1034
processing event: VehicleEnterNewRoadEvent, vehicle_id: 9, road_id: 1000000000000000648 id: 1025 at time: 2519.71
Processed event: VehicleEnterNewRoadEvent, vehicle_id: 9, road_id: 1000000000000000648 id: 1025
processing event: VehicleDepartureEvent, vehicle_id: 9, road_id: 1000000000000000648, offset: 0.000000 id: 1042 at time: 2519.71
Processed event: VehicleDepartureEvent, vehicle_id: 9, road_id: 1000000000000000648, offset: 0.000000 id: 1042
processing event: VehicleArriveIntersectionEvent, vehicle_id: 6, road_id: 1000000000000001076 id: 1005 at time: 2519.91
Processed event: VehicleArriveIntersectionEvent, vehicle_id: 6, road_id: 1000000000000001076 id: 1005
Simulator::runFor: now_ = 2519.91 target = 2520
[progress] simulator time = 2520 / 3600
processing event: VehicleArriveIntersectionEvent, vehicle_id: 9, road_id: 1000000000000000648 id: 1043 at time: 2521.33
Processed event: VehicleArriveIntersectionEvent, vehicle_id: 9, road_id: 1000000000000000648 id: 1043
processing event: VehicleArriveIntersectionEvent, vehicle_id: 7, road_id: 1000000000000000824 id: 1041 at time: 2521.67
Processed event: VehicleArriveIntersectionEvent, vehicle_id: 7, road_id: 1000000000000000824 id: 1041
processing event: VehicleEnterNewRoadEvent, vehicle_id: 6, road_id: 1000000000000001009 id: 1044 at time: 2521.71
Processed event: VehicleEnterNewRoadEvent, vehicle_id: 6, road_id: 1000000000000001009 id: 1044
processing event: VehicleDepartureEvent, vehicle_id: 6, road_id: 1000000000000001009, offset: 0.000000 id: 1047 at time: 2521.71
Processed event: VehicleDepartureEvent, vehicle_id: 6, road_id: 1000000000000001009, offset: 0.000000 id: 1047
processing event: VehicleArriveIntersectionEvent, vehicle_id: 3, road_id: 1000000000000001056 id: 1024 at time: 2521.84
Processed event: VehicleArriveIntersectionEvent, vehicle_id: 3, road_id: 1000000000000001056 id: 1024
processing event: VehicleEnterNewRoadEvent, vehicle_id: 7, road_id: 1000000000000001085 id: 1046 at time: 2523.47
Processed event: VehicleEnterNewRoadEvent, vehicle_id: 7, road_id: 1000000000000001085 id: 1046
processing event: VehicleDepartureEvent, vehicle_id: 7, road_id: 1000000000000001085, offset: 0.000000 id: 1050 at time: 2523.47
Processed event: VehicleDepartureEvent, vehicle_id: 7, road_id: 1000000000000001085, offset: 0.000000 id: 1050
processing event: VehicleEnterNewRoadEvent, vehicle_id: 3, road_id: 1000000000000001046 id: 1049 at time: 2523.64
Processed event: VehicleEnterNewRoadEvent, vehicle_id: 3, road_id: 1000000000000001046 id: 1049
processing event: VehicleDepartureEvent, vehicle_id: 3, road_id: 1000000000000001046, offset: 0.000000 id: 1052 at time: 2523.64
Processed event: VehicleDepartureEvent, vehicle_id: 3, road_id: 1000000000000001046, offset: 0.000000 id: 1052
processing event: VehicleEnterNewRoadEvent, vehicle_id: 9, road_id: 1000000000000000897 id: 1045 at time: 2525.29
Processed event: VehicleEnterNewRoadEvent, vehicle_id: 9, road_id: 1000000000000000897 id: 1045
processing event: VehicleDepartureEvent, vehicle_id: 9, road_id: 1000000000000000897, offset: 0.000000 id: 1054 at time: 2525.29
Processed event: VehicleDepartureEvent, vehicle_id: 9, road_id: 1000000000000000897, offset: 0.000000 id: 1054
Simulator::runFor: now_ = 2525.29 target = 2530
[progress] simulator time = 2530 / 3600
processing event: VehicleArriveIntersectionEvent, vehicle_id: 9, road_id: 1000000000000000897 id: 1055 at time: 2532.13
Processed event: VehicleArriveIntersectionEvent, vehicle_id: 9, road_id: 1000000000000000897 id: 1055
processing event: VehicleArriveIntersectionEvent, vehicle_id: 3, road_id: 1000000000000001046 id: 1053 at time: 2537.14
Processed event: VehicleArriveIntersectionEvent, vehicle_id: 3, road_id: 1000000000000001046 id: 1053
processing event: VehicleArriveIntersectionEvent, vehicle_id: 7, road_id: 1000000000000001085 id: 1051 at time: 2537.87
Processed event: VehicleArriveIntersectionEvent, vehicle_id: 7, road_id: 1000000000000001085 id: 1051
processing event: VehicleEnterNewRoadEvent, vehicle_id: 3, road_id: 1000000000000000684 id: 1057 at time: 2538.94
Processed event: VehicleEnterNewRoadEvent, vehicle_id: 3, road_id: 1000000000000000684 id: 1057
processing event: VehicleDepartureEvent, vehicle_id: 3, road_id: 1000000000000000684, offset: 0.000000 id: 1059 at time: 2538.94
Processed event: VehicleDepartureEvent, vehicle_id: 3, road_id: 1000000000000000684, offset: 0.000000 id: 1059
Simulator::runFor: now_ = 2538.94 target = 2540
[progress] simulator time = 2540 / 3600
processing event: VehicleEnterNewRoadEvent, vehicle_id: 7, road_id: 1000000000000001088 id: 1058 at time: 2542.59
Processed event: VehicleEnterNewRoadEvent, vehicle_id: 7, road_id: 1000000000000001088 id: 1058
processing event: VehicleDepartureEvent, vehicle_id: 7, road_id: 1000000000000001088, offset: 0.000000 id: 1061 at time: 2542.59
Processed event: VehicleDepartureEvent, vehicle_id: 7, road_id: 1000000000000001088, offset: 0.000000 id: 1061
processing event: VehicleEnterNewRoadEvent, vehicle_id: 4, road_id: 1000000000000000183 id: 1020 at time: 2545.55
Processed event: VehicleEnterNewRoadEvent, vehicle_id: 4, road_id: 1000000000000000183 id: 1020
processing event: VehicleEnterNewRoadEvent, vehicle_id: 5, road_id: 1000000000000000183 id: 1027 at time: 2545.55
Processed event: VehicleEnterNewRoadEvent, vehicle_id: 5, road_id: 1000000000000000183 id: 1027
processing event: VehicleDepartureEvent, vehicle_id: 4, road_id: 1000000000000000183, offset: 0.000000 id: 1063 at time: 2545.55
Processed event: VehicleDepartureEvent, vehicle_id: 4, road_id: 1000000000000000183, offset: 0.000000 id: 1063
processing event: VehicleDepartureEvent, vehicle_id: 5, road_id: 1000000000000000183, offset: 0.000000 id: 1064 at time: 2545.55
Processed event: VehicleDepartureEvent, vehicle_id: 5, road_id: 1000000000000000183, offset: 0.000000 id: 1064
processing event: VehicleDepartureEvent, vehicle_id: 5, road_id: 1000000000000000183, offset: 0.000000 id: 1066 at time: 2546.55
Processed event: VehicleDepartureEvent, vehicle_id: 5, road_id: 1000000000000000183, offset: 0.000000 id: 1066
processing event: VehicleEnterNewRoadEvent, vehicle_id: 10, road_id: 1000000000000001748 id: 1037 at time: 2549.43
Processed event: VehicleEnterNewRoadEvent, vehicle_id: 10, road_id: 1000000000000001748 id: 1037
processing event: VehicleDepartureEvent, vehicle_id: 10, road_id: 1000000000000001748, offset: 0.000000 id: 1068 at time: 2549.43
Processed event: VehicleDepartureEvent, vehicle_id: 10, road_id: 1000000000000001748, offset: 0.000000 id: 1068
Simulator::runFor: now_ = 2549.43 target = 2550
[progress] simulator time = 2550 / 3600
Simulator::runFor: now_ = 2550 target = 2560
[progress] simulator time = 2560 / 3600
Simulator::runFor: now_ = 2560 target = 2570
[progress] simulator time = 2570 / 3600
processing event: VehicleArriveIntersectionEvent, vehicle_id: 6, road_id: 1000000000000001009 id: 1048 at time: 2579.68
Processed event: VehicleArriveIntersectionEvent, vehicle_id: 6, road_id: 1000000000000001009 id: 1048
Simulator::runFor: now_ = 2579.68 target = 2580
[progress] simulator time = 2580 / 3600
Simulator::runFor: now_ = 2580 target = 2590
[progress] simulator time = 2590 / 3600
processing event: VehicleArriveIntersectionEvent, vehicle_id: 10, road_id: 1000000000000001748 id: 1069 at time: 2598.4
Processed event: VehicleArriveIntersectionEvent, vehicle_id: 10, road_id: 1000000000000001748 id: 1069
processing event: PassengerRouteStartEvent, passenger_id: 23, route_id: 1 id: 22 at time: 2600
Processed event: PassengerRouteStartEvent, passenger_id: 23, route_id: 1 id: 22
processing event: OrderCreatedEvent, order_id: 23, available_pickups: 53 , available_dropoffs: 71 , passenger_id: 23, route_id: 1, passenger_num: 0 id: 1072 at time: 2600
Processed event: OrderCreatedEvent, order_id: 23, available_pickups: 53 , available_dropoffs: 71 , passenger_id: 23, route_id: 1, passenger_num: 1 id: 1072
Simulator::runFor: now_ = 2600 target = 2600
[progress] simulator time = 2600 / 3600
processing event: OrderMatchedEvent, order_id: 23, vehicle_id: 1 id: 1073 at time: 2600
Processed event: OrderMatchedEvent, order_id: 23, vehicle_id: 1 id: 1073
processing event: PassengerArrivalEvent, passenger_id: 23 id: 1075 at time: 2600
Processed event: PassengerArrivalEvent, passenger_id: 23 id: 1075
processing event: VehicleEnterNewRoadEvent, vehicle_id: 10, road_id: 1000000000000000907 id: 1071 at time: 2600.69
Processed event: VehicleEnterNewRoadEvent, vehicle_id: 10, road_id: 1000000000000000907 id: 1071
processing event: VehicleDepartureEvent, vehicle_id: 10, road_id: 1000000000000000907, offset: 0.000000 id: 1076 at time: 2600.69
Processed event: VehicleDepartureEvent, vehicle_id: 10, road_id: 1000000000000000907, offset: 0.000000 id: 1076
processing event: VehicleEnterNewRoadEvent, vehicle_id: 9, road_id: 1000000000000001789 id: 1056 at time: 2600.79
Processed event: VehicleEnterNewRoadEvent, vehicle_id: 9, road_id: 1000000000000001789 id: 1056
processing event: VehicleDepartureEvent, vehicle_id: 9, road_id: 1000000000000001789, offset: 0.000000 id: 1078 at time: 2600.79
Processed event: VehicleDepartureEvent, vehicle_id: 9, road_id: 1000000000000001789, offset: 0.000000 id: 1078
processing event: VehicleArriveIntersectionEvent, vehicle_id: 7, road_id: 1000000000000001088 id: 1062 at time: 2601.28
Processed event: VehicleArriveIntersectionEvent, vehicle_id: 7, road_id: 1000000000000001088 id: 1062
processing event: VehicleEnterNewRoadEvent, vehicle_id: 6, road_id: 1000000000000000788 id: 1070 at time: 2607.62
Processed event: VehicleEnterNewRoadEvent, vehicle_id: 6, road_id: 1000000000000000788 id: 1070
processing event: VehicleDepartureEvent, vehicle_id: 6, road_id: 1000000000000000788, offset: 0.000000 id: 1081 at time: 2607.62
Processed event: VehicleDepartureEvent, vehicle_id: 6, road_id: 1000000000000000788, offset: 0.000000 id: 1081
Simulator::runFor: now_ = 2607.62 target = 2610
[progress] simulator time = 2610 / 3600
processing event: VehicleArriveIntersectionEvent, vehicle_id: 2, road_id: 1000000000000001076 id: 1040 at time: 2611.65
Processed event: VehicleArriveIntersectionEvent, vehicle_id: 2, road_id: 1000000000000001076 id: 1040
Event is not valid: VehicleArriveIntersectionEvent, vehicle_id: 1, road_id: 1000000000000000096 id: 1022 at time: 2618.38
processing event: VehicleArriveIntersectionEvent, vehicle_id: 1, road_id: 1000000000000000096 id: 1074 at time: 2618.38
Processed event: VehicleArriveIntersectionEvent, vehicle_id: 1, road_id: 1000000000000000096 id: 1074
Simulator::runFor: now_ = 2618.38 target = 2620
[progress] simulator time = 2620 / 3600
processing event: VehicleArriveIntersectionEvent, vehicle_id: 10, road_id: 1000000000000000907 id: 1077 at time: 2620.49
Processed event: VehicleArriveIntersectionEvent, vehicle_id: 10, road_id: 1000000000000000907 id: 1077
processing event: VehicleEnterNewRoadEvent, vehicle_id: 10, road_id: 1000000000000000908 id: 1085 at time: 2622.29
Processed event: VehicleEnterNewRoadEvent, vehicle_id: 10, road_id: 1000000000000000908 id: 1085
processing event: VehicleDepartureEvent, vehicle_id: 10, road_id: 1000000000000000908, offset: 0.000000 id: 1086 at time: 2622.29
Processed event: VehicleDepartureEvent, vehicle_id: 10, road_id: 1000000000000000908, offset: 0.000000 id: 1086
processing event: VehicleEnterNewRoadEvent, vehicle_id: 1, road_id: 1000000000000001034 id: 1084 at time: 2625.57
Processed event: VehicleEnterNewRoadEvent, vehicle_id: 1, road_id: 1000000000000001034 id: 1084
processing event: VehicleDepartureEvent, vehicle_id: 1, road_id: 1000000000000001034, offset: 0.000000 id: 1088 at time: 2625.57
Processed event: VehicleDepartureEvent, vehicle_id: 1, road_id: 1000000000000001034, offset: 0.000000 id: 1088
processing event: VehicleEnterNewRoadEvent, vehicle_id: 2, road_id: 1000000000000001077 id: 1083 at time: 2629.95
Processed event: VehicleEnterNewRoadEvent, vehicle_id: 2, road_id: 1000000000000001077 id: 1083
processing event: VehicleDepartureEvent, vehicle_id: 2, road_id: 1000000000000001077, offset: 0.000000 id: 1090 at time: 2629.95
Processed event: VehicleDepartureEvent, vehicle_id: 2, road_id: 1000000000000001077, offset: 0.000000 id: 1090
Simulator::runFor: now_ = 2629.95 target = 2630
[progress] simulator time = 2630 / 3600
processing event: PassengerRouteStartEvent, passenger_id: 24, route_id: 1 id: 23 at time: 2632
Processed event: PassengerRouteStartEvent, passenger_id: 24, route_id: 1 id: 23
processing event: OrderCreatedEvent, order_id: 24, available_pickups: 78 , available_dropoffs: 20 , passenger_id: 24, route_id: 1, passenger_num: 0 id: 1092 at time: 2632
Processed event: OrderCreatedEvent, order_id: 24, available_pickups: 78 , available_dropoffs: 20 , passenger_id: 24, route_id: 1, passenger_num: 1 id: 1092
processing event: VehicleArriveIntersectionEvent, vehicle_id: 9, road_id: 1000000000000001789 id: 1079 at time: 2637.15
Processed event: VehicleArriveIntersectionEvent, vehicle_id: 9, road_id: 1000000000000001789 id: 1079
processing event: VehicleArriveIntersectionEvent, vehicle_id: 1, road_id: 1000000000000001034 id: 1089 at time: 2638.35
Processed event: VehicleArriveIntersectionEvent, vehicle_id: 1, road_id: 1000000000000001034 id: 1089
Simulator::runFor: now_ = 2638.35 target = 2640
[progress] simulator time = 2640 / 3600
processing event: OrderMatchedEvent, order_id: 24, vehicle_id: 9 id: 1095 at time: 2640
Processed event: OrderMatchedEvent, order_id: 24, vehicle_id: 9 id: 1095
processing event: PassengerArrivalEvent, passenger_id: 24 id: 1096 at time: 2640
Processed event: PassengerArrivalEvent, passenger_id: 24 id: 1096
processing event: VehicleArriveIntersectionEvent, vehicle_id: 3, road_id: 1000000000000000684 id: 1060 at time: 2640.11
Processed event: VehicleArriveIntersectionEvent, vehicle_id: 3, road_id: 1000000000000000684 id: 1060
processing event: BusArrivalEvent, vehicle_id: 2, stop_id: 71 id: 1091 at time: 2640.51
Processed event: BusArrivalEvent, vehicle_id: 2, stop_id: 71 id: 1091
processing event: PassengerRouteEndEvent, passenger_id: 3, route_id: 1 id: 1098 at time: 2640.51
Passenger 3 finished all routes
Processed event: PassengerRouteEndEvent, passenger_id: 3, route_id: 1 id: 1098
processing event: PassengerDropoffEvent, passenger_id: 3 id: 1100 at time: 2640.51
Processed event: PassengerDropoffEvent, passenger_id: 3 id: 1100
processing event: OrderFinishedEvent, order_id: 3 id: 1101 at time: 2640.51
Processed event: OrderFinishedEvent, order_id: 3 id: 1101
processing event: VehicleEnterNewRoadEvent, vehicle_id: 1, road_id: 1000000000000001035 id: 1094 at time: 2641.8
Processed event: VehicleEnterNewRoadEvent, vehicle_id: 1, road_id: 1000000000000001035 id: 1094
processing event: VehicleDepartureEvent, vehicle_id: 1, road_id: 1000000000000001035, offset: 0.000000 id: 1102 at time: 2641.8
Processed event: VehicleDepartureEvent, vehicle_id: 1, road_id: 1000000000000001035, offset: 0.000000 id: 1102
processing event: VehicleDepartureEvent, vehicle_id: 2, road_id: 1000000000000001077, offset: 58.620000 id: 1099 at time: 2645.51
Processed event: VehicleDepartureEvent, vehicle_id: 2, road_id: 1000000000000001077, offset: 58.620000 id: 1099
processing event: VehicleArriveIntersectionEvent, vehicle_id: 10, road_id: 1000000000000000908 id: 1087 at time: 2646.78
Processed event: VehicleArriveIntersectionEvent, vehicle_id: 10, road_id: 1000000000000000908 id: 1087
processing event: VehicleEnterNewRoadEvent, vehicle_id: 3, road_id: 1000000000000000685 id: 1097 at time: 2647.8
Processed event: VehicleEnterNewRoadEvent, vehicle_id: 3, road_id: 1000000000000000685 id: 1097
processing event: VehicleDepartureEvent, vehicle_id: 3, road_id: 1000000000000000685, offset: 0.000000 id: 1106 at time: 2647.8
Processed event: VehicleDepartureEvent, vehicle_id: 3, road_id: 1000000000000000685, offset: 0.000000 id: 1106
processing event: VehicleEnterNewRoadEvent, vehicle_id: 10, road_id: 1000000000000000181 id: 1105 at time: 2648.58
Processed event: VehicleEnterNewRoadEvent, vehicle_id: 10, road_id: 1000000000000000181 id: 1105
processing event: VehicleDepartureEvent, vehicle_id: 10, road_id: 1000000000000000181, offset: 0.000000 id: 1108 at time: 2648.58
Processed event: VehicleDepartureEvent, vehicle_id: 10, road_id: 1000000000000000181, offset: 0.000000 id: 1108
Simulator::runFor: now_ = 2648.58 target = 2650
[progress] simulator time = 2650 / 3600
processing event: VehicleArriveIntersectionEvent, vehicle_id: 6, road_id: 1000000000000000788 id: 1082 at time: 2651.37
Processed event: VehicleArriveIntersectionEvent, vehicle_id: 6, road_id: 1000000000000000788 id: 1082
processing event: PassengerRouteStartEvent, passenger_id: 25, route_id: 1 id: 24 at time: 2657
Processed event: PassengerRouteStartEvent, passenger_id: 25, route_id: 1 id: 24
processing event: OrderCreatedEvent, order_id: 25, available_pickups: 15 , available_dropoffs: 71 , passenger_id: 25, route_id: 1, passenger_num: 0 id: 1111 at time: 2657
Processed event: OrderCreatedEvent, order_id: 25, available_pickups: 15 , available_dropoffs: 71 , passenger_id: 25, route_id: 1, passenger_num: 2 id: 1111
processing event: VehicleEnterNewRoadEvent, vehicle_id: 7, road_id: 1000000000000000786 id: 1080 at time: 2658.03
Processed event: VehicleEnterNewRoadEvent, vehicle_id: 7, road_id: 1000000000000000786 id: 1080
processing event: VehicleDepartureEvent, vehicle_id: 7, road_id: 1000000000000000786, offset: 0.000000 id: 1112 at time: 2658.03
Processed event: VehicleDepartureEvent, vehicle_id: 7, road_id: 1000000000000000786, offset: 0.000000 id: 1112
Simulator::runFor: now_ = 2658.03 target = 2660
[progress] simulator time = 2660 / 3600
processing event: OrderMatchedEvent, order_id: 25, vehicle_id: 7 id: 1114 at time: 2660
Processed event: OrderMatchedEvent, order_id: 25, vehicle_id: 7 id: 1114
processing event: PassengerArrivalEvent, passenger_id: 25 id: 1116 at time: 2660
Processed event: PassengerArrivalEvent, passenger_id: 25 id: 1116
processing event: VehicleArriveIntersectionEvent, vehicle_id: 3, road_id: 1000000000000000685 id: 1107 at time: 2662.38
Processed event: VehicleArriveIntersectionEvent, vehicle_id: 3, road_id: 1000000000000000685 id: 1107
processing event: VehicleEnterNewRoadEvent, vehicle_id: 3, road_id: 1000000000000000678 id: 1117 at time: 2664.18
Processed event: VehicleEnterNewRoadEvent, vehicle_id: 3, road_id: 1000000000000000678 id: 1117
processing event: VehicleDepartureEvent, vehicle_id: 3, road_id: 1000000000000000678, offset: 0.000000 id: 1118 at time: 2664.18
Processed event: VehicleDepartureEvent, vehicle_id: 3, road_id: 1000000000000000678, offset: 0.000000 id: 1118
Event is not valid: VehicleArriveIntersectionEvent, vehicle_id: 4, road_id: 1000000000000000183 id: 1065 at time: 2664.54
processing event: VehicleArriveIntersectionEvent, vehicle_id: 4, road_id: 1000000000000000183 id: 1067 at time: 2664.54
Processed event: VehicleArriveIntersectionEvent, vehicle_id: 4, road_id: 1000000000000000183 id: 1067
processing event: VehicleCheckPointEvent, vehicle_id: 5 id: 1121 at time: 2665
Processed event: VehicleCheckPointEvent, vehicle_id: 5 id: 1121
processing event: VehicleQueuedEvent, vehicle_id: 5, front_queued_vehicle_id: 4 id: 1122 at time: 2665
Processed event: VehicleQueuedEvent, vehicle_id: 5, front_queued_vehicle_id: 4 id: 1122
processing event: VehicleEnterNewRoadEvent, vehicle_id: 4, road_id: 1000000000000000184 id: 1120 at time: 2669.13
Processed event: VehicleEnterNewRoadEvent, vehicle_id: 4, road_id: 1000000000000000184 id: 1120
processing event: VehicleDepartureEvent, vehicle_id: 4, road_id: 1000000000000000184, offset: 0.000000 id: 1124 at time: 2669.13
Processed event: VehicleDepartureEvent, vehicle_id: 4, road_id: 1000000000000000184, offset: 0.000000 id: 1124
processing event: VehicleArriveIntersectionEvent, vehicle_id: 5, road_id: 1000000000000000183 id: 1123 at time: 2669.67
Processed event: VehicleArriveIntersectionEvent, vehicle_id: 5, road_id: 1000000000000000183 id: 1123
Simulator::runFor: now_ = 2669.67 target = 2670
[progress] simulator time = 2670 / 3600
processing event: VehicleArriveIntersectionEvent, vehicle_id: 2, road_id: 1000000000000001077 id: 1104 at time: 2670.24
Processed event: VehicleArriveIntersectionEvent, vehicle_id: 2, road_id: 1000000000000001077 id: 1104
processing event: PassengerRouteStartEvent, passenger_id: 26, route_id: 1 id: 25 at time: 2675
Processed event: PassengerRouteStartEvent, passenger_id: 26, route_id: 1 id: 25
processing event: OrderCreatedEvent, order_id: 26, available_pickups: 2 81 , available_dropoffs: 71 , passenger_id: 26, route_id: 1, passenger_num: 0 id: 1128 at time: 2675
Processed event: OrderCreatedEvent, order_id: 26, available_pickups: 2 81 , available_dropoffs: 71 , passenger_id: 26, route_id: 1, passenger_num: 1 id: 1128
processing event: VehicleArriveIntersectionEvent, vehicle_id: 10, road_id: 1000000000000000181 id: 1109 at time: 2678.64
Processed event: VehicleArriveIntersectionEvent, vehicle_id: 10, road_id: 1000000000000000181 id: 1109
Simulator::runFor: now_ = 2678.64 target = 2680
[progress] simulator time = 2680 / 3600
processing event: OrderMatchedEvent, order_id: 26, vehicle_id: 2 id: 1130 at time: 2680
Processed event: OrderMatchedEvent, order_id: 26, vehicle_id: 2 id: 1130
processing event: PassengerArrivalEvent, passenger_id: 26 id: 1131 at time: 2680
Processed event: PassengerArrivalEvent, passenger_id: 26 id: 1131
processing event: VehicleArriveIntersectionEvent, vehicle_id: 1, road_id: 1000000000000001035 id: 1103 at time: 2683.2
Processed event: VehicleArriveIntersectionEvent, vehicle_id: 1, road_id: 1000000000000001035 id: 1103
processing event: VehicleEnterNewRoadEvent, vehicle_id: 9, road_id: 1000000000000001795 id: 1093 at time: 2688.87
Processed event: VehicleEnterNewRoadEvent, vehicle_id: 9, road_id: 1000000000000001795 id: 1093
processing event: VehicleDepartureEvent, vehicle_id: 9, road_id: 1000000000000001795, offset: 0.000000 id: 1133 at time: 2688.87
Processed event: VehicleDepartureEvent, vehicle_id: 9, road_id: 1000000000000001795, offset: 0.000000 id: 1133
Simulator::runFor: now_ = 2688.87 target = 2690
[progress] simulator time = 2690 / 3600
processing event: VehicleEnterNewRoadEvent, vehicle_id: 6, road_id: 1000000000000001087 id: 1110 at time: 2690.69
Processed event: VehicleEnterNewRoadEvent, vehicle_id: 6, road_id: 1000000000000001087 id: 1110
processing event: VehicleDepartureEvent, vehicle_id: 6, road_id: 1000000000000001087, offset: 0.000000 id: 1135 at time: 2690.69
Processed event: VehicleDepartureEvent, vehicle_id: 6, road_id: 1000000000000001087, offset: 0.000000 id: 1135
processing event: PassengerRouteStartEvent, passenger_id: 27, route_id: 1 id: 26 at time: 2700
Processed event: PassengerRouteStartEvent, passenger_id: 27, route_id: 1 id: 26
processing event: OrderCreatedEvent, order_id: 27, available_pickups: 41 , available_dropoffs: 15 , passenger_id: 27, route_id: 1, passenger_num: 0 id: 1137 at time: 2700
Processed event: OrderCreatedEvent, order_id: 27, available_pickups: 41 , available_dropoffs: 15 , passenger_id: 27, route_id: 1, passenger_num: 1 id: 1137
Simulator::runFor: now_ = 2700 target = 2700
[progress] simulator time = 2700 / 3600
processing event: OrderMatchedEvent, order_id: 27, vehicle_id: 3 id: 1138 at time: 2700
Processed event: OrderMatchedEvent, order_id: 27, vehicle_id: 3 id: 1138
processing event: PassengerArrivalEvent, passenger_id: 27 id: 1140 at time: 2700
Processed event: PassengerArrivalEvent, passenger_id: 27 id: 1140
Simulator::runFor: now_ = 2700 target = 2710
[progress] simulator time = 2710 / 3600
processing event: VehicleArriveIntersectionEvent, vehicle_id: 6, road_id: 1000000000000001087 id: 1136 at time: 2717.87
Processed event: VehicleArriveIntersectionEvent, vehicle_id: 6, road_id: 1000000000000001087 id: 1136
Event is not valid: VehicleArriveIntersectionEvent, vehicle_id: 7, road_id: 1000000000000000786 id: 1113 at time: 2719.96
processing event: VehicleArriveIntersectionEvent, vehicle_id: 7, road_id: 1000000000000000786 id: 1115 at time: 2719.96
Processed event: VehicleArriveIntersectionEvent, vehicle_id: 7, road_id: 1000000000000000786 id: 1115
Simulator::runFor: now_ = 2719.96 target = 2720
[progress] simulator time = 2720 / 3600
Event is not valid: VehicleArriveIntersectionEvent, vehicle_id: 3, road_id: 1000000000000000678 id: 1119 at time: 2721.79
processing event: VehicleArriveIntersectionEvent, vehicle_id: 3, road_id: 1000000000000000678 id: 1139 at time: 2721.79
Processed event: VehicleArriveIntersectionEvent, vehicle_id: 3, road_id: 1000000000000000678 id: 1139
processing event: VehicleEnterNewRoadEvent, vehicle_id: 1, road_id: 1000000000000001036 id: 1132 at time: 2722.18
Processed event: VehicleEnterNewRoadEvent, vehicle_id: 1, road_id: 1000000000000001036 id: 1132
processing event: VehicleDepartureEvent, vehicle_id: 1, road_id: 1000000000000001036, offset: 0.000000 id: 1144 at time: 2722.18
Processed event: VehicleDepartureEvent, vehicle_id: 1, road_id: 1000000000000001036, offset: 0.000000 id: 1144
processing event: VehicleEnterNewRoadEvent, vehicle_id: 6, road_id: 1000000000000000824 id: 1141 at time: 2723.02
Processed event: VehicleEnterNewRoadEvent, vehicle_id: 6, road_id: 1000000000000000824 id: 1141
processing event: VehicleDepartureEvent, vehicle_id: 6, road_id: 1000000000000000824, offset: 0.000000 id: 1146 at time: 2723.02
Processed event: VehicleDepartureEvent, vehicle_id: 6, road_id: 1000000000000000824, offset: 0.000000 id: 1146
processing event: VehicleEnterNewRoadEvent, vehicle_id: 3, road_id: 1000000000000001061 id: 1143 at time: 2723.59
Processed event: VehicleEnterNewRoadEvent, vehicle_id: 3, road_id: 1000000000000001061 id: 1143
processing event: VehicleDepartureEvent, vehicle_id: 3, road_id: 1000000000000001061, offset: 0.000000 id: 1148 at time: 2723.59
Processed event: VehicleDepartureEvent, vehicle_id: 3, road_id: 1000000000000001061, offset: 0.000000 id: 1148
processing event: VehicleEnterNewRoadEvent, vehicle_id: 7, road_id: 1000000000000000094 id: 1142 at time: 2723.92
Processed event: VehicleEnterNewRoadEvent, vehicle_id: 7, road_id: 1000000000000000094 id: 1142
processing event: VehicleDepartureEvent, vehicle_id: 7, road_id: 1000000000000000094, offset: 0.000000 id: 1150 at time: 2723.92
Processed event: VehicleDepartureEvent, vehicle_id: 7, road_id: 1000000000000000094, offset: 0.000000 id: 1150
processing event: PassengerRouteStartEvent, passenger_id: 28, route_id: 1 id: 27 at time: 2725
Processed event: PassengerRouteStartEvent, passenger_id: 28, route_id: 1 id: 27
processing event: OrderCreatedEvent, order_id: 28, available_pickups: 71 , available_dropoffs: 2 81 , passenger_id: 28, route_id: 1, passenger_num: 0 id: 1152 at time: 2725
Processed event: OrderCreatedEvent, order_id: 28, available_pickups: 71 , available_dropoffs: 2 81 , passenger_id: 28, route_id: 1, passenger_num: 2 id: 1152
processing event: VehicleArriveIntersectionEvent, vehicle_id: 4, road_id: 1000000000000000184 id: 1125 at time: 2726.74
Processed event: VehicleArriveIntersectionEvent, vehicle_id: 4, road_id: 1000000000000000184 id: 1125
processing event: VehicleEnterNewRoadEvent, vehicle_id: 4, road_id: 1000000000000001387 id: 1153 at time: 2727.74
Processed event: VehicleEnterNewRoadEvent, vehicle_id: 4, road_id: 1000000000000001387 id: 1153
processing event: VehicleDepartureEvent, vehicle_id: 4, road_id: 1000000000000001387, offset: 0.000000 id: 1154 at time: 2727.74
Processed event: VehicleDepartureEvent, vehicle_id: 4, road_id: 1000000000000001387, offset: 0.000000 id: 1154
Simulator::runFor: now_ = 2727.74 target = 2730
[progress] simulator time = 2730 / 3600
processing event: OrderMatchedEvent, order_id: 28, vehicle_id: 2 id: 1156 at time: 2730
Processed event: OrderMatchedEvent, order_id: 28, vehicle_id: 2 id: 1156
processing event: PassengerArrivalEvent, passenger_id: 28 id: 1157 at time: 2730
Processed event: PassengerArrivalEvent, passenger_id: 28 id: 1157
processing event: BusArrivalEvent, vehicle_id: 6, stop_id: 68 id: 1147 at time: 2738.37
Processed event: BusArrivalEvent, vehicle_id: 6, stop_id: 68 id: 1147
processing event: PassengerRouteEndEvent, passenger_id: 9, route_id: 1 id: 1158 at time: 2738.37
Passenger 9 finished all routes
Processed event: PassengerRouteEndEvent, passenger_id: 9, route_id: 1 id: 1158
processing event: PassengerDropoffEvent, passenger_id: 9 id: 1160 at time: 2738.37
Processed event: PassengerDropoffEvent, passenger_id: 9 id: 1160
processing event: OrderFinishedEvent, order_id: 9 id: 1161 at time: 2738.37
Processed event: OrderFinishedEvent, order_id: 9 id: 1161
Simulator::runFor: now_ = 2738.37 target = 2740
[progress] simulator time = 2740 / 3600
processing event: VehicleDepartureEvent, vehicle_id: 6, road_id: 1000000000000000824, offset: 85.240000 id: 1159 at time: 2743.37
Processed event: VehicleDepartureEvent, vehicle_id: 6, road_id: 1000000000000000824, offset: 85.240000 id: 1159
processing event: VehicleArriveIntersectionEvent, vehicle_id: 3, road_id: 1000000000000001061 id: 1149 at time: 2749.33
Processed event: VehicleArriveIntersectionEvent, vehicle_id: 3, road_id: 1000000000000001061 id: 1149
Simulator::runFor: now_ = 2749.33 target = 2750
[progress] simulator time = 2750 / 3600
processing event: VehicleArriveIntersectionEvent, vehicle_id: 6, road_id: 1000000000000000824 id: 1162 at time: 2750.52
Processed event: VehicleArriveIntersectionEvent, vehicle_id: 6, road_id: 1000000000000000824 id: 1162
processing event: VehicleEnterNewRoadEvent, vehicle_id: 3, road_id: 1000000000000001059 id: 1163 at time: 2751.13
Processed event: VehicleEnterNewRoadEvent, vehicle_id: 3, road_id: 1000000000000001059 id: 1163
processing event: VehicleDepartureEvent, vehicle_id: 3, road_id: 1000000000000001059, offset: 0.000000 id: 1165 at time: 2751.13
Processed event: VehicleDepartureEvent, vehicle_id: 3, road_id: 1000000000000001059, offset: 0.000000 id: 1165
processing event: VehicleEnterNewRoadEvent, vehicle_id: 6, road_id: 1000000000000001085 id: 1164 at time: 2752.32
Processed event: VehicleEnterNewRoadEvent, vehicle_id: 6, road_id: 1000000000000001085 id: 1164
processing event: VehicleDepartureEvent, vehicle_id: 6, road_id: 1000000000000001085, offset: 0.000000 id: 1167 at time: 2752.32
Processed event: VehicleDepartureEvent, vehicle_id: 6, road_id: 1000000000000001085, offset: 0.000000 id: 1167
processing event: VehicleEnterNewRoadEvent, vehicle_id: 5, road_id: 1000000000000000184 id: 1126 at time: 2755.53
Processed event: VehicleEnterNewRoadEvent, vehicle_id: 5, road_id: 1000000000000000184 id: 1126
processing event: VehicleDepartureEvent, vehicle_id: 5, road_id: 1000000000000000184, offset: 0.000000 id: 1169 at time: 2755.53
Processed event: VehicleDepartureEvent, vehicle_id: 5, road_id: 1000000000000000184, offset: 0.000000 id: 1169
processing event: VehicleArriveIntersectionEvent, vehicle_id: 3, road_id: 1000000000000001059 id: 1166 at time: 2758.15
Processed event: VehicleArriveIntersectionEvent, vehicle_id: 3, road_id: 1000000000000001059 id: 1166
processing event: VehicleEnterNewRoadEvent, vehicle_id: 3, road_id: 1000000000000001060 id: 1171 at time: 2759.95
Processed event: VehicleEnterNewRoadEvent, vehicle_id: 3, road_id: 1000000000000001060 id: 1171
processing event: VehicleDepartureEvent, vehicle_id: 3, road_id: 1000000000000001060, offset: 0.000000 id: 1172 at time: 2759.95
Processed event: VehicleDepartureEvent, vehicle_id: 3, road_id: 1000000000000001060, offset: 0.000000 id: 1172
Simulator::runFor: now_ = 2759.95 target = 2760
[progress] simulator time = 2760 / 3600
processing event: VehicleArriveIntersectionEvent, vehicle_id: 7, road_id: 1000000000000000094 id: 1151 at time: 2766.04
Processed event: VehicleArriveIntersectionEvent, vehicle_id: 7, road_id: 1000000000000000094 id: 1151
processing event: VehicleArriveIntersectionEvent, vehicle_id: 6, road_id: 1000000000000001085 id: 1168 at time: 2766.72
Processed event: VehicleArriveIntersectionEvent, vehicle_id: 6, road_id: 1000000000000001085 id: 1168
Simulator::runFor: now_ = 2766.72 target = 2770
[progress] simulator time = 2770 / 3600
processing event: VehicleEnterNewRoadEvent, vehicle_id: 6, road_id: 1000000000000001088 id: 1175 at time: 2771.45
Processed event: VehicleEnterNewRoadEvent, vehicle_id: 6, road_id: 1000000000000001088 id: 1175
processing event: VehicleDepartureEvent, vehicle_id: 6, road_id: 1000000000000001088, offset: 0.000000 id: 1176 at time: 2771.45
Processed event: VehicleDepartureEvent, vehicle_id: 6, road_id: 1000000000000001088, offset: 0.000000 id: 1176
processing event: VehicleEnterNewRoadEvent, vehicle_id: 10, road_id: 1000000000000000183 id: 1129 at time: 2774.41
Processed event: VehicleEnterNewRoadEvent, vehicle_id: 10, road_id: 1000000000000000183 id: 1129
processing event: VehicleDepartureEvent, vehicle_id: 10, road_id: 1000000000000000183, offset: 0.000000 id: 1178 at time: 2774.41
Processed event: VehicleDepartureEvent, vehicle_id: 10, road_id: 1000000000000000183, offset: 0.000000 id: 1178
processing event: PassengerRouteStartEvent, passenger_id: 29, route_id: 1 id: 28 at time: 2779
Processed event: PassengerRouteStartEvent, passenger_id: 29, route_id: 1 id: 28
processing event: OrderCreatedEvent, order_id: 29, available_pickups: 2 81 , available_dropoffs: 68 , passenger_id: 29, route_id: 1, passenger_num: 0 id: 1180 at time: 2779
Processed event: OrderCreatedEvent, order_id: 29, available_pickups: 2 81 , available_dropoffs: 68 , passenger_id: 29, route_id: 1, passenger_num: 1 id: 1180
Simulator::runFor: now_ = 2779 target = 2780
[progress] simulator time = 2780 / 3600
processing event: OrderMatchedEvent, order_id: 29, vehicle_id: 5 id: 1181 at time: 2780
Processed event: OrderMatchedEvent, order_id: 29, vehicle_id: 5 id: 1181
processing event: PassengerArrivalEvent, passenger_id: 29 id: 1183 at time: 2780
Processed event: PassengerArrivalEvent, passenger_id: 29 id: 1183
processing event: PassengerRouteStartEvent, passenger_id: 30, route_id: 1 id: 29 at time: 2781
Processed event: PassengerRouteStartEvent, passenger_id: 30, route_id: 1 id: 29
processing event: OrderCreatedEvent, order_id: 30, available_pickups: 23 , available_dropoffs: 25 , passenger_id: 30, route_id: 1, passenger_num: 0 id: 1184 at time: 2781
Processed event: OrderCreatedEvent, order_id: 30, available_pickups: 23 , available_dropoffs: 25 , passenger_id: 30, route_id: 1, passenger_num: 1 id: 1184
processing event: VehicleEnterNewRoadEvent, vehicle_id: 2, road_id: 1000000000000000094 id: 1127 at time: 2782.64
Processed event: VehicleEnterNewRoadEvent, vehicle_id: 2, road_id: 1000000000000000094 id: 1127
processing event: VehicleDepartureEvent, vehicle_id: 2, road_id: 1000000000000000094, offset: 0.000000 id: 1185 at time: 2782.64
Processed event: VehicleDepartureEvent, vehicle_id: 2, road_id: 1000000000000000094, offset: 0.000000 id: 1185
processing event: VehicleArriveIntersectionEvent, vehicle_id: 4, road_id: 1000000000000001387 id: 1155 at time: 2784.44
Processed event: VehicleArriveIntersectionEvent, vehicle_id: 4, road_id: 1000000000000001387 id: 1155
processing event: VehicleArriveIntersectionEvent, vehicle_id: 9, road_id: 1000000000000001795 id: 1134 at time: 2786.98
Processed event: VehicleArriveIntersectionEvent, vehicle_id: 9, road_id: 1000000000000001795 id: 1134
processing event: VehicleEnterNewRoadEvent, vehicle_id: 9, road_id: 1000000000000000661 id: 1188 at time: 2788.78
Processed event: VehicleEnterNewRoadEvent, vehicle_id: 9, road_id: 1000000000000000661 id: 1188
processing event: VehicleDepartureEvent, vehicle_id: 9, road_id: 1000000000000000661, offset: 0.000000 id: 1189 at time: 2788.78
Processed event: VehicleDepartureEvent, vehicle_id: 9, road_id: 1000000000000000661, offset: 0.000000 id: 1189
processing event: PassengerRouteStartEvent, passenger_id: 31, route_id: 1 id: 30 at time: 2789
Processed event: PassengerRouteStartEvent, passenger_id: 31, route_id: 1 id: 30
processing event: OrderCreatedEvent, order_id: 31, available_pickups: 2 81 , available_dropoffs: 71 , passenger_id: 31, route_id: 1, passenger_num: 0 id: 1191 at time: 2789
Processed event: OrderCreatedEvent, order_id: 31, available_pickups: 2 81 , available_dropoffs: 71 , passenger_id: 31, route_id: 1, passenger_num: 1 id: 1191
Simulator::runFor: now_ = 2789 target = 2790
[progress] simulator time = 2790 / 3600
processing event: OrderMatchedEvent, order_id: 31, vehicle_id: 1 id: 1192 at time: 2790
Processed event: OrderMatchedEvent, order_id: 31, vehicle_id: 1 id: 1192
processing event: OrderMatchedEvent, order_id: 30, vehicle_id: 3 id: 1194 at time: 2790
Processed event: OrderMatchedEvent, order_id: 30, vehicle_id: 3 id: 1194
processing event: PassengerArrivalEvent, passenger_id: 31 id: 1196 at time: 2790
Processed event: PassengerArrivalEvent, passenger_id: 31 id: 1196
processing event: PassengerArrivalEvent, passenger_id: 30 id: 1197 at time: 2790
Processed event: PassengerArrivalEvent, passenger_id: 30 id: 1197
Simulator::runFor: now_ = 2790 target = 2800
[progress] simulator time = 2800 / 3600
Event is not valid: VehicleArriveIntersectionEvent, vehicle_id: 3, road_id: 1000000000000001060 id: 1173 at time: 2801.18
processing event: VehicleArriveIntersectionEvent, vehicle_id: 3, road_id: 1000000000000001060 id: 1195 at time: 2801.18
Processed event: VehicleArriveIntersectionEvent, vehicle_id: 3, road_id: 1000000000000001060 id: 1195
processing event: VehicleEnterNewRoadEvent, vehicle_id: 3, road_id: 1000000000000000735 id: 1198 at time: 2802.98
Processed event: VehicleEnterNewRoadEvent, vehicle_id: 3, road_id: 1000000000000000735 id: 1198
processing event: VehicleDepartureEvent, vehicle_id: 3, road_id: 1000000000000000735, offset: 0.000000 id: 1199 at time: 2802.98
Processed event: VehicleDepartureEvent, vehicle_id: 3, road_id: 1000000000000000735, offset: 0.000000 id: 1199
Simulator::runFor: now_ = 2802.98 target = 2810
[progress] simulator time = 2810 / 3600
Event is not valid: VehicleArriveIntersectionEvent, vehicle_id: 5, road_id: 1000000000000000184 id: 1170 at time: 2813.13
processing event: VehicleArriveIntersectionEvent, vehicle_id: 5, road_id: 1000000000000000184 id: 1182 at time: 2813.13
Processed event: VehicleArriveIntersectionEvent, vehicle_id: 5, road_id: 1000000000000000184 id: 1182
processing event: BusArrivalEvent, vehicle_id: 9, stop_id: 83 id: 1190 at time: 2818.77
Processed event: BusArrivalEvent, vehicle_id: 9, stop_id: 83 id: 1190
processing event: PassengerOnboardEvent, passenger_id: 20 id: 1202 at time: 2818.77
Processed event: PassengerOnboardEvent, passenger_id: 20 id: 1202
Simulator::runFor: now_ = 2818.77 target = 2820
[progress] simulator time = 2820 / 3600
processing event: VehicleEnterNewRoadEvent, vehicle_id: 7, road_id: 1000000000000000095 id: 1174 at time: 2823.03
Processed event: VehicleEnterNewRoadEvent, vehicle_id: 7, road_id: 1000000000000000095 id: 1174
processing event: VehicleDepartureEvent, vehicle_id: 7, road_id: 1000000000000000095, offset: 0.000000 id: 1204 at time: 2823.03
Processed event: VehicleDepartureEvent, vehicle_id: 7, road_id: 1000000000000000095, offset: 0.000000 id: 1204
processing event: VehicleDepartureEvent, vehicle_id: 9, road_id: 1000000000000000661, offset: 166.560000 id: 1203 at time: 2823.77
Processed event: VehicleDepartureEvent, vehicle_id: 9, road_id: 1000000000000000661, offset: 166.560000 id: 1203
processing event: VehicleArriveIntersectionEvent, vehicle_id: 2, road_id: 1000000000000000094 id: 1186 at time: 2824.77
Processed event: VehicleArriveIntersectionEvent, vehicle_id: 2, road_id: 1000000000000000094 id: 1186
Simulator::runFor: now_ = 2824.77 target = 2830
[progress] simulator time = 2830 / 3600
processing event: VehicleArriveIntersectionEvent, vehicle_id: 6, road_id: 1000000000000001088 id: 1177 at time: 2830.13
Processed event: VehicleArriveIntersectionEvent, vehicle_id: 6, road_id: 1000000000000001088 id: 1177
processing event: VehicleArriveIntersectionEvent, vehicle_id: 3, road_id: 1000000000000000735 id: 1200 at time: 2830.16
Processed event: VehicleArriveIntersectionEvent, vehicle_id: 3, road_id: 1000000000000000735 id: 1200
processing event: VehicleEnterNewRoadEvent, vehicle_id: 2, road_id: 1000000000000000095 id: 1207 at time: 2832.69
Processed event: VehicleEnterNewRoadEvent, vehicle_id: 2, road_id: 1000000000000000095 id: 1207
processing event: VehicleDepartureEvent, vehicle_id: 2, road_id: 1000000000000000095, offset: 0.000000 id: 1210 at time: 2832.69
Processed event: VehicleDepartureEvent, vehicle_id: 2, road_id: 1000000000000000095, offset: 0.000000 id: 1210
processing event: VehicleEnterNewRoadEvent, vehicle_id: 6, road_id: 1000000000000000786 id: 1208 at time: 2834.09
Processed event: VehicleEnterNewRoadEvent, vehicle_id: 6, road_id: 1000000000000000786 id: 1208
processing event: VehicleDepartureEvent, vehicle_id: 6, road_id: 1000000000000000786, offset: 0.000000 id: 1212 at time: 2834.09
Processed event: VehicleDepartureEvent, vehicle_id: 6, road_id: 1000000000000000786, offset: 0.000000 id: 1212
processing event: VehicleEnterNewRoadEvent, vehicle_id: 5, road_id: 1000000000000001387 id: 1201 at time: 2839
Processed event: VehicleEnterNewRoadEvent, vehicle_id: 5, road_id: 1000000000000001387 id: 1201
processing event: VehicleDepartureEvent, vehicle_id: 5, road_id: 1000000000000001387, offset: 0.000000 id: 1214 at time: 2839
Processed event: VehicleDepartureEvent, vehicle_id: 5, road_id: 1000000000000001387, offset: 0.000000 id: 1214
Event is not valid: VehicleArriveIntersectionEvent, vehicle_id: 1, road_id: 1000000000000001036 id: 1145 at time: 2839.91
processing event: VehicleArriveIntersectionEvent, vehicle_id: 1, road_id: 1000000000000001036 id: 1193 at time: 2839.91
Processed event: VehicleArriveIntersectionEvent, vehicle_id: 1, road_id: 1000000000000001036 id: 1193
Simulator::runFor: now_ = 2839.91 target = 2840
[progress] simulator time = 2840 / 3600
processing event: VehicleEnterNewRoadEvent, vehicle_id: 4, road_id: 1000000000000001073 id: 1187 at time: 2847.06
Processed event: VehicleEnterNewRoadEvent, vehicle_id: 4, road_id: 1000000000000001073 id: 1187
processing event: VehicleDepartureEvent, vehicle_id: 4, road_id: 1000000000000001073, offset: 0.000000 id: 1218 at time: 2847.06
Processed event: VehicleDepartureEvent, vehicle_id: 4, road_id: 1000000000000001073, offset: 0.000000 id: 1218
Simulator::runFor: now_ = 2847.06 target = 2850
[progress] simulator time = 2850 / 3600
Simulator::runFor: now_ = 2850 target = 2860
[progress] simulator time = 2860 / 3600
Simulator::runFor: now_ = 2860 target = 2870
[progress] simulator time = 2870 / 3600
Simulator::runFor: now_ = 2870 target = 2880
[progress] simulator time = 2880 / 3600
Simulator::runFor: now_ = 2880 target = 2890
[progress] simulator time = 2890 / 3600
processing event: VehicleArriveIntersectionEvent, vehicle_id: 9, road_id: 1000000000000000661 id: 1206 at time: 2891.89
Processed event: VehicleArriveIntersectionEvent, vehicle_id: 9, road_id: 1000000000000000661 id: 1206
processing event: VehicleArriveIntersectionEvent, vehicle_id: 10, road_id: 1000000000000000183 id: 1179 at time: 2893.4
Processed event: VehicleArriveIntersectionEvent, vehicle_id: 10, road_id: 1000000000000000183 id: 1179
Event is not valid: VehicleCheckPointEvent, vehicle_id: 5 id: 1215 at time: 2895.17
processing event: VehicleArriveIntersectionEvent, vehicle_id: 5, road_id: 1000000000000001387 id: 1217 at time: 2895.71
Processed event: VehicleArriveIntersectionEvent, vehicle_id: 5, road_id: 1000000000000001387 id: 1217
processing event: VehicleArriveIntersectionEvent, vehicle_id: 6, road_id: 1000000000000000786 id: 1213 at time: 2896.02
Processed event: VehicleArriveIntersectionEvent, vehicle_id: 6, road_id: 1000000000000000786 id: 1213
processing event: VehicleEnterNewRoadEvent, vehicle_id: 3, road_id: 1000000000000001050 id: 1209 at time: 2897.35
Processed event: VehicleEnterNewRoadEvent, vehicle_id: 3, road_id: 1000000000000001050 id: 1209
processing event: VehicleDepartureEvent, vehicle_id: 3, road_id: 1000000000000001050, offset: 0.000000 id: 1224 at time: 2897.35
Processed event: VehicleDepartureEvent, vehicle_id: 3, road_id: 1000000000000001050, offset: 0.000000 id: 1224
Simulator::runFor: now_ = 2897.35 target = 2900
[progress] simulator time = 2900 / 3600
processing event: VehicleEnterNewRoadEvent, vehicle_id: 9, road_id: 1000000000000000649 id: 1220 at time: 2902.31
Processed event: VehicleEnterNewRoadEvent, vehicle_id: 9, road_id: 1000000000000000649 id: 1220
processing event: VehicleDepartureEvent, vehicle_id: 9, road_id: 1000000000000000649, offset: 0.000000 id: 1226 at time: 2902.31
Processed event: VehicleDepartureEvent, vehicle_id: 9, road_id: 1000000000000000649, offset: 0.000000 id: 1226
Simulator::runFor: now_ = 2902.31 target = 2910
[progress] simulator time = 2910 / 3600
processing event: VehicleArriveIntersectionEvent, vehicle_id: 4, road_id: 1000000000000001073 id: 1219 at time: 2919.25
Processed event: VehicleArriveIntersectionEvent, vehicle_id: 4, road_id: 1000000000000001073 id: 1219
Simulator::runFor: now_ = 2919.25 target = 2920
[progress] simulator time = 2920 / 3600
processing event: VehicleArriveIntersectionEvent, vehicle_id: 3, road_id: 1000000000000001050 id: 1225 at time: 2920.75
Processed event: VehicleArriveIntersectionEvent, vehicle_id: 3, road_id: 1000000000000001050 id: 1225
processing event: VehicleEnterNewRoadEvent, vehicle_id: 1, road_id: 1000000000000001038 id: 1216 at time: 2920.93
Processed event: VehicleEnterNewRoadEvent, vehicle_id: 1, road_id: 1000000000000001038 id: 1216
processing event: VehicleDepartureEvent, vehicle_id: 1, road_id: 1000000000000001038, offset: 0.000000 id: 1230 at time: 2920.93
Processed event: VehicleDepartureEvent, vehicle_id: 1, road_id: 1000000000000001038, offset: 0.000000 id: 1230
processing event: VehicleArriveIntersectionEvent, vehicle_id: 7, road_id: 1000000000000000095 id: 1205 at time: 2921.14
Processed event: VehicleArriveIntersectionEvent, vehicle_id: 7, road_id: 1000000000000000095 id: 1205
processing event: VehicleEnterNewRoadEvent, vehicle_id: 3, road_id: 1000000000000001051 id: 1229 at time: 2929.8
Processed event: VehicleEnterNewRoadEvent, vehicle_id: 3, road_id: 1000000000000001051 id: 1229
processing event: VehicleDepartureEvent, vehicle_id: 3, road_id: 1000000000000001051, offset: 0.000000 id: 1233 at time: 2929.8
Processed event: VehicleDepartureEvent, vehicle_id: 3, road_id: 1000000000000001051, offset: 0.000000 id: 1233
Simulator::runFor: now_ = 2929.8 target = 2930
[progress] simulator time = 2930 / 3600
processing event: VehicleArriveIntersectionEvent, vehicle_id: 2, road_id: 1000000000000000095 id: 1211 at time: 2930.8
Processed event: VehicleArriveIntersectionEvent, vehicle_id: 2, road_id: 1000000000000000095 id: 1211
processing event: VehicleArriveIntersectionEvent, vehicle_id: 9, road_id: 1000000000000000649 id: 1227 at time: 2938.67
Processed event: VehicleArriveIntersectionEvent, vehicle_id: 9, road_id: 1000000000000000649 id: 1227
Simulator::runFor: now_ = 2938.67 target = 2940
[progress] simulator time = 2940 / 3600
processing event: VehicleEnterNewRoadEvent, vehicle_id: 7, road_id: 1000000000000000096 id: 1232 at time: 2943.99
Processed event: VehicleEnterNewRoadEvent, vehicle_id: 7, road_id: 1000000000000000096 id: 1232
processing event: VehicleEnterNewRoadEvent, vehicle_id: 2, road_id: 1000000000000000096 id: 1235 at time: 2943.99
Processed event: VehicleEnterNewRoadEvent, vehicle_id: 2, road_id: 1000000000000000096 id: 1235
processing event: VehicleDepartureEvent, vehicle_id: 7, road_id: 1000000000000000096, offset: 0.000000 id: 1237 at time: 2943.99
Processed event: VehicleDepartureEvent, vehicle_id: 7, road_id: 1000000000000000096, offset: 0.000000 id: 1237
processing event: VehicleDepartureEvent, vehicle_id: 2, road_id: 1000000000000000096, offset: 0.000000 id: 1238 at time: 2943.99
Processed event: VehicleDepartureEvent, vehicle_id: 2, road_id: 1000000000000000096, offset: 0.000000 id: 1238
processing event: VehicleDepartureEvent, vehicle_id: 2, road_id: 1000000000000000096, offset: 0.000000 id: 1240 at time: 2944.99
Processed event: VehicleDepartureEvent, vehicle_id: 2, road_id: 1000000000000000096, offset: 0.000000 id: 1240
processing event: VehicleEnterNewRoadEvent, vehicle_id: 9, road_id: 1000000000000000648 id: 1236 at time: 2946.05
Processed event: VehicleEnterNewRoadEvent, vehicle_id: 9, road_id: 1000000000000000648 id: 1236
processing event: VehicleDepartureEvent, vehicle_id: 9, road_id: 1000000000000000648, offset: 0.000000 id: 1242 at time: 2946.05
Processed event: VehicleDepartureEvent, vehicle_id: 9, road_id: 1000000000000000648, offset: 0.000000 id: 1242
processing event: VehicleArriveIntersectionEvent, vehicle_id: 9, road_id: 1000000000000000648 id: 1243 at time: 2947.67
Processed event: VehicleArriveIntersectionEvent, vehicle_id: 9, road_id: 1000000000000000648 id: 1243
Simulator::runFor: now_ = 2947.67 target = 2950
[progress] simulator time = 2950 / 3600
processing event: VehicleEnterNewRoadEvent, vehicle_id: 10, road_id: 1000000000000000184 id: 1221 at time: 2954.38
Processed event: VehicleEnterNewRoadEvent, vehicle_id: 10, road_id: 1000000000000000184 id: 1221
processing event: VehicleDepartureEvent, vehicle_id: 10, road_id: 1000000000000000184, offset: 0.000000 id: 1245 at time: 2954.38
Processed event: VehicleDepartureEvent, vehicle_id: 10, road_id: 1000000000000000184, offset: 0.000000 id: 1245
Simulator::runFor: now_ = 2954.38 target = 2960
[progress] simulator time = 2960 / 3600
processing event: VehicleEnterNewRoadEvent, vehicle_id: 9, road_id: 1000000000000000897 id: 1244 at time: 2960.79
Processed event: VehicleEnterNewRoadEvent, vehicle_id: 9, road_id: 1000000000000000897 id: 1244
processing event: VehicleDepartureEvent, vehicle_id: 9, road_id: 1000000000000000897, offset: 0.000000 id: 1247 at time: 2960.79
Processed event: VehicleDepartureEvent, vehicle_id: 9, road_id: 1000000000000000897, offset: 0.000000 id: 1247
processing event: VehicleArriveIntersectionEvent, vehicle_id: 1, road_id: 1000000000000001038 id: 1231 at time: 2964.13
Processed event: VehicleArriveIntersectionEvent, vehicle_id: 1, road_id: 1000000000000001038 id: 1231
processing event: VehicleArriveIntersectionEvent, vehicle_id: 9, road_id: 1000000000000000897 id: 1248 at time: 2967.63
Processed event: VehicleArriveIntersectionEvent, vehicle_id: 9, road_id: 1000000000000000897 id: 1248
processing event: VehicleEnterNewRoadEvent, vehicle_id: 4, road_id: 1000000000000001074 id: 1228 at time: 2968.72
Processed event: VehicleEnterNewRoadEvent, vehicle_id: 4, road_id: 1000000000000001074 id: 1228
processing event: VehicleDepartureEvent, vehicle_id: 4, road_id: 1000000000000001074, offset: 0.000000 id: 1251 at time: 2968.72
Processed event: VehicleDepartureEvent, vehicle_id: 4, road_id: 1000000000000001074, offset: 0.000000 id: 1251
Simulator::runFor: now_ = 2968.72 target = 2970
[progress] simulator time = 2970 / 3600
processing event: VehicleArriveIntersectionEvent, vehicle_id: 3, road_id: 1000000000000001051 id: 1234 at time: 2974.62
Processed event: VehicleArriveIntersectionEvent, vehicle_id: 3, road_id: 1000000000000001051 id: 1234
processing event: VehicleEnterNewRoadEvent, vehicle_id: 3, road_id: 1000000000000001049 id: 1253 at time: 2977.8
Processed event: VehicleEnterNewRoadEvent, vehicle_id: 3, road_id: 1000000000000001049 id: 1253
processing event: VehicleDepartureEvent, vehicle_id: 3, road_id: 1000000000000001049, offset: 0.000000 id: 1254 at time: 2977.8
Processed event: VehicleDepartureEvent, vehicle_id: 3, road_id: 1000000000000001049, offset: 0.000000 id: 1254
Simulator::runFor: now_ = 2977.8 target = 2980
[progress] simulator time = 2980 / 3600
Simulator::runFor: now_ = 2980 target = 2990
[progress] simulator time = 2990 / 3600
processing event: VehicleEnterNewRoadEvent, vehicle_id: 5, road_id: 1000000000000001073 id: 1222 at time: 2991.49
Processed event: VehicleEnterNewRoadEvent, vehicle_id: 5, road_id: 1000000000000001073 id: 1222
processing event: VehicleDepartureEvent, vehicle_id: 5, road_id: 1000000000000001073, offset: 0.000000 id: 1256 at time: 2991.49
Processed event: VehicleDepartureEvent, vehicle_id: 5, road_id: 1000000000000001073, offset: 0.000000 id: 1256
processing event: VehicleEnterNewRoadEvent, vehicle_id: 1, road_id: 1000000000000001041 id: 1249 at time: 2998.8
Processed event: VehicleEnterNewRoadEvent, vehicle_id: 1, road_id: 1000000000000001041 id: 1249
processing event: VehicleDepartureEvent, vehicle_id: 1, road_id: 1000000000000001041, offset: 0.000000 id: 1258 at time: 2998.8
Processed event: VehicleDepartureEvent, vehicle_id: 1, road_id: 1000000000000001041, offset: 0.000000 id: 1258
processing event: VehicleArriveIntersectionEvent, vehicle_id: 4, road_id: 1000000000000001074 id: 1252 at time: 2999.15
Processed event: VehicleArriveIntersectionEvent, vehicle_id: 4, road_id: 1000000000000001074 id: 1252
Simulator::runFor: now_ = 2999.15 target = 3000
[progress] simulator time = 3000 / 3600
processing event: VehicleEnterNewRoadEvent, vehicle_id: 4, road_id: 1000000000000001075 id: 1260 at time: 3000.15
Processed event: VehicleEnterNewRoadEvent, vehicle_id: 4, road_id: 1000000000000001075 id: 1260
processing event: VehicleDepartureEvent, vehicle_id: 4, road_id: 1000000000000001075, offset: 0.000000 id: 1261 at time: 3000.15
Processed event: VehicleDepartureEvent, vehicle_id: 4, road_id: 1000000000000001075, offset: 0.000000 id: 1261
processing event: BusArrivalEvent, vehicle_id: 3, stop_id: 19 id: 1255 at time: 3000.69
Processed event: BusArrivalEvent, vehicle_id: 3, stop_id: 19 id: 1255
processing event: PassengerOnboardEvent, passenger_id: 14 id: 1263 at time: 3000.69
Processed event: PassengerOnboardEvent, passenger_id: 14 id: 1263
processing event: VehicleEnterNewRoadEvent, vehicle_id: 6, road_id: 1000000000000000094 id: 1223 at time: 3003.91
Processed event: VehicleEnterNewRoadEvent, vehicle_id: 6, road_id: 1000000000000000094 id: 1223
processing event: VehicleDepartureEvent, vehicle_id: 6, road_id: 1000000000000000094, offset: 0.000000 id: 1265 at time: 3003.91
Processed event: VehicleDepartureEvent, vehicle_id: 6, road_id: 1000000000000000094, offset: 0.000000 id: 1265
processing event: VehicleDepartureEvent, vehicle_id: 3, road_id: 1000000000000001049, offset: 127.170000 id: 1264 at time: 3005.69
Processed event: VehicleDepartureEvent, vehicle_id: 3, road_id: 1000000000000001049, offset: 127.170000 id: 1264
Simulator::runFor: now_ = 3005.69 target = 3010
[progress] simulator time = 3010 / 3600
processing event: VehicleArriveIntersectionEvent, vehicle_id: 10, road_id: 1000000000000000184 id: 1246 at time: 3011.99
Processed event: VehicleArriveIntersectionEvent, vehicle_id: 10, road_id: 1000000000000000184 id: 1246
Simulator::runFor: now_ = 3011.99 target = 3020
[progress] simulator time = 3020 / 3600
processing event: VehicleArriveIntersectionEvent, vehicle_id: 1, road_id: 1000000000000001041 id: 1259 at time: 3023.46
Processed event: VehicleArriveIntersectionEvent, vehicle_id: 1, road_id: 1000000000000001041 id: 1259
processing event: VehicleEnterNewRoadEvent, vehicle_id: 1, road_id: 1000000000000001039 id: 1269 at time: 3027.42
Processed event: VehicleEnterNewRoadEvent, vehicle_id: 1, road_id: 1000000000000001039 id: 1269
processing event: VehicleDepartureEvent, vehicle_id: 1, road_id: 1000000000000001039, offset: 0.000000 id: 1270 at time: 3027.42
Processed event: VehicleDepartureEvent, vehicle_id: 1, road_id: 1000000000000001039, offset: 0.000000 id: 1270
Simulator::runFor: now_ = 3027.42 target = 3030
[progress] simulator time = 3030 / 3600
processing event: VehicleEnterNewRoadEvent, vehicle_id: 10, road_id: 1000000000000001387 id: 1268 at time: 3037
Processed event: VehicleEnterNewRoadEvent, vehicle_id: 10, road_id: 1000000000000001387 id: 1268
processing event: VehicleDepartureEvent, vehicle_id: 10, road_id: 1000000000000001387, offset: 0.000000 id: 1272 at time: 3037
Processed event: VehicleDepartureEvent, vehicle_id: 10, road_id: 1000000000000001387, offset: 0.000000 id: 1272
Simulator::runFor: now_ = 3037 target = 3040
[progress] simulator time = 3040 / 3600
processing event: VehicleArriveIntersectionEvent, vehicle_id: 6, road_id: 1000000000000000094 id: 1266 at time: 3046.04
Processed event: VehicleArriveIntersectionEvent, vehicle_id: 6, road_id: 1000000000000000094 id: 1266
Simulator::runFor: now_ = 3046.04 target = 3050
[progress] simulator time = 3050 / 3600
processing event: VehicleArriveIntersectionEvent, vehicle_id: 4, road_id: 1000000000000001075 id: 1262 at time: 3055.59
Processed event: VehicleArriveIntersectionEvent, vehicle_id: 4, road_id: 1000000000000001075 id: 1262
processing event: VehicleArriveIntersectionEvent, vehicle_id: 1, road_id: 1000000000000001039 id: 1271 at time: 3056.58
Processed event: VehicleArriveIntersectionEvent, vehicle_id: 1, road_id: 1000000000000001039 id: 1271
processing event: VehicleEnterNewRoadEvent, vehicle_id: 9, road_id: 1000000000000001102 id: 1250 at time: 3058.49
Processed event: VehicleEnterNewRoadEvent, vehicle_id: 9, road_id: 1000000000000001102 id: 1250
processing event: VehicleDepartureEvent, vehicle_id: 9, road_id: 1000000000000001102, offset: 0.000000 id: 1277 at time: 3058.49
Processed event: VehicleDepartureEvent, vehicle_id: 9, road_id: 1000000000000001102, offset: 0.000000 id: 1277
Simulator::runFor: now_ = 3058.49 target = 3060
[progress] simulator time = 3060 / 3600
processing event: VehicleArriveIntersectionEvent, vehicle_id: 5, road_id: 1000000000000001073 id: 1257 at time: 3063.67
Processed event: VehicleArriveIntersectionEvent, vehicle_id: 5, road_id: 1000000000000001073 id: 1257
processing event: VehicleEnterNewRoadEvent, vehicle_id: 6, road_id: 1000000000000000095 id: 1274 at time: 3064.96
Processed event: VehicleEnterNewRoadEvent, vehicle_id: 6, road_id: 1000000000000000095 id: 1274
processing event: VehicleDepartureEvent, vehicle_id: 6, road_id: 1000000000000000095, offset: 0.000000 id: 1280 at time: 3064.96
Processed event: VehicleDepartureEvent, vehicle_id: 6, road_id: 1000000000000000095, offset: 0.000000 id: 1280
Simulator::runFor: now_ = 3064.96 target = 3070
[progress] simulator time = 3070 / 3600
processing event: VehicleEnterNewRoadEvent, vehicle_id: 5, road_id: 1000000000000001074 id: 1279 at time: 3074.68
Processed event: VehicleEnterNewRoadEvent, vehicle_id: 5, road_id: 1000000000000001074 id: 1279
processing event: VehicleDepartureEvent, vehicle_id: 5, road_id: 1000000000000001074, offset: 0.000000 id: 1282 at time: 3074.68
Processed event: VehicleDepartureEvent, vehicle_id: 5, road_id: 1000000000000001074, offset: 0.000000 id: 1282
processing event: VehicleArriveIntersectionEvent, vehicle_id: 3, road_id: 1000000000000001049 id: 1267 at time: 3076.59
Processed event: VehicleArriveIntersectionEvent, vehicle_id: 3, road_id: 1000000000000001049 id: 1267
Simulator::runFor: now_ = 3076.59 target = 3080
[progress] simulator time = 3080 / 3600
processing event: VehicleEnterNewRoadEvent, vehicle_id: 1, road_id: 1000000000000001883 id: 1276 at time: 3087.64
Processed event: VehicleEnterNewRoadEvent, vehicle_id: 1, road_id: 1000000000000001883 id: 1276
processing event: VehicleDepartureEvent, vehicle_id: 1, road_id: 1000000000000001883, offset: 0.000000 id: 1285 at time: 3087.64
Processed event: VehicleDepartureEvent, vehicle_id: 1, road_id: 1000000000000001883, offset: 0.000000 id: 1285
Simulator::runFor: now_ = 3087.64 target = 3090
[progress] simulator time = 3090 / 3600
processing event: VehicleArriveIntersectionEvent, vehicle_id: 10, road_id: 1000000000000001387 id: 1273 at time: 3093.71
Processed event: VehicleArriveIntersectionEvent, vehicle_id: 10, road_id: 1000000000000001387 id: 1273
Simulator::runFor: now_ = 3093.71 target = 3100
[progress] simulator time = 3100 / 3600
processing event: VehicleArriveIntersectionEvent, vehicle_id: 9, road_id: 1000000000000001102 id: 1278 at time: 3101.52
Processed event: VehicleArriveIntersectionEvent, vehicle_id: 9, road_id: 1000000000000001102 id: 1278
Event is not valid: VehicleArriveIntersectionEvent, vehicle_id: 7, road_id: 1000000000000000096 id: 1239 at time: 3102.23
processing event: VehicleArriveIntersectionEvent, vehicle_id: 7, road_id: 1000000000000000096 id: 1241 at time: 3102.23
Processed event: VehicleArriveIntersectionEvent, vehicle_id: 7, road_id: 1000000000000000096 id: 1241
processing event: VehicleCheckPointEvent, vehicle_id: 2 id: 1290 at time: 3102.69
Processed event: VehicleCheckPointEvent, vehicle_id: 2 id: 1290
processing event: VehicleQueuedEvent, vehicle_id: 2, front_queued_vehicle_id: 7 id: 1291 at time: 3102.69
Processed event: VehicleQueuedEvent, vehicle_id: 2, front_queued_vehicle_id: 7 id: 1291
processing event: VehicleEnterNewRoadEvent, vehicle_id: 9, road_id: 1000000000000001385 id: 1288 at time: 3103.32
Processed event: VehicleEnterNewRoadEvent, vehicle_id: 9, road_id: 1000000000000001385 id: 1288
processing event: VehicleDepartureEvent, vehicle_id: 9, road_id: 1000000000000001385, offset: 0.000000 id: 1292 at time: 3103.32
Processed event: VehicleDepartureEvent, vehicle_id: 9, road_id: 1000000000000001385, offset: 0.000000 id: 1292
processing event: PassengerRouteStartEvent, passenger_id: 32, route_id: 1 id: 31 at time: 3104
Processed event: PassengerRouteStartEvent, passenger_id: 32, route_id: 1 id: 31
processing event: OrderCreatedEvent, order_id: 32, available_pickups: 71 , available_dropoffs: 2 81 , passenger_id: 32, route_id: 1, passenger_num: 0 id: 1294 at time: 3104
Processed event: OrderCreatedEvent, order_id: 32, available_pickups: 71 , available_dropoffs: 2 81 , passenger_id: 32, route_id: 1, passenger_num: 2 id: 1294
processing event: VehicleArriveIntersectionEvent, vehicle_id: 5, road_id: 1000000000000001074 id: 1283 at time: 3105.11
Processed event: VehicleArriveIntersectionEvent, vehicle_id: 5, road_id: 1000000000000001074 id: 1283
processing event: VehicleEnterNewRoadEvent, vehicle_id: 5, road_id: 1000000000000001075 id: 1295 at time: 3106.11
Processed event: VehicleEnterNewRoadEvent, vehicle_id: 5, road_id: 1000000000000001075 id: 1295
processing event: VehicleDepartureEvent, vehicle_id: 5, road_id: 1000000000000001075, offset: 0.000000 id: 1296 at time: 3106.11
Processed event: VehicleDepartureEvent, vehicle_id: 5, road_id: 1000000000000001075, offset: 0.000000 id: 1296
Simulator::runFor: now_ = 3106.11 target = 3110
[progress] simulator time = 3110 / 3600
processing event: OrderMatchedEvent, order_id: 32, vehicle_id: 4 id: 1298 at time: 3110
Processed event: OrderMatchedEvent, order_id: 32, vehicle_id: 4 id: 1298
processing event: PassengerArrivalEvent, passenger_id: 32 id: 1299 at time: 3110
Processed event: PassengerArrivalEvent, passenger_id: 32 id: 1299
processing event: VehicleEnterNewRoadEvent, vehicle_id: 4, road_id: 1000000000000001076 id: 1275 at time: 3113.8
Processed event: VehicleEnterNewRoadEvent, vehicle_id: 4, road_id: 1000000000000001076 id: 1275
processing event: VehicleDepartureEvent, vehicle_id: 4, road_id: 1000000000000001076, offset: 0.000000 id: 1301 at time: 3113.8
Processed event: VehicleDepartureEvent, vehicle_id: 4, road_id: 1000000000000001076, offset: 0.000000 id: 1301
processing event: VehicleArriveIntersectionEvent, vehicle_id: 9, road_id: 1000000000000001385 id: 1293 at time: 3117
Processed event: VehicleArriveIntersectionEvent, vehicle_id: 9, road_id: 1000000000000001385 id: 1293
processing event: VehicleEnterNewRoadEvent, vehicle_id: 9, road_id: 1000000000000001386 id: 1303 at time: 3118.8
Processed event: VehicleEnterNewRoadEvent, vehicle_id: 9, road_id: 1000000000000001386 id: 1303
processing event: VehicleDepartureEvent, vehicle_id: 9, road_id: 1000000000000001386, offset: 0.000000 id: 1304 at time: 3118.8
Processed event: VehicleDepartureEvent, vehicle_id: 9, road_id: 1000000000000001386, offset: 0.000000 id: 1304
Simulator::runFor: now_ = 3118.8 target = 3120
[progress] simulator time = 3120 / 3600
processing event: PassengerRouteStartEvent, passenger_id: 33, route_id: 1 id: 32 at time: 3122
Processed event: PassengerRouteStartEvent, passenger_id: 33, route_id: 1 id: 32
processing event: OrderCreatedEvent, order_id: 33, available_pickups: 68 , available_dropoffs: 15 , passenger_id: 33, route_id: 1, passenger_num: 0 id: 1306 at time: 3122
Processed event: OrderCreatedEvent, order_id: 33, available_pickups: 68 , available_dropoffs: 15 , passenger_id: 33, route_id: 1, passenger_num: 2 id: 1306
processing event: VehicleArriveIntersectionEvent, vehicle_id: 1, road_id: 1000000000000001883 id: 1286 at time: 3122.92
Processed event: VehicleArriveIntersectionEvent, vehicle_id: 1, road_id: 1000000000000001883 id: 1286
processing event: VehicleArriveIntersectionEvent, vehicle_id: 9, road_id: 1000000000000001386 id: 1305 at time: 3127.08
Processed event: VehicleArriveIntersectionEvent, vehicle_id: 9, road_id: 1000000000000001386 id: 1305
processing event: VehicleEnterNewRoadEvent, vehicle_id: 3, road_id: 1000000000000001807 id: 1284 at time: 3128.11
Processed event: VehicleEnterNewRoadEvent, vehicle_id: 3, road_id: 1000000000000001807 id: 1284
processing event: VehicleDepartureEvent, vehicle_id: 3, road_id: 1000000000000001807, offset: 0.000000 id: 1309 at time: 3128.11
Processed event: VehicleDepartureEvent, vehicle_id: 3, road_id: 1000000000000001807, offset: 0.000000 id: 1309
Simulator::runFor: now_ = 3128.11 target = 3130
[progress] simulator time = 3130 / 3600
processing event: OrderMatchedEvent, order_id: 33, vehicle_id: 10 id: 1311 at time: 3130
Processed event: OrderMatchedEvent, order_id: 33, vehicle_id: 10 id: 1311
processing event: PassengerArrivalEvent, passenger_id: 33 id: 1312 at time: 3130
Processed event: PassengerArrivalEvent, passenger_id: 33 id: 1312
processing event: VehicleEnterNewRoadEvent, vehicle_id: 10, road_id: 1000000000000001073 id: 1287 at time: 3135.91
Processed event: VehicleEnterNewRoadEvent, vehicle_id: 10, road_id: 1000000000000001073 id: 1287
processing event: VehicleDepartureEvent, vehicle_id: 10, road_id: 1000000000000001073, offset: 0.000000 id: 1313 at time: 3135.91
Processed event: VehicleDepartureEvent, vehicle_id: 10, road_id: 1000000000000001073, offset: 0.000000 id: 1313
processing event: VehicleEnterNewRoadEvent, vehicle_id: 9, road_id: 1000000000000001387 id: 1308 at time: 3136.8
Processed event: VehicleEnterNewRoadEvent, vehicle_id: 9, road_id: 1000000000000001387 id: 1308
processing event: VehicleDepartureEvent, vehicle_id: 9, road_id: 1000000000000001387, offset: 0.000000 id: 1315 at time: 3136.8
Processed event: VehicleDepartureEvent, vehicle_id: 9, road_id: 1000000000000001387, offset: 0.000000 id: 1315
Simulator::runFor: now_ = 3136.8 target = 3140
[progress] simulator time = 3140 / 3600
Simulator::runFor: now_ = 3140 target = 3150
[progress] simulator time = 3150 / 3600
processing event: VehicleEnterNewRoadEvent, vehicle_id: 1, road_id: 1000000000000000938 id: 1307 at time: 3151.07
Processed event: VehicleEnterNewRoadEvent, vehicle_id: 1, road_id: 1000000000000000938 id: 1307
processing event: VehicleDepartureEvent, vehicle_id: 1, road_id: 1000000000000000938, offset: 0.000000 id: 1317 at time: 3151.07
Processed event: VehicleDepartureEvent, vehicle_id: 1, road_id: 1000000000000000938, offset: 0.000000 id: 1317
Simulator::runFor: now_ = 3151.07 target = 3160
[progress] simulator time = 3160 / 3600
Event is not valid: VehicleCheckPointEvent, vehicle_id: 5 id: 1297 at time: 3161.01
processing event: VehicleArriveIntersectionEvent, vehicle_id: 5, road_id: 1000000000000001075 id: 1300 at time: 3161.55
Processed event: VehicleArriveIntersectionEvent, vehicle_id: 5, road_id: 1000000000000001075 id: 1300
processing event: VehicleArriveIntersectionEvent, vehicle_id: 6, road_id: 1000000000000000095 id: 1281 at time: 3163.07
Processed event: VehicleArriveIntersectionEvent, vehicle_id: 6, road_id: 1000000000000000095 id: 1281
processing event: VehicleEnterNewRoadEvent, vehicle_id: 5, road_id: 1000000000000001076 id: 1319 at time: 3163.35
Processed event: VehicleEnterNewRoadEvent, vehicle_id: 5, road_id: 1000000000000001076 id: 1319
processing event: VehicleDepartureEvent, vehicle_id: 5, road_id: 1000000000000001076, offset: 0.000000 id: 1321 at time: 3163.35
Processed event: VehicleDepartureEvent, vehicle_id: 5, road_id: 1000000000000001076, offset: 0.000000 id: 1321
Simulator::runFor: now_ = 3163.35 target = 3170
[progress] simulator time = 3170 / 3600
processing event: PassengerRouteStartEvent, passenger_id: 34, route_id: 1 id: 33 at time: 3180
Processed event: PassengerRouteStartEvent, passenger_id: 34, route_id: 1 id: 33
processing event: OrderCreatedEvent, order_id: 34, available_pickups: 47 , available_dropoffs: 68 , passenger_id: 34, route_id: 1, passenger_num: 0 id: 1323 at time: 3180
Processed event: OrderCreatedEvent, order_id: 34, available_pickups: 47 , available_dropoffs: 68 , passenger_id: 34, route_id: 1, passenger_num: 1 id: 1323
Simulator::runFor: now_ = 3180 target = 3180
[progress] simulator time = 3180 / 3600
processing event: OrderMatchedEvent, order_id: 34, vehicle_id: 6 id: 1324 at time: 3180
Processed event: OrderMatchedEvent, order_id: 34, vehicle_id: 6 id: 1324
processing event: PassengerArrivalEvent, passenger_id: 34 id: 1325 at time: 3180
Processed event: PassengerArrivalEvent, passenger_id: 34 id: 1325
processing event: VehicleEnterNewRoadEvent, vehicle_id: 7, road_id: 1000000000000001034 id: 1289 at time: 3184.56
Processed event: VehicleEnterNewRoadEvent, vehicle_id: 7, road_id: 1000000000000001034 id: 1289
processing event: VehicleDepartureEvent, vehicle_id: 7, road_id: 1000000000000001034, offset: 0.000000 id: 1327 at time: 3184.56
Processed event: VehicleDepartureEvent, vehicle_id: 7, road_id: 1000000000000001034, offset: 0.000000 id: 1327
processing event: VehicleArriveIntersectionEvent, vehicle_id: 2, road_id: 1000000000000000096 id: 1326 at time: 3185.1
Processed event: VehicleArriveIntersectionEvent, vehicle_id: 2, road_id: 1000000000000000096 id: 1326
processing event: VehicleEnterNewRoadEvent, vehicle_id: 6, road_id: 1000000000000000096 id: 1320 at time: 3185.92
Processed event: VehicleEnterNewRoadEvent, vehicle_id: 6, road_id: 1000000000000000096 id: 1320
processing event: VehicleDepartureEvent, vehicle_id: 6, road_id: 1000000000000000096, offset: 0.000000 id: 1330 at time: 3185.92
Processed event: VehicleDepartureEvent, vehicle_id: 6, road_id: 1000000000000000096, offset: 0.000000 id: 1330
processing event: VehicleArriveIntersectionEvent, vehicle_id: 1, road_id: 1000000000000000938 id: 1318 at time: 3188.15
Processed event: VehicleArriveIntersectionEvent, vehicle_id: 1, road_id: 1000000000000000938 id: 1318
Simulator::runFor: now_ = 3188.15 target = 3190
[progress] simulator time = 3190 / 3600
processing event: VehicleEnterNewRoadEvent, vehicle_id: 2, road_id: 1000000000000001034 id: 1329 at time: 3192.29
Processed event: VehicleEnterNewRoadEvent, vehicle_id: 2, road_id: 1000000000000001034 id: 1329
processing event: VehicleDepartureEvent, vehicle_id: 2, road_id: 1000000000000001034, offset: 0.000000 id: 1333 at time: 3192.29
Processed event: VehicleDepartureEvent, vehicle_id: 2, road_id: 1000000000000001034, offset: 0.000000 id: 1333
processing event: VehicleArriveIntersectionEvent, vehicle_id: 9, road_id: 1000000000000001387 id: 1316 at time: 3193.51
Processed event: VehicleArriveIntersectionEvent, vehicle_id: 9, road_id: 1000000000000001387 id: 1316
Event is not valid: VehicleArriveIntersectionEvent, vehicle_id: 7, road_id: 1000000000000001034 id: 1328 at time: 3197.35
processing event: VehicleArriveIntersectionEvent, vehicle_id: 7, road_id: 1000000000000001034 id: 1334 at time: 3197.35
Processed event: VehicleArriveIntersectionEvent, vehicle_id: 7, road_id: 1000000000000001034 id: 1334
processing event: VehicleEnterNewRoadEvent, vehicle_id: 7, road_id: 1000000000000001035 id: 1336 at time: 3199.15
Processed event: VehicleEnterNewRoadEvent, vehicle_id: 7, road_id: 1000000000000001035 id: 1336
processing event: VehicleDepartureEvent, vehicle_id: 7, road_id: 1000000000000001035, offset: 0.000000 id: 1339 at time: 3199.15
Processed event: VehicleDepartureEvent, vehicle_id: 7, road_id: 1000000000000001035, offset: 0.000000 id: 1339
Simulator::runFor: now_ = 3199.15 target = 3200
[progress] simulator time = 3200 / 3600
processing event: VehicleArriveIntersectionEvent, vehicle_id: 3, road_id: 1000000000000001807 id: 1310 at time: 3203.17
Processed event: VehicleArriveIntersectionEvent, vehicle_id: 3, road_id: 1000000000000001807 id: 1310
processing event: VehicleEnterNewRoadEvent, vehicle_id: 1, road_id: 1000000000000000275 id: 1332 at time: 3203.8
Processed event: VehicleEnterNewRoadEvent, vehicle_id: 1, road_id: 1000000000000000275 id: 1332
processing event: VehicleDepartureEvent, vehicle_id: 1, road_id: 1000000000000000275, offset: 0.000000 id: 1342 at time: 3203.8
Processed event: VehicleDepartureEvent, vehicle_id: 1, road_id: 1000000000000000275, offset: 0.000000 id: 1342
Event is not valid: VehicleCheckPointEvent, vehicle_id: 2 id: 1337 at time: 3204.53
processing event: VehicleArriveIntersectionEvent, vehicle_id: 2, road_id: 1000000000000001034 id: 1338 at time: 3205.07
Processed event: VehicleArriveIntersectionEvent, vehicle_id: 2, road_id: 1000000000000001034 id: 1338
processing event: VehicleArriveIntersectionEvent, vehicle_id: 10, road_id: 1000000000000001073 id: 1314 at time: 3208.1
Processed event: VehicleArriveIntersectionEvent, vehicle_id: 10, road_id: 1000000000000001073 id: 1314
processing event: VehicleEnterNewRoadEvent, vehicle_id: 10, road_id: 1000000000000001074 id: 1345 at time: 3209.9
Processed event: VehicleEnterNewRoadEvent, vehicle_id: 10, road_id: 1000000000000001074 id: 1345
processing event: VehicleDepartureEvent, vehicle_id: 10, road_id: 1000000000000001074, offset: 0.000000 id: 1346 at time: 3209.9
Processed event: VehicleDepartureEvent, vehicle_id: 10, road_id: 1000000000000001074, offset: 0.000000 id: 1346
Simulator::runFor: now_ = 3209.9 target = 3210
[progress] simulator time = 3210 / 3600
processing event: VehicleArriveIntersectionEvent, vehicle_id: 4, road_id: 1000000000000001076 id: 1302 at time: 3212.09
Processed event: VehicleArriveIntersectionEvent, vehicle_id: 4, road_id: 1000000000000001076 id: 1302
processing event: VehicleEnterNewRoadEvent, vehicle_id: 2, road_id: 1000000000000001035 id: 1344 at time: 3217.8
Processed event: VehicleEnterNewRoadEvent, vehicle_id: 2, road_id: 1000000000000001035 id: 1344
processing event: VehicleDepartureEvent, vehicle_id: 2, road_id: 1000000000000001035, offset: 0.000000 id: 1349 at time: 3217.8
Processed event: VehicleDepartureEvent, vehicle_id: 2, road_id: 1000000000000001035, offset: 0.000000 id: 1349
Simulator::runFor: now_ = 3217.8 target = 3220
[progress] simulator time = 3220 / 3600
processing event: VehicleEnterNewRoadEvent, vehicle_id: 3, road_id: 1000000000000001806 id: 1341 at time: 3227.06
Processed event: VehicleEnterNewRoadEvent, vehicle_id: 3, road_id: 1000000000000001806 id: 1341
processing event: VehicleDepartureEvent, vehicle_id: 3, road_id: 1000000000000001806, offset: 0.000000 id: 1351 at time: 3227.06
Processed event: VehicleDepartureEvent, vehicle_id: 3, road_id: 1000000000000001806, offset: 0.000000 id: 1351
Simulator::runFor: now_ = 3227.06 target = 3230
[progress] simulator time = 3230 / 3600
processing event: VehicleEnterNewRoadEvent, vehicle_id: 4, road_id: 1000000000000001009 id: 1348 at time: 3234.76
Processed event: VehicleEnterNewRoadEvent, vehicle_id: 4, road_id: 1000000000000001009 id: 1348
processing event: VehicleDepartureEvent, vehicle_id: 4, road_id: 1000000000000001009, offset: 0.000000 id: 1353 at time: 3234.76
Processed event: VehicleDepartureEvent, vehicle_id: 4, road_id: 1000000000000001009, offset: 0.000000 id: 1353
Simulator::runFor: now_ = 3234.76 target = 3240
[progress] simulator time = 3240 / 3600
processing event: VehicleArriveIntersectionEvent, vehicle_id: 10, road_id: 1000000000000001074 id: 1347 at time: 3240.32
Processed event: VehicleArriveIntersectionEvent, vehicle_id: 10, road_id: 1000000000000001074 id: 1347
Event is not valid: VehicleArriveIntersectionEvent, vehicle_id: 7, road_id: 1000000000000001035 id: 1340 at time: 3240.55
processing event: VehicleArriveIntersectionEvent, vehicle_id: 7, road_id: 1000000000000001035 id: 1350 at time: 3240.55
Processed event: VehicleArriveIntersectionEvent, vehicle_id: 7, road_id: 1000000000000001035 id: 1350
Simulator::runFor: now_ = 3240.55 target = 3250
[progress] simulator time = 3250 / 3600
processing event: VehicleCheckPointEvent, vehicle_id: 2 id: 1357 at time: 3258.66
Processed event: VehicleCheckPointEvent, vehicle_id: 2 id: 1357
processing event: VehicleQueuedEvent, vehicle_id: 2, front_queued_vehicle_id: 7 id: 1358 at time: 3258.66
Processed event: VehicleQueuedEvent, vehicle_id: 2, front_queued_vehicle_id: 7 id: 1358
Simulator::runFor: now_ = 3258.66 target = 3260
[progress] simulator time = 3260 / 3600
processing event: VehicleArriveIntersectionEvent, vehicle_id: 5, road_id: 1000000000000001076 id: 1322 at time: 3261.64
Processed event: VehicleArriveIntersectionEvent, vehicle_id: 5, road_id: 1000000000000001076 id: 1322
processing event: VehicleEnterNewRoadEvent, vehicle_id: 5, road_id: 1000000000000001077 id: 1359 at time: 3263.44
Processed event: VehicleEnterNewRoadEvent, vehicle_id: 5, road_id: 1000000000000001077 id: 1359
processing event: VehicleDepartureEvent, vehicle_id: 5, road_id: 1000000000000001077, offset: 0.000000 id: 1360 at time: 3263.44
Processed event: VehicleDepartureEvent, vehicle_id: 5, road_id: 1000000000000001077, offset: 0.000000 id: 1360
processing event: PassengerRouteStartEvent, passenger_id: 35, route_id: 1 id: 34 at time: 3267
Processed event: PassengerRouteStartEvent, passenger_id: 35, route_id: 1 id: 34
processing event: OrderCreatedEvent, order_id: 35, available_pickups: 15 , available_dropoffs: 68 , passenger_id: 35, route_id: 1, passenger_num: 0 id: 1362 at time: 3267
Processed event: OrderCreatedEvent, order_id: 35, available_pickups: 15 , available_dropoffs: 68 , passenger_id: 35, route_id: 1, passenger_num: 1 id: 1362
Simulator::runFor: now_ = 3267 target = 3270
[progress] simulator time = 3270 / 3600
processing event: OrderMatchedEvent, order_id: 35, vehicle_id: 2 id: 1363 at time: 3270
Processed event: OrderMatchedEvent, order_id: 35, vehicle_id: 2 id: 1363
processing event: PassengerArrivalEvent, passenger_id: 35 id: 1364 at time: 3270
Processed event: PassengerArrivalEvent, passenger_id: 35 id: 1364
processing event: BusArrivalEvent, vehicle_id: 5, stop_id: 71 id: 1361 at time: 3274
Processed event: BusArrivalEvent, vehicle_id: 5, stop_id: 71 id: 1361
processing event: PassengerRouteEndEvent, passenger_id: 5, route_id: 1 id: 1365 at time: 3274
Passenger 5 finished all routes
Processed event: PassengerRouteEndEvent, passenger_id: 5, route_id: 1 id: 1365
processing event: PassengerDropoffEvent, passenger_id: 5 id: 1367 at time: 3274
Processed event: PassengerDropoffEvent, passenger_id: 5 id: 1367
processing event: OrderFinishedEvent, order_id: 5 id: 1368 at time: 3274
Processed event: OrderFinishedEvent, order_id: 5 id: 1368
processing event: VehicleDepartureEvent, vehicle_id: 5, road_id: 1000000000000001077, offset: 58.620000 id: 1366 at time: 3279
Processed event: VehicleDepartureEvent, vehicle_id: 5, road_id: 1000000000000001077, offset: 58.620000 id: 1366
Simulator::runFor: now_ = 3279 target = 3280
[progress] simulator time = 3280 / 3600
processing event: VehicleEnterNewRoadEvent, vehicle_id: 9, road_id: 1000000000000001073 id: 1335 at time: 3280.34
Processed event: VehicleEnterNewRoadEvent, vehicle_id: 9, road_id: 1000000000000001073 id: 1335
processing event: VehicleDepartureEvent, vehicle_id: 9, road_id: 1000000000000001073, offset: 0.000000 id: 1370 at time: 3280.34
Processed event: VehicleDepartureEvent, vehicle_id: 9, road_id: 1000000000000001073, offset: 0.000000 id: 1370
processing event: VehicleEnterNewRoadEvent, vehicle_id: 7, road_id: 1000000000000001036 id: 1356 at time: 3281.46
Processed event: VehicleEnterNewRoadEvent, vehicle_id: 7, road_id: 1000000000000001036 id: 1356
processing event: VehicleDepartureEvent, vehicle_id: 7, road_id: 1000000000000001036, offset: 0.000000 id: 1373 at time: 3281.46
Processed event: VehicleDepartureEvent, vehicle_id: 7, road_id: 1000000000000001036, offset: 0.000000 id: 1373
processing event: VehicleArriveIntersectionEvent, vehicle_id: 2, road_id: 1000000000000001035 id: 1372 at time: 3282
Processed event: VehicleArriveIntersectionEvent, vehicle_id: 2, road_id: 1000000000000001035 id: 1372
processing event: VehicleEnterNewRoadEvent, vehicle_id: 2, road_id: 1000000000000001036 id: 1375 at time: 3283
Processed event: VehicleEnterNewRoadEvent, vehicle_id: 2, road_id: 1000000000000001036 id: 1375
processing event: VehicleDepartureEvent, vehicle_id: 2, road_id: 1000000000000001036, offset: 0.000000 id: 1376 at time: 3283
Processed event: VehicleDepartureEvent, vehicle_id: 2, road_id: 1000000000000001036, offset: 0.000000 id: 1376
Simulator::runFor: now_ = 3283 target = 3290
[progress] simulator time = 3290 / 3600
processing event: VehicleArriveIntersectionEvent, vehicle_id: 4, road_id: 1000000000000001009 id: 1354 at time: 3292.73
Processed event: VehicleArriveIntersectionEvent, vehicle_id: 4, road_id: 1000000000000001009 id: 1354
Simulator::runFor: now_ = 3292.73 target = 3300
[progress] simulator time = 3300 / 3600
processing event: VehicleArriveIntersectionEvent, vehicle_id: 3, road_id: 1000000000000001806 id: 1352 at time: 3301.76
Processed event: VehicleArriveIntersectionEvent, vehicle_id: 3, road_id: 1000000000000001806 id: 1352
processing event: VehicleArriveIntersectionEvent, vehicle_id: 5, road_id: 1000000000000001077 id: 1369 at time: 3303.73
Processed event: VehicleArriveIntersectionEvent, vehicle_id: 5, road_id: 1000000000000001077 id: 1369
processing event: VehicleEnterNewRoadEvent, vehicle_id: 10, road_id: 1000000000000001075 id: 1355 at time: 3303.81
Processed event: VehicleEnterNewRoadEvent, vehicle_id: 10, road_id: 1000000000000001075 id: 1355
processing event: VehicleDepartureEvent, vehicle_id: 10, road_id: 1000000000000001075, offset: 0.000000 id: 1381 at time: 3303.81
Processed event: VehicleDepartureEvent, vehicle_id: 10, road_id: 1000000000000001075, offset: 0.000000 id: 1381
Simulator::runFor: now_ = 3303.81 target = 3310
[progress] simulator time = 3310 / 3600
processing event: PassengerRouteStartEvent, passenger_id: 36, route_id: 1 id: 35 at time: 3318
Processed event: PassengerRouteStartEvent, passenger_id: 36, route_id: 1 id: 35
processing event: OrderCreatedEvent, order_id: 36, available_pickups: 41 , available_dropoffs: 68 , passenger_id: 36, route_id: 1, passenger_num: 0 id: 1383 at time: 3318
Processed event: OrderCreatedEvent, order_id: 36, available_pickups: 41 , available_dropoffs: 68 , passenger_id: 36, route_id: 1, passenger_num: 2 id: 1383
Simulator::runFor: now_ = 3318 target = 3320
[progress] simulator time = 3320 / 3600
processing event: OrderMatchedEvent, order_id: 36, vehicle_id: 9 id: 1384 at time: 3320
Processed event: OrderMatchedEvent, order_id: 36, vehicle_id: 9 id: 1384
processing event: PassengerArrivalEvent, passenger_id: 36 id: 1386 at time: 3320
Processed event: PassengerArrivalEvent, passenger_id: 36 id: 1386
Simulator::runFor: now_ = 3320 target = 3330
[progress] simulator time = 3330 / 3600
Simulator::runFor: now_ = 3330 target = 3340
[progress] simulator time = 3340 / 3600
processing event: VehicleEnterNewRoadEvent, vehicle_id: 4, road_id: 1000000000000000788 id: 1378 at time: 3340.46
Processed event: VehicleEnterNewRoadEvent, vehicle_id: 4, road_id: 1000000000000000788 id: 1378
processing event: VehicleDepartureEvent, vehicle_id: 4, road_id: 1000000000000000788, offset: 0.000000 id: 1387 at time: 3340.46
Processed event: VehicleDepartureEvent, vehicle_id: 4, road_id: 1000000000000000788, offset: 0.000000 id: 1387
processing event: VehicleEnterNewRoadEvent, vehicle_id: 3, road_id: 1000000000000001872 id: 1379 at time: 3343.58
Processed event: VehicleEnterNewRoadEvent, vehicle_id: 3, road_id: 1000000000000001872 id: 1379
processing event: VehicleDepartureEvent, vehicle_id: 3, road_id: 1000000000000001872, offset: 0.000000 id: 1389 at time: 3343.58
Processed event: VehicleDepartureEvent, vehicle_id: 3, road_id: 1000000000000001872, offset: 0.000000 id: 1389
processing event: VehicleArriveIntersectionEvent, vehicle_id: 6, road_id: 1000000000000000096 id: 1331 at time: 3344.15
Processed event: VehicleArriveIntersectionEvent, vehicle_id: 6, road_id: 1000000000000000096 id: 1331
Simulator::runFor: now_ = 3344.15 target = 3350
[progress] simulator time = 3350 / 3600
processing event: VehicleEnterNewRoadEvent, vehicle_id: 6, road_id: 1000000000000001379 id: 1391 at time: 3351.34
Processed event: VehicleEnterNewRoadEvent, vehicle_id: 6, road_id: 1000000000000001379 id: 1391
processing event: VehicleDepartureEvent, vehicle_id: 6, road_id: 1000000000000001379, offset: 0.000000 id: 1392 at time: 3351.34
Processed event: VehicleDepartureEvent, vehicle_id: 6, road_id: 1000000000000001379, offset: 0.000000 id: 1392
Event is not valid: VehicleArriveIntersectionEvent, vehicle_id: 9, road_id: 1000000000000001073 id: 1371 at time: 3352.53
processing event: VehicleArriveIntersectionEvent, vehicle_id: 9, road_id: 1000000000000001073 id: 1385 at time: 3352.53
Processed event: VehicleArriveIntersectionEvent, vehicle_id: 9, road_id: 1000000000000001073 id: 1385
processing event: VehicleArriveIntersectionEvent, vehicle_id: 1, road_id: 1000000000000000275 id: 1343 at time: 3355.2
Processed event: VehicleArriveIntersectionEvent, vehicle_id: 1, road_id: 1000000000000000275 id: 1343
processing event: VehicleArriveIntersectionEvent, vehicle_id: 10, road_id: 1000000000000001075 id: 1382 at time: 3359.25
Processed event: VehicleArriveIntersectionEvent, vehicle_id: 10, road_id: 1000000000000001075 id: 1382
Simulator::runFor: now_ = 3359.25 target = 3360
[progress] simulator time = 3360 / 3600
processing event: VehicleEnterNewRoadEvent, vehicle_id: 5, road_id: 1000000000000000094 id: 1380 at time: 3360.35
Processed event: VehicleEnterNewRoadEvent, vehicle_id: 5, road_id: 1000000000000000094 id: 1380
processing event: VehicleDepartureEvent, vehicle_id: 5, road_id: 1000000000000000094, offset: 0.000000 id: 1397 at time: 3360.35
Processed event: VehicleDepartureEvent, vehicle_id: 5, road_id: 1000000000000000094, offset: 0.000000 id: 1397
processing event: VehicleEnterNewRoadEvent, vehicle_id: 10, road_id: 1000000000000001076 id: 1396 at time: 3361.05
Processed event: VehicleEnterNewRoadEvent, vehicle_id: 10, road_id: 1000000000000001076 id: 1396
processing event: VehicleDepartureEvent, vehicle_id: 10, road_id: 1000000000000001076, offset: 0.000000 id: 1399 at time: 3361.05
Processed event: VehicleDepartureEvent, vehicle_id: 10, road_id: 1000000000000001076, offset: 0.000000 id: 1399
processing event: VehicleEnterNewRoadEvent, vehicle_id: 1, road_id: 1000000000000000294 id: 1395 at time: 3366.65
Processed event: VehicleEnterNewRoadEvent, vehicle_id: 1, road_id: 1000000000000000294 id: 1395
processing event: VehicleDepartureEvent, vehicle_id: 1, road_id: 1000000000000000294, offset: 0.000000 id: 1401 at time: 3366.65
Processed event: VehicleDepartureEvent, vehicle_id: 1, road_id: 1000000000000000294, offset: 0.000000 id: 1401
Simulator::runFor: now_ = 3366.65 target = 3370
[progress] simulator time = 3370 / 3600
Simulator::runFor: now_ = 3370 target = 3380
[progress] simulator time = 3380 / 3600
processing event: VehicleArriveIntersectionEvent, vehicle_id: 4, road_id: 1000000000000000788 id: 1388 at time: 3384.21
Processed event: VehicleArriveIntersectionEvent, vehicle_id: 4, road_id: 1000000000000000788 id: 1388
Simulator::runFor: now_ = 3384.21 target = 3390
[progress] simulator time = 3390 / 3600
processing event: VehicleEnterNewRoadEvent, vehicle_id: 9, road_id: 1000000000000001074 id: 1394 at time: 3392.57
Processed event: VehicleEnterNewRoadEvent, vehicle_id: 9, road_id: 1000000000000001074 id: 1394
processing event: VehicleDepartureEvent, vehicle_id: 9, road_id: 1000000000000001074, offset: 0.000000 id: 1404 at time: 3392.57
Processed event: VehicleDepartureEvent, vehicle_id: 9, road_id: 1000000000000001074, offset: 0.000000 id: 1404
Event is not valid: VehicleArriveIntersectionEvent, vehicle_id: 7, road_id: 1000000000000001036 id: 1374 at time: 3399.19
processing event: VehicleArriveIntersectionEvent, vehicle_id: 7, road_id: 1000000000000001036 id: 1377 at time: 3399.19
Processed event: VehicleArriveIntersectionEvent, vehicle_id: 7, road_id: 1000000000000001036 id: 1377
Simulator::runFor: now_ = 3399.19 target = 3400
[progress] simulator time = 3400 / 3600
processing event: VehicleCheckPointEvent, vehicle_id: 2 id: 1407 at time: 3400.19
Processed event: VehicleCheckPointEvent, vehicle_id: 2 id: 1407
processing event: VehicleQueuedEvent, vehicle_id: 2, front_queued_vehicle_id: 7 id: 1408 at time: 3400.19
Processed event: VehicleQueuedEvent, vehicle_id: 2, front_queued_vehicle_id: 7 id: 1408
processing event: VehicleEnterNewRoadEvent, vehicle_id: 7, road_id: 1000000000000001038 id: 1406 at time: 3402.25
Processed event: VehicleEnterNewRoadEvent, vehicle_id: 7, road_id: 1000000000000001038 id: 1406
processing event: VehicleDepartureEvent, vehicle_id: 7, road_id: 1000000000000001038, offset: 0.000000 id: 1410 at time: 3402.25
Processed event: VehicleDepartureEvent, vehicle_id: 7, road_id: 1000000000000001038, offset: 0.000000 id: 1410
processing event: VehicleArriveIntersectionEvent, vehicle_id: 5, road_id: 1000000000000000094 id: 1398 at time: 3402.47
Processed event: VehicleArriveIntersectionEvent, vehicle_id: 5, road_id: 1000000000000000094 id: 1398
processing event: VehicleArriveIntersectionEvent, vehicle_id: 2, road_id: 1000000000000001036 id: 1409 at time: 3402.79
Processed event: VehicleArriveIntersectionEvent, vehicle_id: 2, road_id: 1000000000000001036 id: 1409
processing event: VehicleEnterNewRoadEvent, vehicle_id: 2, road_id: 1000000000000001038 id: 1413 at time: 3405.84
Processed event: VehicleEnterNewRoadEvent, vehicle_id: 2, road_id: 1000000000000001038 id: 1413
processing event: VehicleDepartureEvent, vehicle_id: 2, road_id: 1000000000000001038, offset: 0.000000 id: 1414 at time: 3405.84
Processed event: VehicleDepartureEvent, vehicle_id: 2, road_id: 1000000000000001038, offset: 0.000000 id: 1414
processing event: VehicleArriveIntersectionEvent, vehicle_id: 6, road_id: 1000000000000001379 id: 1393 at time: 3406.96
Processed event: VehicleArriveIntersectionEvent, vehicle_id: 6, road_id: 1000000000000001379 id: 1393
processing event: VehicleEnterNewRoadEvent, vehicle_id: 6, road_id: 1000000000000001380 id: 1416 at time: 3408.76
Processed event: VehicleEnterNewRoadEvent, vehicle_id: 6, road_id: 1000000000000001380 id: 1416
processing event: VehicleDepartureEvent, vehicle_id: 6, road_id: 1000000000000001380, offset: 0.000000 id: 1417 at time: 3408.76
Processed event: VehicleDepartureEvent, vehicle_id: 6, road_id: 1000000000000001380, offset: 0.000000 id: 1417
Simulator::runFor: now_ = 3408.76 target = 3410
[progress] simulator time = 3410 / 3600
processing event: VehicleArriveIntersectionEvent, vehicle_id: 6, road_id: 1000000000000001380 id: 1418 at time: 3416.32
Processed event: VehicleArriveIntersectionEvent, vehicle_id: 6, road_id: 1000000000000001380 id: 1418
processing event: VehicleEnterNewRoadEvent, vehicle_id: 6, road_id: 1000000000000001381 id: 1419 at time: 3418.12
Processed event: VehicleEnterNewRoadEvent, vehicle_id: 6, road_id: 1000000000000001381 id: 1419
processing event: VehicleDepartureEvent, vehicle_id: 6, road_id: 1000000000000001381, offset: 0.000000 id: 1420 at time: 3418.12
Processed event: VehicleDepartureEvent, vehicle_id: 6, road_id: 1000000000000001381, offset: 0.000000 id: 1420
Simulator::runFor: now_ = 3418.12 target = 3420
[progress] simulator time = 3420 / 3600
processing event: VehicleArriveIntersectionEvent, vehicle_id: 9, road_id: 1000000000000001074 id: 1405 at time: 3422.99
Processed event: VehicleArriveIntersectionEvent, vehicle_id: 9, road_id: 1000000000000001074 id: 1405
processing event: VehicleEnterNewRoadEvent, vehicle_id: 4, road_id: 1000000000000001087 id: 1403 at time: 3423.52
Processed event: VehicleEnterNewRoadEvent, vehicle_id: 4, road_id: 1000000000000001087 id: 1403
processing event: VehicleDepartureEvent, vehicle_id: 4, road_id: 1000000000000001087, offset: 0.000000 id: 1423 at time: 3423.52
Processed event: VehicleDepartureEvent, vehicle_id: 4, road_id: 1000000000000001087, offset: 0.000000 id: 1423
processing event: VehicleEnterNewRoadEvent, vehicle_id: 9, road_id: 1000000000000001075 id: 1422 at time: 3423.99
Processed event: VehicleEnterNewRoadEvent, vehicle_id: 9, road_id: 1000000000000001075 id: 1422
processing event: VehicleDepartureEvent, vehicle_id: 9, road_id: 1000000000000001075, offset: 0.000000 id: 1425 at time: 3423.99
Processed event: VehicleDepartureEvent, vehicle_id: 9, road_id: 1000000000000001075, offset: 0.000000 id: 1425
processing event: VehicleEnterNewRoadEvent, vehicle_id: 5, road_id: 1000000000000000095 id: 1412 at time: 3427.84
Processed event: VehicleEnterNewRoadEvent, vehicle_id: 5, road_id: 1000000000000000095 id: 1412
processing event: VehicleDepartureEvent, vehicle_id: 5, road_id: 1000000000000000095, offset: 0.000000 id: 1427 at time: 3427.84
Processed event: VehicleDepartureEvent, vehicle_id: 5, road_id: 1000000000000000095, offset: 0.000000 id: 1427
Simulator::runFor: now_ = 3427.84 target = 3430
[progress] simulator time = 3430 / 3600
processing event: VehicleArriveIntersectionEvent, vehicle_id: 6, road_id: 1000000000000001381 id: 1421 at time: 3434.86
Processed event: VehicleArriveIntersectionEvent, vehicle_id: 6, road_id: 1000000000000001381 id: 1421
processing event: VehicleEnterNewRoadEvent, vehicle_id: 6, road_id: 1000000000000001103 id: 1429 at time: 3436.66
Processed event: VehicleEnterNewRoadEvent, vehicle_id: 6, road_id: 1000000000000001103 id: 1429
processing event: VehicleDepartureEvent, vehicle_id: 6, road_id: 1000000000000001103, offset: 0.000000 id: 1430 at time: 3436.66
Processed event: VehicleDepartureEvent, vehicle_id: 6, road_id: 1000000000000001103, offset: 0.000000 id: 1430
Simulator::runFor: now_ = 3436.66 target = 3440
[progress] simulator time = 3440 / 3600
processing event: VehicleArriveIntersectionEvent, vehicle_id: 7, road_id: 1000000000000001038 id: 1411 at time: 3445.45
Processed event: VehicleArriveIntersectionEvent, vehicle_id: 7, road_id: 1000000000000001038 id: 1411
processing event: VehicleArriveIntersectionEvent, vehicle_id: 2, road_id: 1000000000000001038 id: 1415 at time: 3449.05
Processed event: VehicleArriveIntersectionEvent, vehicle_id: 2, road_id: 1000000000000001038 id: 1415
Simulator::runFor: now_ = 3449.05 target = 3450
[progress] simulator time = 3450 / 3600
processing event: VehicleArriveIntersectionEvent, vehicle_id: 4, road_id: 1000000000000001087 id: 1424 at time: 3450.71
Processed event: VehicleArriveIntersectionEvent, vehicle_id: 4, road_id: 1000000000000001087 id: 1424
processing event: VehicleArriveIntersectionEvent, vehicle_id: 10, road_id: 1000000000000001076 id: 1400 at time: 3459.34
Processed event: VehicleArriveIntersectionEvent, vehicle_id: 10, road_id: 1000000000000001076 id: 1400
Simulator::runFor: now_ = 3459.34 target = 3460
[progress] simulator time = 3460 / 3600
processing event: VehicleEnterNewRoadEvent, vehicle_id: 4, road_id: 1000000000000000824 id: 1434 at time: 3466.79
Processed event: VehicleEnterNewRoadEvent, vehicle_id: 4, road_id: 1000000000000000824 id: 1434
processing event: VehicleDepartureEvent, vehicle_id: 4, road_id: 1000000000000000824, offset: 0.000000 id: 1436 at time: 3466.79
Processed event: VehicleDepartureEvent, vehicle_id: 4, road_id: 1000000000000000824, offset: 0.000000 id: 1436
Simulator::runFor: now_ = 3466.79 target = 3470
[progress] simulator time = 3470 / 3600
processing event: VehicleEnterNewRoadEvent, vehicle_id: 10, road_id: 1000000000000001009 id: 1435 at time: 3476.68
Processed event: VehicleEnterNewRoadEvent, vehicle_id: 10, road_id: 1000000000000001009 id: 1435
processing event: VehicleDepartureEvent, vehicle_id: 10, road_id: 1000000000000001009, offset: 0.000000 id: 1438 at time: 3476.68
Processed event: VehicleDepartureEvent, vehicle_id: 10, road_id: 1000000000000001009, offset: 0.000000 id: 1438
processing event: PassengerRouteStartEvent, passenger_id: 37, route_id: 1 id: 36 at time: 3478
Processed event: PassengerRouteStartEvent, passenger_id: 37, route_id: 1 id: 36
processing event: OrderCreatedEvent, order_id: 37, available_pickups: 58 83 , available_dropoffs: 68 , passenger_id: 37, route_id: 1, passenger_num: 0 id: 1440 at time: 3478
Processed event: OrderCreatedEvent, order_id: 37, available_pickups: 58 83 , available_dropoffs: 68 , passenger_id: 37, route_id: 1, passenger_num: 2 id: 1440
processing event: VehicleArriveIntersectionEvent, vehicle_id: 6, road_id: 1000000000000001103 id: 1431 at time: 3478.79
Processed event: VehicleArriveIntersectionEvent, vehicle_id: 6, road_id: 1000000000000001103 id: 1431
processing event: VehicleArriveIntersectionEvent, vehicle_id: 9, road_id: 1000000000000001075 id: 1426 at time: 3479.44
Processed event: VehicleArriveIntersectionEvent, vehicle_id: 9, road_id: 1000000000000001075 id: 1426
Simulator::runFor: now_ = 3479.44 target = 3480
[progress] simulator time = 3480 / 3600
processing event: OrderMatchedEvent, order_id: 37, vehicle_id: 1 id: 1443 at time: 3480
Processed event: OrderMatchedEvent, order_id: 37, vehicle_id: 1 id: 1443
processing event: PassengerArrivalEvent, passenger_id: 37 id: 1445 at time: 3480
Processed event: PassengerArrivalEvent, passenger_id: 37 id: 1445
processing event: VehicleEnterNewRoadEvent, vehicle_id: 9, road_id: 1000000000000001076 id: 1442 at time: 3481.24
Processed event: VehicleEnterNewRoadEvent, vehicle_id: 9, road_id: 1000000000000001076 id: 1442
processing event: VehicleDepartureEvent, vehicle_id: 9, road_id: 1000000000000001076, offset: 0.000000 id: 1446 at time: 3481.24
Processed event: VehicleDepartureEvent, vehicle_id: 9, road_id: 1000000000000001076, offset: 0.000000 id: 1446
processing event: BusArrivalEvent, vehicle_id: 4, stop_id: 68 id: 1437 at time: 3482.14
Processed event: BusArrivalEvent, vehicle_id: 4, stop_id: 68 id: 1437
processing event: PassengerOnboardEvent, passenger_id: 21 id: 1448 at time: 3482.14
Processed event: PassengerOnboardEvent, passenger_id: 21 id: 1448
Event is not valid: BusArrivalEvent, vehicle_id: 1, stop_id: 41 id: 1402 at time: 3484.76
processing event: BusArrivalEvent, vehicle_id: 1, stop_id: 41 id: 1444 at time: 3484.76
Processed event: BusArrivalEvent, vehicle_id: 1, stop_id: 41 id: 1444
processing event: PassengerOnboardEvent, passenger_id: 6 id: 1450 at time: 3484.76
Processed event: PassengerOnboardEvent, passenger_id: 6 id: 1450
processing event: VehicleEnterNewRoadEvent, vehicle_id: 7, road_id: 1000000000000001041 id: 1432 at time: 3484.8
Processed event: VehicleEnterNewRoadEvent, vehicle_id: 7, road_id: 1000000000000001041 id: 1432
processing event: VehicleEnterNewRoadEvent, vehicle_id: 2, road_id: 1000000000000001041 id: 1433 at time: 3484.8
Processed event: VehicleEnterNewRoadEvent, vehicle_id: 2, road_id: 1000000000000001041 id: 1433
processing event: VehicleDepartureEvent, vehicle_id: 7, road_id: 1000000000000001041, offset: 0.000000 id: 1452 at time: 3484.8
Processed event: VehicleDepartureEvent, vehicle_id: 7, road_id: 1000000000000001041, offset: 0.000000 id: 1452
processing event: VehicleDepartureEvent, vehicle_id: 2, road_id: 1000000000000001041, offset: 0.000000 id: 1453 at time: 3484.8
Processed event: VehicleDepartureEvent, vehicle_id: 2, road_id: 1000000000000001041, offset: 0.000000 id: 1453
processing event: VehicleDepartureEvent, vehicle_id: 2, road_id: 1000000000000001041, offset: 0.000000 id: 1455 at time: 3485.8
Processed event: VehicleDepartureEvent, vehicle_id: 2, road_id: 1000000000000001041, offset: 0.000000 id: 1455
processing event: VehicleDepartureEvent, vehicle_id: 4, road_id: 1000000000000000824, offset: 85.240000 id: 1449 at time: 3487.14
Processed event: VehicleDepartureEvent, vehicle_id: 4, road_id: 1000000000000000824, offset: 85.240000 id: 1449
processing event: VehicleDepartureEvent, vehicle_id: 1, road_id: 1000000000000000294, offset: 656.100000 id: 1451 at time: 3489.76
Processed event: VehicleDepartureEvent, vehicle_id: 1, road_id: 1000000000000000294, offset: 656.100000 id: 1451
Simulator::runFor: now_ = 3489.76 target = 3490
[progress] simulator time = 3490 / 3600
processing event: VehicleArriveIntersectionEvent, vehicle_id: 4, road_id: 1000000000000000824 id: 1457 at time: 3494.29
Processed event: VehicleArriveIntersectionEvent, vehicle_id: 4, road_id: 1000000000000000824 id: 1457
processing event: PassengerRouteStartEvent, passenger_id: 38, route_id: 1 id: 37 at time: 3498
Processed event: PassengerRouteStartEvent, passenger_id: 38, route_id: 1 id: 37
processing event: OrderCreatedEvent, order_id: 38, available_pickups: 2 81 , available_dropoffs: 68 , passenger_id: 38, route_id: 1, passenger_num: 0 id: 1460 at time: 3498
Processed event: OrderCreatedEvent, order_id: 38, available_pickups: 2 81 , available_dropoffs: 68 , passenger_id: 38, route_id: 1, passenger_num: 2 id: 1460
processing event: VehicleEnterNewRoadEvent, vehicle_id: 4, road_id: 1000000000000001085 id: 1459 at time: 3499.8
Processed event: VehicleEnterNewRoadEvent, vehicle_id: 4, road_id: 1000000000000001085 id: 1459
processing event: VehicleDepartureEvent, vehicle_id: 4, road_id: 1000000000000001085, offset: 0.000000 id: 1461 at time: 3499.8
Processed event: VehicleDepartureEvent, vehicle_id: 4, road_id: 1000000000000001085, offset: 0.000000 id: 1461
Simulator::runFor: now_ = 3499.8 target = 3500
[progress] simulator time = 3500 / 3600
processing event: OrderMatchedEvent, order_id: 38, vehicle_id: 1 id: 1463 at time: 3500
Processed event: OrderMatchedEvent, order_id: 38, vehicle_id: 1 id: 1463
processing event: PassengerArrivalEvent, passenger_id: 38 id: 1465 at time: 3500
Processed event: PassengerArrivalEvent, passenger_id: 38 id: 1465
processing event: VehicleArriveIntersectionEvent, vehicle_id: 3, road_id: 1000000000000001872 id: 1390 at time: 3501.09
Processed event: VehicleArriveIntersectionEvent, vehicle_id: 3, road_id: 1000000000000001872 id: 1390
Event is not valid: VehicleArriveIntersectionEvent, vehicle_id: 7, road_id: 1000000000000001041 id: 1454 at time: 3509.46
processing event: VehicleArriveIntersectionEvent, vehicle_id: 7, road_id: 1000000000000001041 id: 1456 at time: 3509.46
Processed event: VehicleArriveIntersectionEvent, vehicle_id: 7, road_id: 1000000000000001041 id: 1456
processing event: VehicleCheckPointEvent, vehicle_id: 2 id: 1468 at time: 3509.92
Processed event: VehicleCheckPointEvent, vehicle_id: 2 id: 1468
processing event: VehicleQueuedEvent, vehicle_id: 2, front_queued_vehicle_id: 7 id: 1469 at time: 3509.92
Processed event: VehicleQueuedEvent, vehicle_id: 2, front_queued_vehicle_id: 7 id: 1469
Simulator::runFor: now_ = 3509.92 target = 3510
[progress] simulator time = 3510 / 3600
processing event: VehicleEnterNewRoadEvent, vehicle_id: 3, road_id: 1000000000000001076 id: 1466 at time: 3513.43
Processed event: VehicleEnterNewRoadEvent, vehicle_id: 3, road_id: 1000000000000001076 id: 1466
processing event: VehicleDepartureEvent, vehicle_id: 3, road_id: 1000000000000001076, offset: 0.000000 id: 1470 at time: 3513.43
Processed event: VehicleDepartureEvent, vehicle_id: 3, road_id: 1000000000000001076, offset: 0.000000 id: 1470
processing event: VehicleArriveIntersectionEvent, vehicle_id: 4, road_id: 1000000000000001085 id: 1462 at time: 3514.2
Processed event: VehicleArriveIntersectionEvent, vehicle_id: 4, road_id: 1000000000000001085 id: 1462
processing event: VehicleEnterNewRoadEvent, vehicle_id: 4, road_id: 1000000000000001088 id: 1472 at time: 3515.22
Processed event: VehicleEnterNewRoadEvent, vehicle_id: 4, road_id: 1000000000000001088 id: 1472
processing event: VehicleDepartureEvent, vehicle_id: 4, road_id: 1000000000000001088, offset: 0.000000 id: 1473 at time: 3515.22
Processed event: VehicleDepartureEvent, vehicle_id: 4, road_id: 1000000000000001088, offset: 0.000000 id: 1473
Simulator::runFor: now_ = 3515.22 target = 3520
[progress] simulator time = 3520 / 3600
processing event: VehicleArriveIntersectionEvent, vehicle_id: 5, road_id: 1000000000000000095 id: 1428 at time: 3525.95
Processed event: VehicleArriveIntersectionEvent, vehicle_id: 5, road_id: 1000000000000000095 id: 1428
Simulator::runFor: now_ = 3525.95 target = 3530
[progress] simulator time = 3530 / 3600
processing event: VehicleEnterNewRoadEvent, vehicle_id: 7, road_id: 1000000000000001039 id: 1467 at time: 3531.62
Processed event: VehicleEnterNewRoadEvent, vehicle_id: 7, road_id: 1000000000000001039 id: 1467
processing event: VehicleDepartureEvent, vehicle_id: 7, road_id: 1000000000000001039, offset: 0.000000 id: 1477 at time: 3531.62
Processed event: VehicleDepartureEvent, vehicle_id: 7, road_id: 1000000000000001039, offset: 0.000000 id: 1477
processing event: VehicleArriveIntersectionEvent, vehicle_id: 2, road_id: 1000000000000001041 id: 1476 at time: 3532.16
Processed event: VehicleArriveIntersectionEvent, vehicle_id: 2, road_id: 1000000000000001041 id: 1476
processing event: VehicleArriveIntersectionEvent, vehicle_id: 10, road_id: 1000000000000001009 id: 1439 at time: 3534.65
Processed event: VehicleArriveIntersectionEvent, vehicle_id: 10, road_id: 1000000000000001009 id: 1439
processing event: VehicleEnterNewRoadEvent, vehicle_id: 2, road_id: 1000000000000001039 id: 1479 at time: 3536.12
Processed event: VehicleEnterNewRoadEvent, vehicle_id: 2, road_id: 1000000000000001039 id: 1479
processing event: VehicleDepartureEvent, vehicle_id: 2, road_id: 1000000000000001039, offset: 0.000000 id: 1481 at time: 3536.12
Processed event: VehicleDepartureEvent, vehicle_id: 2, road_id: 1000000000000001039, offset: 0.000000 id: 1481
Event is not valid: VehicleArriveIntersectionEvent, vehicle_id: 1, road_id: 1000000000000000294 id: 1458 at time: 3537.27
processing event: VehicleArriveIntersectionEvent, vehicle_id: 1, road_id: 1000000000000000294 id: 1464 at time: 3537.27
Processed event: VehicleArriveIntersectionEvent, vehicle_id: 1, road_id: 1000000000000000294 id: 1464
Simulator::runFor: now_ = 3537.27 target = 3540
[progress] simulator time = 3540 / 3600
processing event: VehicleEnterNewRoadEvent, vehicle_id: 5, road_id: 1000000000000000096 id: 1475 at time: 3548.8
Processed event: VehicleEnterNewRoadEvent, vehicle_id: 5, road_id: 1000000000000000096 id: 1475
processing event: VehicleDepartureEvent, vehicle_id: 5, road_id: 1000000000000000096, offset: 0.000000 id: 1484 at time: 3548.8
Processed event: VehicleDepartureEvent, vehicle_id: 5, road_id: 1000000000000000096, offset: 0.000000 id: 1484
Simulator::runFor: now_ = 3548.8 target = 3550
[progress] simulator time = 3550 / 3600
Simulator::runFor: now_ = 3550 target = 3560
[progress] simulator time = 3560 / 3600
Event is not valid: VehicleArriveIntersectionEvent, vehicle_id: 7, road_id: 1000000000000001039 id: 1478 at time: 3560.79
processing event: VehicleArriveIntersectionEvent, vehicle_id: 7, road_id: 1000000000000001039 id: 1482 at time: 3560.79
Processed event: VehicleArriveIntersectionEvent, vehicle_id: 7, road_id: 1000000000000001039 id: 1482
processing event: VehicleCheckPointEvent, vehicle_id: 2 id: 1487 at time: 3564.75
Processed event: VehicleCheckPointEvent, vehicle_id: 2 id: 1487
processing event: VehicleQueuedEvent, vehicle_id: 2, front_queued_vehicle_id: 7 id: 1488 at time: 3564.75
Processed event: VehicleQueuedEvent, vehicle_id: 2, front_queued_vehicle_id: 7 id: 1488
Simulator::runFor: now_ = 3564.75 target = 3570
[progress] simulator time = 3570 / 3600
processing event: VehicleEnterNewRoadEvent, vehicle_id: 1, road_id: 1000000000000000310 id: 1483 at time: 3570.02
Processed event: VehicleEnterNewRoadEvent, vehicle_id: 1, road_id: 1000000000000000310 id: 1483
processing event: VehicleDepartureEvent, vehicle_id: 1, road_id: 1000000000000000310, offset: 0.000000 id: 1489 at time: 3570.02
Processed event: VehicleDepartureEvent, vehicle_id: 1, road_id: 1000000000000000310, offset: 0.000000 id: 1489
processing event: VehicleArriveIntersectionEvent, vehicle_id: 4, road_id: 1000000000000001088 id: 1474 at time: 3573.9
Processed event: VehicleArriveIntersectionEvent, vehicle_id: 4, road_id: 1000000000000001088 id: 1474
processing event: PassengerRouteStartEvent, passenger_id: 39, route_id: 1 id: 38 at time: 3577
Processed event: PassengerRouteStartEvent, passenger_id: 39, route_id: 1 id: 38
processing event: OrderCreatedEvent, order_id: 39, available_pickups: 71 , available_dropoffs: 2 81 , passenger_id: 39, route_id: 1, passenger_num: 0 id: 1492 at time: 3577
Processed event: OrderCreatedEvent, order_id: 39, available_pickups: 71 , available_dropoffs: 2 81 , passenger_id: 39, route_id: 1, passenger_num: 2 id: 1492
processing event: VehicleArriveIntersectionEvent, vehicle_id: 9, road_id: 1000000000000001076 id: 1447 at time: 3579.53
Processed event: VehicleArriveIntersectionEvent, vehicle_id: 9, road_id: 1000000000000001076 id: 1447
processing event: VehicleEnterNewRoadEvent, vehicle_id: 6, road_id: 1000000000000001789 id: 1441 at time: 3579.53
Processed event: VehicleEnterNewRoadEvent, vehicle_id: 6, road_id: 1000000000000001789 id: 1441
processing event: VehicleDepartureEvent, vehicle_id: 6, road_id: 1000000000000001789, offset: 0.000000 id: 1494 at time: 3579.53
Processed event: VehicleDepartureEvent, vehicle_id: 6, road_id: 1000000000000001789, offset: 0.000000 id: 1494
Simulator::runFor: now_ = 3579.53 target = 3580
[progress] simulator time = 3580 / 3600
processing event: OrderMatchedEvent, order_id: 39, vehicle_id: 4 id: 1496 at time: 3580
Processed event: OrderMatchedEvent, order_id: 39, vehicle_id: 4 id: 1496
processing event: PassengerArrivalEvent, passenger_id: 39 id: 1497 at time: 3580
Processed event: PassengerArrivalEvent, passenger_id: 39 id: 1497
processing event: VehicleEnterNewRoadEvent, vehicle_id: 10, road_id: 1000000000000000788 id: 1480 at time: 3584.74
Processed event: VehicleEnterNewRoadEvent, vehicle_id: 10, road_id: 1000000000000000788 id: 1480
processing event: VehicleDepartureEvent, vehicle_id: 10, road_id: 1000000000000000788, offset: 0.000000 id: 1498 at time: 3584.74
Processed event: VehicleDepartureEvent, vehicle_id: 10, road_id: 1000000000000000788, offset: 0.000000 id: 1498
Simulator::runFor: now_ = 3584.74 target = 3590
[progress] simulator time = 3590 / 3600
processing event: VehicleEnterNewRoadEvent, vehicle_id: 7, road_id: 1000000000000001883 id: 1486 at time: 3595.05
Processed event: VehicleEnterNewRoadEvent, vehicle_id: 7, road_id: 1000000000000001883 id: 1486
processing event: VehicleDepartureEvent, vehicle_id: 7, road_id: 1000000000000001883, offset: 0.000000 id: 1501 at time: 3595.05
Processed event: VehicleDepartureEvent, vehicle_id: 7, road_id: 1000000000000001883, offset: 0.000000 id: 1501
processing event: VehicleArriveIntersectionEvent, vehicle_id: 2, road_id: 1000000000000001039 id: 1500 at time: 3595.59
Processed event: VehicleArriveIntersectionEvent, vehicle_id: 2, road_id: 1000000000000001039 id: 1500
processing event: VehicleEnterNewRoadEvent, vehicle_id: 9, road_id: 1000000000000001077 id: 1493 at time: 3597.65
Processed event: VehicleEnterNewRoadEvent, vehicle_id: 9, road_id: 1000000000000001077 id: 1493
processing event: VehicleDepartureEvent, vehicle_id: 9, road_id: 1000000000000001077, offset: 0.000000 id: 1504 at time: 3597.65
Processed event: VehicleDepartureEvent, vehicle_id: 9, road_id: 1000000000000001077, offset: 0.000000 id: 1504
processing event: VehicleEnterNewRoadEvent, vehicle_id: 2, road_id: 1000000000000001883 id: 1503 at time: 3599.55
Processed event: VehicleEnterNewRoadEvent, vehicle_id: 2, road_id: 1000000000000001883 id: 1503
processing event: VehicleDepartureEvent, vehicle_id: 2, road_id: 1000000000000001883, offset: 0.000000 id: 1506 at time: 3599.55
Processed event: VehicleDepartureEvent, vehicle_id: 2, road_id: 1000000000000001883, offset: 0.000000 id: 1506
Simulator::runFor: now_ = 3599.55 target = 3600
[progress] simulator time = 3600 / 3600 (done)
Running time: 23252ms
Metrics collection produced 453 passenger records. Provide --metrics_output=path to write results.
