log_path: D:\PythonProject5\logs\simulator\simulation-17-20260816180844-e76d1d3c
Loading map from D:\PythonProject5\data\linkong_20260817_020843_cf0db987_area\map\map_file_1a667ed0b6e144cbb384b67239212647.json
Loading walking links from D:\PythonProject5\data\linkong_20260817_020843_cf0db987_area\walk_links\walk_links.json
Loading stops from D:\PythonProject5\data\linkong_20260817_020843_cf0db987_area\stops\stop_file_28feb84d5d584714bb4607ac190dd129.json
Loading signal from D:\PythonProject5\data\linkong_20260817_020843_cf0db987_area\signals\signal_file_b1c5ca219da74388b24d3c3951e0fbc2.json
Loading walking signals from D:\PythonProject5\data\linkong_20260817_020843_cf0db987_area\walk_signals\walk_signals.json
Loading buses from D:\PythonProject5\data\linkong_20260817_020843_cf0db987_area\buses\bus_file_b76846b4623a4bbe94da6a35045f00dc.json
Loading orders from D:\PythonProject5\data\linkong_20260817_020843_cf0db987_area\orders\order_file_3f016145deb24e9b95fa5660e683fe2b.json
Simulator::runFor: now_ = 0 target = 10
[progress] simulator time = 10 / 3000
processing event: PassengerRouteStartEvent, passenger_id: 1, route_id: 1 id: 0 at time: 19
Processed event: PassengerRouteStartEvent, passenger_id: 1, route_id: 1 id: 0
processing event: OrderCreatedEvent, order_id: 1, available_pickups: 2 , available_dropoffs: 1 , passenger_id: 1, route_id: 1, passenger_num: 0 id: 778 at time: 19
Processed event: OrderCreatedEvent, order_id: 1, available_pickups: 2 , available_dropoffs: 1 , passenger_id: 1, route_id: 1, passenger_num: 2 id: 778
Simulator::runFor: now_ = 19 target = 20
[progress] simulator time = 20 / 3000
processing event: OrderMatchedEvent, order_id: 1, vehicle_id: 16 id: 779 at time: 20
Processed event: OrderMatchedEvent, order_id: 1, vehicle_id: 16 id: 779
processing event: VehicleDepartureEvent, vehicle_id: 16, road_id: 1000000000000000123, offset: 132.490000 id: 780 at time: 20
Processed event: VehicleDepartureEvent, vehicle_id: 16, road_id: 1000000000000000123, offset: 132.490000 id: 780
processing event: PassengerArrivalEvent, passenger_id: 1 id: 781 at time: 20
Processed event: PassengerArrivalEvent, passenger_id: 1 id: 781
Simulator::runFor: now_ = 20 target = 30
[progress] simulator time = 30 / 3000
Simulator::runFor: now_ = 30 target = 40
[progress] simulator time = 40 / 3000
processing event: VehicleArriveIntersectionEvent, vehicle_id: 16, road_id: 1000000000000000123 id: 782 at time: 48.1746
Processed event: VehicleArriveIntersectionEvent, vehicle_id: 16, road_id: 1000000000000000123 id: 782
processing event: VehicleEnterNewRoadEvent, vehicle_id: 16, road_id: 1000000000000000385 id: 783 at time: 49.9748
Processed event: VehicleEnterNewRoadEvent, vehicle_id: 16, road_id: 1000000000000000385 id: 783
processing event: VehicleDepartureEvent, vehicle_id: 16, road_id: 1000000000000000385, offset: 0.000000 id: 784 at time: 49.9748
Processed event: VehicleDepartureEvent, vehicle_id: 16, road_id: 1000000000000000385, offset: 0.000000 id: 784
Simulator::runFor: now_ = 49.9748 target = 50
[progress] simulator time = 50 / 3000
Simulator::runFor: now_ = 50 target = 60
[progress] simulator time = 60 / 3000
Simulator::runFor: now_ = 60 target = 70
[progress] simulator time = 70 / 3000
Simulator::runFor: now_ = 70 target = 80
[progress] simulator time = 80 / 3000
Simulator::runFor: now_ = 80 target = 90
[progress] simulator time = 90 / 3000
processing event: PassengerRouteStartEvent, passenger_id: 2, route_id: 1 id: 1 at time: 100
Processed event: PassengerRouteStartEvent, passenger_id: 2, route_id: 1 id: 1
processing event: OrderCreatedEvent, order_id: 2, available_pickups: 216 , available_dropoffs: 58 , passenger_id: 2, route_id: 1, passenger_num: 0 id: 786 at time: 100
Processed event: OrderCreatedEvent, order_id: 2, available_pickups: 216 , available_dropoffs: 58 , passenger_id: 2, route_id: 1, passenger_num: 3 id: 786
Simulator::runFor: now_ = 100 target = 100
[progress] simulator time = 100 / 3000
processing event: OrderMatchedEvent, order_id: 2, vehicle_id: 14 id: 787 at time: 100
Processed event: OrderMatchedEvent, order_id: 2, vehicle_id: 14 id: 787
processing event: VehicleDepartureEvent, vehicle_id: 14, road_id: 1000000000000000518, offset: 10.520000 id: 788 at time: 100
Processed event: VehicleDepartureEvent, vehicle_id: 14, road_id: 1000000000000000518, offset: 10.520000 id: 788
processing event: PassengerArrivalEvent, passenger_id: 2 id: 789 at time: 100
Processed event: PassengerArrivalEvent, passenger_id: 2 id: 789
processing event: PassengerRouteStartEvent, passenger_id: 3, route_id: 1 id: 2 at time: 105
Processed event: PassengerRouteStartEvent, passenger_id: 3, route_id: 1 id: 2
processing event: OrderCreatedEvent, order_id: 3, available_pickups: 218 , available_dropoffs: 161 , passenger_id: 3, route_id: 1, passenger_num: 0 id: 791 at time: 105
Processed event: OrderCreatedEvent, order_id: 3, available_pickups: 218 , available_dropoffs: 161 , passenger_id: 3, route_id: 1, passenger_num: 1 id: 791
processing event: VehicleArriveIntersectionEvent, vehicle_id: 16, road_id: 1000000000000000385 id: 785 at time: 108.481
Processed event: VehicleArriveIntersectionEvent, vehicle_id: 16, road_id: 1000000000000000385 id: 785
Simulator::runFor: now_ = 108.481 target = 110
[progress] simulator time = 110 / 3000
processing event: OrderMatchedEvent, order_id: 3, vehicle_id: 4 id: 793 at time: 110
Processed event: OrderMatchedEvent, order_id: 3, vehicle_id: 4 id: 793
processing event: VehicleDepartureEvent, vehicle_id: 4, road_id: 1000000000000000188, offset: 382.230000 id: 794 at time: 110
Processed event: VehicleDepartureEvent, vehicle_id: 4, road_id: 1000000000000000188, offset: 382.230000 id: 794
processing event: PassengerArrivalEvent, passenger_id: 3 id: 795 at time: 110
Processed event: PassengerArrivalEvent, passenger_id: 3 id: 795
processing event: VehicleEnterNewRoadEvent, vehicle_id: 16, road_id: 1000000000000000430 id: 792 at time: 110.281
Processed event: VehicleEnterNewRoadEvent, vehicle_id: 16, road_id: 1000000000000000430 id: 792
processing event: VehicleDepartureEvent, vehicle_id: 16, road_id: 1000000000000000430, offset: 0.000000 id: 797 at time: 110.281
Processed event: VehicleDepartureEvent, vehicle_id: 16, road_id: 1000000000000000430, offset: 0.000000 id: 797
Simulator::runFor: now_ = 110.281 target = 120
[progress] simulator time = 120 / 3000
processing event: VehicleArriveIntersectionEvent, vehicle_id: 14, road_id: 1000000000000000518 id: 790 at time: 120.788
Processed event: VehicleArriveIntersectionEvent, vehicle_id: 14, road_id: 1000000000000000518 id: 790
processing event: VehicleEnterNewRoadEvent, vehicle_id: 14, road_id: 1000000000000000488 id: 799 at time: 122.589
Processed event: VehicleEnterNewRoadEvent, vehicle_id: 14, road_id: 1000000000000000488 id: 799
processing event: VehicleDepartureEvent, vehicle_id: 14, road_id: 1000000000000000488, offset: 0.000000 id: 800 at time: 122.589
Processed event: VehicleDepartureEvent, vehicle_id: 14, road_id: 1000000000000000488, offset: 0.000000 id: 800
Simulator::runFor: now_ = 122.589 target = 130
[progress] simulator time = 130 / 3000
Simulator::runFor: now_ = 130 target = 140
[progress] simulator time = 140 / 3000
processing event: VehicleArriveIntersectionEvent, vehicle_id: 4, road_id: 1000000000000000188 id: 796 at time: 140.742
Processed event: VehicleArriveIntersectionEvent, vehicle_id: 4, road_id: 1000000000000000188 id: 796
processing event: VehicleEnterNewRoadEvent, vehicle_id: 4, road_id: 1000000000000000074 id: 802 at time: 142.542
Processed event: VehicleEnterNewRoadEvent, vehicle_id: 4, road_id: 1000000000000000074 id: 802
processing event: VehicleDepartureEvent, vehicle_id: 4, road_id: 1000000000000000074, offset: 0.000000 id: 803 at time: 142.542
Processed event: VehicleDepartureEvent, vehicle_id: 4, road_id: 1000000000000000074, offset: 0.000000 id: 803
Simulator::runFor: now_ = 142.542 target = 150
[progress] simulator time = 150 / 3000
Simulator::runFor: now_ = 150 target = 160
[progress] simulator time = 160 / 3000
processing event: VehicleArriveIntersectionEvent, vehicle_id: 14, road_id: 1000000000000000488 id: 801 at time: 166.873
Processed event: VehicleArriveIntersectionEvent, vehicle_id: 14, road_id: 1000000000000000488 id: 801
processing event: VehicleEnterNewRoadEvent, vehicle_id: 14, road_id: 1000000000000000112 id: 805 at time: 168.673
Processed event: VehicleEnterNewRoadEvent, vehicle_id: 14, road_id: 1000000000000000112 id: 805
processing event: VehicleDepartureEvent, vehicle_id: 14, road_id: 1000000000000000112, offset: 0.000000 id: 806 at time: 168.673
Processed event: VehicleDepartureEvent, vehicle_id: 14, road_id: 1000000000000000112, offset: 0.000000 id: 806
Simulator::runFor: now_ = 168.673 target = 170
[progress] simulator time = 170 / 3000
processing event: VehicleArriveIntersectionEvent, vehicle_id: 14, road_id: 1000000000000000112 id: 807 at time: 179.474
Processed event: VehicleArriveIntersectionEvent, vehicle_id: 14, road_id: 1000000000000000112 id: 807
Simulator::runFor: now_ = 179.474 target = 180
[progress] simulator time = 180 / 3000
processing event: VehicleEnterNewRoadEvent, vehicle_id: 14, road_id: 1000000000000000113 id: 808 at time: 181.275
Processed event: VehicleEnterNewRoadEvent, vehicle_id: 14, road_id: 1000000000000000113 id: 808
processing event: VehicleDepartureEvent, vehicle_id: 14, road_id: 1000000000000000113, offset: 0.000000 id: 809 at time: 181.275
Processed event: VehicleDepartureEvent, vehicle_id: 14, road_id: 1000000000000000113, offset: 0.000000 id: 809
processing event: VehicleArriveIntersectionEvent, vehicle_id: 16, road_id: 1000000000000000430 id: 798 at time: 183.548
Processed event: VehicleArriveIntersectionEvent, vehicle_id: 16, road_id: 1000000000000000430 id: 798
processing event: VehicleEnterNewRoadEvent, vehicle_id: 16, road_id: 1000000000000000431 id: 811 at time: 185.348
Processed event: VehicleEnterNewRoadEvent, vehicle_id: 16, road_id: 1000000000000000431 id: 811
processing event: VehicleDepartureEvent, vehicle_id: 16, road_id: 1000000000000000431, offset: 0.000000 id: 812 at time: 185.348
Processed event: VehicleDepartureEvent, vehicle_id: 16, road_id: 1000000000000000431, offset: 0.000000 id: 812
Simulator::runFor: now_ = 185.348 target = 190
[progress] simulator time = 190 / 3000
processing event: VehicleArriveIntersectionEvent, vehicle_id: 14, road_id: 1000000000000000113 id: 810 at time: 197.476
Processed event: VehicleArriveIntersectionEvent, vehicle_id: 14, road_id: 1000000000000000113 id: 810
processing event: VehicleArriveIntersectionEvent, vehicle_id: 4, road_id: 1000000000000000074 id: 804 at time: 199.248
Processed event: VehicleArriveIntersectionEvent, vehicle_id: 4, road_id: 1000000000000000074 id: 804
processing event: VehicleEnterNewRoadEvent, vehicle_id: 14, road_id: 1000000000000000183 id: 814 at time: 199.276
Processed event: VehicleEnterNewRoadEvent, vehicle_id: 14, road_id: 1000000000000000183 id: 814
processing event: VehicleDepartureEvent, vehicle_id: 14, road_id: 1000000000000000183, offset: 0.000000 id: 816 at time: 199.276
Processed event: VehicleDepartureEvent, vehicle_id: 14, road_id: 1000000000000000183, offset: 0.000000 id: 816
Simulator::runFor: now_ = 199.276 target = 200
[progress] simulator time = 200 / 3000
processing event: VehicleEnterNewRoadEvent, vehicle_id: 4, road_id: 1000000000000000701 id: 815 at time: 201.048
Processed event: VehicleEnterNewRoadEvent, vehicle_id: 4, road_id: 1000000000000000701 id: 815
processing event: VehicleDepartureEvent, vehicle_id: 4, road_id: 1000000000000000701, offset: 0.000000 id: 818 at time: 201.048
Processed event: VehicleDepartureEvent, vehicle_id: 4, road_id: 1000000000000000701, offset: 0.000000 id: 818
processing event: VehicleArriveIntersectionEvent, vehicle_id: 4, road_id: 1000000000000000701 id: 819 at time: 209.509
Processed event: VehicleArriveIntersectionEvent, vehicle_id: 4, road_id: 1000000000000000701 id: 819
Simulator::runFor: now_ = 209.509 target = 210
[progress] simulator time = 210 / 3000
processing event: VehicleEnterNewRoadEvent, vehicle_id: 4, road_id: 1000000000000000700 id: 820 at time: 211.309
Processed event: VehicleEnterNewRoadEvent, vehicle_id: 4, road_id: 1000000000000000700 id: 820
processing event: VehicleDepartureEvent, vehicle_id: 4, road_id: 1000000000000000700, offset: 0.000000 id: 821 at time: 211.309
Processed event: VehicleDepartureEvent, vehicle_id: 4, road_id: 1000000000000000700, offset: 0.000000 id: 821
processing event: VehicleArriveIntersectionEvent, vehicle_id: 14, road_id: 1000000000000000183 id: 817 at time: 212.598
Processed event: VehicleArriveIntersectionEvent, vehicle_id: 14, road_id: 1000000000000000183 id: 817
processing event: VehicleEnterNewRoadEvent, vehicle_id: 14, road_id: 1000000000000000184 id: 823 at time: 214.398
Processed event: VehicleEnterNewRoadEvent, vehicle_id: 14, road_id: 1000000000000000184 id: 823
processing event: VehicleDepartureEvent, vehicle_id: 14, road_id: 1000000000000000184, offset: 0.000000 id: 824 at time: 214.398
Processed event: VehicleDepartureEvent, vehicle_id: 14, road_id: 1000000000000000184, offset: 0.000000 id: 824
Simulator::runFor: now_ = 214.398 target = 220
[progress] simulator time = 220 / 3000
processing event: VehicleArriveIntersectionEvent, vehicle_id: 16, road_id: 1000000000000000431 id: 813 at time: 229.813
Processed event: VehicleArriveIntersectionEvent, vehicle_id: 16, road_id: 1000000000000000431 id: 813
Simulator::runFor: now_ = 229.813 target = 230
[progress] simulator time = 230 / 3000
processing event: VehicleEnterNewRoadEvent, vehicle_id: 16, road_id: 1000000000000000152 id: 826 at time: 231.613
Processed event: VehicleEnterNewRoadEvent, vehicle_id: 16, road_id: 1000000000000000152 id: 826
processing event: VehicleDepartureEvent, vehicle_id: 16, road_id: 1000000000000000152, offset: 0.000000 id: 827 at time: 231.613
Processed event: VehicleDepartureEvent, vehicle_id: 16, road_id: 1000000000000000152, offset: 0.000000 id: 827
processing event: VehicleArriveIntersectionEvent, vehicle_id: 4, road_id: 1000000000000000700 id: 822 at time: 233.631
Processed event: VehicleArriveIntersectionEvent, vehicle_id: 4, road_id: 1000000000000000700 id: 822
processing event: VehicleEnterNewRoadEvent, vehicle_id: 4, road_id: 1000000000000000698 id: 829 at time: 235.431
Processed event: VehicleEnterNewRoadEvent, vehicle_id: 4, road_id: 1000000000000000698 id: 829
processing event: VehicleDepartureEvent, vehicle_id: 4, road_id: 1000000000000000698, offset: 0.000000 id: 830 at time: 235.431
Processed event: VehicleDepartureEvent, vehicle_id: 4, road_id: 1000000000000000698, offset: 0.000000 id: 830
processing event: VehicleArriveIntersectionEvent, vehicle_id: 16, road_id: 1000000000000000152 id: 828 at time: 238.094
Processed event: VehicleArriveIntersectionEvent, vehicle_id: 16, road_id: 1000000000000000152 id: 828
processing event: VehicleEnterNewRoadEvent, vehicle_id: 16, road_id: 1000000000000000159 id: 832 at time: 239.894
Processed event: VehicleEnterNewRoadEvent, vehicle_id: 16, road_id: 1000000000000000159 id: 832
processing event: VehicleDepartureEvent, vehicle_id: 16, road_id: 1000000000000000159, offset: 0.000000 id: 833 at time: 239.894
Processed event: VehicleDepartureEvent, vehicle_id: 16, road_id: 1000000000000000159, offset: 0.000000 id: 833
Simulator::runFor: now_ = 239.894 target = 240
[progress] simulator time = 240 / 3000
processing event: VehicleArriveIntersectionEvent, vehicle_id: 16, road_id: 1000000000000000159 id: 834 at time: 241.154
Processed event: VehicleArriveIntersectionEvent, vehicle_id: 16, road_id: 1000000000000000159 id: 834
processing event: VehicleEnterNewRoadEvent, vehicle_id: 16, road_id: 1000000000000000160 id: 835 at time: 242.954
Processed event: VehicleEnterNewRoadEvent, vehicle_id: 16, road_id: 1000000000000000160 id: 835
processing event: VehicleDepartureEvent, vehicle_id: 16, road_id: 1000000000000000160, offset: 0.000000 id: 836 at time: 242.954
Processed event: VehicleDepartureEvent, vehicle_id: 16, road_id: 1000000000000000160, offset: 0.000000 id: 836
processing event: VehicleArriveIntersectionEvent, vehicle_id: 16, road_id: 1000000000000000160 id: 837 at time: 249.435
Processed event: VehicleArriveIntersectionEvent, vehicle_id: 16, road_id: 1000000000000000160 id: 837
Simulator::runFor: now_ = 249.435 target = 250
[progress] simulator time = 250 / 3000
processing event: VehicleEnterNewRoadEvent, vehicle_id: 16, road_id: 1000000000000000161 id: 838 at time: 251.235
Processed event: VehicleEnterNewRoadEvent, vehicle_id: 16, road_id: 1000000000000000161 id: 838
processing event: VehicleDepartureEvent, vehicle_id: 16, road_id: 1000000000000000161, offset: 0.000000 id: 839 at time: 251.235
Processed event: VehicleDepartureEvent, vehicle_id: 16, road_id: 1000000000000000161, offset: 0.000000 id: 839
processing event: VehicleArriveIntersectionEvent, vehicle_id: 16, road_id: 1000000000000000161 id: 840 at time: 252.675
Processed event: VehicleArriveIntersectionEvent, vehicle_id: 16, road_id: 1000000000000000161 id: 840
processing event: VehicleArriveIntersectionEvent, vehicle_id: 4, road_id: 1000000000000000698 id: 831 at time: 253.073
Processed event: VehicleArriveIntersectionEvent, vehicle_id: 4, road_id: 1000000000000000698 id: 831
processing event: VehicleArriveIntersectionEvent, vehicle_id: 14, road_id: 1000000000000000184 id: 825 at time: 253.102
Processed event: VehicleArriveIntersectionEvent, vehicle_id: 14, road_id: 1000000000000000184 id: 825
processing event: VehicleEnterNewRoadEvent, vehicle_id: 16, road_id: 1000000000000000156 id: 841 at time: 254.475
Processed event: VehicleEnterNewRoadEvent, vehicle_id: 16, road_id: 1000000000000000156 id: 841
processing event: VehicleDepartureEvent, vehicle_id: 16, road_id: 1000000000000000156, offset: 0.000000 id: 844 at time: 254.475
Processed event: VehicleDepartureEvent, vehicle_id: 16, road_id: 1000000000000000156, offset: 0.000000 id: 844
processing event: VehicleEnterNewRoadEvent, vehicle_id: 4, road_id: 1000000000000000699 id: 842 at time: 254.873
Processed event: VehicleEnterNewRoadEvent, vehicle_id: 4, road_id: 1000000000000000699 id: 842
processing event: VehicleDepartureEvent, vehicle_id: 4, road_id: 1000000000000000699, offset: 0.000000 id: 846 at time: 254.873
Processed event: VehicleDepartureEvent, vehicle_id: 4, road_id: 1000000000000000699, offset: 0.000000 id: 846
processing event: VehicleEnterNewRoadEvent, vehicle_id: 14, road_id: 1000000000000000185 id: 843 at time: 254.902
Processed event: VehicleEnterNewRoadEvent, vehicle_id: 14, road_id: 1000000000000000185 id: 843
processing event: VehicleDepartureEvent, vehicle_id: 14, road_id: 1000000000000000185, offset: 0.000000 id: 848 at time: 254.902
Processed event: VehicleDepartureEvent, vehicle_id: 14, road_id: 1000000000000000185, offset: 0.000000 id: 848
processing event: VehicleArriveIntersectionEvent, vehicle_id: 16, road_id: 1000000000000000156 id: 845 at time: 259.876
Processed event: VehicleArriveIntersectionEvent, vehicle_id: 16, road_id: 1000000000000000156 id: 845
Simulator::runFor: now_ = 259.876 target = 260
[progress] simulator time = 260 / 3000
processing event: VehicleEnterNewRoadEvent, vehicle_id: 16, road_id: 1000000000000000330 id: 850 at time: 261.676
Processed event: VehicleEnterNewRoadEvent, vehicle_id: 16, road_id: 1000000000000000330 id: 850
processing event: VehicleDepartureEvent, vehicle_id: 16, road_id: 1000000000000000330, offset: 0.000000 id: 851 at time: 261.676
Processed event: VehicleDepartureEvent, vehicle_id: 16, road_id: 1000000000000000330, offset: 0.000000 id: 851
processing event: VehicleArriveIntersectionEvent, vehicle_id: 4, road_id: 1000000000000000699 id: 847 at time: 265.134
Processed event: VehicleArriveIntersectionEvent, vehicle_id: 4, road_id: 1000000000000000699 id: 847
processing event: VehicleEnterNewRoadEvent, vehicle_id: 4, road_id: 1000000000000000051 id: 853 at time: 266.934
Processed event: VehicleEnterNewRoadEvent, vehicle_id: 4, road_id: 1000000000000000051 id: 853
processing event: VehicleDepartureEvent, vehicle_id: 4, road_id: 1000000000000000051, offset: 0.000000 id: 854 at time: 266.934
Processed event: VehicleDepartureEvent, vehicle_id: 4, road_id: 1000000000000000051, offset: 0.000000 id: 854
Simulator::runFor: now_ = 266.934 target = 270
[progress] simulator time = 270 / 3000
Simulator::runFor: now_ = 270 target = 280
[progress] simulator time = 280 / 3000
processing event: VehicleArriveIntersectionEvent, vehicle_id: 14, road_id: 1000000000000000185 id: 849 at time: 284.245
Processed event: VehicleArriveIntersectionEvent, vehicle_id: 14, road_id: 1000000000000000185 id: 849
processing event: VehicleEnterNewRoadEvent, vehicle_id: 14, road_id: 1000000000000000854 id: 856 at time: 286.045
Processed event: VehicleEnterNewRoadEvent, vehicle_id: 14, road_id: 1000000000000000854 id: 856
processing event: VehicleDepartureEvent, vehicle_id: 14, road_id: 1000000000000000854, offset: 0.000000 id: 857 at time: 286.045
Processed event: VehicleDepartureEvent, vehicle_id: 14, road_id: 1000000000000000854, offset: 0.000000 id: 857
processing event: VehicleArriveIntersectionEvent, vehicle_id: 4, road_id: 1000000000000000051 id: 855 at time: 289.797
Processed event: VehicleArriveIntersectionEvent, vehicle_id: 4, road_id: 1000000000000000051 id: 855
Simulator::runFor: now_ = 289.797 target = 290
[progress] simulator time = 290 / 3000
processing event: VehicleEnterNewRoadEvent, vehicle_id: 4, road_id: 1000000000000000339 id: 859 at time: 291.597
Processed event: VehicleEnterNewRoadEvent, vehicle_id: 4, road_id: 1000000000000000339 id: 859
processing event: VehicleDepartureEvent, vehicle_id: 4, road_id: 1000000000000000339, offset: 0.000000 id: 860 at time: 291.597
Processed event: VehicleDepartureEvent, vehicle_id: 4, road_id: 1000000000000000339, offset: 0.000000 id: 860
Simulator::runFor: now_ = 291.597 target = 300
[progress] simulator time = 300 / 3000
Simulator::runFor: now_ = 300 target = 310
[progress] simulator time = 310 / 3000
Simulator::runFor: now_ = 310 target = 320
[progress] simulator time = 320 / 3000
processing event: VehicleArriveIntersectionEvent, vehicle_id: 16, road_id: 1000000000000000330 id: 852 at time: 321.082
Processed event: VehicleArriveIntersectionEvent, vehicle_id: 16, road_id: 1000000000000000330 id: 852
processing event: VehicleEnterNewRoadEvent, vehicle_id: 16, road_id: 1000000000000000331 id: 862 at time: 322.882
Processed event: VehicleEnterNewRoadEvent, vehicle_id: 16, road_id: 1000000000000000331 id: 862
processing event: VehicleDepartureEvent, vehicle_id: 16, road_id: 1000000000000000331, offset: 0.000000 id: 863 at time: 322.882
Processed event: VehicleDepartureEvent, vehicle_id: 16, road_id: 1000000000000000331, offset: 0.000000 id: 863
Simulator::runFor: now_ = 322.882 target = 330
[progress] simulator time = 330 / 3000
processing event: VehicleArriveIntersectionEvent, vehicle_id: 14, road_id: 1000000000000000854 id: 858 at time: 334.29
Processed event: VehicleArriveIntersectionEvent, vehicle_id: 14, road_id: 1000000000000000854 id: 858
processing event: VehicleEnterNewRoadEvent, vehicle_id: 14, road_id: 1000000000000000299 id: 865 at time: 336.09
Processed event: VehicleEnterNewRoadEvent, vehicle_id: 14, road_id: 1000000000000000299 id: 865
processing event: VehicleDepartureEvent, vehicle_id: 14, road_id: 1000000000000000299, offset: 0.000000 id: 866 at time: 336.09
Processed event: VehicleDepartureEvent, vehicle_id: 14, road_id: 1000000000000000299, offset: 0.000000 id: 866
Simulator::runFor: now_ = 336.09 target = 340
[progress] simulator time = 340 / 3000
Simulator::runFor: now_ = 340 target = 350
[progress] simulator time = 350 / 3000
processing event: PassengerRouteStartEvent, passenger_id: 4, route_id: 1 id: 3 at time: 357
Processed event: PassengerRouteStartEvent, passenger_id: 4, route_id: 1 id: 3
processing event: OrderCreatedEvent, order_id: 4, available_pickups: 102 , available_dropoffs: 156 , passenger_id: 4, route_id: 1, passenger_num: 0 id: 868 at time: 357
Processed event: OrderCreatedEvent, order_id: 4, available_pickups: 102 , available_dropoffs: 156 , passenger_id: 4, route_id: 1, passenger_num: 2 id: 868
Simulator::runFor: now_ = 357 target = 360
[progress] simulator time = 360 / 3000
processing event: OrderMatchedEvent, order_id: 4, vehicle_id: 3 id: 869 at time: 360
Processed event: OrderMatchedEvent, order_id: 4, vehicle_id: 3 id: 869
processing event: VehicleDepartureEvent, vehicle_id: 3, road_id: 1000000000000000521, offset: 4.970000 id: 870 at time: 360
Processed event: VehicleDepartureEvent, vehicle_id: 3, road_id: 1000000000000000521, offset: 4.970000 id: 870
processing event: PassengerArrivalEvent, passenger_id: 4 id: 871 at time: 360
Processed event: PassengerArrivalEvent, passenger_id: 4 id: 871
processing event: VehicleArriveIntersectionEvent, vehicle_id: 14, road_id: 1000000000000000299 id: 867 at time: 363.993
Processed event: VehicleArriveIntersectionEvent, vehicle_id: 14, road_id: 1000000000000000299 id: 867
processing event: VehicleEnterNewRoadEvent, vehicle_id: 14, road_id: 1000000000000000293 id: 873 at time: 365.793
Processed event: VehicleEnterNewRoadEvent, vehicle_id: 14, road_id: 1000000000000000293 id: 873
processing event: VehicleDepartureEvent, vehicle_id: 14, road_id: 1000000000000000293, offset: 0.000000 id: 874 at time: 365.793
Processed event: VehicleDepartureEvent, vehicle_id: 14, road_id: 1000000000000000293, offset: 0.000000 id: 874
processing event: PassengerRouteStartEvent, passenger_id: 5, route_id: 1 id: 4 at time: 367
Processed event: PassengerRouteStartEvent, passenger_id: 5, route_id: 1 id: 4
processing event: OrderCreatedEvent, order_id: 5, available_pickups: 222 , available_dropoffs: 68 , passenger_id: 5, route_id: 1, passenger_num: 0 id: 876 at time: 367
Processed event: OrderCreatedEvent, order_id: 5, available_pickups: 222 , available_dropoffs: 68 , passenger_id: 5, route_id: 1, passenger_num: 2 id: 876
Simulator::runFor: now_ = 367 target = 370
[progress] simulator time = 370 / 3000
processing event: OrderMatchedEvent, order_id: 5, vehicle_id: 11 id: 877 at time: 370
Processed event: OrderMatchedEvent, order_id: 5, vehicle_id: 11 id: 877
processing event: VehicleDepartureEvent, vehicle_id: 11, road_id: 1000000000000000187, offset: 397.490000 id: 878 at time: 370
Processed event: VehicleDepartureEvent, vehicle_id: 11, road_id: 1000000000000000187, offset: 397.490000 id: 878
processing event: PassengerArrivalEvent, passenger_id: 5 id: 879 at time: 370
Processed event: PassengerArrivalEvent, passenger_id: 5 id: 879
processing event: PassengerRouteStartEvent, passenger_id: 6, route_id: 1 id: 5 at time: 371
Processed event: PassengerRouteStartEvent, passenger_id: 6, route_id: 1 id: 5
processing event: OrderCreatedEvent, order_id: 6, available_pickups: 55 , available_dropoffs: 36 , passenger_id: 6, route_id: 1, passenger_num: 0 id: 881 at time: 371
Processed event: OrderCreatedEvent, order_id: 6, available_pickups: 55 , available_dropoffs: 36 , passenger_id: 6, route_id: 1, passenger_num: 1 id: 881
processing event: VehicleArriveIntersectionEvent, vehicle_id: 14, road_id: 1000000000000000293 id: 875 at time: 372.454
Processed event: VehicleArriveIntersectionEvent, vehicle_id: 14, road_id: 1000000000000000293 id: 875
processing event: VehicleEnterNewRoadEvent, vehicle_id: 14, road_id: 1000000000000000356 id: 882 at time: 374.254
Processed event: VehicleEnterNewRoadEvent, vehicle_id: 14, road_id: 1000000000000000356 id: 882
processing event: VehicleDepartureEvent, vehicle_id: 14, road_id: 1000000000000000356, offset: 0.000000 id: 883 at time: 374.254
Processed event: VehicleDepartureEvent, vehicle_id: 14, road_id: 1000000000000000356, offset: 0.000000 id: 883
Simulator::runFor: now_ = 374.254 target = 380
[progress] simulator time = 380 / 3000
processing event: OrderMatchedEvent, order_id: 6, vehicle_id: 14 id: 885 at time: 380
Processed event: OrderMatchedEvent, order_id: 6, vehicle_id: 14 id: 885
processing event: PassengerArrivalEvent, passenger_id: 6 id: 887 at time: 380
Processed event: PassengerArrivalEvent, passenger_id: 6 id: 887
processing event: VehicleArriveIntersectionEvent, vehicle_id: 3, road_id: 1000000000000000521 id: 872 at time: 381.608
Processed event: VehicleArriveIntersectionEvent, vehicle_id: 3, road_id: 1000000000000000521 id: 872
processing event: VehicleEnterNewRoadEvent, vehicle_id: 3, road_id: 1000000000000000195 id: 888 at time: 383.408
Processed event: VehicleEnterNewRoadEvent, vehicle_id: 3, road_id: 1000000000000000195 id: 888
processing event: VehicleDepartureEvent, vehicle_id: 3, road_id: 1000000000000000195, offset: 0.000000 id: 889 at time: 383.408
Processed event: VehicleDepartureEvent, vehicle_id: 3, road_id: 1000000000000000195, offset: 0.000000 id: 889
Simulator::runFor: now_ = 383.408 target = 390
[progress] simulator time = 390 / 3000
processing event: VehicleArriveIntersectionEvent, vehicle_id: 16, road_id: 1000000000000000331 id: 864 at time: 391.829
Processed event: VehicleArriveIntersectionEvent, vehicle_id: 16, road_id: 1000000000000000331 id: 864
processing event: VehicleArriveIntersectionEvent, vehicle_id: 11, road_id: 1000000000000000187 id: 880 at time: 392.954
Processed event: VehicleArriveIntersectionEvent, vehicle_id: 11, road_id: 1000000000000000187 id: 880
processing event: VehicleEnterNewRoadEvent, vehicle_id: 16, road_id: 1000000000000000702 id: 891 at time: 393.629
Processed event: VehicleEnterNewRoadEvent, vehicle_id: 16, road_id: 1000000000000000702 id: 891
processing event: VehicleDepartureEvent, vehicle_id: 16, road_id: 1000000000000000702, offset: 0.000000 id: 893 at time: 393.629
Processed event: VehicleDepartureEvent, vehicle_id: 16, road_id: 1000000000000000702, offset: 0.000000 id: 893
processing event: VehicleEnterNewRoadEvent, vehicle_id: 11, road_id: 1000000000000000188 id: 892 at time: 394.754
Processed event: VehicleEnterNewRoadEvent, vehicle_id: 11, road_id: 1000000000000000188 id: 892
processing event: VehicleDepartureEvent, vehicle_id: 11, road_id: 1000000000000000188, offset: 0.000000 id: 895 at time: 394.754
Processed event: VehicleDepartureEvent, vehicle_id: 11, road_id: 1000000000000000188, offset: 0.000000 id: 895
Simulator::runFor: now_ = 394.754 target = 400
[progress] simulator time = 400 / 3000
processing event: VehicleArriveIntersectionEvent, vehicle_id: 3, road_id: 1000000000000000195 id: 890 at time: 401.23
Processed event: VehicleArriveIntersectionEvent, vehicle_id: 3, road_id: 1000000000000000195 id: 890
processing event: VehicleEnterNewRoadEvent, vehicle_id: 3, road_id: 1000000000000000479 id: 897 at time: 403.03
Processed event: VehicleEnterNewRoadEvent, vehicle_id: 3, road_id: 1000000000000000479 id: 897
processing event: VehicleDepartureEvent, vehicle_id: 3, road_id: 1000000000000000479, offset: 0.000000 id: 898 at time: 403.03
Processed event: VehicleDepartureEvent, vehicle_id: 3, road_id: 1000000000000000479, offset: 0.000000 id: 898
Simulator::runFor: now_ = 403.03 target = 410
[progress] simulator time = 410 / 3000
processing event: VehicleArriveIntersectionEvent, vehicle_id: 16, road_id: 1000000000000000702 id: 894 at time: 416.131
Processed event: VehicleArriveIntersectionEvent, vehicle_id: 16, road_id: 1000000000000000702 id: 894
Event is not valid: BusArrivalEvent, vehicle_id: 14, stop_id: 216 id: 884 at time: 417.689
processing event: BusArrivalEvent, vehicle_id: 14, stop_id: 216 id: 886 at time: 417.689
Processed event: BusArrivalEvent, vehicle_id: 14, stop_id: 216 id: 886
processing event: PassengerOnboardEvent, passenger_id: 2 id: 901 at time: 417.689
Processed event: PassengerOnboardEvent, passenger_id: 2 id: 901
processing event: VehicleEnterNewRoadEvent, vehicle_id: 16, road_id: 1000000000000000703 id: 900 at time: 417.932
Processed event: VehicleEnterNewRoadEvent, vehicle_id: 16, road_id: 1000000000000000703 id: 900
processing event: VehicleDepartureEvent, vehicle_id: 16, road_id: 1000000000000000703, offset: 0.000000 id: 903 at time: 417.932
Processed event: VehicleDepartureEvent, vehicle_id: 16, road_id: 1000000000000000703, offset: 0.000000 id: 903
Simulator::runFor: now_ = 417.932 target = 420
[progress] simulator time = 420 / 3000
processing event: VehicleDepartureEvent, vehicle_id: 14, road_id: 1000000000000000356, offset: 241.280000 id: 902 at time: 422.689
Processed event: VehicleDepartureEvent, vehicle_id: 14, road_id: 1000000000000000356, offset: 241.280000 id: 902
processing event: VehicleArriveIntersectionEvent, vehicle_id: 4, road_id: 1000000000000000339 id: 861 at time: 424.99
Processed event: VehicleArriveIntersectionEvent, vehicle_id: 4, road_id: 1000000000000000339 id: 861
processing event: VehicleArriveIntersectionEvent, vehicle_id: 16, road_id: 1000000000000000703 id: 904 at time: 426.572
Processed event: VehicleArriveIntersectionEvent, vehicle_id: 16, road_id: 1000000000000000703 id: 904
processing event: VehicleEnterNewRoadEvent, vehicle_id: 4, road_id: 1000000000000000341 id: 906 at time: 426.79
Processed event: VehicleEnterNewRoadEvent, vehicle_id: 4, road_id: 1000000000000000341 id: 906
processing event: VehicleDepartureEvent, vehicle_id: 4, road_id: 1000000000000000341, offset: 0.000000 id: 908 at time: 426.79
Processed event: VehicleDepartureEvent, vehicle_id: 4, road_id: 1000000000000000341, offset: 0.000000 id: 908
processing event: VehicleArriveIntersectionEvent, vehicle_id: 14, road_id: 1000000000000000356 id: 905 at time: 428.039
Processed event: VehicleArriveIntersectionEvent, vehicle_id: 14, road_id: 1000000000000000356 id: 905
processing event: VehicleEnterNewRoadEvent, vehicle_id: 16, road_id: 1000000000000000336 id: 907 at time: 428.373
Processed event: VehicleEnterNewRoadEvent, vehicle_id: 16, road_id: 1000000000000000336 id: 907
processing event: VehicleDepartureEvent, vehicle_id: 16, road_id: 1000000000000000336, offset: 0.000000 id: 911 at time: 428.373
Processed event: VehicleDepartureEvent, vehicle_id: 16, road_id: 1000000000000000336, offset: 0.000000 id: 911
processing event: VehicleEnterNewRoadEvent, vehicle_id: 14, road_id: 1000000000000000364 id: 910 at time: 429.839
Processed event: VehicleEnterNewRoadEvent, vehicle_id: 14, road_id: 1000000000000000364 id: 910
processing event: VehicleDepartureEvent, vehicle_id: 14, road_id: 1000000000000000364, offset: 0.000000 id: 913 at time: 429.839
Processed event: VehicleDepartureEvent, vehicle_id: 14, road_id: 1000000000000000364, offset: 0.000000 id: 913
Simulator::runFor: now_ = 429.839 target = 430
[progress] simulator time = 430 / 3000
processing event: PassengerRouteStartEvent, passenger_id: 7, route_id: 1 id: 6 at time: 432
Processed event: PassengerRouteStartEvent, passenger_id: 7, route_id: 1 id: 6
processing event: OrderCreatedEvent, order_id: 7, available_pickups: 36 , available_dropoffs: 206 , passenger_id: 7, route_id: 1, passenger_num: 0 id: 915 at time: 432
Processed event: OrderCreatedEvent, order_id: 7, available_pickups: 36 , available_dropoffs: 206 , passenger_id: 7, route_id: 1, passenger_num: 1 id: 915
processing event: PassengerRouteStartEvent, passenger_id: 8, route_id: 1 id: 7 at time: 435
Processed event: PassengerRouteStartEvent, passenger_id: 8, route_id: 1 id: 7
processing event: OrderCreatedEvent, order_id: 8, available_pickups: 75 , available_dropoffs: 108 , passenger_id: 8, route_id: 1, passenger_num: 0 id: 916 at time: 435
Processed event: OrderCreatedEvent, order_id: 8, available_pickups: 75 , available_dropoffs: 108 , passenger_id: 8, route_id: 1, passenger_num: 1 id: 916
Simulator::runFor: now_ = 435 target = 440
[progress] simulator time = 440 / 3000
processing event: OrderMatchedEvent, order_id: 8, vehicle_id: 5 id: 917 at time: 440
Processed event: OrderMatchedEvent, order_id: 8, vehicle_id: 5 id: 917
processing event: VehicleDepartureEvent, vehicle_id: 5, road_id: 1000000000000000188, offset: 402.860000 id: 919 at time: 440
Processed event: VehicleDepartureEvent, vehicle_id: 5, road_id: 1000000000000000188, offset: 402.860000 id: 919
processing event: OrderMatchedEvent, order_id: 7, vehicle_id: 12 id: 920 at time: 440
Processed event: OrderMatchedEvent, order_id: 7, vehicle_id: 12 id: 920
processing event: VehicleDepartureEvent, vehicle_id: 12, road_id: 1000000000000000187, offset: 74.310000 id: 921 at time: 440
Processed event: VehicleDepartureEvent, vehicle_id: 12, road_id: 1000000000000000187, offset: 74.310000 id: 921
processing event: PassengerArrivalEvent, passenger_id: 8 id: 922 at time: 440
Processed event: PassengerArrivalEvent, passenger_id: 8 id: 922
processing event: PassengerArrivalEvent, passenger_id: 7 id: 924 at time: 440
Processed event: PassengerArrivalEvent, passenger_id: 7 id: 924
Simulator::runFor: now_ = 440 target = 450
[progress] simulator time = 450 / 3000
processing event: VehicleArriveIntersectionEvent, vehicle_id: 3, road_id: 1000000000000000479 id: 899 at time: 455.955
Processed event: VehicleArriveIntersectionEvent, vehicle_id: 3, road_id: 1000000000000000479 id: 899
processing event: VehicleEnterNewRoadEvent, vehicle_id: 3, road_id: 1000000000000000481 id: 926 at time: 457.755
Processed event: VehicleEnterNewRoadEvent, vehicle_id: 3, road_id: 1000000000000000481 id: 926
processing event: VehicleDepartureEvent, vehicle_id: 3, road_id: 1000000000000000481, offset: 0.000000 id: 927 at time: 457.755
Processed event: VehicleDepartureEvent, vehicle_id: 3, road_id: 1000000000000000481, offset: 0.000000 id: 927
Simulator::runFor: now_ = 457.755 target = 460
[progress] simulator time = 460 / 3000
processing event: VehicleArriveIntersectionEvent, vehicle_id: 5, road_id: 1000000000000000188 id: 923 at time: 467.028
Processed event: VehicleArriveIntersectionEvent, vehicle_id: 5, road_id: 1000000000000000188 id: 923
processing event: VehicleEnterNewRoadEvent, vehicle_id: 5, road_id: 1000000000000000074 id: 929 at time: 468.828
Processed event: VehicleEnterNewRoadEvent, vehicle_id: 5, road_id: 1000000000000000074 id: 929
processing event: VehicleDepartureEvent, vehicle_id: 5, road_id: 1000000000000000074, offset: 0.000000 id: 932 at time: 468.828
Processed event: VehicleDepartureEvent, vehicle_id: 5, road_id: 1000000000000000074, offset: 0.000000 id: 932
Simulator::runFor: now_ = 468.828 target = 470
[progress] simulator time = 470 / 3000
processing event: VehicleArriveIntersectionEvent, vehicle_id: 14, road_id: 1000000000000000364 id: 914 at time: 478.624
Processed event: VehicleArriveIntersectionEvent, vehicle_id: 14, road_id: 1000000000000000364 id: 914
Simulator::runFor: now_ = 478.624 target = 480
[progress] simulator time = 480 / 3000
processing event: VehicleArriveIntersectionEvent, vehicle_id: 4, road_id: 1000000000000000341 id: 909 at time: 480.256
Processed event: VehicleArriveIntersectionEvent, vehicle_id: 4, road_id: 1000000000000000341 id: 909
processing event: VehicleEnterNewRoadEvent, vehicle_id: 14, road_id: 1000000000000000366 id: 934 at time: 480.424
Processed event: VehicleEnterNewRoadEvent, vehicle_id: 14, road_id: 1000000000000000366 id: 934
processing event: VehicleDepartureEvent, vehicle_id: 14, road_id: 1000000000000000366, offset: 0.000000 id: 936 at time: 480.424
Processed event: VehicleDepartureEvent, vehicle_id: 14, road_id: 1000000000000000366, offset: 0.000000 id: 936
processing event: VehicleEnterNewRoadEvent, vehicle_id: 4, road_id: 1000000000000000243 id: 935 at time: 482.056
Processed event: VehicleEnterNewRoadEvent, vehicle_id: 4, road_id: 1000000000000000243 id: 935
processing event: VehicleDepartureEvent, vehicle_id: 4, road_id: 1000000000000000243, offset: 0.000000 id: 938 at time: 482.056
Processed event: VehicleDepartureEvent, vehicle_id: 4, road_id: 1000000000000000243, offset: 0.000000 id: 938
processing event: VehicleArriveIntersectionEvent, vehicle_id: 16, road_id: 1000000000000000336 id: 912 at time: 484.538
Processed event: VehicleArriveIntersectionEvent, vehicle_id: 16, road_id: 1000000000000000336 id: 912
processing event: VehicleEnterNewRoadEvent, vehicle_id: 16, road_id: 1000000000000000337 id: 940 at time: 486.338
Processed event: VehicleEnterNewRoadEvent, vehicle_id: 16, road_id: 1000000000000000337 id: 940
processing event: VehicleDepartureEvent, vehicle_id: 16, road_id: 1000000000000000337, offset: 0.000000 id: 941 at time: 486.338
Processed event: VehicleDepartureEvent, vehicle_id: 16, road_id: 1000000000000000337, offset: 0.000000 id: 941
Simulator::runFor: now_ = 486.338 target = 490
[progress] simulator time = 490 / 3000
Event is not valid: VehicleCheckPointEvent, vehicle_id: 11 id: 930 at time: 492.864
Event is not valid: VehicleArriveIntersectionEvent, vehicle_id: 11, road_id: 1000000000000000188 id: 896 at time: 494.304
Event is not valid: VehicleArriveIntersectionEvent, vehicle_id: 11, road_id: 1000000000000000188 id: 918 at time: 494.304
processing event: VehicleArriveIntersectionEvent, vehicle_id: 11, road_id: 1000000000000000188 id: 931 at time: 494.304
Processed event: VehicleArriveIntersectionEvent, vehicle_id: 11, road_id: 1000000000000000188 id: 931
processing event: VehicleEnterNewRoadEvent, vehicle_id: 11, road_id: 1000000000000000074 id: 943 at time: 496.104
Processed event: VehicleEnterNewRoadEvent, vehicle_id: 11, road_id: 1000000000000000074 id: 943
processing event: VehicleDepartureEvent, vehicle_id: 11, road_id: 1000000000000000074, offset: 0.000000 id: 944 at time: 496.104
Processed event: VehicleDepartureEvent, vehicle_id: 11, road_id: 1000000000000000074, offset: 0.000000 id: 944
Simulator::runFor: now_ = 496.104 target = 500
[progress] simulator time = 500 / 3000
Simulator::runFor: now_ = 500 target = 510
[progress] simulator time = 510 / 3000
Simulator::runFor: now_ = 510 target = 520
[progress] simulator time = 520 / 3000
processing event: VehicleArriveIntersectionEvent, vehicle_id: 12, road_id: 1000000000000000187 id: 925 at time: 521.132
Processed event: VehicleArriveIntersectionEvent, vehicle_id: 12, road_id: 1000000000000000187 id: 925
processing event: VehicleEnterNewRoadEvent, vehicle_id: 12, road_id: 1000000000000000188 id: 946 at time: 522.932
Processed event: VehicleEnterNewRoadEvent, vehicle_id: 12, road_id: 1000000000000000188 id: 946
processing event: VehicleDepartureEvent, vehicle_id: 12, road_id: 1000000000000000188, offset: 0.000000 id: 947 at time: 522.932
Processed event: VehicleDepartureEvent, vehicle_id: 12, road_id: 1000000000000000188, offset: 0.000000 id: 947
Event is not valid: VehicleArriveIntersectionEvent, vehicle_id: 5, road_id: 1000000000000000074 id: 933 at time: 525.534
processing event: VehicleArriveIntersectionEvent, vehicle_id: 5, road_id: 1000000000000000074 id: 945 at time: 525.534
Processed event: VehicleArriveIntersectionEvent, vehicle_id: 5, road_id: 1000000000000000074 id: 945
processing event: VehicleEnterNewRoadEvent, vehicle_id: 5, road_id: 1000000000000000701 id: 949 at time: 527.334
Processed event: VehicleEnterNewRoadEvent, vehicle_id: 5, road_id: 1000000000000000701 id: 949
processing event: VehicleDepartureEvent, vehicle_id: 5, road_id: 1000000000000000701, offset: 0.000000 id: 952 at time: 527.334
Processed event: VehicleDepartureEvent, vehicle_id: 5, road_id: 1000000000000000701, offset: 0.000000 id: 952
Simulator::runFor: now_ = 527.334 target = 530
[progress] simulator time = 530 / 3000
processing event: PassengerRouteStartEvent, passenger_id: 9, route_id: 1 id: 8 at time: 532
Processed event: PassengerRouteStartEvent, passenger_id: 9, route_id: 1 id: 8
processing event: OrderCreatedEvent, order_id: 9, available_pickups: 220 , available_dropoffs: 242 , passenger_id: 9, route_id: 1, passenger_num: 0 id: 954 at time: 532
Processed event: OrderCreatedEvent, order_id: 9, available_pickups: 220 , available_dropoffs: 242 , passenger_id: 9, route_id: 1, passenger_num: 3 id: 954
processing event: VehicleArriveIntersectionEvent, vehicle_id: 5, road_id: 1000000000000000701 id: 953 at time: 535.795
Processed event: VehicleArriveIntersectionEvent, vehicle_id: 5, road_id: 1000000000000000701 id: 953
processing event: VehicleEnterNewRoadEvent, vehicle_id: 5, road_id: 1000000000000000700 id: 955 at time: 537.595
Processed event: VehicleEnterNewRoadEvent, vehicle_id: 5, road_id: 1000000000000000700 id: 955
processing event: VehicleDepartureEvent, vehicle_id: 5, road_id: 1000000000000000700, offset: 0.000000 id: 956 at time: 537.595
Processed event: VehicleDepartureEvent, vehicle_id: 5, road_id: 1000000000000000700, offset: 0.000000 id: 956
Simulator::runFor: now_ = 537.595 target = 540
[progress] simulator time = 540 / 3000
processing event: OrderMatchedEvent, order_id: 9, vehicle_id: 16 id: 958 at time: 540
Processed event: OrderMatchedEvent, order_id: 9, vehicle_id: 16 id: 958
processing event: PassengerArrivalEvent, passenger_id: 9 id: 960 at time: 540
Processed event: PassengerArrivalEvent, passenger_id: 9 id: 960
Simulator::runFor: now_ = 540 target = 550
[progress] simulator time = 550 / 3000
processing event: VehicleArriveIntersectionEvent, vehicle_id: 3, road_id: 1000000000000000481 id: 928 at time: 551.005
Processed event: VehicleArriveIntersectionEvent, vehicle_id: 3, road_id: 1000000000000000481 id: 928
Event is not valid: VehicleCheckPointEvent, vehicle_id: 11 id: 950 at time: 551.37
Event is not valid: VehicleArriveIntersectionEvent, vehicle_id: 16, road_id: 1000000000000000337 id: 942 at time: 552.045
processing event: VehicleArriveIntersectionEvent, vehicle_id: 16, road_id: 1000000000000000337 id: 959 at time: 552.045
Processed event: VehicleArriveIntersectionEvent, vehicle_id: 16, road_id: 1000000000000000337 id: 959
processing event: VehicleEnterNewRoadEvent, vehicle_id: 3, road_id: 1000000000000000482 id: 961 at time: 552.805
Processed event: VehicleEnterNewRoadEvent, vehicle_id: 3, road_id: 1000000000000000482 id: 961
processing event: VehicleDepartureEvent, vehicle_id: 3, road_id: 1000000000000000482, offset: 0.000000 id: 963 at time: 552.805
Processed event: VehicleDepartureEvent, vehicle_id: 3, road_id: 1000000000000000482, offset: 0.000000 id: 963
processing event: VehicleArriveIntersectionEvent, vehicle_id: 11, road_id: 1000000000000000074 id: 951 at time: 552.81
Processed event: VehicleArriveIntersectionEvent, vehicle_id: 11, road_id: 1000000000000000074 id: 951
processing event: VehicleEnterNewRoadEvent, vehicle_id: 16, road_id: 1000000000000000190 id: 962 at time: 553.845
Processed event: VehicleEnterNewRoadEvent, vehicle_id: 16, road_id: 1000000000000000190 id: 962
processing event: VehicleDepartureEvent, vehicle_id: 16, road_id: 1000000000000000190, offset: 0.000000 id: 966 at time: 553.845
Processed event: VehicleDepartureEvent, vehicle_id: 16, road_id: 1000000000000000190, offset: 0.000000 id: 966
processing event: VehicleEnterNewRoadEvent, vehicle_id: 11, road_id: 1000000000000000701 id: 965 at time: 554.61
Processed event: VehicleEnterNewRoadEvent, vehicle_id: 11, road_id: 1000000000000000701 id: 965
processing event: VehicleDepartureEvent, vehicle_id: 11, road_id: 1000000000000000701, offset: 0.000000 id: 968 at time: 554.61
Processed event: VehicleDepartureEvent, vehicle_id: 11, road_id: 1000000000000000701, offset: 0.000000 id: 968
processing event: VehicleArriveIntersectionEvent, vehicle_id: 14, road_id: 1000000000000000366 id: 937 at time: 559.632
Processed event: VehicleArriveIntersectionEvent, vehicle_id: 14, road_id: 1000000000000000366 id: 937
processing event: VehicleArriveIntersectionEvent, vehicle_id: 5, road_id: 1000000000000000700 id: 957 at time: 559.917
Processed event: VehicleArriveIntersectionEvent, vehicle_id: 5, road_id: 1000000000000000700 id: 957
Simulator::runFor: now_ = 559.917 target = 560
[progress] simulator time = 560 / 3000
processing event: VehicleEnterNewRoadEvent, vehicle_id: 14, road_id: 1000000000000000052 id: 970 at time: 561.432
Processed event: VehicleEnterNewRoadEvent, vehicle_id: 14, road_id: 1000000000000000052 id: 970
processing event: VehicleDepartureEvent, vehicle_id: 14, road_id: 1000000000000000052, offset: 0.000000 id: 972 at time: 561.432
Processed event: VehicleDepartureEvent, vehicle_id: 14, road_id: 1000000000000000052, offset: 0.000000 id: 972
processing event: VehicleEnterNewRoadEvent, vehicle_id: 5, road_id: 1000000000000000209 id: 971 at time: 561.717
Processed event: VehicleEnterNewRoadEvent, vehicle_id: 5, road_id: 1000000000000000209 id: 971
processing event: VehicleDepartureEvent, vehicle_id: 5, road_id: 1000000000000000209, offset: 0.000000 id: 974 at time: 561.717
Processed event: VehicleDepartureEvent, vehicle_id: 5, road_id: 1000000000000000209, offset: 0.000000 id: 974
processing event: VehicleArriveIntersectionEvent, vehicle_id: 11, road_id: 1000000000000000701 id: 969 at time: 563.071
Processed event: VehicleArriveIntersectionEvent, vehicle_id: 11, road_id: 1000000000000000701 id: 969
processing event: VehicleEnterNewRoadEvent, vehicle_id: 11, road_id: 1000000000000000700 id: 976 at time: 564.871
Processed event: VehicleEnterNewRoadEvent, vehicle_id: 11, road_id: 1000000000000000700 id: 976
processing event: VehicleDepartureEvent, vehicle_id: 11, road_id: 1000000000000000700, offset: 0.000000 id: 977 at time: 564.871
Processed event: VehicleDepartureEvent, vehicle_id: 11, road_id: 1000000000000000700, offset: 0.000000 id: 977
processing event: PassengerRouteStartEvent, passenger_id: 10, route_id: 1 id: 9 at time: 568
Processed event: PassengerRouteStartEvent, passenger_id: 10, route_id: 1 id: 9
processing event: OrderCreatedEvent, order_id: 10, available_pickups: 195 , available_dropoffs: 13 , passenger_id: 10, route_id: 1, passenger_num: 0 id: 979 at time: 568
Processed event: OrderCreatedEvent, order_id: 10, available_pickups: 195 , available_dropoffs: 13 , passenger_id: 10, route_id: 1, passenger_num: 1 id: 979
Simulator::runFor: now_ = 568 target = 570
[progress] simulator time = 570 / 3000
processing event: OrderMatchedEvent, order_id: 10, vehicle_id: 20 id: 980 at time: 570
Processed event: OrderMatchedEvent, order_id: 10, vehicle_id: 20 id: 980
processing event: VehicleDepartureEvent, vehicle_id: 20, road_id: 1000000000000000172, offset: 53.130000 id: 981 at time: 570
Processed event: VehicleDepartureEvent, vehicle_id: 20, road_id: 1000000000000000172, offset: 53.130000 id: 981
processing event: PassengerArrivalEvent, passenger_id: 10 id: 982 at time: 570
Processed event: PassengerArrivalEvent, passenger_id: 10 id: 982
processing event: VehicleArriveIntersectionEvent, vehicle_id: 4, road_id: 1000000000000000243 id: 939 at time: 573.865
Processed event: VehicleArriveIntersectionEvent, vehicle_id: 4, road_id: 1000000000000000243 id: 939
processing event: VehicleEnterNewRoadEvent, vehicle_id: 4, road_id: 1000000000000001102 id: 984 at time: 575.665
Processed event: VehicleEnterNewRoadEvent, vehicle_id: 4, road_id: 1000000000000001102 id: 984
processing event: VehicleDepartureEvent, vehicle_id: 4, road_id: 1000000000000001102, offset: 0.000000 id: 985 at time: 575.665
Processed event: VehicleDepartureEvent, vehicle_id: 4, road_id: 1000000000000001102, offset: 0.000000 id: 985
Simulator::runFor: now_ = 575.665 target = 580
[progress] simulator time = 580 / 3000
processing event: VehicleArriveIntersectionEvent, vehicle_id: 20, road_id: 1000000000000000172 id: 983 at time: 582.218
Processed event: VehicleArriveIntersectionEvent, vehicle_id: 20, road_id: 1000000000000000172 id: 983
processing event: VehicleEnterNewRoadEvent, vehicle_id: 20, road_id: 1000000000000001060 id: 987 at time: 584.018
Processed event: VehicleEnterNewRoadEvent, vehicle_id: 20, road_id: 1000000000000001060 id: 987
processing event: VehicleDepartureEvent, vehicle_id: 20, road_id: 1000000000000001060, offset: 0.000000 id: 988 at time: 584.018
Processed event: VehicleDepartureEvent, vehicle_id: 20, road_id: 1000000000000001060, offset: 0.000000 id: 988
processing event: VehicleArriveIntersectionEvent, vehicle_id: 11, road_id: 1000000000000000700 id: 978 at time: 587.194
Processed event: VehicleArriveIntersectionEvent, vehicle_id: 11, road_id: 1000000000000000700 id: 978
processing event: VehicleEnterNewRoadEvent, vehicle_id: 11, road_id: 1000000000000000209 id: 990 at time: 588.994
Processed event: VehicleEnterNewRoadEvent, vehicle_id: 11, road_id: 1000000000000000209 id: 990
processing event: VehicleDepartureEvent, vehicle_id: 11, road_id: 1000000000000000209, offset: 0.000000 id: 991 at time: 588.994
Processed event: VehicleDepartureEvent, vehicle_id: 11, road_id: 1000000000000000209, offset: 0.000000 id: 991
Simulator::runFor: now_ = 588.994 target = 590
[progress] simulator time = 590 / 3000
processing event: VehicleArriveIntersectionEvent, vehicle_id: 16, road_id: 1000000000000000190 id: 967 at time: 592.189
Processed event: VehicleArriveIntersectionEvent, vehicle_id: 16, road_id: 1000000000000000190 id: 967
processing event: VehicleEnterNewRoadEvent, vehicle_id: 16, road_id: 1000000000000000191 id: 993 at time: 593.989
Processed event: VehicleEnterNewRoadEvent, vehicle_id: 16, road_id: 1000000000000000191 id: 993
processing event: VehicleDepartureEvent, vehicle_id: 16, road_id: 1000000000000000191, offset: 0.000000 id: 994 at time: 593.989
Processed event: VehicleDepartureEvent, vehicle_id: 16, road_id: 1000000000000000191, offset: 0.000000 id: 994
processing event: BusArrivalEvent, vehicle_id: 16, stop_id: 2 id: 995 at time: 598.495
Processed event: BusArrivalEvent, vehicle_id: 16, stop_id: 2 id: 995
processing event: PassengerOnboardEvent, passenger_id: 1 id: 996 at time: 598.495
Processed event: PassengerOnboardEvent, passenger_id: 1 id: 996
processing event: PassengerRouteStartEvent, passenger_id: 11, route_id: 1 id: 10 at time: 600
Processed event: PassengerRouteStartEvent, passenger_id: 11, route_id: 1 id: 10
processing event: OrderCreatedEvent, order_id: 11, available_pickups: 49 , available_dropoffs: 292 , passenger_id: 11, route_id: 1, passenger_num: 0 id: 998 at time: 600
Processed event: OrderCreatedEvent, order_id: 11, available_pickups: 49 , available_dropoffs: 292 , passenger_id: 11, route_id: 1, passenger_num: 2 id: 998
Simulator::runFor: now_ = 600 target = 600
[progress] simulator time = 600 / 3000
processing event: OrderMatchedEvent, order_id: 11, vehicle_id: 15 id: 999 at time: 600
Processed event: OrderMatchedEvent, order_id: 11, vehicle_id: 15 id: 999
processing event: VehicleDepartureEvent, vehicle_id: 15, road_id: 1000000000000000123, offset: 179.980000 id: 1000 at time: 600
Processed event: VehicleDepartureEvent, vehicle_id: 15, road_id: 1000000000000000123, offset: 179.980000 id: 1000
processing event: PassengerArrivalEvent, passenger_id: 11 id: 1001 at time: 600
Processed event: PassengerArrivalEvent, passenger_id: 11 id: 1001
processing event: VehicleDepartureEvent, vehicle_id: 16, road_id: 1000000000000000191, offset: 25.030000 id: 997 at time: 603.495
Processed event: VehicleDepartureEvent, vehicle_id: 16, road_id: 1000000000000000191, offset: 25.030000 id: 997
processing event: VehicleArriveIntersectionEvent, vehicle_id: 20, road_id: 1000000000000001060 id: 989 at time: 605.8
Processed event: VehicleArriveIntersectionEvent, vehicle_id: 20, road_id: 1000000000000001060 id: 989
processing event: VehicleEnterNewRoadEvent, vehicle_id: 20, road_id: 1000000000000001059 id: 1004 at time: 607.6
Processed event: VehicleEnterNewRoadEvent, vehicle_id: 20, road_id: 1000000000000001059 id: 1004
processing event: VehicleDepartureEvent, vehicle_id: 20, road_id: 1000000000000001059, offset: 0.000000 id: 1005 at time: 607.6
Processed event: VehicleDepartureEvent, vehicle_id: 20, road_id: 1000000000000001059, offset: 0.000000 id: 1005
Simulator::runFor: now_ = 607.6 target = 610
[progress] simulator time = 610 / 3000
processing event: VehicleArriveIntersectionEvent, vehicle_id: 14, road_id: 1000000000000000052 id: 973 at time: 611.477
Processed event: VehicleArriveIntersectionEvent, vehicle_id: 14, road_id: 1000000000000000052 id: 973
processing event: VehicleEnterNewRoadEvent, vehicle_id: 14, road_id: 1000000000000000053 id: 1007 at time: 613.277
Processed event: VehicleEnterNewRoadEvent, vehicle_id: 14, road_id: 1000000000000000053 id: 1007
processing event: VehicleDepartureEvent, vehicle_id: 14, road_id: 1000000000000000053, offset: 0.000000 id: 1008 at time: 613.277
Processed event: VehicleDepartureEvent, vehicle_id: 14, road_id: 1000000000000000053, offset: 0.000000 id: 1008
processing event: VehicleArriveIntersectionEvent, vehicle_id: 15, road_id: 1000000000000000123 id: 1002 at time: 619.626
Processed event: VehicleArriveIntersectionEvent, vehicle_id: 15, road_id: 1000000000000000123 id: 1002
Simulator::runFor: now_ = 619.626 target = 620
[progress] simulator time = 620 / 3000
processing event: VehicleEnterNewRoadEvent, vehicle_id: 15, road_id: 1000000000000000385 id: 1010 at time: 621.426
Processed event: VehicleEnterNewRoadEvent, vehicle_id: 15, road_id: 1000000000000000385 id: 1010
processing event: VehicleDepartureEvent, vehicle_id: 15, road_id: 1000000000000000385, offset: 0.000000 id: 1011 at time: 621.426
Processed event: VehicleDepartureEvent, vehicle_id: 15, road_id: 1000000000000000385, offset: 0.000000 id: 1011
processing event: VehicleArriveIntersectionEvent, vehicle_id: 12, road_id: 1000000000000000188 id: 948 at time: 622.482
Processed event: VehicleArriveIntersectionEvent, vehicle_id: 12, road_id: 1000000000000000188 id: 948
processing event: VehicleEnterNewRoadEvent, vehicle_id: 12, road_id: 1000000000000000074 id: 1013 at time: 624.283
Processed event: VehicleEnterNewRoadEvent, vehicle_id: 12, road_id: 1000000000000000074 id: 1013
processing event: VehicleDepartureEvent, vehicle_id: 12, road_id: 1000000000000000074, offset: 0.000000 id: 1014 at time: 624.283
Processed event: VehicleDepartureEvent, vehicle_id: 12, road_id: 1000000000000000074, offset: 0.000000 id: 1014
Simulator::runFor: now_ = 624.283 target = 630
[progress] simulator time = 630 / 3000
Event is not valid: VehicleArriveIntersectionEvent, vehicle_id: 5, road_id: 1000000000000000209 id: 975 at time: 630.484
processing event: VehicleArriveIntersectionEvent, vehicle_id: 5, road_id: 1000000000000000209 id: 992 at time: 630.484
Processed event: VehicleArriveIntersectionEvent, vehicle_id: 5, road_id: 1000000000000000209 id: 992
processing event: VehicleEnterNewRoadEvent, vehicle_id: 5, road_id: 1000000000000000210 id: 1016 at time: 632.284
Processed event: VehicleEnterNewRoadEvent, vehicle_id: 5, road_id: 1000000000000000210 id: 1016
processing event: VehicleDepartureEvent, vehicle_id: 5, road_id: 1000000000000000210, offset: 0.000000 id: 1019 at time: 632.284
Processed event: VehicleDepartureEvent, vehicle_id: 5, road_id: 1000000000000000210, offset: 0.000000 id: 1019
Simulator::runFor: now_ = 632.284 target = 640
[progress] simulator time = 640 / 3000
processing event: VehicleArriveIntersectionEvent, vehicle_id: 20, road_id: 1000000000000001059 id: 1006 at time: 645.404
Processed event: VehicleArriveIntersectionEvent, vehicle_id: 20, road_id: 1000000000000001059 id: 1006
processing event: VehicleEnterNewRoadEvent, vehicle_id: 20, road_id: 1000000000000000149 id: 1021 at time: 647.204
Processed event: VehicleEnterNewRoadEvent, vehicle_id: 20, road_id: 1000000000000000149 id: 1021
processing event: VehicleDepartureEvent, vehicle_id: 20, road_id: 1000000000000000149, offset: 0.000000 id: 1022 at time: 647.204
Processed event: VehicleDepartureEvent, vehicle_id: 20, road_id: 1000000000000000149, offset: 0.000000 id: 1022
Simulator::runFor: now_ = 647.204 target = 650
[progress] simulator time = 650 / 3000
processing event: PassengerRouteStartEvent, passenger_id: 12, route_id: 1 id: 11 at time: 652
Processed event: PassengerRouteStartEvent, passenger_id: 12, route_id: 1 id: 11
processing event: OrderCreatedEvent, order_id: 12, available_pickups: 19 , available_dropoffs: 78 , passenger_id: 12, route_id: 1, passenger_num: 0 id: 1024 at time: 652
Processed event: OrderCreatedEvent, order_id: 12, available_pickups: 19 , available_dropoffs: 78 , passenger_id: 12, route_id: 1, passenger_num: 2 id: 1024
processing event: VehicleArriveIntersectionEvent, vehicle_id: 16, road_id: 1000000000000000191 id: 1003 at time: 655.155
Processed event: VehicleArriveIntersectionEvent, vehicle_id: 16, road_id: 1000000000000000191 id: 1003
processing event: VehicleArriveIntersectionEvent, vehicle_id: 3, road_id: 1000000000000000482 id: 964 at time: 655.595
Processed event: VehicleArriveIntersectionEvent, vehicle_id: 3, road_id: 1000000000000000482 id: 964
Event is not valid: VehicleCheckPointEvent, vehicle_id: 11 id: 1017 at time: 656.32
processing event: VehicleEnterNewRoadEvent, vehicle_id: 16, road_id: 1000000000000000328 id: 1025 at time: 656.955
Processed event: VehicleEnterNewRoadEvent, vehicle_id: 16, road_id: 1000000000000000328 id: 1025
processing event: VehicleDepartureEvent, vehicle_id: 16, road_id: 1000000000000000328, offset: 0.000000 id: 1027 at time: 656.955
Processed event: VehicleDepartureEvent, vehicle_id: 16, road_id: 1000000000000000328, offset: 0.000000 id: 1027
processing event: VehicleEnterNewRoadEvent, vehicle_id: 3, road_id: 1000000000000000190 id: 1026 at time: 657.395
Processed event: VehicleEnterNewRoadEvent, vehicle_id: 3, road_id: 1000000000000000190 id: 1026
processing event: VehicleDepartureEvent, vehicle_id: 3, road_id: 1000000000000000190, offset: 0.000000 id: 1029 at time: 657.395
Processed event: VehicleDepartureEvent, vehicle_id: 3, road_id: 1000000000000000190, offset: 0.000000 id: 1029
processing event: VehicleArriveIntersectionEvent, vehicle_id: 11, road_id: 1000000000000000209 id: 1018 at time: 657.761
Processed event: VehicleArriveIntersectionEvent, vehicle_id: 11, road_id: 1000000000000000209 id: 1018
processing event: VehicleEnterNewRoadEvent, vehicle_id: 11, road_id: 1000000000000000210 id: 1031 at time: 659.561
Processed event: VehicleEnterNewRoadEvent, vehicle_id: 11, road_id: 1000000000000000210 id: 1031
processing event: VehicleDepartureEvent, vehicle_id: 11, road_id: 1000000000000000210, offset: 0.000000 id: 1032 at time: 659.561
Processed event: VehicleDepartureEvent, vehicle_id: 11, road_id: 1000000000000000210, offset: 0.000000 id: 1032
Simulator::runFor: now_ = 659.561 target = 660
[progress] simulator time = 660 / 3000
processing event: OrderMatchedEvent, order_id: 12, vehicle_id: 8 id: 1034 at time: 660
Processed event: OrderMatchedEvent, order_id: 12, vehicle_id: 8 id: 1034
processing event: VehicleDepartureEvent, vehicle_id: 8, road_id: 1000000000000000107, offset: 166.150000 id: 1035 at time: 660
Processed event: VehicleDepartureEvent, vehicle_id: 8, road_id: 1000000000000000107, offset: 166.150000 id: 1035
processing event: PassengerArrivalEvent, passenger_id: 12 id: 1036 at time: 660
Processed event: PassengerArrivalEvent, passenger_id: 12 id: 1036
processing event: VehicleArriveIntersectionEvent, vehicle_id: 4, road_id: 1000000000000001102 id: 986 at time: 664.414
Processed event: VehicleArriveIntersectionEvent, vehicle_id: 4, road_id: 1000000000000001102 id: 986
processing event: VehicleEnterNewRoadEvent, vehicle_id: 4, road_id: 1000000000000001101 id: 1038 at time: 666.214
Processed event: VehicleEnterNewRoadEvent, vehicle_id: 4, road_id: 1000000000000001101 id: 1038
processing event: VehicleDepartureEvent, vehicle_id: 4, road_id: 1000000000000001101, offset: 0.000000 id: 1039 at time: 666.214
Processed event: VehicleDepartureEvent, vehicle_id: 4, road_id: 1000000000000001101, offset: 0.000000 id: 1039
Simulator::runFor: now_ = 666.214 target = 670
[progress] simulator time = 670 / 3000
processing event: VehicleArriveIntersectionEvent, vehicle_id: 15, road_id: 1000000000000000385 id: 1012 at time: 679.932
Processed event: VehicleArriveIntersectionEvent, vehicle_id: 15, road_id: 1000000000000000385 id: 1012
Simulator::runFor: now_ = 679.932 target = 680
[progress] simulator time = 680 / 3000
processing event: VehicleArriveIntersectionEvent, vehicle_id: 12, road_id: 1000000000000000074 id: 1015 at time: 680.988
Processed event: VehicleArriveIntersectionEvent, vehicle_id: 12, road_id: 1000000000000000074 id: 1015
processing event: VehicleEnterNewRoadEvent, vehicle_id: 15, road_id: 1000000000000000430 id: 1041 at time: 681.732
Processed event: VehicleEnterNewRoadEvent, vehicle_id: 15, road_id: 1000000000000000430 id: 1041
processing event: VehicleDepartureEvent, vehicle_id: 15, road_id: 1000000000000000430, offset: 0.000000 id: 1043 at time: 681.732
Processed event: VehicleDepartureEvent, vehicle_id: 15, road_id: 1000000000000000430, offset: 0.000000 id: 1043
processing event: VehicleEnterNewRoadEvent, vehicle_id: 12, road_id: 1000000000000000701 id: 1042 at time: 682.788
Processed event: VehicleEnterNewRoadEvent, vehicle_id: 12, road_id: 1000000000000000701 id: 1042
processing event: VehicleDepartureEvent, vehicle_id: 12, road_id: 1000000000000000701, offset: 0.000000 id: 1045 at time: 682.788
Processed event: VehicleDepartureEvent, vehicle_id: 12, road_id: 1000000000000000701, offset: 0.000000 id: 1045
processing event: VehicleArriveIntersectionEvent, vehicle_id: 20, road_id: 1000000000000000149 id: 1023 at time: 684.288
Processed event: VehicleArriveIntersectionEvent, vehicle_id: 20, road_id: 1000000000000000149 id: 1023
processing event: VehicleEnterNewRoadEvent, vehicle_id: 20, road_id: 1000000000000000151 id: 1047 at time: 686.088
Processed event: VehicleEnterNewRoadEvent, vehicle_id: 20, road_id: 1000000000000000151 id: 1047
processing event: VehicleDepartureEvent, vehicle_id: 20, road_id: 1000000000000000151, offset: 0.000000 id: 1048 at time: 686.088
Processed event: VehicleDepartureEvent, vehicle_id: 20, road_id: 1000000000000000151, offset: 0.000000 id: 1048
processing event: VehicleArriveIntersectionEvent, vehicle_id: 14, road_id: 1000000000000000053 id: 1009 at time: 689.425
Processed event: VehicleArriveIntersectionEvent, vehicle_id: 14, road_id: 1000000000000000053 id: 1009
Simulator::runFor: now_ = 689.425 target = 690
[progress] simulator time = 690 / 3000
processing event: VehicleEnterNewRoadEvent, vehicle_id: 14, road_id: 1000000000000000698 id: 1050 at time: 691.225
Processed event: VehicleEnterNewRoadEvent, vehicle_id: 14, road_id: 1000000000000000698 id: 1050
processing event: VehicleDepartureEvent, vehicle_id: 14, road_id: 1000000000000000698, offset: 0.000000 id: 1051 at time: 691.225
Processed event: VehicleDepartureEvent, vehicle_id: 14, road_id: 1000000000000000698, offset: 0.000000 id: 1051
processing event: VehicleArriveIntersectionEvent, vehicle_id: 12, road_id: 1000000000000000701 id: 1046 at time: 691.249
Processed event: VehicleArriveIntersectionEvent, vehicle_id: 12, road_id: 1000000000000000701 id: 1046
Event is not valid: VehicleArriveIntersectionEvent, vehicle_id: 5, road_id: 1000000000000000210 id: 1020 at time: 692.77
processing event: VehicleArriveIntersectionEvent, vehicle_id: 5, road_id: 1000000000000000210 id: 1033 at time: 692.77
Processed event: VehicleArriveIntersectionEvent, vehicle_id: 5, road_id: 1000000000000000210 id: 1033
processing event: VehicleEnterNewRoadEvent, vehicle_id: 12, road_id: 1000000000000000700 id: 1053 at time: 693.05
Processed event: VehicleEnterNewRoadEvent, vehicle_id: 12, road_id: 1000000000000000700 id: 1053
processing event: VehicleDepartureEvent, vehicle_id: 12, road_id: 1000000000000000700, offset: 0.000000 id: 1056 at time: 693.05
Processed event: VehicleDepartureEvent, vehicle_id: 12, road_id: 1000000000000000700, offset: 0.000000 id: 1056
processing event: PassengerRouteStartEvent, passenger_id: 13, route_id: 1 id: 12 at time: 694
Processed event: PassengerRouteStartEvent, passenger_id: 13, route_id: 1 id: 12
processing event: OrderCreatedEvent, order_id: 13, available_pickups: 277 , available_dropoffs: 97 , passenger_id: 13, route_id: 1, passenger_num: 0 id: 1058 at time: 694
Processed event: OrderCreatedEvent, order_id: 13, available_pickups: 277 , available_dropoffs: 97 , passenger_id: 13, route_id: 1, passenger_num: 2 id: 1058
processing event: VehicleEnterNewRoadEvent, vehicle_id: 5, road_id: 1000000000000000157 id: 1054 at time: 694.571
Processed event: VehicleEnterNewRoadEvent, vehicle_id: 5, road_id: 1000000000000000157 id: 1054
processing event: VehicleDepartureEvent, vehicle_id: 5, road_id: 1000000000000000157, offset: 0.000000 id: 1060 at time: 694.571
Processed event: VehicleDepartureEvent, vehicle_id: 5, road_id: 1000000000000000157, offset: 0.000000 id: 1060
processing event: VehicleArriveIntersectionEvent, vehicle_id: 3, road_id: 1000000000000000190 id: 1030 at time: 695.739
Processed event: VehicleArriveIntersectionEvent, vehicle_id: 3, road_id: 1000000000000000190 id: 1030
processing event: PassengerRouteStartEvent, passenger_id: 14, route_id: 1 id: 13 at time: 696
Processed event: PassengerRouteStartEvent, passenger_id: 14, route_id: 1 id: 13
processing event: OrderCreatedEvent, order_id: 14, available_pickups: 263 , available_dropoffs: 256 , passenger_id: 14, route_id: 1, passenger_num: 0 id: 1063 at time: 696
Processed event: OrderCreatedEvent, order_id: 14, available_pickups: 263 , available_dropoffs: 256 , passenger_id: 14, route_id: 1, passenger_num: 1 id: 1063
processing event: VehicleEnterNewRoadEvent, vehicle_id: 3, road_id: 1000000000000000191 id: 1062 at time: 697.539
Processed event: VehicleEnterNewRoadEvent, vehicle_id: 3, road_id: 1000000000000000191 id: 1062
processing event: VehicleDepartureEvent, vehicle_id: 3, road_id: 1000000000000000191, offset: 0.000000 id: 1064 at time: 697.539
Processed event: VehicleDepartureEvent, vehicle_id: 3, road_id: 1000000000000000191, offset: 0.000000 id: 1064
processing event: VehicleArriveIntersectionEvent, vehicle_id: 5, road_id: 1000000000000000157 id: 1061 at time: 699.251
Processed event: VehicleArriveIntersectionEvent, vehicle_id: 5, road_id: 1000000000000000157 id: 1061
Simulator::runFor: now_ = 699.251 target = 700
[progress] simulator time = 700 / 3000
processing event: OrderMatchedEvent, order_id: 13, vehicle_id: 9 id: 1067 at time: 700
Processed event: OrderMatchedEvent, order_id: 13, vehicle_id: 9 id: 1067
processing event: VehicleDepartureEvent, vehicle_id: 9, road_id: 1000000000000000107, offset: 160.740000 id: 1069 at time: 700
Processed event: VehicleDepartureEvent, vehicle_id: 9, road_id: 1000000000000000107, offset: 160.740000 id: 1069
processing event: OrderMatchedEvent, order_id: 14, vehicle_id: 10 id: 1070 at time: 700
Processed event: OrderMatchedEvent, order_id: 14, vehicle_id: 10 id: 1070
processing event: VehicleDepartureEvent, vehicle_id: 10, road_id: 1000000000000000187, offset: 416.100000 id: 1071 at time: 700
Processed event: VehicleDepartureEvent, vehicle_id: 10, road_id: 1000000000000000187, offset: 416.100000 id: 1071
processing event: PassengerArrivalEvent, passenger_id: 13 id: 1072 at time: 700
Processed event: PassengerArrivalEvent, passenger_id: 13 id: 1072
processing event: PassengerArrivalEvent, passenger_id: 14 id: 1074 at time: 700
Processed event: PassengerArrivalEvent, passenger_id: 14 id: 1074
processing event: VehicleEnterNewRoadEvent, vehicle_id: 5, road_id: 1000000000000000163 id: 1066 at time: 701.051
Processed event: VehicleEnterNewRoadEvent, vehicle_id: 5, road_id: 1000000000000000163 id: 1066
processing event: VehicleDepartureEvent, vehicle_id: 5, road_id: 1000000000000000163, offset: 0.000000 id: 1076 at time: 701.051
Processed event: VehicleDepartureEvent, vehicle_id: 5, road_id: 1000000000000000163, offset: 0.000000 id: 1076
Event is not valid: VehicleArriveIntersectionEvent, vehicle_id: 8, road_id: 1000000000000000107 id: 1037 at time: 701.557
Event is not valid: VehicleArriveIntersectionEvent, vehicle_id: 8, road_id: 1000000000000000107 id: 1068 at time: 701.557
processing event: VehicleArriveIntersectionEvent, vehicle_id: 8, road_id: 1000000000000000107 id: 1073 at time: 701.557
Processed event: VehicleArriveIntersectionEvent, vehicle_id: 8, road_id: 1000000000000000107 id: 1073
processing event: VehicleArriveIntersectionEvent, vehicle_id: 5, road_id: 1000000000000000163 id: 1077 at time: 702.491
Processed event: VehicleArriveIntersectionEvent, vehicle_id: 5, road_id: 1000000000000000163 id: 1077
processing event: PassengerRouteStartEvent, passenger_id: 15, route_id: 1 id: 14 at time: 703
Processed event: PassengerRouteStartEvent, passenger_id: 15, route_id: 1 id: 14
processing event: OrderCreatedEvent, order_id: 15, available_pickups: 128 , available_dropoffs: 255 , passenger_id: 15, route_id: 1, passenger_num: 0 id: 1081 at time: 703
Processed event: OrderCreatedEvent, order_id: 15, available_pickups: 128 , available_dropoffs: 255 , passenger_id: 15, route_id: 1, passenger_num: 3 id: 1081
processing event: VehicleEnterNewRoadEvent, vehicle_id: 8, road_id: 1000000000000000482 id: 1078 at time: 703.357
Processed event: VehicleEnterNewRoadEvent, vehicle_id: 8, road_id: 1000000000000000482 id: 1078
processing event: VehicleDepartureEvent, vehicle_id: 8, road_id: 1000000000000000482, offset: 0.000000 id: 1083 at time: 703.357
Processed event: VehicleDepartureEvent, vehicle_id: 8, road_id: 1000000000000000482, offset: 0.000000 id: 1083
processing event: VehicleEnterNewRoadEvent, vehicle_id: 5, road_id: 1000000000000000153 id: 1080 at time: 704.292
Processed event: VehicleEnterNewRoadEvent, vehicle_id: 5, road_id: 1000000000000000153 id: 1080
processing event: VehicleDepartureEvent, vehicle_id: 5, road_id: 1000000000000000153, offset: 0.000000 id: 1085 at time: 704.292
Processed event: VehicleDepartureEvent, vehicle_id: 5, road_id: 1000000000000000153, offset: 0.000000 id: 1085
processing event: VehicleArriveIntersectionEvent, vehicle_id: 14, road_id: 1000000000000000698 id: 1052 at time: 708.867
Processed event: VehicleArriveIntersectionEvent, vehicle_id: 14, road_id: 1000000000000000698 id: 1052
Simulator::runFor: now_ = 708.867 target = 710
[progress] simulator time = 710 / 3000
processing event: OrderMatchedEvent, order_id: 15, vehicle_id: 19 id: 1088 at time: 710
Processed event: OrderMatchedEvent, order_id: 15, vehicle_id: 19 id: 1088
processing event: VehicleDepartureEvent, vehicle_id: 19, road_id: 1000000000000000584, offset: 136.190000 id: 1089 at time: 710
Processed event: VehicleDepartureEvent, vehicle_id: 19, road_id: 1000000000000000584, offset: 136.190000 id: 1089
processing event: PassengerArrivalEvent, passenger_id: 15 id: 1090 at time: 710
Processed event: PassengerArrivalEvent, passenger_id: 15 id: 1090
processing event: VehicleEnterNewRoadEvent, vehicle_id: 14, road_id: 1000000000000000699 id: 1087 at time: 710.667
Processed event: VehicleEnterNewRoadEvent, vehicle_id: 14, road_id: 1000000000000000699 id: 1087
processing event: VehicleDepartureEvent, vehicle_id: 14, road_id: 1000000000000000699, offset: 0.000000 id: 1092 at time: 710.667
Processed event: VehicleDepartureEvent, vehicle_id: 14, road_id: 1000000000000000699, offset: 0.000000 id: 1092
processing event: VehicleArriveIntersectionEvent, vehicle_id: 5, road_id: 1000000000000000153 id: 1086 at time: 710.772
Processed event: VehicleArriveIntersectionEvent, vehicle_id: 5, road_id: 1000000000000000153 id: 1086
processing event: VehicleArriveIntersectionEvent, vehicle_id: 19, road_id: 1000000000000000584 id: 1091 at time: 711.766
Processed event: VehicleArriveIntersectionEvent, vehicle_id: 19, road_id: 1000000000000000584 id: 1091
processing event: VehicleArriveIntersectionEvent, vehicle_id: 16, road_id: 1000000000000000328 id: 1028 at time: 712.401
Processed event: VehicleArriveIntersectionEvent, vehicle_id: 16, road_id: 1000000000000000328 id: 1028
processing event: VehicleEnterNewRoadEvent, vehicle_id: 5, road_id: 1000000000000001192 id: 1094 at time: 712.572
Processed event: VehicleEnterNewRoadEvent, vehicle_id: 5, road_id: 1000000000000001192 id: 1094
processing event: VehicleDepartureEvent, vehicle_id: 5, road_id: 1000000000000001192, offset: 0.000000 id: 1097 at time: 712.572
Processed event: VehicleDepartureEvent, vehicle_id: 5, road_id: 1000000000000001192, offset: 0.000000 id: 1097
processing event: VehicleEnterNewRoadEvent, vehicle_id: 19, road_id: 1000000000000001210 id: 1095 at time: 713.566
Processed event: VehicleEnterNewRoadEvent, vehicle_id: 19, road_id: 1000000000000001210 id: 1095
processing event: VehicleDepartureEvent, vehicle_id: 19, road_id: 1000000000000001210, offset: 0.000000 id: 1099 at time: 713.566
Processed event: VehicleDepartureEvent, vehicle_id: 19, road_id: 1000000000000001210, offset: 0.000000 id: 1099
processing event: VehicleEnterNewRoadEvent, vehicle_id: 16, road_id: 1000000000000000329 id: 1096 at time: 714.201
Processed event: VehicleEnterNewRoadEvent, vehicle_id: 16, road_id: 1000000000000000329 id: 1096
processing event: VehicleDepartureEvent, vehicle_id: 16, road_id: 1000000000000000329, offset: 0.000000 id: 1101 at time: 714.201
Processed event: VehicleDepartureEvent, vehicle_id: 16, road_id: 1000000000000000329, offset: 0.000000 id: 1101
processing event: VehicleArriveIntersectionEvent, vehicle_id: 12, road_id: 1000000000000000700 id: 1057 at time: 715.372
Processed event: VehicleArriveIntersectionEvent, vehicle_id: 12, road_id: 1000000000000000700 id: 1057
processing event: VehicleEnterNewRoadEvent, vehicle_id: 12, road_id: 1000000000000000209 id: 1103 at time: 717.172
Processed event: VehicleEnterNewRoadEvent, vehicle_id: 12, road_id: 1000000000000000209 id: 1103
processing event: VehicleDepartureEvent, vehicle_id: 12, road_id: 1000000000000000209, offset: 0.000000 id: 1104 at time: 717.172
Processed event: VehicleDepartureEvent, vehicle_id: 12, road_id: 1000000000000000209, offset: 0.000000 id: 1104
processing event: BusArrivalEvent, vehicle_id: 16, stop_id: 1 id: 1102 at time: 718.114
Processed event: BusArrivalEvent, vehicle_id: 16, stop_id: 1 id: 1102
processing event: PassengerRouteEndEvent, passenger_id: 1, route_id: 1 id: 1106 at time: 718.114
Passenger 1 finished all routes
Processed event: PassengerRouteEndEvent, passenger_id: 1, route_id: 1 id: 1106
processing event: PassengerDropoffEvent, passenger_id: 1 id: 1108 at time: 718.114
Processed event: PassengerDropoffEvent, passenger_id: 1 id: 1108
processing event: OrderFinishedEvent, order_id: 1 id: 1109 at time: 718.114
Processed event: OrderFinishedEvent, order_id: 1 id: 1109
Event is not valid: VehicleCheckPointEvent, vehicle_id: 11 id: 1055 at time: 718.607
processing event: VehicleArriveIntersectionEvent, vehicle_id: 10, road_id: 1000000000000000187 id: 1075 at time: 719.604
Processed event: VehicleArriveIntersectionEvent, vehicle_id: 10, road_id: 1000000000000000187 id: 1075
Simulator::runFor: now_ = 719.604 target = 720
[progress] simulator time = 720 / 3000
processing event: VehicleArriveIntersectionEvent, vehicle_id: 11, road_id: 1000000000000000210 id: 1059 at time: 720.047
Processed event: VehicleArriveIntersectionEvent, vehicle_id: 11, road_id: 1000000000000000210 id: 1059
processing event: VehicleArriveIntersectionEvent, vehicle_id: 14, road_id: 1000000000000000699 id: 1093 at time: 720.928
Processed event: VehicleArriveIntersectionEvent, vehicle_id: 14, road_id: 1000000000000000699 id: 1093
processing event: VehicleEnterNewRoadEvent, vehicle_id: 10, road_id: 1000000000000001062 id: 1110 at time: 721.404
Processed event: VehicleEnterNewRoadEvent, vehicle_id: 10, road_id: 1000000000000001062 id: 1110
processing event: VehicleDepartureEvent, vehicle_id: 10, road_id: 1000000000000001062, offset: 0.000000 id: 1113 at time: 721.404
Processed event: VehicleDepartureEvent, vehicle_id: 10, road_id: 1000000000000001062, offset: 0.000000 id: 1113
processing event: VehicleEnterNewRoadEvent, vehicle_id: 11, road_id: 1000000000000000157 id: 1111 at time: 721.847
Processed event: VehicleEnterNewRoadEvent, vehicle_id: 11, road_id: 1000000000000000157 id: 1111
processing event: VehicleDepartureEvent, vehicle_id: 11, road_id: 1000000000000000157, offset: 0.000000 id: 1115 at time: 721.847
Processed event: VehicleDepartureEvent, vehicle_id: 11, road_id: 1000000000000000157, offset: 0.000000 id: 1115
processing event: VehicleEnterNewRoadEvent, vehicle_id: 14, road_id: 1000000000000000051 id: 1112 at time: 722.728
Processed event: VehicleEnterNewRoadEvent, vehicle_id: 14, road_id: 1000000000000000051 id: 1112
processing event: VehicleDepartureEvent, vehicle_id: 14, road_id: 1000000000000000051, offset: 0.000000 id: 1117 at time: 722.728
Processed event: VehicleDepartureEvent, vehicle_id: 14, road_id: 1000000000000000051, offset: 0.000000 id: 1117
processing event: VehicleDepartureEvent, vehicle_id: 16, road_id: 1000000000000000329, offset: 21.740000 id: 1107 at time: 723.114
Processed event: VehicleDepartureEvent, vehicle_id: 16, road_id: 1000000000000000329, offset: 21.740000 id: 1107
processing event: VehicleArriveIntersectionEvent, vehicle_id: 11, road_id: 1000000000000000157 id: 1116 at time: 726.527
Processed event: VehicleArriveIntersectionEvent, vehicle_id: 11, road_id: 1000000000000000157 id: 1116
processing event: VehicleEnterNewRoadEvent, vehicle_id: 11, road_id: 1000000000000000163 id: 1120 at time: 728.328
Processed event: VehicleEnterNewRoadEvent, vehicle_id: 11, road_id: 1000000000000000163 id: 1120
processing event: VehicleDepartureEvent, vehicle_id: 11, road_id: 1000000000000000163, offset: 0.000000 id: 1121 at time: 728.328
Processed event: VehicleDepartureEvent, vehicle_id: 11, road_id: 1000000000000000163, offset: 0.000000 id: 1121
processing event: VehicleArriveIntersectionEvent, vehicle_id: 11, road_id: 1000000000000000163 id: 1122 at time: 729.768
Processed event: VehicleArriveIntersectionEvent, vehicle_id: 11, road_id: 1000000000000000163 id: 1122
Simulator::runFor: now_ = 729.768 target = 730
[progress] simulator time = 730 / 3000
processing event: VehicleEnterNewRoadEvent, vehicle_id: 11, road_id: 1000000000000000164 id: 1123 at time: 731.568
Processed event: VehicleEnterNewRoadEvent, vehicle_id: 11, road_id: 1000000000000000164 id: 1123
processing event: VehicleDepartureEvent, vehicle_id: 11, road_id: 1000000000000000164, offset: 0.000000 id: 1124 at time: 731.568
Processed event: VehicleDepartureEvent, vehicle_id: 11, road_id: 1000000000000000164, offset: 0.000000 id: 1124
processing event: VehicleArriveIntersectionEvent, vehicle_id: 11, road_id: 1000000000000000164 id: 1125 at time: 736.428
Processed event: VehicleArriveIntersectionEvent, vehicle_id: 11, road_id: 1000000000000000164 id: 1125
processing event: VehicleArriveIntersectionEvent, vehicle_id: 4, road_id: 1000000000000001101 id: 1040 at time: 737.321
Processed event: VehicleArriveIntersectionEvent, vehicle_id: 4, road_id: 1000000000000001101 id: 1040
processing event: VehicleEnterNewRoadEvent, vehicle_id: 11, road_id: 1000000000000000165 id: 1126 at time: 738.229
Processed event: VehicleEnterNewRoadEvent, vehicle_id: 11, road_id: 1000000000000000165 id: 1126
processing event: VehicleDepartureEvent, vehicle_id: 11, road_id: 1000000000000000165, offset: 0.000000 id: 1128 at time: 738.229
Processed event: VehicleDepartureEvent, vehicle_id: 11, road_id: 1000000000000000165, offset: 0.000000 id: 1128
processing event: VehicleEnterNewRoadEvent, vehicle_id: 4, road_id: 1000000000000000257 id: 1127 at time: 739.122
Processed event: VehicleEnterNewRoadEvent, vehicle_id: 4, road_id: 1000000000000000257 id: 1127
processing event: VehicleDepartureEvent, vehicle_id: 4, road_id: 1000000000000000257, offset: 0.000000 id: 1130 at time: 739.122
Processed event: VehicleDepartureEvent, vehicle_id: 4, road_id: 1000000000000000257, offset: 0.000000 id: 1130
processing event: VehicleArriveIntersectionEvent, vehicle_id: 11, road_id: 1000000000000000165 id: 1129 at time: 739.489
Processed event: VehicleArriveIntersectionEvent, vehicle_id: 11, road_id: 1000000000000000165 id: 1129
processing event: VehicleArriveIntersectionEvent, vehicle_id: 19, road_id: 1000000000000001210 id: 1100 at time: 739.849
Processed event: VehicleArriveIntersectionEvent, vehicle_id: 19, road_id: 1000000000000001210 id: 1100
Simulator::runFor: now_ = 739.849 target = 740
[progress] simulator time = 740 / 3000
Event is not valid: VehicleCheckPointEvent, vehicle_id: 9 id: 1079 at time: 741.091
processing event: VehicleEnterNewRoadEvent, vehicle_id: 11, road_id: 1000000000000000154 id: 1132 at time: 741.289
Processed event: VehicleEnterNewRoadEvent, vehicle_id: 11, road_id: 1000000000000000154 id: 1132
processing event: VehicleDepartureEvent, vehicle_id: 11, road_id: 1000000000000000154, offset: 0.000000 id: 1134 at time: 741.289
Processed event: VehicleDepartureEvent, vehicle_id: 11, road_id: 1000000000000000154, offset: 0.000000 id: 1134
processing event: VehicleEnterNewRoadEvent, vehicle_id: 19, road_id: 1000000000000001211 id: 1133 at time: 741.649
Processed event: VehicleEnterNewRoadEvent, vehicle_id: 19, road_id: 1000000000000001211 id: 1133
processing event: VehicleDepartureEvent, vehicle_id: 19, road_id: 1000000000000001211, offset: 0.000000 id: 1136 at time: 741.649
Processed event: VehicleDepartureEvent, vehicle_id: 19, road_id: 1000000000000001211, offset: 0.000000 id: 1136
processing event: VehicleArriveIntersectionEvent, vehicle_id: 5, road_id: 1000000000000001192 id: 1098 at time: 742.455
Processed event: VehicleArriveIntersectionEvent, vehicle_id: 5, road_id: 1000000000000001192 id: 1098
processing event: VehicleArriveIntersectionEvent, vehicle_id: 9, road_id: 1000000000000000107 id: 1082 at time: 742.531
Processed event: VehicleArriveIntersectionEvent, vehicle_id: 9, road_id: 1000000000000000107 id: 1082
processing event: VehicleEnterNewRoadEvent, vehicle_id: 5, road_id: 1000000000000001194 id: 1138 at time: 744.256
Processed event: VehicleEnterNewRoadEvent, vehicle_id: 5, road_id: 1000000000000001194 id: 1138
processing event: VehicleDepartureEvent, vehicle_id: 5, road_id: 1000000000000001194, offset: 0.000000 id: 1140 at time: 744.256
Processed event: VehicleDepartureEvent, vehicle_id: 5, road_id: 1000000000000001194, offset: 0.000000 id: 1140
processing event: VehicleEnterNewRoadEvent, vehicle_id: 9, road_id: 1000000000000000478 id: 1139 at time: 744.331
Processed event: VehicleEnterNewRoadEvent, vehicle_id: 9, road_id: 1000000000000000478 id: 1139
processing event: VehicleDepartureEvent, vehicle_id: 9, road_id: 1000000000000000478, offset: 0.000000 id: 1142 at time: 744.331
Processed event: VehicleDepartureEvent, vehicle_id: 9, road_id: 1000000000000000478, offset: 0.000000 id: 1142
processing event: VehicleArriveIntersectionEvent, vehicle_id: 14, road_id: 1000000000000000051 id: 1118 at time: 745.59
Processed event: VehicleArriveIntersectionEvent, vehicle_id: 14, road_id: 1000000000000000051 id: 1118
processing event: VehicleArriveIntersectionEvent, vehicle_id: 20, road_id: 1000000000000000151 id: 1049 at time: 747.114
Processed event: VehicleArriveIntersectionEvent, vehicle_id: 20, road_id: 1000000000000000151 id: 1049
processing event: VehicleEnterNewRoadEvent, vehicle_id: 14, road_id: 1000000000000000339 id: 1144 at time: 747.391
Processed event: VehicleEnterNewRoadEvent, vehicle_id: 14, road_id: 1000000000000000339 id: 1144
processing event: VehicleDepartureEvent, vehicle_id: 14, road_id: 1000000000000000339, offset: 0.000000 id: 1146 at time: 747.391
Processed event: VehicleDepartureEvent, vehicle_id: 14, road_id: 1000000000000000339, offset: 0.000000 id: 1146
processing event: VehicleArriveIntersectionEvent, vehicle_id: 19, road_id: 1000000000000001211 id: 1137 at time: 747.77
Processed event: VehicleArriveIntersectionEvent, vehicle_id: 19, road_id: 1000000000000001211 id: 1137
processing event: VehicleArriveIntersectionEvent, vehicle_id: 11, road_id: 1000000000000000154 id: 1135 at time: 748.13
Processed event: VehicleArriveIntersectionEvent, vehicle_id: 11, road_id: 1000000000000000154 id: 1135
processing event: VehicleEnterNewRoadEvent, vehicle_id: 20, road_id: 1000000000000000648 id: 1145 at time: 748.914
Processed event: VehicleEnterNewRoadEvent, vehicle_id: 20, road_id: 1000000000000000648 id: 1145
processing event: VehicleDepartureEvent, vehicle_id: 20, road_id: 1000000000000000648, offset: 0.000000 id: 1150 at time: 748.914
Processed event: VehicleDepartureEvent, vehicle_id: 20, road_id: 1000000000000000648, offset: 0.000000 id: 1150
processing event: VehicleEnterNewRoadEvent, vehicle_id: 19, road_id: 1000000000000001188 id: 1148 at time: 749.57
Processed event: VehicleEnterNewRoadEvent, vehicle_id: 19, road_id: 1000000000000001188 id: 1148
processing event: VehicleDepartureEvent, vehicle_id: 19, road_id: 1000000000000001188, offset: 0.000000 id: 1152 at time: 749.57
Processed event: VehicleDepartureEvent, vehicle_id: 19, road_id: 1000000000000001188, offset: 0.000000 id: 1152
processing event: VehicleEnterNewRoadEvent, vehicle_id: 11, road_id: 1000000000000000055 id: 1149 at time: 749.93
Processed event: VehicleEnterNewRoadEvent, vehicle_id: 11, road_id: 1000000000000000055 id: 1149
processing event: VehicleDepartureEvent, vehicle_id: 11, road_id: 1000000000000000055, offset: 0.000000 id: 1154 at time: 749.93
Processed event: VehicleDepartureEvent, vehicle_id: 11, road_id: 1000000000000000055, offset: 0.000000 id: 1154
Simulator::runFor: now_ = 749.93 target = 750
[progress] simulator time = 750 / 3000
processing event: PassengerRouteStartEvent, passenger_id: 16, route_id: 1 id: 15 at time: 751
Processed event: PassengerRouteStartEvent, passenger_id: 16, route_id: 1 id: 15
processing event: OrderCreatedEvent, order_id: 16, available_pickups: 78 , available_dropoffs: 183 , passenger_id: 16, route_id: 1, passenger_num: 0 id: 1156 at time: 751
Processed event: OrderCreatedEvent, order_id: 16, available_pickups: 78 , available_dropoffs: 183 , passenger_id: 16, route_id: 1, passenger_num: 2 id: 1156
processing event: VehicleArriveIntersectionEvent, vehicle_id: 3, road_id: 1000000000000000191 id: 1065 at time: 753.705
Processed event: VehicleArriveIntersectionEvent, vehicle_id: 3, road_id: 1000000000000000191 id: 1065
processing event: VehicleArriveIntersectionEvent, vehicle_id: 19, road_id: 1000000000000001188 id: 1153 at time: 753.89
Processed event: VehicleArriveIntersectionEvent, vehicle_id: 19, road_id: 1000000000000001188 id: 1153
processing event: PassengerRouteStartEvent, passenger_id: 17, route_id: 1 id: 16 at time: 754
Processed event: PassengerRouteStartEvent, passenger_id: 17, route_id: 1 id: 16
processing event: OrderCreatedEvent, order_id: 17, available_pickups: 68 , available_dropoffs: 11 , passenger_id: 17, route_id: 1, passenger_num: 0 id: 1159 at time: 754
Processed event: OrderCreatedEvent, order_id: 17, available_pickups: 68 , available_dropoffs: 11 , passenger_id: 17, route_id: 1, passenger_num: 1 id: 1159
processing event: VehicleArriveIntersectionEvent, vehicle_id: 20, road_id: 1000000000000000648 id: 1151 at time: 754.135
Processed event: VehicleArriveIntersectionEvent, vehicle_id: 20, road_id: 1000000000000000648 id: 1151
processing event: VehicleArriveIntersectionEvent, vehicle_id: 15, road_id: 1000000000000000430 id: 1044 at time: 754.999
Processed event: VehicleArriveIntersectionEvent, vehicle_id: 15, road_id: 1000000000000000430 id: 1044
processing event: VehicleEnterNewRoadEvent, vehicle_id: 3, road_id: 1000000000000000192 id: 1157 at time: 755.505
Processed event: VehicleEnterNewRoadEvent, vehicle_id: 3, road_id: 1000000000000000192 id: 1157
processing event: VehicleDepartureEvent, vehicle_id: 3, road_id: 1000000000000000192, offset: 0.000000 id: 1162 at time: 755.505
Processed event: VehicleDepartureEvent, vehicle_id: 3, road_id: 1000000000000000192, offset: 0.000000 id: 1162
processing event: VehicleEnterNewRoadEvent, vehicle_id: 19, road_id: 1000000000000001056 id: 1158 at time: 755.69
Processed event: VehicleEnterNewRoadEvent, vehicle_id: 19, road_id: 1000000000000001056 id: 1158
processing event: VehicleDepartureEvent, vehicle_id: 19, road_id: 1000000000000001056, offset: 0.000000 id: 1164 at time: 755.69
Processed event: VehicleDepartureEvent, vehicle_id: 19, road_id: 1000000000000001056, offset: 0.000000 id: 1164
processing event: VehicleEnterNewRoadEvent, vehicle_id: 20, road_id: 1000000000000000647 id: 1160 at time: 755.935
Processed event: VehicleEnterNewRoadEvent, vehicle_id: 20, road_id: 1000000000000000647 id: 1160
processing event: VehicleDepartureEvent, vehicle_id: 20, road_id: 1000000000000000647, offset: 0.000000 id: 1166 at time: 755.935
Processed event: VehicleDepartureEvent, vehicle_id: 20, road_id: 1000000000000000647, offset: 0.000000 id: 1166
processing event: VehicleArriveIntersectionEvent, vehicle_id: 20, road_id: 1000000000000000647 id: 1167 at time: 756.115
Processed event: VehicleArriveIntersectionEvent, vehicle_id: 20, road_id: 1000000000000000647 id: 1167
processing event: VehicleEnterNewRoadEvent, vehicle_id: 15, road_id: 1000000000000000694 id: 1161 at time: 756.799
Processed event: VehicleEnterNewRoadEvent, vehicle_id: 15, road_id: 1000000000000000694 id: 1161
processing event: VehicleDepartureEvent, vehicle_id: 15, road_id: 1000000000000000694, offset: 0.000000 id: 1169 at time: 756.799
Processed event: VehicleDepartureEvent, vehicle_id: 15, road_id: 1000000000000000694, offset: 0.000000 id: 1169
processing event: VehicleArriveIntersectionEvent, vehicle_id: 16, road_id: 1000000000000000329 id: 1119 at time: 757.545
Processed event: VehicleArriveIntersectionEvent, vehicle_id: 16, road_id: 1000000000000000329 id: 1119
processing event: VehicleEnterNewRoadEvent, vehicle_id: 20, road_id: 1000000000000000358 id: 1168 at time: 757.915
Processed event: VehicleEnterNewRoadEvent, vehicle_id: 20, road_id: 1000000000000000358 id: 1168
processing event: VehicleDepartureEvent, vehicle_id: 20, road_id: 1000000000000000358, offset: 0.000000 id: 1172 at time: 757.915
Processed event: VehicleDepartureEvent, vehicle_id: 20, road_id: 1000000000000000358, offset: 0.000000 id: 1172
processing event: VehicleEnterNewRoadEvent, vehicle_id: 16, road_id: 1000000000000000073 id: 1171 at time: 759.345
Processed event: VehicleEnterNewRoadEvent, vehicle_id: 16, road_id: 1000000000000000073 id: 1171
processing event: VehicleDepartureEvent, vehicle_id: 16, road_id: 1000000000000000073, offset: 0.000000 id: 1174 at time: 759.345
Processed event: VehicleDepartureEvent, vehicle_id: 16, road_id: 1000000000000000073, offset: 0.000000 id: 1174
processing event: VehicleArriveIntersectionEvent, vehicle_id: 19, road_id: 1000000000000001056 id: 1165 at time: 759.831
Processed event: VehicleArriveIntersectionEvent, vehicle_id: 19, road_id: 1000000000000001056 id: 1165
Simulator::runFor: now_ = 759.831 target = 760
[progress] simulator time = 760 / 3000
processing event: OrderMatchedEvent, order_id: 16, vehicle_id: 17 id: 1177 at time: 760
Processed event: OrderMatchedEvent, order_id: 16, vehicle_id: 17 id: 1177
processing event: VehicleDepartureEvent, vehicle_id: 17, road_id: 1000000000000000566, offset: 3.290000 id: 1178 at time: 760
Processed event: VehicleDepartureEvent, vehicle_id: 17, road_id: 1000000000000000566, offset: 3.290000 id: 1178
processing event: OrderMatchedEvent, order_id: 17, vehicle_id: 20 id: 1179 at time: 760
Processed event: OrderMatchedEvent, order_id: 17, vehicle_id: 20 id: 1179
processing event: PassengerArrivalEvent, passenger_id: 16 id: 1181 at time: 760
Processed event: PassengerArrivalEvent, passenger_id: 16 id: 1181
processing event: PassengerArrivalEvent, passenger_id: 17 id: 1183 at time: 760
Processed event: PassengerArrivalEvent, passenger_id: 17 id: 1183
processing event: VehicleEnterNewRoadEvent, vehicle_id: 19, road_id: 1000000000000000167 id: 1176 at time: 761.631
Processed event: VehicleEnterNewRoadEvent, vehicle_id: 19, road_id: 1000000000000000167 id: 1176
processing event: VehicleDepartureEvent, vehicle_id: 19, road_id: 1000000000000000167, offset: 0.000000 id: 1184 at time: 761.631
Processed event: VehicleDepartureEvent, vehicle_id: 19, road_id: 1000000000000000167, offset: 0.000000 id: 1184
Event is not valid: VehicleArriveIntersectionEvent, vehicle_id: 20, road_id: 1000000000000000358 id: 1173 at time: 763.856
processing event: VehicleArriveIntersectionEvent, vehicle_id: 20, road_id: 1000000000000000358 id: 1180 at time: 763.856
Processed event: VehicleArriveIntersectionEvent, vehicle_id: 20, road_id: 1000000000000000358 id: 1180
processing event: VehicleArriveIntersectionEvent, vehicle_id: 5, road_id: 1000000000000001194 id: 1141 at time: 763.878
Processed event: VehicleArriveIntersectionEvent, vehicle_id: 5, road_id: 1000000000000001194 id: 1141
processing event: VehicleEnterNewRoadEvent, vehicle_id: 20, road_id: 1000000000000000382 id: 1186 at time: 765.656
Processed event: VehicleEnterNewRoadEvent, vehicle_id: 20, road_id: 1000000000000000382 id: 1186
processing event: VehicleDepartureEvent, vehicle_id: 20, road_id: 1000000000000000382, offset: 0.000000 id: 1188 at time: 765.656
Processed event: VehicleDepartureEvent, vehicle_id: 20, road_id: 1000000000000000382, offset: 0.000000 id: 1188
processing event: VehicleEnterNewRoadEvent, vehicle_id: 5, road_id: 1000000000000001193 id: 1187 at time: 765.678
Processed event: VehicleEnterNewRoadEvent, vehicle_id: 5, road_id: 1000000000000001193 id: 1187
processing event: VehicleDepartureEvent, vehicle_id: 5, road_id: 1000000000000001193, offset: 0.000000 id: 1190 at time: 765.678
Processed event: VehicleDepartureEvent, vehicle_id: 5, road_id: 1000000000000001193, offset: 0.000000 id: 1190
Simulator::runFor: now_ = 765.678 target = 770
[progress] simulator time = 770 / 3000
processing event: BusArrivalEvent, vehicle_id: 4, stop_id: 218 id: 1131 at time: 777.804
Processed event: BusArrivalEvent, vehicle_id: 4, stop_id: 218 id: 1131
processing event: PassengerOnboardEvent, passenger_id: 3 id: 1192 at time: 777.804
Processed event: PassengerOnboardEvent, passenger_id: 3 id: 1192
processing event: VehicleArriveIntersectionEvent, vehicle_id: 20, road_id: 1000000000000000382 id: 1189 at time: 779.878
Processed event: VehicleArriveIntersectionEvent, vehicle_id: 20, road_id: 1000000000000000382 id: 1189
Simulator::runFor: now_ = 779.878 target = 780
[progress] simulator time = 780 / 3000
processing event: VehicleEnterNewRoadEvent, vehicle_id: 20, road_id: 1000000000000000383 id: 1194 at time: 781.678
Processed event: VehicleEnterNewRoadEvent, vehicle_id: 20, road_id: 1000000000000000383 id: 1194
processing event: VehicleDepartureEvent, vehicle_id: 20, road_id: 1000000000000000383, offset: 0.000000 id: 1195 at time: 781.678
Processed event: VehicleDepartureEvent, vehicle_id: 20, road_id: 1000000000000000383, offset: 0.000000 id: 1195
processing event: VehicleArriveIntersectionEvent, vehicle_id: 5, road_id: 1000000000000001193 id: 1191 at time: 782.599
Processed event: VehicleArriveIntersectionEvent, vehicle_id: 5, road_id: 1000000000000001193 id: 1191
processing event: VehicleDepartureEvent, vehicle_id: 4, road_id: 1000000000000000257, offset: 214.880000 id: 1193 at time: 782.804
Processed event: VehicleDepartureEvent, vehicle_id: 4, road_id: 1000000000000000257, offset: 214.880000 id: 1193
processing event: VehicleEnterNewRoadEvent, vehicle_id: 5, road_id: 1000000000000001181 id: 1197 at time: 784.4
Processed event: VehicleEnterNewRoadEvent, vehicle_id: 5, road_id: 1000000000000001181 id: 1197
processing event: VehicleDepartureEvent, vehicle_id: 5, road_id: 1000000000000001181, offset: 0.000000 id: 1199 at time: 784.4
Processed event: VehicleDepartureEvent, vehicle_id: 5, road_id: 1000000000000001181, offset: 0.000000 id: 1199
processing event: VehicleArriveIntersectionEvent, vehicle_id: 12, road_id: 1000000000000000209 id: 1105 at time: 785.939
Processed event: VehicleArriveIntersectionEvent, vehicle_id: 12, road_id: 1000000000000000209 id: 1105
processing event: VehicleArriveIntersectionEvent, vehicle_id: 17, road_id: 1000000000000000566 id: 1182 at time: 786.41
Processed event: VehicleArriveIntersectionEvent, vehicle_id: 17, road_id: 1000000000000000566 id: 1182
processing event: VehicleArriveIntersectionEvent, vehicle_id: 19, road_id: 1000000000000000167 id: 1185 at time: 786.653
Processed event: VehicleArriveIntersectionEvent, vehicle_id: 19, road_id: 1000000000000000167 id: 1185
processing event: VehicleEnterNewRoadEvent, vehicle_id: 12, road_id: 1000000000000000210 id: 1201 at time: 787.739
Processed event: VehicleEnterNewRoadEvent, vehicle_id: 12, road_id: 1000000000000000210 id: 1201
processing event: VehicleDepartureEvent, vehicle_id: 12, road_id: 1000000000000000210, offset: 0.000000 id: 1204 at time: 787.739
Processed event: VehicleDepartureEvent, vehicle_id: 12, road_id: 1000000000000000210, offset: 0.000000 id: 1204
processing event: VehicleEnterNewRoadEvent, vehicle_id: 17, road_id: 1000000000000000561 id: 1202 at time: 788.211
Processed event: VehicleEnterNewRoadEvent, vehicle_id: 17, road_id: 1000000000000000561 id: 1202
processing event: VehicleDepartureEvent, vehicle_id: 17, road_id: 1000000000000000561, offset: 0.000000 id: 1206 at time: 788.211
Processed event: VehicleDepartureEvent, vehicle_id: 17, road_id: 1000000000000000561, offset: 0.000000 id: 1206
processing event: VehicleEnterNewRoadEvent, vehicle_id: 19, road_id: 1000000000000000732 id: 1203 at time: 788.454
Processed event: VehicleEnterNewRoadEvent, vehicle_id: 19, road_id: 1000000000000000732 id: 1203
processing event: VehicleDepartureEvent, vehicle_id: 19, road_id: 1000000000000000732, offset: 0.000000 id: 1208 at time: 788.454
Processed event: VehicleDepartureEvent, vehicle_id: 19, road_id: 1000000000000000732, offset: 0.000000 id: 1208
processing event: VehicleArriveIntersectionEvent, vehicle_id: 19, road_id: 1000000000000000732 id: 1209 at time: 789.174
Processed event: VehicleArriveIntersectionEvent, vehicle_id: 19, road_id: 1000000000000000732 id: 1209
Simulator::runFor: now_ = 789.174 target = 790
[progress] simulator time = 790 / 3000
processing event: VehicleEnterNewRoadEvent, vehicle_id: 19, road_id: 1000000000000000733 id: 1210 at time: 790.974
Processed event: VehicleEnterNewRoadEvent, vehicle_id: 19, road_id: 1000000000000000733 id: 1210
processing event: VehicleDepartureEvent, vehicle_id: 19, road_id: 1000000000000000733, offset: 0.000000 id: 1211 at time: 790.974
Processed event: VehicleDepartureEvent, vehicle_id: 19, road_id: 1000000000000000733, offset: 0.000000 id: 1211
processing event: VehicleArriveIntersectionEvent, vehicle_id: 15, road_id: 1000000000000000694 id: 1170 at time: 793.163
Processed event: VehicleArriveIntersectionEvent, vehicle_id: 15, road_id: 1000000000000000694 id: 1170
processing event: VehicleArriveIntersectionEvent, vehicle_id: 11, road_id: 1000000000000000055 id: 1155 at time: 794.214
Processed event: VehicleArriveIntersectionEvent, vehicle_id: 11, road_id: 1000000000000000055 id: 1155
processing event: VehicleArriveIntersectionEvent, vehicle_id: 19, road_id: 1000000000000000733 id: 1212 at time: 794.214
Processed event: VehicleArriveIntersectionEvent, vehicle_id: 19, road_id: 1000000000000000733 id: 1212
processing event: VehicleEnterNewRoadEvent, vehicle_id: 15, road_id: 1000000000000000695 id: 1213 at time: 794.963
Processed event: VehicleEnterNewRoadEvent, vehicle_id: 15, road_id: 1000000000000000695 id: 1213
processing event: VehicleDepartureEvent, vehicle_id: 15, road_id: 1000000000000000695, offset: 0.000000 id: 1216 at time: 794.963
Processed event: VehicleDepartureEvent, vehicle_id: 15, road_id: 1000000000000000695, offset: 0.000000 id: 1216
processing event: VehicleEnterNewRoadEvent, vehicle_id: 11, road_id: 1000000000000000056 id: 1214 at time: 796.014
Processed event: VehicleEnterNewRoadEvent, vehicle_id: 11, road_id: 1000000000000000056 id: 1214
processing event: VehicleEnterNewRoadEvent, vehicle_id: 19, road_id: 1000000000000000361 id: 1215 at time: 796.014
Processed event: VehicleEnterNewRoadEvent, vehicle_id: 19, road_id: 1000000000000000361 id: 1215
processing event: VehicleDepartureEvent, vehicle_id: 11, road_id: 1000000000000000056, offset: 0.000000 id: 1218 at time: 796.014
Processed event: VehicleDepartureEvent, vehicle_id: 11, road_id: 1000000000000000056, offset: 0.000000 id: 1218
processing event: VehicleDepartureEvent, vehicle_id: 19, road_id: 1000000000000000361, offset: 0.000000 id: 1219 at time: 796.014
Processed event: VehicleDepartureEvent, vehicle_id: 19, road_id: 1000000000000000361, offset: 0.000000 id: 1219
Simulator::runFor: now_ = 796.014 target = 800
[progress] simulator time = 800 / 3000
processing event: VehicleArriveIntersectionEvent, vehicle_id: 5, road_id: 1000000000000001181 id: 1200 at time: 803.482
Processed event: VehicleArriveIntersectionEvent, vehicle_id: 5, road_id: 1000000000000001181 id: 1200
processing event: VehicleArriveIntersectionEvent, vehicle_id: 15, road_id: 1000000000000000695 id: 1217 at time: 805.044
Processed event: VehicleArriveIntersectionEvent, vehicle_id: 15, road_id: 1000000000000000695 id: 1217
processing event: VehicleEnterNewRoadEvent, vehicle_id: 5, road_id: 1000000000000001088 id: 1222 at time: 805.282
Processed event: VehicleEnterNewRoadEvent, vehicle_id: 5, road_id: 1000000000000001088 id: 1222
processing event: VehicleDepartureEvent, vehicle_id: 5, road_id: 1000000000000001088, offset: 0.000000 id: 1224 at time: 805.282
Processed event: VehicleDepartureEvent, vehicle_id: 5, road_id: 1000000000000001088, offset: 0.000000 id: 1224
processing event: VehicleArriveIntersectionEvent, vehicle_id: 8, road_id: 1000000000000000482 id: 1084 at time: 806.148
Processed event: VehicleArriveIntersectionEvent, vehicle_id: 8, road_id: 1000000000000000482 id: 1084
processing event: VehicleEnterNewRoadEvent, vehicle_id: 15, road_id: 1000000000000000031 id: 1223 at time: 806.844
Processed event: VehicleEnterNewRoadEvent, vehicle_id: 15, road_id: 1000000000000000031 id: 1223
processing event: VehicleDepartureEvent, vehicle_id: 15, road_id: 1000000000000000031, offset: 0.000000 id: 1227 at time: 806.844
Processed event: VehicleDepartureEvent, vehicle_id: 15, road_id: 1000000000000000031, offset: 0.000000 id: 1227
processing event: VehicleEnterNewRoadEvent, vehicle_id: 8, road_id: 1000000000000000073 id: 1226 at time: 807.948
Processed event: VehicleEnterNewRoadEvent, vehicle_id: 8, road_id: 1000000000000000073 id: 1226
processing event: VehicleDepartureEvent, vehicle_id: 8, road_id: 1000000000000000073, offset: 0.000000 id: 1229 at time: 807.948
Processed event: VehicleDepartureEvent, vehicle_id: 8, road_id: 1000000000000000073, offset: 0.000000 id: 1229
Simulator::runFor: now_ = 807.948 target = 810
[progress] simulator time = 810 / 3000
processing event: VehicleArriveIntersectionEvent, vehicle_id: 4, road_id: 1000000000000000257 id: 1198 at time: 815.229
Processed event: VehicleArriveIntersectionEvent, vehicle_id: 4, road_id: 1000000000000000257 id: 1198
processing event: VehicleArriveIntersectionEvent, vehicle_id: 10, road_id: 1000000000000001062 id: 1114 at time: 815.914
Processed event: VehicleArriveIntersectionEvent, vehicle_id: 10, road_id: 1000000000000001062 id: 1114
processing event: VehicleEnterNewRoadEvent, vehicle_id: 4, road_id: 1000000000000000259 id: 1231 at time: 817.029
Processed event: VehicleEnterNewRoadEvent, vehicle_id: 4, road_id: 1000000000000000259 id: 1231
processing event: VehicleDepartureEvent, vehicle_id: 4, road_id: 1000000000000000259, offset: 0.000000 id: 1233 at time: 817.029
Processed event: VehicleDepartureEvent, vehicle_id: 4, road_id: 1000000000000000259, offset: 0.000000 id: 1233
processing event: VehicleEnterNewRoadEvent, vehicle_id: 10, road_id: 1000000000000000854 id: 1232 at time: 817.714
Processed event: VehicleEnterNewRoadEvent, vehicle_id: 10, road_id: 1000000000000000854 id: 1232
processing event: VehicleDepartureEvent, vehicle_id: 10, road_id: 1000000000000000854, offset: 0.000000 id: 1235 at time: 817.714
Processed event: VehicleDepartureEvent, vehicle_id: 10, road_id: 1000000000000000854, offset: 0.000000 id: 1235
Simulator::runFor: now_ = 817.714 target = 820
[progress] simulator time = 820 / 3000
Event is not valid: VehicleArriveIntersectionEvent, vehicle_id: 16, road_id: 1000000000000000073 id: 1175 at time: 825.051
processing event: VehicleArriveIntersectionEvent, vehicle_id: 16, road_id: 1000000000000000073 id: 1230 at time: 825.051
Processed event: VehicleArriveIntersectionEvent, vehicle_id: 16, road_id: 1000000000000000073 id: 1230
processing event: VehicleArriveIntersectionEvent, vehicle_id: 19, road_id: 1000000000000000361 id: 1221 at time: 826.437
Processed event: VehicleArriveIntersectionEvent, vehicle_id: 19, road_id: 1000000000000000361 id: 1221
processing event: VehicleEnterNewRoadEvent, vehicle_id: 16, road_id: 1000000000000000074 id: 1237 at time: 826.851
Processed event: VehicleEnterNewRoadEvent, vehicle_id: 16, road_id: 1000000000000000074 id: 1237
processing event: VehicleDepartureEvent, vehicle_id: 16, road_id: 1000000000000000074, offset: 0.000000 id: 1241 at time: 826.851
Processed event: VehicleDepartureEvent, vehicle_id: 16, road_id: 1000000000000000074, offset: 0.000000 id: 1241
processing event: VehicleEnterNewRoadEvent, vehicle_id: 19, road_id: 1000000000000000382 id: 1239 at time: 828.238
Processed event: VehicleEnterNewRoadEvent, vehicle_id: 19, road_id: 1000000000000000382 id: 1239
processing event: VehicleDepartureEvent, vehicle_id: 19, road_id: 1000000000000000382, offset: 0.000000 id: 1243 at time: 828.238
Processed event: VehicleDepartureEvent, vehicle_id: 19, road_id: 1000000000000000382, offset: 0.000000 id: 1243
Simulator::runFor: now_ = 828.238 target = 830
[progress] simulator time = 830 / 3000
processing event: VehicleArriveIntersectionEvent, vehicle_id: 17, road_id: 1000000000000000561 id: 1207 at time: 837.176
Processed event: VehicleArriveIntersectionEvent, vehicle_id: 17, road_id: 1000000000000000561 id: 1207
processing event: VehicleArriveIntersectionEvent, vehicle_id: 9, road_id: 1000000000000000478 id: 1143 at time: 837.401
Processed event: VehicleArriveIntersectionEvent, vehicle_id: 9, road_id: 1000000000000000478 id: 1143
processing event: VehicleArriveIntersectionEvent, vehicle_id: 20, road_id: 1000000000000000383 id: 1196 at time: 838.383
Processed event: VehicleArriveIntersectionEvent, vehicle_id: 20, road_id: 1000000000000000383 id: 1196
processing event: VehicleEnterNewRoadEvent, vehicle_id: 17, road_id: 1000000000000000567 id: 1245 at time: 838.976
Processed event: VehicleEnterNewRoadEvent, vehicle_id: 17, road_id: 1000000000000000567 id: 1245
processing event: VehicleDepartureEvent, vehicle_id: 17, road_id: 1000000000000000567, offset: 0.000000 id: 1248 at time: 838.976
Processed event: VehicleDepartureEvent, vehicle_id: 17, road_id: 1000000000000000567, offset: 0.000000 id: 1248
processing event: VehicleEnterNewRoadEvent, vehicle_id: 9, road_id: 1000000000000000853 id: 1246 at time: 839.201
Processed event: VehicleEnterNewRoadEvent, vehicle_id: 9, road_id: 1000000000000000853 id: 1246
processing event: VehicleDepartureEvent, vehicle_id: 9, road_id: 1000000000000000853, offset: 0.000000 id: 1250 at time: 839.201
Processed event: VehicleDepartureEvent, vehicle_id: 9, road_id: 1000000000000000853, offset: 0.000000 id: 1250
Simulator::runFor: now_ = 839.201 target = 840
[progress] simulator time = 840 / 3000
processing event: VehicleEnterNewRoadEvent, vehicle_id: 20, road_id: 1000000000000000430 id: 1247 at time: 840.184
Processed event: VehicleEnterNewRoadEvent, vehicle_id: 20, road_id: 1000000000000000430 id: 1247
processing event: VehicleDepartureEvent, vehicle_id: 20, road_id: 1000000000000000430, offset: 0.000000 id: 1252 at time: 840.184
Processed event: VehicleDepartureEvent, vehicle_id: 20, road_id: 1000000000000000430, offset: 0.000000 id: 1252
processing event: VehicleArriveIntersectionEvent, vehicle_id: 19, road_id: 1000000000000000382 id: 1244 at time: 842.459
Processed event: VehicleArriveIntersectionEvent, vehicle_id: 19, road_id: 1000000000000000382 id: 1244
processing event: VehicleEnterNewRoadEvent, vehicle_id: 19, road_id: 1000000000000000383 id: 1254 at time: 844.259
Processed event: VehicleEnterNewRoadEvent, vehicle_id: 19, road_id: 1000000000000000383 id: 1254
processing event: VehicleDepartureEvent, vehicle_id: 19, road_id: 1000000000000000383, offset: 0.000000 id: 1255 at time: 844.259
Processed event: VehicleDepartureEvent, vehicle_id: 19, road_id: 1000000000000000383, offset: 0.000000 id: 1255
processing event: VehicleArriveIntersectionEvent, vehicle_id: 5, road_id: 1000000000000001088 id: 1225 at time: 846.146
Processed event: VehicleArriveIntersectionEvent, vehicle_id: 5, road_id: 1000000000000001088 id: 1225
processing event: VehicleEnterNewRoadEvent, vehicle_id: 5, road_id: 1000000000000001087 id: 1257 at time: 847.946
Processed event: VehicleEnterNewRoadEvent, vehicle_id: 5, road_id: 1000000000000001087 id: 1257
processing event: VehicleDepartureEvent, vehicle_id: 5, road_id: 1000000000000001087, offset: 0.000000 id: 1258 at time: 847.946
Processed event: VehicleDepartureEvent, vehicle_id: 5, road_id: 1000000000000001087, offset: 0.000000 id: 1258
processing event: VehicleArriveIntersectionEvent, vehicle_id: 12, road_id: 1000000000000000210 id: 1205 at time: 848.225
Processed event: VehicleArriveIntersectionEvent, vehicle_id: 12, road_id: 1000000000000000210 id: 1205
processing event: VehicleArriveIntersectionEvent, vehicle_id: 15, road_id: 1000000000000000031 id: 1228 at time: 849.329
Processed event: VehicleArriveIntersectionEvent, vehicle_id: 15, road_id: 1000000000000000031 id: 1228
Simulator::runFor: now_ = 849.329 target = 850
[progress] simulator time = 850 / 3000
processing event: VehicleEnterNewRoadEvent, vehicle_id: 12, road_id: 1000000000000000157 id: 1260 at time: 850.025
Processed event: VehicleEnterNewRoadEvent, vehicle_id: 12, road_id: 1000000000000000157 id: 1260
processing event: VehicleDepartureEvent, vehicle_id: 12, road_id: 1000000000000000157, offset: 0.000000 id: 1262 at time: 850.025
Processed event: VehicleDepartureEvent, vehicle_id: 12, road_id: 1000000000000000157, offset: 0.000000 id: 1262
processing event: VehicleArriveIntersectionEvent, vehicle_id: 17, road_id: 1000000000000000567 id: 1249 at time: 850.317
Processed event: VehicleArriveIntersectionEvent, vehicle_id: 17, road_id: 1000000000000000567 id: 1249
processing event: VehicleEnterNewRoadEvent, vehicle_id: 15, road_id: 1000000000000000032 id: 1261 at time: 851.129
Processed event: VehicleEnterNewRoadEvent, vehicle_id: 15, road_id: 1000000000000000032 id: 1261
processing event: VehicleDepartureEvent, vehicle_id: 15, road_id: 1000000000000000032, offset: 0.000000 id: 1265 at time: 851.129
Processed event: VehicleDepartureEvent, vehicle_id: 15, road_id: 1000000000000000032, offset: 0.000000 id: 1265
processing event: VehicleEnterNewRoadEvent, vehicle_id: 17, road_id: 1000000000000000568 id: 1264 at time: 852.117
Processed event: VehicleEnterNewRoadEvent, vehicle_id: 17, road_id: 1000000000000000568 id: 1264
processing event: VehicleDepartureEvent, vehicle_id: 17, road_id: 1000000000000000568, offset: 0.000000 id: 1267 at time: 852.117
Processed event: VehicleDepartureEvent, vehicle_id: 17, road_id: 1000000000000000568, offset: 0.000000 id: 1267
processing event: VehicleArriveIntersectionEvent, vehicle_id: 12, road_id: 1000000000000000157 id: 1263 at time: 854.706
Processed event: VehicleArriveIntersectionEvent, vehicle_id: 12, road_id: 1000000000000000157 id: 1263
processing event: VehicleEnterNewRoadEvent, vehicle_id: 12, road_id: 1000000000000000163 id: 1269 at time: 856.506
Processed event: VehicleEnterNewRoadEvent, vehicle_id: 12, road_id: 1000000000000000163 id: 1269
processing event: VehicleDepartureEvent, vehicle_id: 12, road_id: 1000000000000000163, offset: 0.000000 id: 1270 at time: 856.506
Processed event: VehicleDepartureEvent, vehicle_id: 12, road_id: 1000000000000000163, offset: 0.000000 id: 1270
processing event: VehicleArriveIntersectionEvent, vehicle_id: 3, road_id: 1000000000000000192 id: 1163 at time: 857.395
Processed event: VehicleArriveIntersectionEvent, vehicle_id: 3, road_id: 1000000000000000192 id: 1163
processing event: VehicleArriveIntersectionEvent, vehicle_id: 12, road_id: 1000000000000000163 id: 1271 at time: 857.946
Processed event: VehicleArriveIntersectionEvent, vehicle_id: 12, road_id: 1000000000000000163 id: 1271
processing event: VehicleEnterNewRoadEvent, vehicle_id: 3, road_id: 1000000000000000193 id: 1272 at time: 859.195
Processed event: VehicleEnterNewRoadEvent, vehicle_id: 3, road_id: 1000000000000000193 id: 1272
processing event: VehicleDepartureEvent, vehicle_id: 3, road_id: 1000000000000000193, offset: 0.000000 id: 1274 at time: 859.195
Processed event: VehicleDepartureEvent, vehicle_id: 3, road_id: 1000000000000000193, offset: 0.000000 id: 1274
processing event: VehicleEnterNewRoadEvent, vehicle_id: 12, road_id: 1000000000000000164 id: 1273 at time: 859.746
Processed event: VehicleEnterNewRoadEvent, vehicle_id: 12, road_id: 1000000000000000164 id: 1273
processing event: VehicleDepartureEvent, vehicle_id: 12, road_id: 1000000000000000164, offset: 0.000000 id: 1276 at time: 859.746
Processed event: VehicleDepartureEvent, vehicle_id: 12, road_id: 1000000000000000164, offset: 0.000000 id: 1276
Simulator::runFor: now_ = 859.746 target = 860
[progress] simulator time = 860 / 3000
processing event: VehicleArriveIntersectionEvent, vehicle_id: 12, road_id: 1000000000000000164 id: 1277 at time: 864.607
Processed event: VehicleArriveIntersectionEvent, vehicle_id: 12, road_id: 1000000000000000164 id: 1277
processing event: VehicleArriveIntersectionEvent, vehicle_id: 10, road_id: 1000000000000000854 id: 1236 at time: 865.959
Processed event: VehicleArriveIntersectionEvent, vehicle_id: 10, road_id: 1000000000000000854 id: 1236
processing event: VehicleEnterNewRoadEvent, vehicle_id: 12, road_id: 1000000000000000165 id: 1278 at time: 866.407
Processed event: VehicleEnterNewRoadEvent, vehicle_id: 12, road_id: 1000000000000000165 id: 1278
processing event: VehicleDepartureEvent, vehicle_id: 12, road_id: 1000000000000000165, offset: 0.000000 id: 1280 at time: 866.407
Processed event: VehicleDepartureEvent, vehicle_id: 12, road_id: 1000000000000000165, offset: 0.000000 id: 1280
processing event: VehicleArriveIntersectionEvent, vehicle_id: 12, road_id: 1000000000000000165 id: 1281 at time: 867.667
Processed event: VehicleArriveIntersectionEvent, vehicle_id: 12, road_id: 1000000000000000165 id: 1281
processing event: VehicleEnterNewRoadEvent, vehicle_id: 10, road_id: 1000000000000000299 id: 1279 at time: 867.759
Processed event: VehicleEnterNewRoadEvent, vehicle_id: 10, road_id: 1000000000000000299 id: 1279
processing event: VehicleDepartureEvent, vehicle_id: 10, road_id: 1000000000000000299, offset: 0.000000 id: 1283 at time: 867.759
Processed event: VehicleDepartureEvent, vehicle_id: 10, road_id: 1000000000000000299, offset: 0.000000 id: 1283
processing event: VehicleArriveIntersectionEvent, vehicle_id: 11, road_id: 1000000000000000056 id: 1220 at time: 868.382
Processed event: VehicleArriveIntersectionEvent, vehicle_id: 11, road_id: 1000000000000000056 id: 1220
processing event: VehicleEnterNewRoadEvent, vehicle_id: 12, road_id: 1000000000000000154 id: 1282 at time: 869.467
Processed event: VehicleEnterNewRoadEvent, vehicle_id: 12, road_id: 1000000000000000154 id: 1282
processing event: VehicleDepartureEvent, vehicle_id: 12, road_id: 1000000000000000154, offset: 0.000000 id: 1286 at time: 869.467
Processed event: VehicleDepartureEvent, vehicle_id: 12, road_id: 1000000000000000154, offset: 0.000000 id: 1286
Simulator::runFor: now_ = 869.467 target = 870
[progress] simulator time = 870 / 3000
processing event: VehicleEnterNewRoadEvent, vehicle_id: 11, road_id: 1000000000000000423 id: 1285 at time: 870.182
Processed event: VehicleEnterNewRoadEvent, vehicle_id: 11, road_id: 1000000000000000423 id: 1285
processing event: VehicleDepartureEvent, vehicle_id: 11, road_id: 1000000000000000423, offset: 0.000000 id: 1288 at time: 870.182
Processed event: VehicleDepartureEvent, vehicle_id: 11, road_id: 1000000000000000423, offset: 0.000000 id: 1288
Event is not valid: VehicleCheckPointEvent, vehicle_id: 8 id: 1238 at time: 872.214
processing event: VehicleArriveIntersectionEvent, vehicle_id: 8, road_id: 1000000000000000073 id: 1240 at time: 873.654
Processed event: VehicleArriveIntersectionEvent, vehicle_id: 8, road_id: 1000000000000000073 id: 1240
processing event: VehicleEnterNewRoadEvent, vehicle_id: 8, road_id: 1000000000000000074 id: 1290 at time: 875.455
Processed event: VehicleEnterNewRoadEvent, vehicle_id: 8, road_id: 1000000000000000074 id: 1290
processing event: VehicleDepartureEvent, vehicle_id: 8, road_id: 1000000000000000074, offset: 0.000000 id: 1291 at time: 875.455
Processed event: VehicleDepartureEvent, vehicle_id: 8, road_id: 1000000000000000074, offset: 0.000000 id: 1291
processing event: VehicleArriveIntersectionEvent, vehicle_id: 12, road_id: 1000000000000000154 id: 1287 at time: 876.308
Processed event: VehicleArriveIntersectionEvent, vehicle_id: 12, road_id: 1000000000000000154 id: 1287
processing event: VehicleEnterNewRoadEvent, vehicle_id: 12, road_id: 1000000000000000055 id: 1293 at time: 878.108
Processed event: VehicleEnterNewRoadEvent, vehicle_id: 12, road_id: 1000000000000000055 id: 1293
processing event: VehicleDepartureEvent, vehicle_id: 12, road_id: 1000000000000000055, offset: 0.000000 id: 1294 at time: 878.108
Processed event: VehicleDepartureEvent, vehicle_id: 12, road_id: 1000000000000000055, offset: 0.000000 id: 1294
processing event: VehicleArriveIntersectionEvent, vehicle_id: 17, road_id: 1000000000000000568 id: 1268 at time: 878.58
Processed event: VehicleArriveIntersectionEvent, vehicle_id: 17, road_id: 1000000000000000568 id: 1268
Simulator::runFor: now_ = 878.58 target = 880
[progress] simulator time = 880 / 3000
processing event: VehicleEnterNewRoadEvent, vehicle_id: 17, road_id: 1000000000000000569 id: 1296 at time: 880.38
Processed event: VehicleEnterNewRoadEvent, vehicle_id: 17, road_id: 1000000000000000569 id: 1296
processing event: VehicleDepartureEvent, vehicle_id: 17, road_id: 1000000000000000569, offset: 0.000000 id: 1297 at time: 880.38
Processed event: VehicleDepartureEvent, vehicle_id: 17, road_id: 1000000000000000569, offset: 0.000000 id: 1297
processing event: VehicleArriveIntersectionEvent, vehicle_id: 14, road_id: 1000000000000000339 id: 1147 at time: 880.784
Processed event: VehicleArriveIntersectionEvent, vehicle_id: 14, road_id: 1000000000000000339 id: 1147
processing event: VehicleEnterNewRoadEvent, vehicle_id: 14, road_id: 1000000000000000341 id: 1299 at time: 882.584
Processed event: VehicleEnterNewRoadEvent, vehicle_id: 14, road_id: 1000000000000000341 id: 1299
processing event: VehicleDepartureEvent, vehicle_id: 14, road_id: 1000000000000000341, offset: 0.000000 id: 1300 at time: 882.584
Processed event: VehicleDepartureEvent, vehicle_id: 14, road_id: 1000000000000000341, offset: 0.000000 id: 1300
Event is not valid: VehicleArriveIntersectionEvent, vehicle_id: 16, road_id: 1000000000000000074 id: 1242 at time: 883.557
processing event: VehicleArriveIntersectionEvent, vehicle_id: 16, road_id: 1000000000000000074 id: 1292 at time: 883.557
Processed event: VehicleArriveIntersectionEvent, vehicle_id: 16, road_id: 1000000000000000074 id: 1292
processing event: VehicleEnterNewRoadEvent, vehicle_id: 16, road_id: 1000000000000000701 id: 1302 at time: 885.357
Processed event: VehicleEnterNewRoadEvent, vehicle_id: 16, road_id: 1000000000000000701 id: 1302
processing event: VehicleDepartureEvent, vehicle_id: 16, road_id: 1000000000000000701, offset: 0.000000 id: 1305 at time: 885.357
Processed event: VehicleDepartureEvent, vehicle_id: 16, road_id: 1000000000000000701, offset: 0.000000 id: 1305
Simulator::runFor: now_ = 885.357 target = 890
[progress] simulator time = 890 / 3000
processing event: VehicleArriveIntersectionEvent, vehicle_id: 16, road_id: 1000000000000000701 id: 1306 at time: 893.818
Processed event: VehicleArriveIntersectionEvent, vehicle_id: 16, road_id: 1000000000000000701 id: 1306
processing event: VehicleEnterNewRoadEvent, vehicle_id: 16, road_id: 1000000000000000700 id: 1307 at time: 895.618
Processed event: VehicleEnterNewRoadEvent, vehicle_id: 16, road_id: 1000000000000000700 id: 1307
processing event: VehicleDepartureEvent, vehicle_id: 16, road_id: 1000000000000000700, offset: 0.000000 id: 1308 at time: 895.618
Processed event: VehicleDepartureEvent, vehicle_id: 16, road_id: 1000000000000000700, offset: 0.000000 id: 1308
processing event: VehicleArriveIntersectionEvent, vehicle_id: 10, road_id: 1000000000000000299 id: 1284 at time: 895.662
Processed event: VehicleArriveIntersectionEvent, vehicle_id: 10, road_id: 1000000000000000299 id: 1284
processing event: VehicleEnterNewRoadEvent, vehicle_id: 10, road_id: 1000000000000000293 id: 1310 at time: 897.462
Processed event: VehicleEnterNewRoadEvent, vehicle_id: 10, road_id: 1000000000000000293 id: 1310
processing event: VehicleDepartureEvent, vehicle_id: 10, road_id: 1000000000000000293, offset: 0.000000 id: 1311 at time: 897.462
Processed event: VehicleDepartureEvent, vehicle_id: 10, road_id: 1000000000000000293, offset: 0.000000 id: 1311
processing event: VehicleArriveIntersectionEvent, vehicle_id: 15, road_id: 1000000000000000032 id: 1266 at time: 897.753
Processed event: VehicleArriveIntersectionEvent, vehicle_id: 15, road_id: 1000000000000000032 id: 1266
processing event: VehicleEnterNewRoadEvent, vehicle_id: 15, road_id: 1000000000000000033 id: 1313 at time: 899.554
Processed event: VehicleEnterNewRoadEvent, vehicle_id: 15, road_id: 1000000000000000033 id: 1313
processing event: VehicleDepartureEvent, vehicle_id: 15, road_id: 1000000000000000033, offset: 0.000000 id: 1314 at time: 899.554
Processed event: VehicleDepartureEvent, vehicle_id: 15, road_id: 1000000000000000033, offset: 0.000000 id: 1314
Simulator::runFor: now_ = 899.554 target = 900
[progress] simulator time = 900 / 3000
processing event: VehicleArriveIntersectionEvent, vehicle_id: 19, road_id: 1000000000000000383 id: 1256 at time: 900.965
Processed event: VehicleArriveIntersectionEvent, vehicle_id: 19, road_id: 1000000000000000383 id: 1256
processing event: PassengerRouteStartEvent, passenger_id: 18, route_id: 1 id: 17 at time: 901
Processed event: PassengerRouteStartEvent, passenger_id: 18, route_id: 1 id: 17
processing event: OrderCreatedEvent, order_id: 18, available_pickups: 8 , available_dropoffs: 179 , passenger_id: 18, route_id: 1, passenger_num: 0 id: 1317 at time: 901
Processed event: OrderCreatedEvent, order_id: 18, available_pickups: 8 , available_dropoffs: 179 , passenger_id: 18, route_id: 1, passenger_num: 1 id: 1317
processing event: VehicleArriveIntersectionEvent, vehicle_id: 17, road_id: 1000000000000000569 id: 1298 at time: 901.982
Processed event: VehicleArriveIntersectionEvent, vehicle_id: 17, road_id: 1000000000000000569 id: 1298
processing event: VehicleEnterNewRoadEvent, vehicle_id: 19, road_id: 1000000000000000430 id: 1316 at time: 902.765
Processed event: VehicleEnterNewRoadEvent, vehicle_id: 19, road_id: 1000000000000000430 id: 1316
processing event: VehicleDepartureEvent, vehicle_id: 19, road_id: 1000000000000000430, offset: 0.000000 id: 1319 at time: 902.765
Processed event: VehicleDepartureEvent, vehicle_id: 19, road_id: 1000000000000000430, offset: 0.000000 id: 1319
processing event: VehicleArriveIntersectionEvent, vehicle_id: 5, road_id: 1000000000000001087 id: 1259 at time: 902.851
Processed event: VehicleArriveIntersectionEvent, vehicle_id: 5, road_id: 1000000000000001087 id: 1259
processing event: VehicleArriveIntersectionEvent, vehicle_id: 9, road_id: 1000000000000000853 id: 1251 at time: 903.287
Processed event: VehicleArriveIntersectionEvent, vehicle_id: 9, road_id: 1000000000000000853 id: 1251
processing event: VehicleEnterNewRoadEvent, vehicle_id: 17, road_id: 1000000000000000411 id: 1318 at time: 903.782
Processed event: VehicleEnterNewRoadEvent, vehicle_id: 17, road_id: 1000000000000000411 id: 1318
processing event: VehicleDepartureEvent, vehicle_id: 17, road_id: 1000000000000000411, offset: 0.000000 id: 1323 at time: 903.782
Processed event: VehicleDepartureEvent, vehicle_id: 17, road_id: 1000000000000000411, offset: 0.000000 id: 1323
processing event: VehicleArriveIntersectionEvent, vehicle_id: 10, road_id: 1000000000000000293 id: 1312 at time: 904.122
Processed event: VehicleArriveIntersectionEvent, vehicle_id: 10, road_id: 1000000000000000293 id: 1312
processing event: VehicleEnterNewRoadEvent, vehicle_id: 5, road_id: 1000000000000000002 id: 1321 at time: 904.652
Processed event: VehicleEnterNewRoadEvent, vehicle_id: 5, road_id: 1000000000000000002 id: 1321
processing event: VehicleDepartureEvent, vehicle_id: 5, road_id: 1000000000000000002, offset: 0.000000 id: 1326 at time: 904.652
Processed event: VehicleDepartureEvent, vehicle_id: 5, road_id: 1000000000000000002, offset: 0.000000 id: 1326
processing event: VehicleEnterNewRoadEvent, vehicle_id: 9, road_id: 1000000000000000854 id: 1322 at time: 905.087
Processed event: VehicleEnterNewRoadEvent, vehicle_id: 9, road_id: 1000000000000000854 id: 1322
processing event: VehicleDepartureEvent, vehicle_id: 9, road_id: 1000000000000000854, offset: 0.000000 id: 1328 at time: 905.087
Processed event: VehicleDepartureEvent, vehicle_id: 9, road_id: 1000000000000000854, offset: 0.000000 id: 1328
processing event: VehicleArriveIntersectionEvent, vehicle_id: 4, road_id: 1000000000000000259 id: 1234 at time: 905.778
Processed event: VehicleArriveIntersectionEvent, vehicle_id: 4, road_id: 1000000000000000259 id: 1234
processing event: VehicleEnterNewRoadEvent, vehicle_id: 10, road_id: 1000000000000000356 id: 1325 at time: 905.923
Processed event: VehicleEnterNewRoadEvent, vehicle_id: 10, road_id: 1000000000000000356 id: 1325
processing event: VehicleDepartureEvent, vehicle_id: 10, road_id: 1000000000000000356, offset: 0.000000 id: 1331 at time: 905.923
Processed event: VehicleDepartureEvent, vehicle_id: 10, road_id: 1000000000000000356, offset: 0.000000 id: 1331
processing event: VehicleEnterNewRoadEvent, vehicle_id: 4, road_id: 1000000000000000260 id: 1330 at time: 907.578
Processed event: VehicleEnterNewRoadEvent, vehicle_id: 4, road_id: 1000000000000000260 id: 1330
processing event: VehicleDepartureEvent, vehicle_id: 4, road_id: 1000000000000000260, offset: 0.000000 id: 1333 at time: 907.578
Processed event: VehicleDepartureEvent, vehicle_id: 4, road_id: 1000000000000000260, offset: 0.000000 id: 1333
Simulator::runFor: now_ = 907.578 target = 910
[progress] simulator time = 910 / 3000
processing event: OrderMatchedEvent, order_id: 18, vehicle_id: 19 id: 1335 at time: 910
Processed event: OrderMatchedEvent, order_id: 18, vehicle_id: 19 id: 1335
processing event: PassengerArrivalEvent, passenger_id: 18 id: 1337 at time: 910
Processed event: PassengerArrivalEvent, passenger_id: 18 id: 1337
Event is not valid: VehicleArriveIntersectionEvent, vehicle_id: 20, road_id: 1000000000000000430 id: 1253 at time: 913.451
Event is not valid: VehicleArriveIntersectionEvent, vehicle_id: 20, road_id: 1000000000000000430 id: 1320 at time: 913.451
processing event: VehicleArriveIntersectionEvent, vehicle_id: 20, road_id: 1000000000000000430 id: 1336 at time: 913.451
Processed event: VehicleArriveIntersectionEvent, vehicle_id: 20, road_id: 1000000000000000430 id: 1336
processing event: VehicleEnterNewRoadEvent, vehicle_id: 20, road_id: 1000000000000001217 id: 1338 at time: 915.251
Processed event: VehicleEnterNewRoadEvent, vehicle_id: 20, road_id: 1000000000000001217 id: 1338
processing event: VehicleDepartureEvent, vehicle_id: 20, road_id: 1000000000000001217, offset: 0.000000 id: 1341 at time: 915.251
Processed event: VehicleDepartureEvent, vehicle_id: 20, road_id: 1000000000000001217, offset: 0.000000 id: 1341
processing event: VehicleArriveIntersectionEvent, vehicle_id: 16, road_id: 1000000000000000700 id: 1309 at time: 917.941
Processed event: VehicleArriveIntersectionEvent, vehicle_id: 16, road_id: 1000000000000000700 id: 1309
processing event: VehicleArriveIntersectionEvent, vehicle_id: 20, road_id: 1000000000000001217 id: 1342 at time: 918.131
Processed event: VehicleArriveIntersectionEvent, vehicle_id: 20, road_id: 1000000000000001217 id: 1342
processing event: VehicleArriveIntersectionEvent, vehicle_id: 3, road_id: 1000000000000000193 id: 1275 at time: 919.681
Processed event: VehicleArriveIntersectionEvent, vehicle_id: 3, road_id: 1000000000000000193 id: 1275
processing event: VehicleEnterNewRoadEvent, vehicle_id: 16, road_id: 1000000000000000209 id: 1343 at time: 919.741
Processed event: VehicleEnterNewRoadEvent, vehicle_id: 16, road_id: 1000000000000000209 id: 1343
processing event: VehicleDepartureEvent, vehicle_id: 16, road_id: 1000000000000000209, offset: 0.000000 id: 1346 at time: 919.741
Processed event: VehicleDepartureEvent, vehicle_id: 16, road_id: 1000000000000000209, offset: 0.000000 id: 1346
processing event: VehicleEnterNewRoadEvent, vehicle_id: 20, road_id: 1000000000000001216 id: 1344 at time: 919.932
Processed event: VehicleEnterNewRoadEvent, vehicle_id: 20, road_id: 1000000000000001216 id: 1344
processing event: VehicleDepartureEvent, vehicle_id: 20, road_id: 1000000000000001216, offset: 0.000000 id: 1348 at time: 919.932
Processed event: VehicleDepartureEvent, vehicle_id: 20, road_id: 1000000000000001216, offset: 0.000000 id: 1348
Simulator::runFor: now_ = 919.932 target = 920
[progress] simulator time = 920 / 3000
processing event: VehicleEnterNewRoadEvent, vehicle_id: 3, road_id: 1000000000000000334 id: 1345 at time: 921.482
Processed event: VehicleEnterNewRoadEvent, vehicle_id: 3, road_id: 1000000000000000334 id: 1345
processing event: VehicleDepartureEvent, vehicle_id: 3, road_id: 1000000000000000334, offset: 0.000000 id: 1350 at time: 921.482
Processed event: VehicleDepartureEvent, vehicle_id: 3, road_id: 1000000000000000334, offset: 0.000000 id: 1350
processing event: VehicleArriveIntersectionEvent, vehicle_id: 12, road_id: 1000000000000000055 id: 1295 at time: 922.392
Processed event: VehicleArriveIntersectionEvent, vehicle_id: 12, road_id: 1000000000000000055 id: 1295
processing event: VehicleArriveIntersectionEvent, vehicle_id: 20, road_id: 1000000000000001216 id: 1349 at time: 923.532
Processed event: VehicleArriveIntersectionEvent, vehicle_id: 20, road_id: 1000000000000001216 id: 1349
processing event: VehicleEnterNewRoadEvent, vehicle_id: 12, road_id: 1000000000000000056 id: 1352 at time: 924.193
Processed event: VehicleEnterNewRoadEvent, vehicle_id: 12, road_id: 1000000000000000056 id: 1352
processing event: VehicleDepartureEvent, vehicle_id: 12, road_id: 1000000000000000056, offset: 0.000000 id: 1354 at time: 924.193
Processed event: VehicleDepartureEvent, vehicle_id: 12, road_id: 1000000000000000056, offset: 0.000000 id: 1354
processing event: VehicleEnterNewRoadEvent, vehicle_id: 20, road_id: 1000000000000001177 id: 1353 at time: 925.332
Processed event: VehicleEnterNewRoadEvent, vehicle_id: 20, road_id: 1000000000000001177 id: 1353
processing event: VehicleDepartureEvent, vehicle_id: 20, road_id: 1000000000000001177, offset: 0.000000 id: 1356 at time: 925.332
Processed event: VehicleDepartureEvent, vehicle_id: 20, road_id: 1000000000000001177, offset: 0.000000 id: 1356
processing event: VehicleArriveIntersectionEvent, vehicle_id: 17, road_id: 1000000000000000411 id: 1324 at time: 926.104
Processed event: VehicleArriveIntersectionEvent, vehicle_id: 17, road_id: 1000000000000000411 id: 1324
processing event: VehicleArriveIntersectionEvent, vehicle_id: 3, road_id: 1000000000000000334 id: 1351 at time: 926.162
Processed event: VehicleArriveIntersectionEvent, vehicle_id: 3, road_id: 1000000000000000334 id: 1351
processing event: VehicleArriveIntersectionEvent, vehicle_id: 5, road_id: 1000000000000000002 id: 1327 at time: 927.514
Processed event: VehicleArriveIntersectionEvent, vehicle_id: 5, road_id: 1000000000000000002 id: 1327
processing event: VehicleEnterNewRoadEvent, vehicle_id: 17, road_id: 1000000000000000412 id: 1358 at time: 927.905
Processed event: VehicleEnterNewRoadEvent, vehicle_id: 17, road_id: 1000000000000000412 id: 1358
processing event: VehicleDepartureEvent, vehicle_id: 17, road_id: 1000000000000000412, offset: 0.000000 id: 1361 at time: 927.905
Processed event: VehicleDepartureEvent, vehicle_id: 17, road_id: 1000000000000000412, offset: 0.000000 id: 1361
processing event: VehicleEnterNewRoadEvent, vehicle_id: 3, road_id: 1000000000000000089 id: 1359 at time: 927.962
Processed event: VehicleEnterNewRoadEvent, vehicle_id: 3, road_id: 1000000000000000089 id: 1359
processing event: VehicleDepartureEvent, vehicle_id: 3, road_id: 1000000000000000089, offset: 0.000000 id: 1363 at time: 927.962
Processed event: VehicleDepartureEvent, vehicle_id: 3, road_id: 1000000000000000089, offset: 0.000000 id: 1363
processing event: VehicleEnterNewRoadEvent, vehicle_id: 5, road_id: 1000000000000000024 id: 1360 at time: 929.314
Processed event: VehicleEnterNewRoadEvent, vehicle_id: 5, road_id: 1000000000000000024 id: 1360
processing event: VehicleDepartureEvent, vehicle_id: 5, road_id: 1000000000000000024, offset: 0.000000 id: 1365 at time: 929.314
Processed event: VehicleDepartureEvent, vehicle_id: 5, road_id: 1000000000000000024, offset: 0.000000 id: 1365
Simulator::runFor: now_ = 929.314 target = 930
[progress] simulator time = 930 / 3000
Event is not valid: VehicleCheckPointEvent, vehicle_id: 8 id: 1303 at time: 930.72
processing event: VehicleArriveIntersectionEvent, vehicle_id: 8, road_id: 1000000000000000074 id: 1304 at time: 932.16
Processed event: VehicleArriveIntersectionEvent, vehicle_id: 8, road_id: 1000000000000000074 id: 1304
processing event: BusArrivalEvent, vehicle_id: 4, stop_id: 161 id: 1334 at time: 932.636
Processed event: BusArrivalEvent, vehicle_id: 4, stop_id: 161 id: 1334
processing event: PassengerRouteEndEvent, passenger_id: 3, route_id: 1 id: 1368 at time: 932.636
Passenger 3 finished all routes
Processed event: PassengerRouteEndEvent, passenger_id: 3, route_id: 1 id: 1368
processing event: PassengerDropoffEvent, passenger_id: 3 id: 1369 at time: 932.636
Processed event: PassengerDropoffEvent, passenger_id: 3 id: 1369
processing event: OrderFinishedEvent, order_id: 3 id: 1370 at time: 932.636
Processed event: OrderFinishedEvent, order_id: 3 id: 1370
processing event: VehicleEnterNewRoadEvent, vehicle_id: 8, road_id: 1000000000000000701 id: 1367 at time: 933.96
Processed event: VehicleEnterNewRoadEvent, vehicle_id: 8, road_id: 1000000000000000701 id: 1367
processing event: VehicleDepartureEvent, vehicle_id: 8, road_id: 1000000000000000701, offset: 0.000000 id: 1371 at time: 933.96
Processed event: VehicleDepartureEvent, vehicle_id: 8, road_id: 1000000000000000701, offset: 0.000000 id: 1371
processing event: VehicleArriveIntersectionEvent, vehicle_id: 14, road_id: 1000000000000000341 id: 1301 at time: 936.05
Processed event: VehicleArriveIntersectionEvent, vehicle_id: 14, road_id: 1000000000000000341 id: 1301
processing event: VehicleEnterNewRoadEvent, vehicle_id: 14, road_id: 1000000000000000243 id: 1373 at time: 937.85
Processed event: VehicleEnterNewRoadEvent, vehicle_id: 14, road_id: 1000000000000000243 id: 1373
processing event: VehicleDepartureEvent, vehicle_id: 14, road_id: 1000000000000000243, offset: 0.000000 id: 1374 at time: 937.85
Processed event: VehicleDepartureEvent, vehicle_id: 14, road_id: 1000000000000000243, offset: 0.000000 id: 1374
processing event: PassengerRouteStartEvent, passenger_id: 19, route_id: 1 id: 18 at time: 938
Processed event: PassengerRouteStartEvent, passenger_id: 19, route_id: 1 id: 18
processing event: OrderCreatedEvent, order_id: 19, available_pickups: 106 , available_dropoffs: 177 , passenger_id: 19, route_id: 1, passenger_num: 0 id: 1376 at time: 938
Processed event: OrderCreatedEvent, order_id: 19, available_pickups: 106 , available_dropoffs: 177 , passenger_id: 19, route_id: 1, passenger_num: 2 id: 1376
processing event: BusArrivalEvent, vehicle_id: 15, stop_id: 49 id: 1315 at time: 939.577
Processed event: BusArrivalEvent, vehicle_id: 15, stop_id: 49 id: 1315
processing event: PassengerOnboardEvent, passenger_id: 11 id: 1377 at time: 939.577
Processed event: PassengerOnboardEvent, passenger_id: 11 id: 1377
Simulator::runFor: now_ = 939.577 target = 940
[progress] simulator time = 940 / 3000
processing event: OrderMatchedEvent, order_id: 19, vehicle_id: 10 id: 1379 at time: 940
Processed event: OrderMatchedEvent, order_id: 19, vehicle_id: 10 id: 1379
processing event: PassengerArrivalEvent, passenger_id: 19 id: 1381 at time: 940
Processed event: PassengerArrivalEvent, passenger_id: 19 id: 1381
processing event: VehicleArriveIntersectionEvent, vehicle_id: 11, road_id: 1000000000000000423 id: 1289 at time: 941.469
Processed event: VehicleArriveIntersectionEvent, vehicle_id: 11, road_id: 1000000000000000423 id: 1289
processing event: VehicleArriveIntersectionEvent, vehicle_id: 8, road_id: 1000000000000000701 id: 1372 at time: 942.421
Processed event: VehicleArriveIntersectionEvent, vehicle_id: 8, road_id: 1000000000000000701 id: 1372
processing event: VehicleEnterNewRoadEvent, vehicle_id: 11, road_id: 1000000000000000206 id: 1382 at time: 943.269
Processed event: VehicleEnterNewRoadEvent, vehicle_id: 11, road_id: 1000000000000000206 id: 1382
processing event: VehicleDepartureEvent, vehicle_id: 11, road_id: 1000000000000000206, offset: 0.000000 id: 1384 at time: 943.269
Processed event: VehicleDepartureEvent, vehicle_id: 11, road_id: 1000000000000000206, offset: 0.000000 id: 1384
processing event: VehicleEnterNewRoadEvent, vehicle_id: 8, road_id: 1000000000000000700 id: 1383 at time: 944.221
Processed event: VehicleEnterNewRoadEvent, vehicle_id: 8, road_id: 1000000000000000700 id: 1383
processing event: VehicleDepartureEvent, vehicle_id: 8, road_id: 1000000000000000700, offset: 0.000000 id: 1386 at time: 944.221
Processed event: VehicleDepartureEvent, vehicle_id: 8, road_id: 1000000000000000700, offset: 0.000000 id: 1386
processing event: VehicleDepartureEvent, vehicle_id: 15, road_id: 1000000000000000033, offset: 222.330000 id: 1378 at time: 944.577
Processed event: VehicleDepartureEvent, vehicle_id: 15, road_id: 1000000000000000033, offset: 222.330000 id: 1378
Simulator::runFor: now_ = 944.577 target = 950
[progress] simulator time = 950 / 3000
processing event: VehicleArriveIntersectionEvent, vehicle_id: 9, road_id: 1000000000000000854 id: 1329 at time: 953.332
Processed event: VehicleArriveIntersectionEvent, vehicle_id: 9, road_id: 1000000000000000854 id: 1329
Event is not valid: VehicleArriveIntersectionEvent, vehicle_id: 10, road_id: 1000000000000000356 id: 1332 at time: 954.707
processing event: VehicleArriveIntersectionEvent, vehicle_id: 10, road_id: 1000000000000000356 id: 1380 at time: 954.707
Processed event: VehicleArriveIntersectionEvent, vehicle_id: 10, road_id: 1000000000000000356 id: 1380
processing event: VehicleEnterNewRoadEvent, vehicle_id: 9, road_id: 1000000000000000299 id: 1389 at time: 955.132
Processed event: VehicleEnterNewRoadEvent, vehicle_id: 9, road_id: 1000000000000000299 id: 1389
processing event: VehicleDepartureEvent, vehicle_id: 9, road_id: 1000000000000000299, offset: 0.000000 id: 1391 at time: 955.132
Processed event: VehicleDepartureEvent, vehicle_id: 9, road_id: 1000000000000000299, offset: 0.000000 id: 1391
processing event: VehicleArriveIntersectionEvent, vehicle_id: 15, road_id: 1000000000000000033 id: 1388 at time: 955.319
Processed event: VehicleArriveIntersectionEvent, vehicle_id: 15, road_id: 1000000000000000033 id: 1388
processing event: VehicleArriveIntersectionEvent, vehicle_id: 17, road_id: 1000000000000000412 id: 1362 at time: 955.447
Processed event: VehicleArriveIntersectionEvent, vehicle_id: 17, road_id: 1000000000000000412 id: 1362
processing event: VehicleEnterNewRoadEvent, vehicle_id: 10, road_id: 1000000000000000364 id: 1390 at time: 956.508
Processed event: VehicleEnterNewRoadEvent, vehicle_id: 10, road_id: 1000000000000000364 id: 1390
processing event: VehicleDepartureEvent, vehicle_id: 10, road_id: 1000000000000000364, offset: 0.000000 id: 1395 at time: 956.508
Processed event: VehicleDepartureEvent, vehicle_id: 10, road_id: 1000000000000000364, offset: 0.000000 id: 1395
processing event: VehicleEnterNewRoadEvent, vehicle_id: 15, road_id: 1000000000000000322 id: 1393 at time: 957.119
Processed event: VehicleEnterNewRoadEvent, vehicle_id: 15, road_id: 1000000000000000322 id: 1393
processing event: VehicleDepartureEvent, vehicle_id: 15, road_id: 1000000000000000322, offset: 0.000000 id: 1397 at time: 957.119
Processed event: VehicleDepartureEvent, vehicle_id: 15, road_id: 1000000000000000322, offset: 0.000000 id: 1397
processing event: VehicleEnterNewRoadEvent, vehicle_id: 17, road_id: 1000000000000000587 id: 1394 at time: 957.248
Processed event: VehicleEnterNewRoadEvent, vehicle_id: 17, road_id: 1000000000000000587 id: 1394
processing event: VehicleDepartureEvent, vehicle_id: 17, road_id: 1000000000000000587, offset: 0.000000 id: 1399 at time: 957.248
Processed event: VehicleDepartureEvent, vehicle_id: 17, road_id: 1000000000000000587, offset: 0.000000 id: 1399
Simulator::runFor: now_ = 957.248 target = 960
[progress] simulator time = 960 / 3000
processing event: VehicleArriveIntersectionEvent, vehicle_id: 20, road_id: 1000000000000001177 id: 1357 at time: 965.296
Processed event: VehicleArriveIntersectionEvent, vehicle_id: 20, road_id: 1000000000000001177 id: 1357
processing event: VehicleArriveIntersectionEvent, vehicle_id: 8, road_id: 1000000000000000700 id: 1387 at time: 966.544
Processed event: VehicleArriveIntersectionEvent, vehicle_id: 8, road_id: 1000000000000000700 id: 1387
processing event: BusArrivalEvent, vehicle_id: 10, stop_id: 263 id: 1396 at time: 966.616
Processed event: BusArrivalEvent, vehicle_id: 10, stop_id: 263 id: 1396
processing event: PassengerOnboardEvent, passenger_id: 14 id: 1403 at time: 966.616
Processed event: PassengerOnboardEvent, passenger_id: 14 id: 1403
processing event: VehicleEnterNewRoadEvent, vehicle_id: 20, road_id: 1000000000000001027 id: 1401 at time: 967.096
Processed event: VehicleEnterNewRoadEvent, vehicle_id: 20, road_id: 1000000000000001027 id: 1401
processing event: VehicleDepartureEvent, vehicle_id: 20, road_id: 1000000000000001027, offset: 0.000000 id: 1405 at time: 967.096
Processed event: VehicleDepartureEvent, vehicle_id: 20, road_id: 1000000000000001027, offset: 0.000000 id: 1405
processing event: VehicleEnterNewRoadEvent, vehicle_id: 8, road_id: 1000000000000000209 id: 1402 at time: 968.344
Processed event: VehicleEnterNewRoadEvent, vehicle_id: 8, road_id: 1000000000000000209 id: 1402
processing event: VehicleDepartureEvent, vehicle_id: 8, road_id: 1000000000000000209, offset: 0.000000 id: 1407 at time: 968.344
Processed event: VehicleDepartureEvent, vehicle_id: 8, road_id: 1000000000000000209, offset: 0.000000 id: 1407
Simulator::runFor: now_ = 968.344 target = 970
[progress] simulator time = 970 / 3000
processing event: VehicleDepartureEvent, vehicle_id: 10, road_id: 1000000000000000364, offset: 56.150000 id: 1404 at time: 971.616
Processed event: VehicleDepartureEvent, vehicle_id: 10, road_id: 1000000000000000364, offset: 56.150000 id: 1404
processing event: VehicleArriveIntersectionEvent, vehicle_id: 11, road_id: 1000000000000000206 id: 1385 at time: 973.872
Processed event: VehicleArriveIntersectionEvent, vehicle_id: 11, road_id: 1000000000000000206 id: 1385
Event is not valid: VehicleCheckPointEvent, vehicle_id: 19 id: 1339 at time: 974.592
processing event: VehicleEnterNewRoadEvent, vehicle_id: 11, road_id: 1000000000000000730 id: 1410 at time: 975.672
Processed event: VehicleEnterNewRoadEvent, vehicle_id: 11, road_id: 1000000000000000730 id: 1410
processing event: VehicleDepartureEvent, vehicle_id: 11, road_id: 1000000000000000730, offset: 0.000000 id: 1411 at time: 975.672
Processed event: VehicleDepartureEvent, vehicle_id: 11, road_id: 1000000000000000730, offset: 0.000000 id: 1411
processing event: VehicleArriveIntersectionEvent, vehicle_id: 19, road_id: 1000000000000000430 id: 1340 at time: 976.032
Processed event: VehicleArriveIntersectionEvent, vehicle_id: 19, road_id: 1000000000000000430 id: 1340
processing event: VehicleEnterNewRoadEvent, vehicle_id: 19, road_id: 1000000000000000431 id: 1413 at time: 977.833
Processed event: VehicleEnterNewRoadEvent, vehicle_id: 19, road_id: 1000000000000000431 id: 1413
processing event: VehicleDepartureEvent, vehicle_id: 19, road_id: 1000000000000000431, offset: 0.000000 id: 1414 at time: 977.833
Processed event: VehicleDepartureEvent, vehicle_id: 19, road_id: 1000000000000000431, offset: 0.000000 id: 1414
processing event: VehicleArriveIntersectionEvent, vehicle_id: 11, road_id: 1000000000000000730 id: 1412 at time: 978.733
Processed event: VehicleArriveIntersectionEvent, vehicle_id: 11, road_id: 1000000000000000730 id: 1412
Simulator::runFor: now_ = 978.733 target = 980
[progress] simulator time = 980 / 3000
processing event: VehicleEnterNewRoadEvent, vehicle_id: 11, road_id: 1000000000000000728 id: 1416 at time: 980.533
Processed event: VehicleEnterNewRoadEvent, vehicle_id: 11, road_id: 1000000000000000728 id: 1416
processing event: VehicleDepartureEvent, vehicle_id: 11, road_id: 1000000000000000728, offset: 0.000000 id: 1417 at time: 980.533
Processed event: VehicleDepartureEvent, vehicle_id: 11, road_id: 1000000000000000728, offset: 0.000000 id: 1417
processing event: VehicleArriveIntersectionEvent, vehicle_id: 11, road_id: 1000000000000000728 id: 1418 at time: 981.613
Processed event: VehicleArriveIntersectionEvent, vehicle_id: 11, road_id: 1000000000000000728 id: 1418
processing event: VehicleArriveIntersectionEvent, vehicle_id: 9, road_id: 1000000000000000299 id: 1392 at time: 983.035
Processed event: VehicleArriveIntersectionEvent, vehicle_id: 9, road_id: 1000000000000000299 id: 1392
processing event: VehicleEnterNewRoadEvent, vehicle_id: 11, road_id: 1000000000000000166 id: 1419 at time: 983.413
Processed event: VehicleEnterNewRoadEvent, vehicle_id: 11, road_id: 1000000000000000166 id: 1419
processing event: VehicleDepartureEvent, vehicle_id: 11, road_id: 1000000000000000166, offset: 0.000000 id: 1421 at time: 983.413
Processed event: VehicleDepartureEvent, vehicle_id: 11, road_id: 1000000000000000166, offset: 0.000000 id: 1421
processing event: VehicleEnterNewRoadEvent, vehicle_id: 9, road_id: 1000000000000000293 id: 1420 at time: 984.835
Processed event: VehicleEnterNewRoadEvent, vehicle_id: 9, road_id: 1000000000000000293 id: 1420
processing event: VehicleDepartureEvent, vehicle_id: 9, road_id: 1000000000000000293, offset: 0.000000 id: 1423 at time: 984.835
Processed event: VehicleDepartureEvent, vehicle_id: 9, road_id: 1000000000000000293, offset: 0.000000 id: 1423
processing event: VehicleArriveIntersectionEvent, vehicle_id: 16, road_id: 1000000000000000209 id: 1347 at time: 988.508
Processed event: VehicleArriveIntersectionEvent, vehicle_id: 16, road_id: 1000000000000000209 id: 1347
Simulator::runFor: now_ = 988.508 target = 990
[progress] simulator time = 990 / 3000
processing event: VehicleEnterNewRoadEvent, vehicle_id: 16, road_id: 1000000000000001144 id: 1425 at time: 990.308
Processed event: VehicleEnterNewRoadEvent, vehicle_id: 16, road_id: 1000000000000001144 id: 1425
processing event: VehicleDepartureEvent, vehicle_id: 16, road_id: 1000000000000001144, offset: 0.000000 id: 1426 at time: 990.308
Processed event: VehicleDepartureEvent, vehicle_id: 16, road_id: 1000000000000001144, offset: 0.000000 id: 1426
processing event: VehicleArriveIntersectionEvent, vehicle_id: 9, road_id: 1000000000000000293 id: 1424 at time: 991.496
Processed event: VehicleArriveIntersectionEvent, vehicle_id: 9, road_id: 1000000000000000293 id: 1424
processing event: VehicleEnterNewRoadEvent, vehicle_id: 9, road_id: 1000000000000000295 id: 1428 at time: 993.296
Processed event: VehicleEnterNewRoadEvent, vehicle_id: 9, road_id: 1000000000000000295 id: 1428
processing event: VehicleDepartureEvent, vehicle_id: 9, road_id: 1000000000000000295, offset: 0.000000 id: 1429 at time: 993.296
Processed event: VehicleDepartureEvent, vehicle_id: 9, road_id: 1000000000000000295, offset: 0.000000 id: 1429
processing event: VehicleArriveIntersectionEvent, vehicle_id: 17, road_id: 1000000000000000587 id: 1400 at time: 995.411
Processed event: VehicleArriveIntersectionEvent, vehicle_id: 17, road_id: 1000000000000000587 id: 1400
processing event: VehicleArriveIntersectionEvent, vehicle_id: 12, road_id: 1000000000000000056 id: 1355 at time: 996.56
Processed event: VehicleArriveIntersectionEvent, vehicle_id: 12, road_id: 1000000000000000056 id: 1355
processing event: VehicleArriveIntersectionEvent, vehicle_id: 15, road_id: 1000000000000000322 id: 1398 at time: 997.083
Processed event: VehicleArriveIntersectionEvent, vehicle_id: 15, road_id: 1000000000000000322 id: 1398
processing event: VehicleEnterNewRoadEvent, vehicle_id: 17, road_id: 1000000000000001059 id: 1431 at time: 997.212
Processed event: VehicleEnterNewRoadEvent, vehicle_id: 17, road_id: 1000000000000001059 id: 1431
processing event: VehicleDepartureEvent, vehicle_id: 17, road_id: 1000000000000001059, offset: 0.000000 id: 1434 at time: 997.212
Processed event: VehicleDepartureEvent, vehicle_id: 17, road_id: 1000000000000001059, offset: 0.000000 id: 1434
processing event: VehicleEnterNewRoadEvent, vehicle_id: 12, road_id: 1000000000000000423 id: 1432 at time: 998.36
Processed event: VehicleEnterNewRoadEvent, vehicle_id: 12, road_id: 1000000000000000423 id: 1432
processing event: VehicleDepartureEvent, vehicle_id: 12, road_id: 1000000000000000423, offset: 0.000000 id: 1436 at time: 998.36
Processed event: VehicleDepartureEvent, vehicle_id: 12, road_id: 1000000000000000423, offset: 0.000000 id: 1436
processing event: VehicleEnterNewRoadEvent, vehicle_id: 15, road_id: 1000000000000000323 id: 1433 at time: 998.883
Processed event: VehicleEnterNewRoadEvent, vehicle_id: 15, road_id: 1000000000000000323 id: 1433
processing event: VehicleDepartureEvent, vehicle_id: 15, road_id: 1000000000000000323, offset: 0.000000 id: 1438 at time: 998.883
Processed event: VehicleDepartureEvent, vehicle_id: 15, road_id: 1000000000000000323, offset: 0.000000 id: 1438
Simulator::runFor: now_ = 998.883 target = 1000
[progress] simulator time = 1000 / 3000
processing event: VehicleArriveIntersectionEvent, vehicle_id: 11, road_id: 1000000000000000166 id: 1422 at time: 1008.08
Processed event: VehicleArriveIntersectionEvent, vehicle_id: 11, road_id: 1000000000000000166 id: 1422
processing event: VehicleEnterNewRoadEvent, vehicle_id: 11, road_id: 1000000000000000129 id: 1440 at time: 1009.88
Processed event: VehicleEnterNewRoadEvent, vehicle_id: 11, road_id: 1000000000000000129 id: 1440
processing event: VehicleDepartureEvent, vehicle_id: 11, road_id: 1000000000000000129, offset: 0.000000 id: 1441 at time: 1009.88
Processed event: VehicleDepartureEvent, vehicle_id: 11, road_id: 1000000000000000129, offset: 0.000000 id: 1441
Simulator::runFor: now_ = 1009.88 target = 1010
[progress] simulator time = 1010 / 3000
processing event: VehicleArriveIntersectionEvent, vehicle_id: 10, road_id: 1000000000000000364 id: 1409 at time: 1010.29
Processed event: VehicleArriveIntersectionEvent, vehicle_id: 10, road_id: 1000000000000000364 id: 1409
processing event: VehicleEnterNewRoadEvent, vehicle_id: 10, road_id: 1000000000000000366 id: 1443 at time: 1012.09
Processed event: VehicleEnterNewRoadEvent, vehicle_id: 10, road_id: 1000000000000000366 id: 1443
processing event: VehicleDepartureEvent, vehicle_id: 10, road_id: 1000000000000000366, offset: 0.000000 id: 1444 at time: 1012.09
Processed event: VehicleDepartureEvent, vehicle_id: 10, road_id: 1000000000000000366, offset: 0.000000 id: 1444
processing event: VehicleArriveIntersectionEvent, vehicle_id: 20, road_id: 1000000000000001027 id: 1406 at time: 1012.28
Processed event: VehicleArriveIntersectionEvent, vehicle_id: 20, road_id: 1000000000000001027 id: 1406
processing event: VehicleEnterNewRoadEvent, vehicle_id: 20, road_id: 1000000000000001026 id: 1446 at time: 1014.08
Processed event: VehicleEnterNewRoadEvent, vehicle_id: 20, road_id: 1000000000000001026 id: 1446
processing event: VehicleDepartureEvent, vehicle_id: 20, road_id: 1000000000000001026, offset: 0.000000 id: 1447 at time: 1014.08
Processed event: VehicleDepartureEvent, vehicle_id: 20, road_id: 1000000000000001026, offset: 0.000000 id: 1447
processing event: VehicleArriveIntersectionEvent, vehicle_id: 11, road_id: 1000000000000000129 id: 1442 at time: 1014.2
Processed event: VehicleArriveIntersectionEvent, vehicle_id: 11, road_id: 1000000000000000129 id: 1442
processing event: VehicleEnterNewRoadEvent, vehicle_id: 11, road_id: 1000000000000000588 id: 1449 at time: 1016
Processed event: VehicleEnterNewRoadEvent, vehicle_id: 11, road_id: 1000000000000000588 id: 1449
processing event: VehicleDepartureEvent, vehicle_id: 11, road_id: 1000000000000000588, offset: 0.000000 id: 1450 at time: 1016
Processed event: VehicleDepartureEvent, vehicle_id: 11, road_id: 1000000000000000588, offset: 0.000000 id: 1450
Simulator::runFor: now_ = 1016 target = 1020
[progress] simulator time = 1020 / 3000
processing event: VehicleArriveIntersectionEvent, vehicle_id: 3, road_id: 1000000000000000089 id: 1364 at time: 1021.39
Processed event: VehicleArriveIntersectionEvent, vehicle_id: 3, road_id: 1000000000000000089 id: 1364
processing event: VehicleArriveIntersectionEvent, vehicle_id: 11, road_id: 1000000000000000588 id: 1451 at time: 1022.12
Processed event: VehicleArriveIntersectionEvent, vehicle_id: 11, road_id: 1000000000000000588 id: 1451
processing event: VehicleArriveIntersectionEvent, vehicle_id: 19, road_id: 1000000000000000431 id: 1415 at time: 1022.3
Processed event: VehicleArriveIntersectionEvent, vehicle_id: 19, road_id: 1000000000000000431 id: 1415
processing event: VehicleEnterNewRoadEvent, vehicle_id: 3, road_id: 1000000000000000324 id: 1452 at time: 1023.19
Processed event: VehicleEnterNewRoadEvent, vehicle_id: 3, road_id: 1000000000000000324 id: 1452
processing event: VehicleDepartureEvent, vehicle_id: 3, road_id: 1000000000000000324, offset: 0.000000 id: 1455 at time: 1023.19
Processed event: VehicleDepartureEvent, vehicle_id: 3, road_id: 1000000000000000324, offset: 0.000000 id: 1455
processing event: VehicleEnterNewRoadEvent, vehicle_id: 11, road_id: 1000000000000000584 id: 1453 at time: 1023.92
Processed event: VehicleEnterNewRoadEvent, vehicle_id: 11, road_id: 1000000000000000584 id: 1453
processing event: VehicleDepartureEvent, vehicle_id: 11, road_id: 1000000000000000584, offset: 0.000000 id: 1457 at time: 1023.92
Processed event: VehicleDepartureEvent, vehicle_id: 11, road_id: 1000000000000000584, offset: 0.000000 id: 1457
processing event: VehicleEnterNewRoadEvent, vehicle_id: 19, road_id: 1000000000000000152 id: 1454 at time: 1024.1
Processed event: VehicleEnterNewRoadEvent, vehicle_id: 19, road_id: 1000000000000000152 id: 1454
processing event: VehicleDepartureEvent, vehicle_id: 19, road_id: 1000000000000000152, offset: 0.000000 id: 1459 at time: 1024.1
Processed event: VehicleDepartureEvent, vehicle_id: 19, road_id: 1000000000000000152, offset: 0.000000 id: 1459
processing event: VehicleArriveIntersectionEvent, vehicle_id: 9, road_id: 1000000000000000295 id: 1430 at time: 1026.24
Processed event: VehicleArriveIntersectionEvent, vehicle_id: 9, road_id: 1000000000000000295 id: 1430
processing event: VehicleEnterNewRoadEvent, vehicle_id: 9, road_id: 1000000000000000296 id: 1461 at time: 1028.04
Processed event: VehicleEnterNewRoadEvent, vehicle_id: 9, road_id: 1000000000000000296 id: 1461
processing event: VehicleDepartureEvent, vehicle_id: 9, road_id: 1000000000000000296, offset: 0.000000 id: 1462 at time: 1028.04
Processed event: VehicleDepartureEvent, vehicle_id: 9, road_id: 1000000000000000296, offset: 0.000000 id: 1462
processing event: PassengerRouteStartEvent, passenger_id: 20, route_id: 1 id: 19 at time: 1029
Processed event: PassengerRouteStartEvent, passenger_id: 20, route_id: 1 id: 19
processing event: OrderCreatedEvent, order_id: 20, available_pickups: 209 , available_dropoffs: 27 , passenger_id: 20, route_id: 1, passenger_num: 0 id: 1464 at time: 1029
Processed event: OrderCreatedEvent, order_id: 20, available_pickups: 209 , available_dropoffs: 27 , passenger_id: 20, route_id: 1, passenger_num: 3 id: 1464
processing event: VehicleArriveIntersectionEvent, vehicle_id: 14, road_id: 1000000000000000243 id: 1375 at time: 1029.66
Processed event: VehicleArriveIntersectionEvent, vehicle_id: 14, road_id: 1000000000000000243 id: 1375
Simulator::runFor: now_ = 1029.66 target = 1030
[progress] simulator time = 1030 / 3000
processing event: OrderMatchedEvent, order_id: 20, vehicle_id: 14 id: 1466 at time: 1030
Processed event: OrderMatchedEvent, order_id: 20, vehicle_id: 14 id: 1466
processing event: PassengerArrivalEvent, passenger_id: 20 id: 1467 at time: 1030
Processed event: PassengerArrivalEvent, passenger_id: 20 id: 1467
processing event: VehicleArriveIntersectionEvent, vehicle_id: 19, road_id: 1000000000000000152 id: 1460 at time: 1030.58
Processed event: VehicleArriveIntersectionEvent, vehicle_id: 19, road_id: 1000000000000000152 id: 1460
processing event: VehicleEnterNewRoadEvent, vehicle_id: 14, road_id: 1000000000000000244 id: 1465 at time: 1031.46
Processed event: VehicleEnterNewRoadEvent, vehicle_id: 14, road_id: 1000000000000000244 id: 1465
processing event: VehicleDepartureEvent, vehicle_id: 14, road_id: 1000000000000000244, offset: 0.000000 id: 1469 at time: 1031.46
Processed event: VehicleDepartureEvent, vehicle_id: 14, road_id: 1000000000000000244, offset: 0.000000 id: 1469
processing event: VehicleEnterNewRoadEvent, vehicle_id: 19, road_id: 1000000000000000159 id: 1468 at time: 1032.38
Processed event: VehicleEnterNewRoadEvent, vehicle_id: 19, road_id: 1000000000000000159 id: 1468
processing event: VehicleDepartureEvent, vehicle_id: 19, road_id: 1000000000000000159, offset: 0.000000 id: 1471 at time: 1032.38
Processed event: VehicleDepartureEvent, vehicle_id: 19, road_id: 1000000000000000159, offset: 0.000000 id: 1471
processing event: VehicleArriveIntersectionEvent, vehicle_id: 19, road_id: 1000000000000000159 id: 1472 at time: 1033.64
Processed event: VehicleArriveIntersectionEvent, vehicle_id: 19, road_id: 1000000000000000159 id: 1472
processing event: VehicleArriveIntersectionEvent, vehicle_id: 17, road_id: 1000000000000001059 id: 1435 at time: 1035.02
Processed event: VehicleArriveIntersectionEvent, vehicle_id: 17, road_id: 1000000000000001059 id: 1435
processing event: VehicleEnterNewRoadEvent, vehicle_id: 19, road_id: 1000000000000000160 id: 1473 at time: 1035.44
Processed event: VehicleEnterNewRoadEvent, vehicle_id: 19, road_id: 1000000000000000160 id: 1473
processing event: VehicleDepartureEvent, vehicle_id: 19, road_id: 1000000000000000160, offset: 0.000000 id: 1475 at time: 1035.44
Processed event: VehicleDepartureEvent, vehicle_id: 19, road_id: 1000000000000000160, offset: 0.000000 id: 1475
processing event: VehicleEnterNewRoadEvent, vehicle_id: 17, road_id: 1000000000000000374 id: 1474 at time: 1036.82
Processed event: VehicleEnterNewRoadEvent, vehicle_id: 17, road_id: 1000000000000000374 id: 1474
processing event: VehicleDepartureEvent, vehicle_id: 17, road_id: 1000000000000000374, offset: 0.000000 id: 1477 at time: 1036.82
Processed event: VehicleDepartureEvent, vehicle_id: 17, road_id: 1000000000000000374, offset: 0.000000 id: 1477
processing event: VehicleArriveIntersectionEvent, vehicle_id: 8, road_id: 1000000000000000209 id: 1408 at time: 1037.11
Processed event: VehicleArriveIntersectionEvent, vehicle_id: 8, road_id: 1000000000000000209 id: 1408
processing event: VehicleEnterNewRoadEvent, vehicle_id: 8, road_id: 1000000000000000210 id: 1479 at time: 1038.91
Processed event: VehicleEnterNewRoadEvent, vehicle_id: 8, road_id: 1000000000000000210 id: 1479
processing event: VehicleDepartureEvent, vehicle_id: 8, road_id: 1000000000000000210, offset: 0.000000 id: 1480 at time: 1038.91
Processed event: VehicleDepartureEvent, vehicle_id: 8, road_id: 1000000000000000210, offset: 0.000000 id: 1480
Simulator::runFor: now_ = 1038.91 target = 1040
[progress] simulator time = 1040 / 3000
processing event: VehicleArriveIntersectionEvent, vehicle_id: 5, road_id: 1000000000000000024 id: 1366 at time: 1040.75
Processed event: VehicleArriveIntersectionEvent, vehicle_id: 5, road_id: 1000000000000000024 id: 1366
processing event: VehicleArriveIntersectionEvent, vehicle_id: 19, road_id: 1000000000000000160 id: 1476 at time: 1041.92
Processed event: VehicleArriveIntersectionEvent, vehicle_id: 19, road_id: 1000000000000000160 id: 1476
processing event: VehicleEnterNewRoadEvent, vehicle_id: 5, road_id: 1000000000000000061 id: 1482 at time: 1042.55
Processed event: VehicleEnterNewRoadEvent, vehicle_id: 5, road_id: 1000000000000000061 id: 1482
processing event: VehicleDepartureEvent, vehicle_id: 5, road_id: 1000000000000000061, offset: 0.000000 id: 1484 at time: 1042.55
Processed event: VehicleDepartureEvent, vehicle_id: 5, road_id: 1000000000000000061, offset: 0.000000 id: 1484
processing event: VehicleArriveIntersectionEvent, vehicle_id: 20, road_id: 1000000000000001026 id: 1448 at time: 1042.7
Processed event: VehicleArriveIntersectionEvent, vehicle_id: 20, road_id: 1000000000000001026 id: 1448
processing event: VehicleEnterNewRoadEvent, vehicle_id: 19, road_id: 1000000000000000161 id: 1483 at time: 1043.72
Processed event: VehicleEnterNewRoadEvent, vehicle_id: 19, road_id: 1000000000000000161 id: 1483
processing event: VehicleDepartureEvent, vehicle_id: 19, road_id: 1000000000000000161, offset: 0.000000 id: 1487 at time: 1043.72
Processed event: VehicleDepartureEvent, vehicle_id: 19, road_id: 1000000000000000161, offset: 0.000000 id: 1487
processing event: VehicleEnterNewRoadEvent, vehicle_id: 20, road_id: 1000000000000000012 id: 1486 at time: 1044.5
Processed event: VehicleEnterNewRoadEvent, vehicle_id: 20, road_id: 1000000000000000012 id: 1486
processing event: VehicleDepartureEvent, vehicle_id: 20, road_id: 1000000000000000012, offset: 0.000000 id: 1489 at time: 1044.5
Processed event: VehicleDepartureEvent, vehicle_id: 20, road_id: 1000000000000000012, offset: 0.000000 id: 1489
processing event: VehicleArriveIntersectionEvent, vehicle_id: 19, road_id: 1000000000000000161 id: 1488 at time: 1045.16
Processed event: VehicleArriveIntersectionEvent, vehicle_id: 19, road_id: 1000000000000000161 id: 1488
processing event: VehicleEnterNewRoadEvent, vehicle_id: 19, road_id: 1000000000000000156 id: 1491 at time: 1046.96
Processed event: VehicleEnterNewRoadEvent, vehicle_id: 19, road_id: 1000000000000000156 id: 1491
processing event: VehicleDepartureEvent, vehicle_id: 19, road_id: 1000000000000000156, offset: 0.000000 id: 1492 at time: 1046.96
Processed event: VehicleDepartureEvent, vehicle_id: 19, road_id: 1000000000000000156, offset: 0.000000 id: 1492
processing event: BusArrivalEvent, vehicle_id: 20, stop_id: 195 id: 1490 at time: 1048.1
Processed event: BusArrivalEvent, vehicle_id: 20, stop_id: 195 id: 1490
processing event: PassengerOnboardEvent, passenger_id: 10 id: 1494 at time: 1048.1
Processed event: PassengerOnboardEvent, passenger_id: 10 id: 1494
Simulator::runFor: now_ = 1048.1 target = 1050
[progress] simulator time = 1050 / 3000
processing event: VehicleArriveIntersectionEvent, vehicle_id: 11, road_id: 1000000000000000584 id: 1458 at time: 1050.2
Processed event: VehicleArriveIntersectionEvent, vehicle_id: 11, road_id: 1000000000000000584 id: 1458
processing event: VehicleArriveIntersectionEvent, vehicle_id: 16, road_id: 1000000000000001144 id: 1427 at time: 1051.51
Processed event: VehicleArriveIntersectionEvent, vehicle_id: 16, road_id: 1000000000000001144 id: 1427
processing event: VehicleEnterNewRoadEvent, vehicle_id: 11, road_id: 1000000000000000585 id: 1496 at time: 1052
Processed event: VehicleEnterNewRoadEvent, vehicle_id: 11, road_id: 1000000000000000585 id: 1496
processing event: VehicleDepartureEvent, vehicle_id: 11, road_id: 1000000000000000585, offset: 0.000000 id: 1498 at time: 1052
Processed event: VehicleDepartureEvent, vehicle_id: 11, road_id: 1000000000000000585, offset: 0.000000 id: 1498
processing event: VehicleArriveIntersectionEvent, vehicle_id: 19, road_id: 1000000000000000156 id: 1493 at time: 1052.36
Processed event: VehicleArriveIntersectionEvent, vehicle_id: 19, road_id: 1000000000000000156 id: 1493
processing event: VehicleDepartureEvent, vehicle_id: 20, road_id: 1000000000000000012, offset: 19.960000 id: 1495 at time: 1053.1
Processed event: VehicleDepartureEvent, vehicle_id: 20, road_id: 1000000000000000012, offset: 19.960000 id: 1495
processing event: VehicleEnterNewRoadEvent, vehicle_id: 16, road_id: 1000000000000000630 id: 1497 at time: 1053.31
Processed event: VehicleEnterNewRoadEvent, vehicle_id: 16, road_id: 1000000000000000630 id: 1497
processing event: VehicleDepartureEvent, vehicle_id: 16, road_id: 1000000000000000630, offset: 0.000000 id: 1502 at time: 1053.31
Processed event: VehicleDepartureEvent, vehicle_id: 16, road_id: 1000000000000000630, offset: 0.000000 id: 1502
processing event: VehicleEnterNewRoadEvent, vehicle_id: 19, road_id: 1000000000000000330 id: 1500 at time: 1054.16
Processed event: VehicleEnterNewRoadEvent, vehicle_id: 19, road_id: 1000000000000000330 id: 1500
processing event: VehicleDepartureEvent, vehicle_id: 19, road_id: 1000000000000000330, offset: 0.000000 id: 1504 at time: 1054.16
Processed event: VehicleDepartureEvent, vehicle_id: 19, road_id: 1000000000000000330, offset: 0.000000 id: 1504
processing event: VehicleArriveIntersectionEvent, vehicle_id: 15, road_id: 1000000000000000323 id: 1439 at time: 1058.47
Processed event: VehicleArriveIntersectionEvent, vehicle_id: 15, road_id: 1000000000000000323 id: 1439
processing event: BusArrivalEvent, vehicle_id: 3, stop_id: 102 id: 1456 at time: 1058.72
Processed event: BusArrivalEvent, vehicle_id: 3, stop_id: 102 id: 1456
processing event: PassengerOnboardEvent, passenger_id: 4 id: 1507 at time: 1058.72
Processed event: PassengerOnboardEvent, passenger_id: 4 id: 1507
processing event: VehicleArriveIntersectionEvent, vehicle_id: 9, road_id: 1000000000000000296 id: 1463 at time: 1059.72
Processed event: VehicleArriveIntersectionEvent, vehicle_id: 9, road_id: 1000000000000000296 id: 1463
Simulator::runFor: now_ = 1059.72 target = 1060
[progress] simulator time = 1060 / 3000
processing event: VehicleEnterNewRoadEvent, vehicle_id: 15, road_id: 1000000000000000324 id: 1506 at time: 1060.27
Processed event: VehicleEnterNewRoadEvent, vehicle_id: 15, road_id: 1000000000000000324 id: 1506
processing event: VehicleDepartureEvent, vehicle_id: 15, road_id: 1000000000000000324, offset: 0.000000 id: 1510 at time: 1060.27
Processed event: VehicleDepartureEvent, vehicle_id: 15, road_id: 1000000000000000324, offset: 0.000000 id: 1510
processing event: VehicleEnterNewRoadEvent, vehicle_id: 9, road_id: 1000000000000000297 id: 1509 at time: 1061.52
Processed event: VehicleEnterNewRoadEvent, vehicle_id: 9, road_id: 1000000000000000297 id: 1509
processing event: VehicleDepartureEvent, vehicle_id: 9, road_id: 1000000000000000297, offset: 0.000000 id: 1512 at time: 1061.52
Processed event: VehicleDepartureEvent, vehicle_id: 9, road_id: 1000000000000000297, offset: 0.000000 id: 1512
processing event: VehicleDepartureEvent, vehicle_id: 3, road_id: 1000000000000000324, offset: 197.360000 id: 1508 at time: 1063.72
Processed event: VehicleDepartureEvent, vehicle_id: 3, road_id: 1000000000000000324, offset: 197.360000 id: 1508
processing event: PassengerRouteStartEvent, passenger_id: 21, route_id: 1 id: 20 at time: 1068
Processed event: PassengerRouteStartEvent, passenger_id: 21, route_id: 1 id: 20
processing event: OrderCreatedEvent, order_id: 21, available_pickups: 277 , available_dropoffs: 134 , passenger_id: 21, route_id: 1, passenger_num: 0 id: 1515 at time: 1068
Processed event: OrderCreatedEvent, order_id: 21, available_pickups: 277 , available_dropoffs: 134 , passenger_id: 21, route_id: 1, passenger_num: 2 id: 1515
processing event: VehicleArriveIntersectionEvent, vehicle_id: 12, road_id: 1000000000000000423 id: 1437 at time: 1069.65
Processed event: VehicleArriveIntersectionEvent, vehicle_id: 12, road_id: 1000000000000000423 id: 1437
Simulator::runFor: now_ = 1069.65 target = 1070
[progress] simulator time = 1070 / 3000
processing event: OrderMatchedEvent, order_id: 21, vehicle_id: 18 id: 1517 at time: 1070
Processed event: OrderMatchedEvent, order_id: 21, vehicle_id: 18 id: 1517
processing event: VehicleDepartureEvent, vehicle_id: 18, road_id: 1000000000000000584, offset: 133.440000 id: 1518 at time: 1070
Processed event: VehicleDepartureEvent, vehicle_id: 18, road_id: 1000000000000000584, offset: 133.440000 id: 1518
processing event: PassengerArrivalEvent, passenger_id: 21 id: 1519 at time: 1070
Processed event: PassengerArrivalEvent, passenger_id: 21 id: 1519
processing event: VehicleEnterNewRoadEvent, vehicle_id: 12, road_id: 1000000000000000046 id: 1516 at time: 1071.45
Processed event: VehicleEnterNewRoadEvent, vehicle_id: 12, road_id: 1000000000000000046 id: 1516
processing event: VehicleDepartureEvent, vehicle_id: 12, road_id: 1000000000000000046, offset: 0.000000 id: 1521 at time: 1071.45
Processed event: VehicleDepartureEvent, vehicle_id: 12, road_id: 1000000000000000046, offset: 0.000000 id: 1521
processing event: VehicleArriveIntersectionEvent, vehicle_id: 18, road_id: 1000000000000000584 id: 1520 at time: 1072.26
Processed event: VehicleArriveIntersectionEvent, vehicle_id: 18, road_id: 1000000000000000584 id: 1520
processing event: BusArrivalEvent, vehicle_id: 16, stop_id: 220 id: 1503 at time: 1072.37
Processed event: BusArrivalEvent, vehicle_id: 16, stop_id: 220 id: 1503
processing event: PassengerOnboardEvent, passenger_id: 9 id: 1524 at time: 1072.37
Processed event: PassengerOnboardEvent, passenger_id: 9 id: 1524
processing event: VehicleEnterNewRoadEvent, vehicle_id: 18, road_id: 1000000000000001210 id: 1523 at time: 1074.06
Processed event: VehicleEnterNewRoadEvent, vehicle_id: 18, road_id: 1000000000000001210 id: 1523
processing event: VehicleDepartureEvent, vehicle_id: 18, road_id: 1000000000000001210, offset: 0.000000 id: 1526 at time: 1074.06
Processed event: VehicleDepartureEvent, vehicle_id: 18, road_id: 1000000000000001210, offset: 0.000000 id: 1526
processing event: VehicleArriveIntersectionEvent, vehicle_id: 12, road_id: 1000000000000000046 id: 1522 at time: 1077.03
Processed event: VehicleArriveIntersectionEvent, vehicle_id: 12, road_id: 1000000000000000046 id: 1522
processing event: VehicleDepartureEvent, vehicle_id: 16, road_id: 1000000000000000630, offset: 105.870000 id: 1525 at time: 1077.37
Processed event: VehicleDepartureEvent, vehicle_id: 16, road_id: 1000000000000000630, offset: 105.870000 id: 1525
processing event: BusArrivalEvent, vehicle_id: 11, stop_id: 222 id: 1499 at time: 1078.08
Processed event: BusArrivalEvent, vehicle_id: 11, stop_id: 222 id: 1499
processing event: PassengerOnboardEvent, passenger_id: 5 id: 1530 at time: 1078.08
Processed event: PassengerOnboardEvent, passenger_id: 5 id: 1530
processing event: VehicleArriveIntersectionEvent, vehicle_id: 20, road_id: 1000000000000000012 id: 1501 at time: 1078.13
Processed event: VehicleArriveIntersectionEvent, vehicle_id: 20, road_id: 1000000000000000012 id: 1501
processing event: VehicleEnterNewRoadEvent, vehicle_id: 12, road_id: 1000000000000000650 id: 1528 at time: 1078.83
Processed event: VehicleEnterNewRoadEvent, vehicle_id: 12, road_id: 1000000000000000650 id: 1528
processing event: VehicleDepartureEvent, vehicle_id: 12, road_id: 1000000000000000650, offset: 0.000000 id: 1533 at time: 1078.83
Processed event: VehicleDepartureEvent, vehicle_id: 12, road_id: 1000000000000000650, offset: 0.000000 id: 1533
processing event: VehicleArriveIntersectionEvent, vehicle_id: 12, road_id: 1000000000000000650 id: 1534 at time: 1079.01
Processed event: VehicleArriveIntersectionEvent, vehicle_id: 12, road_id: 1000000000000000650 id: 1534
processing event: VehicleEnterNewRoadEvent, vehicle_id: 20, road_id: 1000000000000001026 id: 1532 at time: 1079.93
Processed event: VehicleEnterNewRoadEvent, vehicle_id: 20, road_id: 1000000000000001026 id: 1532
processing event: VehicleDepartureEvent, vehicle_id: 20, road_id: 1000000000000001026, offset: 0.000000 id: 1536 at time: 1079.93
Processed event: VehicleDepartureEvent, vehicle_id: 20, road_id: 1000000000000001026, offset: 0.000000 id: 1536
Simulator::runFor: now_ = 1079.93 target = 1080
[progress] simulator time = 1080 / 3000
processing event: VehicleEnterNewRoadEvent, vehicle_id: 12, road_id: 1000000000000000649 id: 1535 at time: 1080.81
Processed event: VehicleEnterNewRoadEvent, vehicle_id: 12, road_id: 1000000000000000649 id: 1535
processing event: VehicleDepartureEvent, vehicle_id: 12, road_id: 1000000000000000649, offset: 0.000000 id: 1538 at time: 1080.81
Processed event: VehicleDepartureEvent, vehicle_id: 12, road_id: 1000000000000000649, offset: 0.000000 id: 1538
processing event: VehicleArriveIntersectionEvent, vehicle_id: 16, road_id: 1000000000000000630 id: 1529 at time: 1081.9
Processed event: VehicleArriveIntersectionEvent, vehicle_id: 16, road_id: 1000000000000000630 id: 1529
processing event: VehicleDepartureEvent, vehicle_id: 11, road_id: 1000000000000000585, offset: 144.870000 id: 1531 at time: 1083.08
Processed event: VehicleDepartureEvent, vehicle_id: 11, road_id: 1000000000000000585, offset: 144.870000 id: 1531
processing event: VehicleEnterNewRoadEvent, vehicle_id: 16, road_id: 1000000000000000631 id: 1540 at time: 1083.7
Processed event: VehicleEnterNewRoadEvent, vehicle_id: 16, road_id: 1000000000000000631 id: 1540
processing event: VehicleDepartureEvent, vehicle_id: 16, road_id: 1000000000000000631, offset: 0.000000 id: 1542 at time: 1083.7
Processed event: VehicleDepartureEvent, vehicle_id: 16, road_id: 1000000000000000631, offset: 0.000000 id: 1542
processing event: VehicleArriveIntersectionEvent, vehicle_id: 17, road_id: 1000000000000000374 id: 1478 at time: 1083.98
Processed event: VehicleArriveIntersectionEvent, vehicle_id: 17, road_id: 1000000000000000374 id: 1478
processing event: VehicleEnterNewRoadEvent, vehicle_id: 17, road_id: 1000000000000000375 id: 1544 at time: 1085.78
Processed event: VehicleEnterNewRoadEvent, vehicle_id: 17, road_id: 1000000000000000375 id: 1544
processing event: VehicleDepartureEvent, vehicle_id: 17, road_id: 1000000000000000375, offset: 0.000000 id: 1545 at time: 1085.78
Processed event: VehicleDepartureEvent, vehicle_id: 17, road_id: 1000000000000000375, offset: 0.000000 id: 1545
processing event: VehicleArriveIntersectionEvent, vehicle_id: 9, road_id: 1000000000000000297 id: 1513 at time: 1085.83
Processed event: VehicleArriveIntersectionEvent, vehicle_id: 9, road_id: 1000000000000000297 id: 1513
processing event: VehicleArriveIntersectionEvent, vehicle_id: 12, road_id: 1000000000000000649 id: 1539 at time: 1086.03
Processed event: VehicleArriveIntersectionEvent, vehicle_id: 12, road_id: 1000000000000000649 id: 1539
processing event: VehicleEnterNewRoadEvent, vehicle_id: 9, road_id: 1000000000000000298 id: 1547 at time: 1087.63
Processed event: VehicleEnterNewRoadEvent, vehicle_id: 9, road_id: 1000000000000000298 id: 1547
processing event: VehicleDepartureEvent, vehicle_id: 9, road_id: 1000000000000000298, offset: 0.000000 id: 1549 at time: 1087.63
Processed event: VehicleDepartureEvent, vehicle_id: 9, road_id: 1000000000000000298, offset: 0.000000 id: 1549
processing event: VehicleEnterNewRoadEvent, vehicle_id: 12, road_id: 1000000000000000371 id: 1548 at time: 1087.83
Processed event: VehicleEnterNewRoadEvent, vehicle_id: 12, road_id: 1000000000000000371 id: 1548
processing event: VehicleDepartureEvent, vehicle_id: 12, road_id: 1000000000000000371, offset: 0.000000 id: 1551 at time: 1087.83
Processed event: VehicleDepartureEvent, vehicle_id: 12, road_id: 1000000000000000371, offset: 0.000000 id: 1551
Simulator::runFor: now_ = 1087.83 target = 1090
[progress] simulator time = 1090 / 3000
processing event: VehicleArriveIntersectionEvent, vehicle_id: 14, road_id: 1000000000000000244 id: 1470 at time: 1090.32
Processed event: VehicleArriveIntersectionEvent, vehicle_id: 14, road_id: 1000000000000000244 id: 1470
processing event: VehicleArriveIntersectionEvent, vehicle_id: 10, road_id: 1000000000000000366 id: 1445 at time: 1091.3
Processed event: VehicleArriveIntersectionEvent, vehicle_id: 10, road_id: 1000000000000000366 id: 1445
processing event: VehicleArriveIntersectionEvent, vehicle_id: 16, road_id: 1000000000000000631 id: 1543 at time: 1091.44
Processed event: VehicleArriveIntersectionEvent, vehicle_id: 16, road_id: 1000000000000000631 id: 1543
processing event: VehicleArriveIntersectionEvent, vehicle_id: 11, road_id: 1000000000000000585 id: 1541 at time: 1092.1
Processed event: VehicleArriveIntersectionEvent, vehicle_id: 11, road_id: 1000000000000000585 id: 1541
processing event: VehicleEnterNewRoadEvent, vehicle_id: 14, road_id: 1000000000000000245 id: 1553 at time: 1092.13
Processed event: VehicleEnterNewRoadEvent, vehicle_id: 14, road_id: 1000000000000000245 id: 1553
processing event: VehicleDepartureEvent, vehicle_id: 14, road_id: 1000000000000000245, offset: 0.000000 id: 1557 at time: 1092.13
Processed event: VehicleDepartureEvent, vehicle_id: 14, road_id: 1000000000000000245, offset: 0.000000 id: 1557
processing event: VehicleEnterNewRoadEvent, vehicle_id: 10, road_id: 1000000000000000052 id: 1554 at time: 1093.1
Processed event: VehicleEnterNewRoadEvent, vehicle_id: 10, road_id: 1000000000000000052 id: 1554
processing event: VehicleDepartureEvent, vehicle_id: 10, road_id: 1000000000000000052, offset: 0.000000 id: 1559 at time: 1093.1
Processed event: VehicleDepartureEvent, vehicle_id: 10, road_id: 1000000000000000052, offset: 0.000000 id: 1559
processing event: VehicleEnterNewRoadEvent, vehicle_id: 16, road_id: 1000000000000000632 id: 1555 at time: 1093.24
Processed event: VehicleEnterNewRoadEvent, vehicle_id: 16, road_id: 1000000000000000632 id: 1555
processing event: VehicleDepartureEvent, vehicle_id: 16, road_id: 1000000000000000632, offset: 0.000000 id: 1561 at time: 1093.24
Processed event: VehicleDepartureEvent, vehicle_id: 16, road_id: 1000000000000000632, offset: 0.000000 id: 1561
processing event: VehicleEnterNewRoadEvent, vehicle_id: 11, road_id: 1000000000000000587 id: 1556 at time: 1093.9
Processed event: VehicleEnterNewRoadEvent, vehicle_id: 11, road_id: 1000000000000000587 id: 1556
processing event: VehicleDepartureEvent, vehicle_id: 11, road_id: 1000000000000000587, offset: 0.000000 id: 1563 at time: 1093.9
Processed event: VehicleDepartureEvent, vehicle_id: 11, road_id: 1000000000000000587, offset: 0.000000 id: 1563
processing event: PassengerRouteStartEvent, passenger_id: 22, route_id: 1 id: 21 at time: 1098
Processed event: PassengerRouteStartEvent, passenger_id: 22, route_id: 1 id: 21
processing event: OrderCreatedEvent, order_id: 22, available_pickups: 126 , available_dropoffs: 72 , passenger_id: 22, route_id: 1, passenger_num: 0 id: 1565 at time: 1098
Processed event: OrderCreatedEvent, order_id: 22, available_pickups: 126 , available_dropoffs: 72 , passenger_id: 22, route_id: 1, passenger_num: 2 id: 1565
processing event: VehicleArriveIntersectionEvent, vehicle_id: 8, road_id: 1000000000000000210 id: 1481 at time: 1099.4
Processed event: VehicleArriveIntersectionEvent, vehicle_id: 8, road_id: 1000000000000000210 id: 1481
Simulator::runFor: now_ = 1099.4 target = 1100
[progress] simulator time = 1100 / 3000
processing event: OrderMatchedEvent, order_id: 22, vehicle_id: 9 id: 1567 at time: 1100
Processed event: OrderMatchedEvent, order_id: 22, vehicle_id: 9 id: 1567
processing event: PassengerArrivalEvent, passenger_id: 22 id: 1569 at time: 1100
Processed event: PassengerArrivalEvent, passenger_id: 22 id: 1569
processing event: VehicleArriveIntersectionEvent, vehicle_id: 18, road_id: 1000000000000001210 id: 1527 at time: 1100.34
Processed event: VehicleArriveIntersectionEvent, vehicle_id: 18, road_id: 1000000000000001210 id: 1527
processing event: VehicleEnterNewRoadEvent, vehicle_id: 8, road_id: 1000000000000000157 id: 1566 at time: 1101.2
Processed event: VehicleEnterNewRoadEvent, vehicle_id: 8, road_id: 1000000000000000157 id: 1566
processing event: VehicleDepartureEvent, vehicle_id: 8, road_id: 1000000000000000157, offset: 0.000000 id: 1571 at time: 1101.2
Processed event: VehicleDepartureEvent, vehicle_id: 8, road_id: 1000000000000000157, offset: 0.000000 id: 1571
processing event: VehicleEnterNewRoadEvent, vehicle_id: 18, road_id: 1000000000000001211 id: 1570 at time: 1102.14
Processed event: VehicleEnterNewRoadEvent, vehicle_id: 18, road_id: 1000000000000001211 id: 1570
processing event: VehicleDepartureEvent, vehicle_id: 18, road_id: 1000000000000001211, offset: 0.000000 id: 1573 at time: 1102.14
Processed event: VehicleDepartureEvent, vehicle_id: 18, road_id: 1000000000000001211, offset: 0.000000 id: 1573
processing event: VehicleArriveIntersectionEvent, vehicle_id: 8, road_id: 1000000000000000157 id: 1572 at time: 1105.88
Processed event: VehicleArriveIntersectionEvent, vehicle_id: 8, road_id: 1000000000000000157 id: 1572
processing event: VehicleEnterNewRoadEvent, vehicle_id: 8, road_id: 1000000000000000163 id: 1575 at time: 1107.68
Processed event: VehicleEnterNewRoadEvent, vehicle_id: 8, road_id: 1000000000000000163 id: 1575
processing event: VehicleDepartureEvent, vehicle_id: 8, road_id: 1000000000000000163, offset: 0.000000 id: 1576 at time: 1107.68
Processed event: VehicleDepartureEvent, vehicle_id: 8, road_id: 1000000000000000163, offset: 0.000000 id: 1576
processing event: VehicleArriveIntersectionEvent, vehicle_id: 18, road_id: 1000000000000001211 id: 1574 at time: 1108.26
Processed event: VehicleArriveIntersectionEvent, vehicle_id: 18, road_id: 1000000000000001211 id: 1574
processing event: VehicleArriveIntersectionEvent, vehicle_id: 20, road_id: 1000000000000001026 id: 1537 at time: 1108.55
Processed event: VehicleArriveIntersectionEvent, vehicle_id: 20, road_id: 1000000000000001026 id: 1537
processing event: VehicleArriveIntersectionEvent, vehicle_id: 5, road_id: 1000000000000000061 id: 1485 at time: 1108.79
Processed event: VehicleArriveIntersectionEvent, vehicle_id: 5, road_id: 1000000000000000061 id: 1485
processing event: VehicleArriveIntersectionEvent, vehicle_id: 8, road_id: 1000000000000000163 id: 1577 at time: 1109.12
Processed event: VehicleArriveIntersectionEvent, vehicle_id: 8, road_id: 1000000000000000163 id: 1577
Simulator::runFor: now_ = 1109.12 target = 1110
[progress] simulator time = 1110 / 3000
processing event: VehicleEnterNewRoadEvent, vehicle_id: 18, road_id: 1000000000000001188 id: 1578 at time: 1110.06
Processed event: VehicleEnterNewRoadEvent, vehicle_id: 18, road_id: 1000000000000001188 id: 1578
processing event: VehicleDepartureEvent, vehicle_id: 18, road_id: 1000000000000001188, offset: 0.000000 id: 1582 at time: 1110.06
Processed event: VehicleDepartureEvent, vehicle_id: 18, road_id: 1000000000000001188, offset: 0.000000 id: 1582
processing event: VehicleEnterNewRoadEvent, vehicle_id: 20, road_id: 1000000000000001025 id: 1579 at time: 1110.35
Processed event: VehicleEnterNewRoadEvent, vehicle_id: 20, road_id: 1000000000000001025 id: 1579
processing event: VehicleDepartureEvent, vehicle_id: 20, road_id: 1000000000000001025, offset: 0.000000 id: 1584 at time: 1110.35
Processed event: VehicleDepartureEvent, vehicle_id: 20, road_id: 1000000000000001025, offset: 0.000000 id: 1584
processing event: VehicleEnterNewRoadEvent, vehicle_id: 5, road_id: 1000000000000000377 id: 1580 at time: 1110.59
Processed event: VehicleEnterNewRoadEvent, vehicle_id: 5, road_id: 1000000000000000377 id: 1580
processing event: VehicleDepartureEvent, vehicle_id: 5, road_id: 1000000000000000377, offset: 0.000000 id: 1586 at time: 1110.59
Processed event: VehicleDepartureEvent, vehicle_id: 5, road_id: 1000000000000000377, offset: 0.000000 id: 1586
processing event: VehicleEnterNewRoadEvent, vehicle_id: 8, road_id: 1000000000000000164 id: 1581 at time: 1110.92
Processed event: VehicleEnterNewRoadEvent, vehicle_id: 8, road_id: 1000000000000000164 id: 1581
processing event: VehicleDepartureEvent, vehicle_id: 8, road_id: 1000000000000000164, offset: 0.000000 id: 1588 at time: 1110.92
Processed event: VehicleDepartureEvent, vehicle_id: 8, road_id: 1000000000000000164, offset: 0.000000 id: 1588
processing event: VehicleArriveIntersectionEvent, vehicle_id: 19, road_id: 1000000000000000330 id: 1505 at time: 1113.57
Processed event: VehicleArriveIntersectionEvent, vehicle_id: 19, road_id: 1000000000000000330 id: 1505
processing event: VehicleArriveIntersectionEvent, vehicle_id: 18, road_id: 1000000000000001188 id: 1583 at time: 1114.39
Processed event: VehicleArriveIntersectionEvent, vehicle_id: 18, road_id: 1000000000000001188 id: 1583
processing event: VehicleEnterNewRoadEvent, vehicle_id: 19, road_id: 1000000000000000331 id: 1590 at time: 1115.37
Processed event: VehicleEnterNewRoadEvent, vehicle_id: 19, road_id: 1000000000000000331 id: 1590
processing event: VehicleDepartureEvent, vehicle_id: 19, road_id: 1000000000000000331, offset: 0.000000 id: 1592 at time: 1115.37
Processed event: VehicleDepartureEvent, vehicle_id: 19, road_id: 1000000000000000331, offset: 0.000000 id: 1592
processing event: VehicleArriveIntersectionEvent, vehicle_id: 8, road_id: 1000000000000000164 id: 1589 at time: 1115.78
Processed event: VehicleArriveIntersectionEvent, vehicle_id: 8, road_id: 1000000000000000164 id: 1589
processing event: VehicleEnterNewRoadEvent, vehicle_id: 18, road_id: 1000000000000001056 id: 1591 at time: 1116.19
Processed event: VehicleEnterNewRoadEvent, vehicle_id: 18, road_id: 1000000000000001056 id: 1591
processing event: VehicleDepartureEvent, vehicle_id: 18, road_id: 1000000000000001056, offset: 0.000000 id: 1595 at time: 1116.19
Processed event: VehicleDepartureEvent, vehicle_id: 18, road_id: 1000000000000001056, offset: 0.000000 id: 1595
processing event: VehicleEnterNewRoadEvent, vehicle_id: 8, road_id: 1000000000000000165 id: 1594 at time: 1117.58
Processed event: VehicleEnterNewRoadEvent, vehicle_id: 8, road_id: 1000000000000000165 id: 1594
processing event: VehicleDepartureEvent, vehicle_id: 8, road_id: 1000000000000000165, offset: 0.000000 id: 1597 at time: 1117.58
Processed event: VehicleDepartureEvent, vehicle_id: 8, road_id: 1000000000000000165, offset: 0.000000 id: 1597
processing event: VehicleArriveIntersectionEvent, vehicle_id: 8, road_id: 1000000000000000165 id: 1598 at time: 1118.84
Processed event: VehicleArriveIntersectionEvent, vehicle_id: 8, road_id: 1000000000000000165 id: 1598
Simulator::runFor: now_ = 1118.84 target = 1120
[progress] simulator time = 1120 / 3000
processing event: VehicleArriveIntersectionEvent, vehicle_id: 18, road_id: 1000000000000001056 id: 1596 at time: 1120.33
Processed event: VehicleArriveIntersectionEvent, vehicle_id: 18, road_id: 1000000000000001056 id: 1596
processing event: VehicleEnterNewRoadEvent, vehicle_id: 8, road_id: 1000000000000000154 id: 1599 at time: 1120.64
Processed event: VehicleEnterNewRoadEvent, vehicle_id: 8, road_id: 1000000000000000154 id: 1599
processing event: VehicleDepartureEvent, vehicle_id: 8, road_id: 1000000000000000154, offset: 0.000000 id: 1601 at time: 1120.64
Processed event: VehicleDepartureEvent, vehicle_id: 8, road_id: 1000000000000000154, offset: 0.000000 id: 1601
processing event: VehicleEnterNewRoadEvent, vehicle_id: 18, road_id: 1000000000000001055 id: 1600 at time: 1122.13
Processed event: VehicleEnterNewRoadEvent, vehicle_id: 18, road_id: 1000000000000001055 id: 1600
processing event: VehicleDepartureEvent, vehicle_id: 18, road_id: 1000000000000001055, offset: 0.000000 id: 1603 at time: 1122.13
Processed event: VehicleDepartureEvent, vehicle_id: 18, road_id: 1000000000000001055, offset: 0.000000 id: 1603
processing event: VehicleArriveIntersectionEvent, vehicle_id: 3, road_id: 1000000000000000324 id: 1514 at time: 1124.5
Processed event: VehicleArriveIntersectionEvent, vehicle_id: 3, road_id: 1000000000000000324 id: 1514
processing event: PassengerRouteStartEvent, passenger_id: 23, route_id: 1 id: 22 at time: 1125
Processed event: PassengerRouteStartEvent, passenger_id: 23, route_id: 1 id: 22
processing event: PassengerRouteStartEvent, passenger_id: 24, route_id: 1 id: 23 at time: 1125
Processed event: PassengerRouteStartEvent, passenger_id: 24, route_id: 1 id: 23
processing event: OrderCreatedEvent, order_id: 23, available_pickups: 185 , available_dropoffs: 42 , passenger_id: 23, route_id: 1, passenger_num: 0 id: 1606 at time: 1125
Processed event: OrderCreatedEvent, order_id: 23, available_pickups: 185 , available_dropoffs: 42 , passenger_id: 23, route_id: 1, passenger_num: 2 id: 1606
processing event: OrderCreatedEvent, order_id: 24, available_pickups: 223 , available_dropoffs: 183 , passenger_id: 24, route_id: 1, passenger_num: 0 id: 1607 at time: 1125
Processed event: OrderCreatedEvent, order_id: 24, available_pickups: 223 , available_dropoffs: 183 , passenger_id: 24, route_id: 1, passenger_num: 3 id: 1607
processing event: VehicleEnterNewRoadEvent, vehicle_id: 3, road_id: 1000000000000000326 id: 1605 at time: 1126.3
Processed event: VehicleEnterNewRoadEvent, vehicle_id: 3, road_id: 1000000000000000326 id: 1605
processing event: VehicleDepartureEvent, vehicle_id: 3, road_id: 1000000000000000326, offset: 0.000000 id: 1608 at time: 1126.3
Processed event: VehicleDepartureEvent, vehicle_id: 3, road_id: 1000000000000000326, offset: 0.000000 id: 1608
processing event: PassengerRouteStartEvent, passenger_id: 25, route_id: 1 id: 24 at time: 1127
Processed event: PassengerRouteStartEvent, passenger_id: 25, route_id: 1 id: 24
processing event: OrderCreatedEvent, order_id: 25, available_pickups: 201 , available_dropoffs: 138 , passenger_id: 25, route_id: 1, passenger_num: 0 id: 1610 at time: 1127
Processed event: OrderCreatedEvent, order_id: 25, available_pickups: 201 , available_dropoffs: 138 , passenger_id: 25, route_id: 1, passenger_num: 2 id: 1610
processing event: VehicleArriveIntersectionEvent, vehicle_id: 8, road_id: 1000000000000000154 id: 1602 at time: 1127.48
Processed event: VehicleArriveIntersectionEvent, vehicle_id: 8, road_id: 1000000000000000154 id: 1602
processing event: VehicleArriveIntersectionEvent, vehicle_id: 16, road_id: 1000000000000000632 id: 1562 at time: 1128.34
Processed event: VehicleArriveIntersectionEvent, vehicle_id: 16, road_id: 1000000000000000632 id: 1562
processing event: VehicleEnterNewRoadEvent, vehicle_id: 8, road_id: 1000000000000000055 id: 1611 at time: 1129.28
Processed event: VehicleEnterNewRoadEvent, vehicle_id: 8, road_id: 1000000000000000055 id: 1611
processing event: VehicleDepartureEvent, vehicle_id: 8, road_id: 1000000000000000055, offset: 0.000000 id: 1613 at time: 1129.28
Processed event: VehicleDepartureEvent, vehicle_id: 8, road_id: 1000000000000000055, offset: 0.000000 id: 1613
Simulator::runFor: now_ = 1129.28 target = 1130
[progress] simulator time = 1130 / 3000
processing event: OrderMatchedEvent, order_id: 23, vehicle_id: 10 id: 1615 at time: 1130
Processed event: OrderMatchedEvent, order_id: 23, vehicle_id: 10 id: 1615
processing event: OrderMatchedEvent, order_id: 24, vehicle_id: 7 id: 1617 at time: 1130
Processed event: OrderMatchedEvent, order_id: 24, vehicle_id: 7 id: 1617
processing event: VehicleDepartureEvent, vehicle_id: 7, road_id: 1000000000000000188, offset: 253.040000 id: 1618 at time: 1130
Processed event: VehicleDepartureEvent, vehicle_id: 7, road_id: 1000000000000000188, offset: 253.040000 id: 1618
processing event: OrderMatchedEvent, order_id: 25, vehicle_id: 3 id: 1619 at time: 1130
Processed event: OrderMatchedEvent, order_id: 25, vehicle_id: 3 id: 1619
processing event: PassengerArrivalEvent, passenger_id: 23 id: 1621 at time: 1130
Processed event: PassengerArrivalEvent, passenger_id: 23 id: 1621
processing event: PassengerArrivalEvent, passenger_id: 24 id: 1622 at time: 1130
Processed event: PassengerArrivalEvent, passenger_id: 24 id: 1622
processing event: PassengerArrivalEvent, passenger_id: 25 id: 1624 at time: 1130
Processed event: PassengerArrivalEvent, passenger_id: 25 id: 1624
processing event: VehicleEnterNewRoadEvent, vehicle_id: 16, road_id: 1000000000000000053 id: 1612 at time: 1130.14
Processed event: VehicleEnterNewRoadEvent, vehicle_id: 16, road_id: 1000000000000000053 id: 1612
processing event: VehicleDepartureEvent, vehicle_id: 16, road_id: 1000000000000000053, offset: 0.000000 id: 1625 at time: 1130.14
Processed event: VehicleDepartureEvent, vehicle_id: 16, road_id: 1000000000000000053, offset: 0.000000 id: 1625
processing event: PassengerRouteStartEvent, passenger_id: 26, route_id: 1 id: 25 at time: 1131
Processed event: PassengerRouteStartEvent, passenger_id: 26, route_id: 1 id: 25
processing event: OrderCreatedEvent, order_id: 26, available_pickups: 188 , available_dropoffs: 59 , passenger_id: 26, route_id: 1, passenger_num: 0 id: 1627 at time: 1131
Processed event: OrderCreatedEvent, order_id: 26, available_pickups: 188 , available_dropoffs: 59 , passenger_id: 26, route_id: 1, passenger_num: 2 id: 1627
Event is not valid: VehicleArriveIntersectionEvent, vehicle_id: 9, road_id: 1000000000000000298 id: 1550 at time: 1131.19
processing event: VehicleArriveIntersectionEvent, vehicle_id: 9, road_id: 1000000000000000298 id: 1568 at time: 1131.19
Processed event: VehicleArriveIntersectionEvent, vehicle_id: 9, road_id: 1000000000000000298 id: 1568
processing event: VehicleArriveIntersectionEvent, vehicle_id: 11, road_id: 1000000000000000587 id: 1564 at time: 1132.07
Processed event: VehicleArriveIntersectionEvent, vehicle_id: 11, road_id: 1000000000000000587 id: 1564
processing event: VehicleArriveIntersectionEvent, vehicle_id: 14, road_id: 1000000000000000245 id: 1558 at time: 1132.27
Processed event: VehicleArriveIntersectionEvent, vehicle_id: 14, road_id: 1000000000000000245 id: 1558
processing event: VehicleEnterNewRoadEvent, vehicle_id: 9, road_id: 1000000000000000769 id: 1628 at time: 1132.99
Processed event: VehicleEnterNewRoadEvent, vehicle_id: 9, road_id: 1000000000000000769 id: 1628
processing event: VehicleDepartureEvent, vehicle_id: 9, road_id: 1000000000000000769, offset: 0.000000 id: 1631 at time: 1132.99
Processed event: VehicleDepartureEvent, vehicle_id: 9, road_id: 1000000000000000769, offset: 0.000000 id: 1631
processing event: VehicleEnterNewRoadEvent, vehicle_id: 11, road_id: 1000000000000001059 id: 1629 at time: 1133.87
Processed event: VehicleEnterNewRoadEvent, vehicle_id: 11, road_id: 1000000000000001059 id: 1629
processing event: VehicleDepartureEvent, vehicle_id: 11, road_id: 1000000000000001059, offset: 0.000000 id: 1633 at time: 1133.87
Processed event: VehicleDepartureEvent, vehicle_id: 11, road_id: 1000000000000001059, offset: 0.000000 id: 1633
processing event: VehicleEnterNewRoadEvent, vehicle_id: 14, road_id: 1000000000000000037 id: 1630 at time: 1134.07
Processed event: VehicleEnterNewRoadEvent, vehicle_id: 14, road_id: 1000000000000000037 id: 1630
processing event: VehicleDepartureEvent, vehicle_id: 14, road_id: 1000000000000000037, offset: 0.000000 id: 1635 at time: 1134.07
Processed event: VehicleDepartureEvent, vehicle_id: 14, road_id: 1000000000000000037, offset: 0.000000 id: 1635
processing event: VehicleArriveIntersectionEvent, vehicle_id: 20, road_id: 1000000000000001025 id: 1585 at time: 1138.07
Processed event: VehicleArriveIntersectionEvent, vehicle_id: 20, road_id: 1000000000000001025 id: 1585
processing event: VehicleEnterNewRoadEvent, vehicle_id: 20, road_id: 1000000000000001024 id: 1637 at time: 1139.87
Processed event: VehicleEnterNewRoadEvent, vehicle_id: 20, road_id: 1000000000000001024 id: 1637
processing event: VehicleDepartureEvent, vehicle_id: 20, road_id: 1000000000000001024, offset: 0.000000 id: 1638 at time: 1139.87
Processed event: VehicleDepartureEvent, vehicle_id: 20, road_id: 1000000000000001024, offset: 0.000000 id: 1638
Simulator::runFor: now_ = 1139.87 target = 1140
[progress] simulator time = 1140 / 3000
processing event: OrderMatchedEvent, order_id: 26, vehicle_id: 20 id: 1640 at time: 1140
Processed event: OrderMatchedEvent, order_id: 26, vehicle_id: 20 id: 1640
processing event: PassengerArrivalEvent, passenger_id: 26 id: 1642 at time: 1140
Processed event: PassengerArrivalEvent, passenger_id: 26 id: 1642
Event is not valid: VehicleArriveIntersectionEvent, vehicle_id: 10, road_id: 1000000000000000052 id: 1560 at time: 1143.15
processing event: VehicleArriveIntersectionEvent, vehicle_id: 10, road_id: 1000000000000000052 id: 1616 at time: 1143.15
Processed event: VehicleArriveIntersectionEvent, vehicle_id: 10, road_id: 1000000000000000052 id: 1616
processing event: VehicleEnterNewRoadEvent, vehicle_id: 10, road_id: 1000000000000000053 id: 1643 at time: 1144.95
Processed event: VehicleEnterNewRoadEvent, vehicle_id: 10, road_id: 1000000000000000053 id: 1643
processing event: VehicleDepartureEvent, vehicle_id: 10, road_id: 1000000000000000053, offset: 0.000000 id: 1644 at time: 1144.95
Processed event: VehicleDepartureEvent, vehicle_id: 10, road_id: 1000000000000000053, offset: 0.000000 id: 1644
processing event: VehicleArriveIntersectionEvent, vehicle_id: 17, road_id: 1000000000000000375 id: 1546 at time: 1146.63
Processed event: VehicleArriveIntersectionEvent, vehicle_id: 17, road_id: 1000000000000000375 id: 1546
processing event: VehicleEnterNewRoadEvent, vehicle_id: 17, road_id: 1000000000000000377 id: 1646 at time: 1148.43
Processed event: VehicleEnterNewRoadEvent, vehicle_id: 17, road_id: 1000000000000000377 id: 1646
processing event: VehicleDepartureEvent, vehicle_id: 17, road_id: 1000000000000000377, offset: 0.000000 id: 1647 at time: 1148.43
Processed event: VehicleDepartureEvent, vehicle_id: 17, road_id: 1000000000000000377, offset: 0.000000 id: 1647
processing event: VehicleArriveIntersectionEvent, vehicle_id: 12, road_id: 1000000000000000371 id: 1552 at time: 1149.04
Processed event: VehicleArriveIntersectionEvent, vehicle_id: 12, road_id: 1000000000000000371 id: 1552
Simulator::runFor: now_ = 1149.04 target = 1150
[progress] simulator time = 1150 / 3000
processing event: VehicleEnterNewRoadEvent, vehicle_id: 12, road_id: 1000000000000000619 id: 1649 at time: 1150.84
Processed event: VehicleEnterNewRoadEvent, vehicle_id: 12, road_id: 1000000000000000619 id: 1649
processing event: VehicleDepartureEvent, vehicle_id: 12, road_id: 1000000000000000619, offset: 0.000000 id: 1650 at time: 1150.84
Processed event: VehicleDepartureEvent, vehicle_id: 12, road_id: 1000000000000000619, offset: 0.000000 id: 1650
processing event: PassengerRouteStartEvent, passenger_id: 27, route_id: 1 id: 26 at time: 1151
Processed event: PassengerRouteStartEvent, passenger_id: 27, route_id: 1 id: 26
processing event: OrderCreatedEvent, order_id: 27, available_pickups: 251 , available_dropoffs: 126 , passenger_id: 27, route_id: 1, passenger_num: 0 id: 1652 at time: 1151
Processed event: OrderCreatedEvent, order_id: 27, available_pickups: 251 , available_dropoffs: 126 , passenger_id: 27, route_id: 1, passenger_num: 3 id: 1652
processing event: VehicleArriveIntersectionEvent, vehicle_id: 18, road_id: 1000000000000001055 id: 1604 at time: 1153.63
Processed event: VehicleArriveIntersectionEvent, vehicle_id: 18, road_id: 1000000000000001055 id: 1604
processing event: VehicleEnterNewRoadEvent, vehicle_id: 18, road_id: 1000000000000000078 id: 1653 at time: 1155.43
Processed event: VehicleEnterNewRoadEvent, vehicle_id: 18, road_id: 1000000000000000078 id: 1653
processing event: VehicleDepartureEvent, vehicle_id: 18, road_id: 1000000000000000078, offset: 0.000000 id: 1654 at time: 1155.43
Processed event: VehicleDepartureEvent, vehicle_id: 18, road_id: 1000000000000000078, offset: 0.000000 id: 1654
processing event: VehicleArriveIntersectionEvent, vehicle_id: 15, road_id: 1000000000000000324 id: 1511 at time: 1156.58
Processed event: VehicleArriveIntersectionEvent, vehicle_id: 15, road_id: 1000000000000000324 id: 1511
processing event: VehicleEnterNewRoadEvent, vehicle_id: 15, road_id: 1000000000000000326 id: 1656 at time: 1158.38
Processed event: VehicleEnterNewRoadEvent, vehicle_id: 15, road_id: 1000000000000000326 id: 1656
processing event: VehicleDepartureEvent, vehicle_id: 15, road_id: 1000000000000000326, offset: 0.000000 id: 1657 at time: 1158.38
Processed event: VehicleDepartureEvent, vehicle_id: 15, road_id: 1000000000000000326, offset: 0.000000 id: 1657
Simulator::runFor: now_ = 1158.38 target = 1160
[progress] simulator time = 1160 / 3000
processing event: OrderMatchedEvent, order_id: 27, vehicle_id: 13 id: 1659 at time: 1160
Processed event: OrderMatchedEvent, order_id: 27, vehicle_id: 13 id: 1659
processing event: VehicleDepartureEvent, vehicle_id: 13, road_id: 1000000000000000187, offset: 106.670000 id: 1660 at time: 1160
Processed event: VehicleDepartureEvent, vehicle_id: 13, road_id: 1000000000000000187, offset: 106.670000 id: 1660
processing event: PassengerArrivalEvent, passenger_id: 27 id: 1661 at time: 1160
Processed event: PassengerArrivalEvent, passenger_id: 27 id: 1661
Event is not valid: VehicleArriveIntersectionEvent, vehicle_id: 20, road_id: 1000000000000001024 id: 1639 at time: 1163.1
processing event: VehicleArriveIntersectionEvent, vehicle_id: 20, road_id: 1000000000000001024 id: 1641 at time: 1163.1
Processed event: VehicleArriveIntersectionEvent, vehicle_id: 20, road_id: 1000000000000001024 id: 1641
processing event: VehicleEnterNewRoadEvent, vehicle_id: 20, road_id: 1000000000000000767 id: 1663 at time: 1164.9
Processed event: VehicleEnterNewRoadEvent, vehicle_id: 20, road_id: 1000000000000000767 id: 1663
processing event: VehicleDepartureEvent, vehicle_id: 20, road_id: 1000000000000000767, offset: 0.000000 id: 1664 at time: 1164.9
Processed event: VehicleDepartureEvent, vehicle_id: 20, road_id: 1000000000000000767, offset: 0.000000 id: 1664
Simulator::runFor: now_ = 1164.9 target = 1170
[progress] simulator time = 1170 / 3000
processing event: VehicleArriveIntersectionEvent, vehicle_id: 11, road_id: 1000000000000001059 id: 1634 at time: 1171.67
Processed event: VehicleArriveIntersectionEvent, vehicle_id: 11, road_id: 1000000000000001059 id: 1634
processing event: VehicleEnterNewRoadEvent, vehicle_id: 11, road_id: 1000000000000000374 id: 1666 at time: 1173.47
Processed event: VehicleEnterNewRoadEvent, vehicle_id: 11, road_id: 1000000000000000374 id: 1666
processing event: VehicleDepartureEvent, vehicle_id: 11, road_id: 1000000000000000374, offset: 0.000000 id: 1667 at time: 1173.47
Processed event: VehicleDepartureEvent, vehicle_id: 11, road_id: 1000000000000000374, offset: 0.000000 id: 1667
processing event: VehicleArriveIntersectionEvent, vehicle_id: 8, road_id: 1000000000000000055 id: 1614 at time: 1173.56
Processed event: VehicleArriveIntersectionEvent, vehicle_id: 8, road_id: 1000000000000000055 id: 1614
processing event: PassengerRouteStartEvent, passenger_id: 28, route_id: 1 id: 27 at time: 1174
Processed event: PassengerRouteStartEvent, passenger_id: 28, route_id: 1 id: 27
processing event: OrderCreatedEvent, order_id: 28, available_pickups: 185 , available_dropoffs: 237 , passenger_id: 28, route_id: 1, passenger_num: 0 id: 1670 at time: 1174
Processed event: OrderCreatedEvent, order_id: 28, available_pickups: 185 , available_dropoffs: 237 , passenger_id: 28, route_id: 1, passenger_num: 2 id: 1670
processing event: VehicleEnterNewRoadEvent, vehicle_id: 8, road_id: 1000000000000000056 id: 1669 at time: 1175.36
Processed event: VehicleEnterNewRoadEvent, vehicle_id: 8, road_id: 1000000000000000056 id: 1669
processing event: VehicleDepartureEvent, vehicle_id: 8, road_id: 1000000000000000056, offset: 0.000000 id: 1671 at time: 1175.36
Processed event: VehicleDepartureEvent, vehicle_id: 8, road_id: 1000000000000000056, offset: 0.000000 id: 1671
processing event: VehicleArriveIntersectionEvent, vehicle_id: 14, road_id: 1000000000000000037 id: 1636 at time: 1176.55
Processed event: VehicleArriveIntersectionEvent, vehicle_id: 14, road_id: 1000000000000000037 id: 1636
processing event: VehicleArriveIntersectionEvent, vehicle_id: 18, road_id: 1000000000000000078 id: 1655 at time: 1176.67
Processed event: VehicleArriveIntersectionEvent, vehicle_id: 18, road_id: 1000000000000000078 id: 1655
processing event: VehicleEnterNewRoadEvent, vehicle_id: 14, road_id: 1000000000000000038 id: 1673 at time: 1178.35
Processed event: VehicleEnterNewRoadEvent, vehicle_id: 14, road_id: 1000000000000000038 id: 1673
processing event: VehicleDepartureEvent, vehicle_id: 14, road_id: 1000000000000000038, offset: 0.000000 id: 1675 at time: 1178.35
Processed event: VehicleDepartureEvent, vehicle_id: 14, road_id: 1000000000000000038, offset: 0.000000 id: 1675
processing event: VehicleEnterNewRoadEvent, vehicle_id: 18, road_id: 1000000000000000727 id: 1674 at time: 1178.47
Processed event: VehicleEnterNewRoadEvent, vehicle_id: 18, road_id: 1000000000000000727 id: 1674
processing event: VehicleDepartureEvent, vehicle_id: 18, road_id: 1000000000000000727, offset: 0.000000 id: 1677 at time: 1178.47
Processed event: VehicleDepartureEvent, vehicle_id: 18, road_id: 1000000000000000727, offset: 0.000000 id: 1677
processing event: VehicleArriveIntersectionEvent, vehicle_id: 18, road_id: 1000000000000000727 id: 1678 at time: 1179.73
Processed event: VehicleArriveIntersectionEvent, vehicle_id: 18, road_id: 1000000000000000727 id: 1678
processing event: BusArrivalEvent, vehicle_id: 14, stop_id: 58 id: 1676 at time: 1179.82
Processed event: BusArrivalEvent, vehicle_id: 14, stop_id: 58 id: 1676
processing event: PassengerRouteEndEvent, passenger_id: 2, route_id: 1 id: 1680 at time: 1179.82
Passenger 2 finished all routes
Processed event: PassengerRouteEndEvent, passenger_id: 2, route_id: 1 id: 1680
processing event: PassengerDropoffEvent, passenger_id: 2 id: 1682 at time: 1179.82
Processed event: PassengerDropoffEvent, passenger_id: 2 id: 1682
processing event: OrderFinishedEvent, order_id: 2 id: 1683 at time: 1179.82
Processed event: OrderFinishedEvent, order_id: 2 id: 1683
Simulator::runFor: now_ = 1179.82 target = 1180
[progress] simulator time = 1180 / 3000
processing event: OrderMatchedEvent, order_id: 28, vehicle_id: 19 id: 1684 at time: 1180
Processed event: OrderMatchedEvent, order_id: 28, vehicle_id: 19 id: 1684
processing event: PassengerArrivalEvent, passenger_id: 28 id: 1686 at time: 1180
Processed event: PassengerArrivalEvent, passenger_id: 28 id: 1686
processing event: VehicleEnterNewRoadEvent, vehicle_id: 18, road_id: 1000000000000000725 id: 1679 at time: 1181.53
Processed event: VehicleEnterNewRoadEvent, vehicle_id: 18, road_id: 1000000000000000725 id: 1679
processing event: VehicleDepartureEvent, vehicle_id: 18, road_id: 1000000000000000725, offset: 0.000000 id: 1687 at time: 1181.53
Processed event: VehicleDepartureEvent, vehicle_id: 18, road_id: 1000000000000000725, offset: 0.000000 id: 1687
processing event: VehicleArriveIntersectionEvent, vehicle_id: 9, road_id: 1000000000000000769 id: 1632 at time: 1182.68
Processed event: VehicleArriveIntersectionEvent, vehicle_id: 9, road_id: 1000000000000000769 id: 1632
processing event: VehicleArriveIntersectionEvent, vehicle_id: 7, road_id: 1000000000000000188 id: 1623 at time: 1184
Processed event: VehicleArriveIntersectionEvent, vehicle_id: 7, road_id: 1000000000000000188 id: 1623
Event is not valid: VehicleArriveIntersectionEvent, vehicle_id: 19, road_id: 1000000000000000331 id: 1593 at time: 1184.31
processing event: VehicleArriveIntersectionEvent, vehicle_id: 19, road_id: 1000000000000000331 id: 1685 at time: 1184.31
Processed event: VehicleArriveIntersectionEvent, vehicle_id: 19, road_id: 1000000000000000331 id: 1685
processing event: VehicleEnterNewRoadEvent, vehicle_id: 9, road_id: 1000000000000000770 id: 1689 at time: 1184.48
Processed event: VehicleEnterNewRoadEvent, vehicle_id: 9, road_id: 1000000000000000770 id: 1689
processing event: VehicleDepartureEvent, vehicle_id: 9, road_id: 1000000000000000770, offset: 0.000000 id: 1692 at time: 1184.48
Processed event: VehicleDepartureEvent, vehicle_id: 9, road_id: 1000000000000000770, offset: 0.000000 id: 1692
processing event: VehicleDepartureEvent, vehicle_id: 14, road_id: 1000000000000000038, offset: 8.120000 id: 1681 at time: 1184.82
Processed event: VehicleDepartureEvent, vehicle_id: 14, road_id: 1000000000000000038, offset: 8.120000 id: 1681
processing event: VehicleEnterNewRoadEvent, vehicle_id: 7, road_id: 1000000000000000074 id: 1690 at time: 1185.8
Processed event: VehicleEnterNewRoadEvent, vehicle_id: 7, road_id: 1000000000000000074 id: 1690
processing event: VehicleDepartureEvent, vehicle_id: 7, road_id: 1000000000000000074, offset: 0.000000 id: 1695 at time: 1185.8
Processed event: VehicleDepartureEvent, vehicle_id: 7, road_id: 1000000000000000074, offset: 0.000000 id: 1695
processing event: VehicleEnterNewRoadEvent, vehicle_id: 19, road_id: 1000000000000000698 id: 1691 at time: 1186.11
Processed event: VehicleEnterNewRoadEvent, vehicle_id: 19, road_id: 1000000000000000698 id: 1691
processing event: VehicleDepartureEvent, vehicle_id: 19, road_id: 1000000000000000698, offset: 0.000000 id: 1697 at time: 1186.11
Processed event: VehicleDepartureEvent, vehicle_id: 19, road_id: 1000000000000000698, offset: 0.000000 id: 1697
Event is not valid: VehicleArriveIntersectionEvent, vehicle_id: 3, road_id: 1000000000000000326 id: 1609 at time: 1186.79
processing event: VehicleArriveIntersectionEvent, vehicle_id: 3, road_id: 1000000000000000326 id: 1620 at time: 1186.79
Processed event: VehicleArriveIntersectionEvent, vehicle_id: 3, road_id: 1000000000000000326 id: 1620
processing event: VehicleEnterNewRoadEvent, vehicle_id: 3, road_id: 1000000000000000327 id: 1699 at time: 1188.59
Processed event: VehicleEnterNewRoadEvent, vehicle_id: 3, road_id: 1000000000000000327 id: 1699
processing event: VehicleDepartureEvent, vehicle_id: 3, road_id: 1000000000000000327, offset: 0.000000 id: 1700 at time: 1188.59
Processed event: VehicleDepartureEvent, vehicle_id: 3, road_id: 1000000000000000327, offset: 0.000000 id: 1700
Simulator::runFor: now_ = 1188.59 target = 1190
[progress] simulator time = 1190 / 3000
Event is not valid: VehicleArriveIntersectionEvent, vehicle_id: 5, road_id: 1000000000000000377 id: 1587 at time: 1192.86
processing event: VehicleArriveIntersectionEvent, vehicle_id: 5, road_id: 1000000000000000377 id: 1648 at time: 1192.86
Processed event: VehicleArriveIntersectionEvent, vehicle_id: 5, road_id: 1000000000000000377 id: 1648
processing event: VehicleEnterNewRoadEvent, vehicle_id: 5, road_id: 1000000000000000378 id: 1702 at time: 1194.66
Processed event: VehicleEnterNewRoadEvent, vehicle_id: 5, road_id: 1000000000000000378 id: 1702
processing event: VehicleDepartureEvent, vehicle_id: 5, road_id: 1000000000000000378, offset: 0.000000 id: 1705 at time: 1194.66
Processed event: VehicleDepartureEvent, vehicle_id: 5, road_id: 1000000000000000378, offset: 0.000000 id: 1705
processing event: VehicleArriveIntersectionEvent, vehicle_id: 12, road_id: 1000000000000000619 id: 1651 at time: 1198.36
Processed event: VehicleArriveIntersectionEvent, vehicle_id: 12, road_id: 1000000000000000619 id: 1651
Simulator::runFor: now_ = 1198.36 target = 1200
[progress] simulator time = 1200 / 3000
processing event: VehicleEnterNewRoadEvent, vehicle_id: 12, road_id: 1000000000000000620 id: 1707 at time: 1200.16
Processed event: VehicleEnterNewRoadEvent, vehicle_id: 12, road_id: 1000000000000000620 id: 1707
processing event: VehicleDepartureEvent, vehicle_id: 12, road_id: 1000000000000000620, offset: 0.000000 id: 1708 at time: 1200.16
Processed event: VehicleDepartureEvent, vehicle_id: 12, road_id: 1000000000000000620, offset: 0.000000 id: 1708
processing event: VehicleArriveIntersectionEvent, vehicle_id: 19, road_id: 1000000000000000698 id: 1698 at time: 1203.76
Processed event: VehicleArriveIntersectionEvent, vehicle_id: 19, road_id: 1000000000000000698 id: 1698
processing event: VehicleEnterNewRoadEvent, vehicle_id: 19, road_id: 1000000000000000699 id: 1710 at time: 1205.56
Processed event: VehicleEnterNewRoadEvent, vehicle_id: 19, road_id: 1000000000000000699 id: 1710
processing event: VehicleDepartureEvent, vehicle_id: 19, road_id: 1000000000000000699, offset: 0.000000 id: 1711 at time: 1205.56
Processed event: VehicleDepartureEvent, vehicle_id: 19, road_id: 1000000000000000699, offset: 0.000000 id: 1711
Event is not valid: VehicleArriveIntersectionEvent, vehicle_id: 16, road_id: 1000000000000000053 id: 1626 at time: 1206.29
processing event: VehicleArriveIntersectionEvent, vehicle_id: 16, road_id: 1000000000000000053 id: 1645 at time: 1206.29
Processed event: VehicleArriveIntersectionEvent, vehicle_id: 16, road_id: 1000000000000000053 id: 1645
processing event: VehicleEnterNewRoadEvent, vehicle_id: 16, road_id: 1000000000000000698 id: 1713 at time: 1208.09
Processed event: VehicleEnterNewRoadEvent, vehicle_id: 16, road_id: 1000000000000000698 id: 1713
processing event: VehicleDepartureEvent, vehicle_id: 16, road_id: 1000000000000000698, offset: 0.000000 id: 1716 at time: 1208.09
Processed event: VehicleDepartureEvent, vehicle_id: 16, road_id: 1000000000000000698, offset: 0.000000 id: 1716
Simulator::runFor: now_ = 1208.09 target = 1210
[progress] simulator time = 1210 / 3000
processing event: VehicleArriveIntersectionEvent, vehicle_id: 20, road_id: 1000000000000000767 id: 1665 at time: 1214.76
Processed event: VehicleArriveIntersectionEvent, vehicle_id: 20, road_id: 1000000000000000767 id: 1665
processing event: VehicleArriveIntersectionEvent, vehicle_id: 19, road_id: 1000000000000000699 id: 1712 at time: 1215.82
Processed event: VehicleArriveIntersectionEvent, vehicle_id: 19, road_id: 1000000000000000699 id: 1712
processing event: VehicleEnterNewRoadEvent, vehicle_id: 20, road_id: 1000000000000000026 id: 1718 at time: 1216.56
Processed event: VehicleEnterNewRoadEvent, vehicle_id: 20, road_id: 1000000000000000026 id: 1718
processing event: VehicleDepartureEvent, vehicle_id: 20, road_id: 1000000000000000026, offset: 0.000000 id: 1720 at time: 1216.56
Processed event: VehicleDepartureEvent, vehicle_id: 20, road_id: 1000000000000000026, offset: 0.000000 id: 1720
processing event: VehicleEnterNewRoadEvent, vehicle_id: 19, road_id: 1000000000000000051 id: 1719 at time: 1217.62
Processed event: VehicleEnterNewRoadEvent, vehicle_id: 19, road_id: 1000000000000000051 id: 1719
processing event: VehicleDepartureEvent, vehicle_id: 19, road_id: 1000000000000000051, offset: 0.000000 id: 1722 at time: 1217.62
Processed event: VehicleDepartureEvent, vehicle_id: 19, road_id: 1000000000000000051, offset: 0.000000 id: 1722
processing event: VehicleArriveIntersectionEvent, vehicle_id: 15, road_id: 1000000000000000326 id: 1658 at time: 1218.86
Processed event: VehicleArriveIntersectionEvent, vehicle_id: 15, road_id: 1000000000000000326 id: 1658
Event is not valid: VehicleCheckPointEvent, vehicle_id: 10 id: 1714 at time: 1219.65
processing event: VehicleArriveIntersectionEvent, vehicle_id: 18, road_id: 1000000000000000725 id: 1688 at time: 1219.88
Processed event: VehicleArriveIntersectionEvent, vehicle_id: 18, road_id: 1000000000000000725 id: 1688
Simulator::runFor: now_ = 1219.88 target = 1220
[progress] simulator time = 1220 / 3000
processing event: VehicleArriveIntersectionEvent, vehicle_id: 11, road_id: 1000000000000000374 id: 1668 at time: 1220.64
Processed event: VehicleArriveIntersectionEvent, vehicle_id: 11, road_id: 1000000000000000374 id: 1668
processing event: VehicleEnterNewRoadEvent, vehicle_id: 15, road_id: 1000000000000000327 id: 1724 at time: 1220.67
Processed event: VehicleEnterNewRoadEvent, vehicle_id: 15, road_id: 1000000000000000327 id: 1724
processing event: VehicleDepartureEvent, vehicle_id: 15, road_id: 1000000000000000327, offset: 0.000000 id: 1727 at time: 1220.67
Processed event: VehicleDepartureEvent, vehicle_id: 15, road_id: 1000000000000000327, offset: 0.000000 id: 1727
processing event: BusArrivalEvent, vehicle_id: 3, stop_id: 156 id: 1701 at time: 1220.98
Processed event: BusArrivalEvent, vehicle_id: 3, stop_id: 156 id: 1701
processing event: PassengerRouteEndEvent, passenger_id: 4, route_id: 1 id: 1729 at time: 1220.98
Passenger 4 finished all routes
Processed event: PassengerRouteEndEvent, passenger_id: 4, route_id: 1 id: 1729
processing event: PassengerDropoffEvent, passenger_id: 4 id: 1731 at time: 1220.98
Processed event: PassengerDropoffEvent, passenger_id: 4 id: 1731
processing event: OrderFinishedEvent, order_id: 4 id: 1732 at time: 1220.98
Processed event: OrderFinishedEvent, order_id: 4 id: 1732
processing event: VehicleArriveIntersectionEvent, vehicle_id: 10, road_id: 1000000000000000053 id: 1715 at time: 1221.09
Processed event: VehicleArriveIntersectionEvent, vehicle_id: 10, road_id: 1000000000000000053 id: 1715
processing event: VehicleEnterNewRoadEvent, vehicle_id: 18, road_id: 1000000000000000122 id: 1725 at time: 1221.68
Processed event: VehicleEnterNewRoadEvent, vehicle_id: 18, road_id: 1000000000000000122 id: 1725
processing event: VehicleDepartureEvent, vehicle_id: 18, road_id: 1000000000000000122, offset: 0.000000 id: 1734 at time: 1221.68
Processed event: VehicleDepartureEvent, vehicle_id: 18, road_id: 1000000000000000122, offset: 0.000000 id: 1734
processing event: VehicleEnterNewRoadEvent, vehicle_id: 11, road_id: 1000000000000000375 id: 1726 at time: 1222.44
Processed event: VehicleEnterNewRoadEvent, vehicle_id: 11, road_id: 1000000000000000375 id: 1726
processing event: VehicleDepartureEvent, vehicle_id: 11, road_id: 1000000000000000375, offset: 0.000000 id: 1736 at time: 1222.44
Processed event: VehicleDepartureEvent, vehicle_id: 11, road_id: 1000000000000000375, offset: 0.000000 id: 1736
processing event: VehicleEnterNewRoadEvent, vehicle_id: 10, road_id: 1000000000000000209 id: 1733 at time: 1222.89
Processed event: VehicleEnterNewRoadEvent, vehicle_id: 10, road_id: 1000000000000000209 id: 1733
processing event: VehicleDepartureEvent, vehicle_id: 10, road_id: 1000000000000000209, offset: 0.000000 id: 1738 at time: 1222.89
Processed event: VehicleDepartureEvent, vehicle_id: 10, road_id: 1000000000000000209, offset: 0.000000 id: 1738
processing event: VehicleArriveIntersectionEvent, vehicle_id: 9, road_id: 1000000000000000770 id: 1693 at time: 1224.26
Processed event: VehicleArriveIntersectionEvent, vehicle_id: 9, road_id: 1000000000000000770 id: 1693
processing event: VehicleArriveIntersectionEvent, vehicle_id: 16, road_id: 1000000000000000698 id: 1717 at time: 1225.73
Processed event: VehicleArriveIntersectionEvent, vehicle_id: 16, road_id: 1000000000000000698 id: 1717
processing event: VehicleDepartureEvent, vehicle_id: 3, road_id: 1000000000000000327, offset: 179.940000 id: 1730 at time: 1225.98
Processed event: VehicleDepartureEvent, vehicle_id: 3, road_id: 1000000000000000327, offset: 179.940000 id: 1730
processing event: VehicleEnterNewRoadEvent, vehicle_id: 9, road_id: 1000000000000000771 id: 1740 at time: 1226.06
Processed event: VehicleEnterNewRoadEvent, vehicle_id: 9, road_id: 1000000000000000771 id: 1740
processing event: VehicleDepartureEvent, vehicle_id: 9, road_id: 1000000000000000771, offset: 0.000000 id: 1743 at time: 1226.06
Processed event: VehicleDepartureEvent, vehicle_id: 9, road_id: 1000000000000000771, offset: 0.000000 id: 1743
processing event: VehicleArriveIntersectionEvent, vehicle_id: 9, road_id: 1000000000000000771 id: 1744 at time: 1227.5
Processed event: VehicleArriveIntersectionEvent, vehicle_id: 9, road_id: 1000000000000000771 id: 1744
processing event: VehicleEnterNewRoadEvent, vehicle_id: 16, road_id: 1000000000000000699 id: 1741 at time: 1227.53
Processed event: VehicleEnterNewRoadEvent, vehicle_id: 16, road_id: 1000000000000000699 id: 1741
processing event: VehicleDepartureEvent, vehicle_id: 16, road_id: 1000000000000000699, offset: 0.000000 id: 1746 at time: 1227.53
Processed event: VehicleDepartureEvent, vehicle_id: 16, road_id: 1000000000000000699, offset: 0.000000 id: 1746
processing event: VehicleArriveIntersectionEvent, vehicle_id: 12, road_id: 1000000000000000620 id: 1709 at time: 1227.88
Processed event: VehicleArriveIntersectionEvent, vehicle_id: 12, road_id: 1000000000000000620 id: 1709
Event is not valid: VehicleCheckPointEvent, vehicle_id: 17 id: 1703 at time: 1229.25
processing event: VehicleEnterNewRoadEvent, vehicle_id: 9, road_id: 1000000000000000432 id: 1745 at time: 1229.3
Processed event: VehicleEnterNewRoadEvent, vehicle_id: 9, road_id: 1000000000000000432 id: 1745
processing event: VehicleDepartureEvent, vehicle_id: 9, road_id: 1000000000000000432, offset: 0.000000 id: 1749 at time: 1229.3
Processed event: VehicleDepartureEvent, vehicle_id: 9, road_id: 1000000000000000432, offset: 0.000000 id: 1749
processing event: VehicleArriveIntersectionEvent, vehicle_id: 14, road_id: 1000000000000000038 id: 1694 at time: 1229.44
Processed event: VehicleArriveIntersectionEvent, vehicle_id: 14, road_id: 1000000000000000038 id: 1694
processing event: VehicleEnterNewRoadEvent, vehicle_id: 12, road_id: 1000000000000000621 id: 1748 at time: 1229.68
Processed event: VehicleEnterNewRoadEvent, vehicle_id: 12, road_id: 1000000000000000621 id: 1748
processing event: VehicleDepartureEvent, vehicle_id: 12, road_id: 1000000000000000621, offset: 0.000000 id: 1752 at time: 1229.68
Processed event: VehicleDepartureEvent, vehicle_id: 12, road_id: 1000000000000000621, offset: 0.000000 id: 1752
Simulator::runFor: now_ = 1229.68 target = 1230
[progress] simulator time = 1230 / 3000
processing event: VehicleArriveIntersectionEvent, vehicle_id: 9, road_id: 1000000000000000432 id: 1750 at time: 1230.2
Processed event: VehicleArriveIntersectionEvent, vehicle_id: 9, road_id: 1000000000000000432 id: 1750
processing event: VehicleArriveIntersectionEvent, vehicle_id: 17, road_id: 1000000000000000377 id: 1704 at time: 1230.69
Processed event: VehicleArriveIntersectionEvent, vehicle_id: 17, road_id: 1000000000000000377 id: 1704
processing event: VehicleEnterNewRoadEvent, vehicle_id: 14, road_id: 1000000000000000460 id: 1751 at time: 1231.24
Processed event: VehicleEnterNewRoadEvent, vehicle_id: 14, road_id: 1000000000000000460 id: 1751
processing event: VehicleDepartureEvent, vehicle_id: 14, road_id: 1000000000000000460, offset: 0.000000 id: 1756 at time: 1231.24
Processed event: VehicleDepartureEvent, vehicle_id: 14, road_id: 1000000000000000460, offset: 0.000000 id: 1756
processing event: VehicleEnterNewRoadEvent, vehicle_id: 9, road_id: 1000000000000000433 id: 1754 at time: 1232
Processed event: VehicleEnterNewRoadEvent, vehicle_id: 9, road_id: 1000000000000000433 id: 1754
processing event: VehicleDepartureEvent, vehicle_id: 9, road_id: 1000000000000000433, offset: 0.000000 id: 1758 at time: 1232
Processed event: VehicleDepartureEvent, vehicle_id: 9, road_id: 1000000000000000433, offset: 0.000000 id: 1758
processing event: VehicleEnterNewRoadEvent, vehicle_id: 17, road_id: 1000000000000000378 id: 1755 at time: 1232.5
Processed event: VehicleEnterNewRoadEvent, vehicle_id: 17, road_id: 1000000000000000378 id: 1755
processing event: VehicleDepartureEvent, vehicle_id: 17, road_id: 1000000000000000378, offset: 0.000000 id: 1760 at time: 1232.5
Processed event: VehicleDepartureEvent, vehicle_id: 17, road_id: 1000000000000000378, offset: 0.000000 id: 1760
processing event: VehicleArriveIntersectionEvent, vehicle_id: 13, road_id: 1000000000000000187 id: 1662 at time: 1235.31
Processed event: VehicleArriveIntersectionEvent, vehicle_id: 13, road_id: 1000000000000000187 id: 1662
processing event: VehicleEnterNewRoadEvent, vehicle_id: 13, road_id: 1000000000000000188 id: 1762 at time: 1237.11
Processed event: VehicleEnterNewRoadEvent, vehicle_id: 13, road_id: 1000000000000000188 id: 1762
processing event: VehicleDepartureEvent, vehicle_id: 13, road_id: 1000000000000000188, offset: 0.000000 id: 1763 at time: 1237.11
Processed event: VehicleDepartureEvent, vehicle_id: 13, road_id: 1000000000000000188, offset: 0.000000 id: 1763
processing event: VehicleArriveIntersectionEvent, vehicle_id: 16, road_id: 1000000000000000699 id: 1747 at time: 1237.79
Processed event: VehicleArriveIntersectionEvent, vehicle_id: 16, road_id: 1000000000000000699 id: 1747
processing event: VehicleEnterNewRoadEvent, vehicle_id: 16, road_id: 1000000000000000051 id: 1765 at time: 1239.59
Processed event: VehicleEnterNewRoadEvent, vehicle_id: 16, road_id: 1000000000000000051 id: 1765
processing event: VehicleDepartureEvent, vehicle_id: 16, road_id: 1000000000000000051, offset: 0.000000 id: 1766 at time: 1239.59
Processed event: VehicleDepartureEvent, vehicle_id: 16, road_id: 1000000000000000051, offset: 0.000000 id: 1766
Simulator::runFor: now_ = 1239.59 target = 1240
[progress] simulator time = 1240 / 3000
Event is not valid: VehicleArriveIntersectionEvent, vehicle_id: 19, road_id: 1000000000000000051 id: 1723 at time: 1240.48
processing event: VehicleArriveIntersectionEvent, vehicle_id: 19, road_id: 1000000000000000051 id: 1767 at time: 1240.48
Processed event: VehicleArriveIntersectionEvent, vehicle_id: 19, road_id: 1000000000000000051 id: 1767
processing event: VehicleArriveIntersectionEvent, vehicle_id: 18, road_id: 1000000000000000122 id: 1735 at time: 1241.84
Processed event: VehicleArriveIntersectionEvent, vehicle_id: 18, road_id: 1000000000000000122 id: 1735
processing event: VehicleEnterNewRoadEvent, vehicle_id: 19, road_id: 1000000000000000339 id: 1768 at time: 1242.28
Processed event: VehicleEnterNewRoadEvent, vehicle_id: 19, road_id: 1000000000000000339 id: 1768
processing event: VehicleDepartureEvent, vehicle_id: 19, road_id: 1000000000000000339, offset: 0.000000 id: 1772 at time: 1242.28
Processed event: VehicleDepartureEvent, vehicle_id: 19, road_id: 1000000000000000339, offset: 0.000000 id: 1772
processing event: VehicleArriveIntersectionEvent, vehicle_id: 7, road_id: 1000000000000000074 id: 1696 at time: 1242.5
Processed event: VehicleArriveIntersectionEvent, vehicle_id: 7, road_id: 1000000000000000074 id: 1696
processing event: VehicleEnterNewRoadEvent, vehicle_id: 18, road_id: 1000000000000000123 id: 1770 at time: 1243.64
Processed event: VehicleEnterNewRoadEvent, vehicle_id: 18, road_id: 1000000000000000123 id: 1770
processing event: VehicleDepartureEvent, vehicle_id: 18, road_id: 1000000000000000123, offset: 0.000000 id: 1775 at time: 1243.64
Processed event: VehicleDepartureEvent, vehicle_id: 18, road_id: 1000000000000000123, offset: 0.000000 id: 1775
processing event: PassengerRouteStartEvent, passenger_id: 29, route_id: 1 id: 28 at time: 1244
Processed event: PassengerRouteStartEvent, passenger_id: 29, route_id: 1 id: 28
processing event: OrderCreatedEvent, order_id: 29, available_pickups: 97 , available_dropoffs: 292 , passenger_id: 29, route_id: 1, passenger_num: 0 id: 1777 at time: 1244
Processed event: OrderCreatedEvent, order_id: 29, available_pickups: 97 , available_dropoffs: 292 , passenger_id: 29, route_id: 1, passenger_num: 2 id: 1777
processing event: VehicleEnterNewRoadEvent, vehicle_id: 7, road_id: 1000000000000000701 id: 1774 at time: 1244.3
Processed event: VehicleEnterNewRoadEvent, vehicle_id: 7, road_id: 1000000000000000701 id: 1774
processing event: VehicleDepartureEvent, vehicle_id: 7, road_id: 1000000000000000701, offset: 0.000000 id: 1778 at time: 1244.3
Processed event: VehicleDepartureEvent, vehicle_id: 7, road_id: 1000000000000000701, offset: 0.000000 id: 1778
processing event: VehicleArriveIntersectionEvent, vehicle_id: 8, road_id: 1000000000000000056 id: 1672 at time: 1247.73
Processed event: VehicleArriveIntersectionEvent, vehicle_id: 8, road_id: 1000000000000000056 id: 1672
processing event: VehicleEnterNewRoadEvent, vehicle_id: 8, road_id: 1000000000000000423 id: 1780 at time: 1249.53
Processed event: VehicleEnterNewRoadEvent, vehicle_id: 8, road_id: 1000000000000000423 id: 1780
processing event: VehicleDepartureEvent, vehicle_id: 8, road_id: 1000000000000000423, offset: 0.000000 id: 1781 at time: 1249.53
Processed event: VehicleDepartureEvent, vehicle_id: 8, road_id: 1000000000000000423, offset: 0.000000 id: 1781
Simulator::runFor: now_ = 1249.53 target = 1250
[progress] simulator time = 1250 / 3000
processing event: OrderMatchedEvent, order_id: 29, vehicle_id: 8 id: 1783 at time: 1250
Processed event: OrderMatchedEvent, order_id: 29, vehicle_id: 8 id: 1783
processing event: PassengerArrivalEvent, passenger_id: 29 id: 1785 at time: 1250
Processed event: PassengerArrivalEvent, passenger_id: 29 id: 1785
processing event: VehicleArriveIntersectionEvent, vehicle_id: 12, road_id: 1000000000000000621 id: 1753 at time: 1252.01
Processed event: VehicleArriveIntersectionEvent, vehicle_id: 12, road_id: 1000000000000000621 id: 1753
processing event: VehicleArriveIntersectionEvent, vehicle_id: 7, road_id: 1000000000000000701 id: 1779 at time: 1252.77
Processed event: VehicleArriveIntersectionEvent, vehicle_id: 7, road_id: 1000000000000000701 id: 1779
processing event: VehicleEnterNewRoadEvent, vehicle_id: 12, road_id: 1000000000000000571 id: 1786 at time: 1253.81
Processed event: VehicleEnterNewRoadEvent, vehicle_id: 12, road_id: 1000000000000000571 id: 1786
processing event: VehicleDepartureEvent, vehicle_id: 12, road_id: 1000000000000000571, offset: 0.000000 id: 1788 at time: 1253.81
Processed event: VehicleDepartureEvent, vehicle_id: 12, road_id: 1000000000000000571, offset: 0.000000 id: 1788
processing event: BusArrivalEvent, vehicle_id: 19, stop_id: 128 id: 1773 at time: 1253.97
Processed event: BusArrivalEvent, vehicle_id: 19, stop_id: 128 id: 1773
processing event: PassengerOnboardEvent, passenger_id: 15 id: 1790 at time: 1253.97
Processed event: PassengerOnboardEvent, passenger_id: 15 id: 1790
processing event: VehicleEnterNewRoadEvent, vehicle_id: 7, road_id: 1000000000000000700 id: 1787 at time: 1254.57
Processed event: VehicleEnterNewRoadEvent, vehicle_id: 7, road_id: 1000000000000000700 id: 1787
processing event: VehicleDepartureEvent, vehicle_id: 7, road_id: 1000000000000000700, offset: 0.000000 id: 1792 at time: 1254.57
Processed event: VehicleDepartureEvent, vehicle_id: 7, road_id: 1000000000000000700, offset: 0.000000 id: 1792
processing event: VehicleDepartureEvent, vehicle_id: 19, road_id: 1000000000000000339, offset: 64.970000 id: 1791 at time: 1258.97
Processed event: VehicleDepartureEvent, vehicle_id: 19, road_id: 1000000000000000339, offset: 64.970000 id: 1791
Simulator::runFor: now_ = 1258.97 target = 1260
[progress] simulator time = 1260 / 3000
Event is not valid: VehicleCheckPointEvent, vehicle_id: 16 id: 1769 at time: 1261.01
processing event: VehicleArriveIntersectionEvent, vehicle_id: 16, road_id: 1000000000000000051 id: 1771 at time: 1262.45
Processed event: VehicleArriveIntersectionEvent, vehicle_id: 16, road_id: 1000000000000000051 id: 1771
processing event: VehicleEnterNewRoadEvent, vehicle_id: 16, road_id: 1000000000000000339 id: 1795 at time: 1264.25
Processed event: VehicleEnterNewRoadEvent, vehicle_id: 16, road_id: 1000000000000000339 id: 1795
processing event: VehicleDepartureEvent, vehicle_id: 16, road_id: 1000000000000000339, offset: 0.000000 id: 1796 at time: 1264.25
Processed event: VehicleDepartureEvent, vehicle_id: 16, road_id: 1000000000000000339, offset: 0.000000 id: 1796
Event is not valid: VehicleArriveIntersectionEvent, vehicle_id: 5, road_id: 1000000000000000378 id: 1706 at time: 1268.11
processing event: VehicleArriveIntersectionEvent, vehicle_id: 5, road_id: 1000000000000000378 id: 1761 at time: 1268.11
Processed event: VehicleArriveIntersectionEvent, vehicle_id: 5, road_id: 1000000000000000378 id: 1761
processing event: VehicleEnterNewRoadEvent, vehicle_id: 5, road_id: 1000000000000000496 id: 1798 at time: 1269.91
Processed event: VehicleEnterNewRoadEvent, vehicle_id: 5, road_id: 1000000000000000496 id: 1798
processing event: VehicleDepartureEvent, vehicle_id: 5, road_id: 1000000000000000496, offset: 0.000000 id: 1801 at time: 1269.91
Processed event: VehicleDepartureEvent, vehicle_id: 5, road_id: 1000000000000000496, offset: 0.000000 id: 1801
Simulator::runFor: now_ = 1269.91 target = 1270
[progress] simulator time = 1270 / 3000
processing event: VehicleArriveIntersectionEvent, vehicle_id: 14, road_id: 1000000000000000460 id: 1757 at time: 1274.62
Processed event: VehicleArriveIntersectionEvent, vehicle_id: 14, road_id: 1000000000000000460 id: 1757
processing event: VehicleEnterNewRoadEvent, vehicle_id: 14, road_id: 1000000000000000301 id: 1803 at time: 1276.42
Processed event: VehicleEnterNewRoadEvent, vehicle_id: 14, road_id: 1000000000000000301 id: 1803
processing event: VehicleDepartureEvent, vehicle_id: 14, road_id: 1000000000000000301, offset: 0.000000 id: 1804 at time: 1276.42
Processed event: VehicleDepartureEvent, vehicle_id: 14, road_id: 1000000000000000301, offset: 0.000000 id: 1804
processing event: VehicleArriveIntersectionEvent, vehicle_id: 9, road_id: 1000000000000000433 id: 1759 at time: 1276.82
Processed event: VehicleArriveIntersectionEvent, vehicle_id: 9, road_id: 1000000000000000433 id: 1759
processing event: VehicleArriveIntersectionEvent, vehicle_id: 7, road_id: 1000000000000000700 id: 1793 at time: 1276.89
Processed event: VehicleArriveIntersectionEvent, vehicle_id: 7, road_id: 1000000000000000700 id: 1793
processing event: VehicleArriveIntersectionEvent, vehicle_id: 12, road_id: 1000000000000000571 id: 1789 at time: 1277.93
Processed event: VehicleArriveIntersectionEvent, vehicle_id: 12, road_id: 1000000000000000571 id: 1789
processing event: VehicleEnterNewRoadEvent, vehicle_id: 9, road_id: 1000000000000000424 id: 1806 at time: 1278.62
Processed event: VehicleEnterNewRoadEvent, vehicle_id: 9, road_id: 1000000000000000424 id: 1806
processing event: VehicleDepartureEvent, vehicle_id: 9, road_id: 1000000000000000424, offset: 0.000000 id: 1809 at time: 1278.62
Processed event: VehicleDepartureEvent, vehicle_id: 9, road_id: 1000000000000000424, offset: 0.000000 id: 1809
processing event: VehicleEnterNewRoadEvent, vehicle_id: 7, road_id: 1000000000000000209 id: 1807 at time: 1278.69
Processed event: VehicleEnterNewRoadEvent, vehicle_id: 7, road_id: 1000000000000000209 id: 1807
processing event: VehicleDepartureEvent, vehicle_id: 7, road_id: 1000000000000000209, offset: 0.000000 id: 1811 at time: 1278.69
Processed event: VehicleDepartureEvent, vehicle_id: 7, road_id: 1000000000000000209, offset: 0.000000 id: 1811
processing event: VehicleEnterNewRoadEvent, vehicle_id: 12, road_id: 1000000000000000601 id: 1808 at time: 1279.73
Processed event: VehicleEnterNewRoadEvent, vehicle_id: 12, road_id: 1000000000000000601 id: 1808
processing event: VehicleDepartureEvent, vehicle_id: 12, road_id: 1000000000000000601, offset: 0.000000 id: 1813 at time: 1279.73
Processed event: VehicleDepartureEvent, vehicle_id: 12, road_id: 1000000000000000601, offset: 0.000000 id: 1813
Simulator::runFor: now_ = 1279.73 target = 1280
[progress] simulator time = 1280 / 3000
processing event: VehicleArriveIntersectionEvent, vehicle_id: 11, road_id: 1000000000000000375 id: 1737 at time: 1283.28
Processed event: VehicleArriveIntersectionEvent, vehicle_id: 11, road_id: 1000000000000000375 id: 1737
processing event: VehicleArriveIntersectionEvent, vehicle_id: 20, road_id: 1000000000000000026 id: 1721 at time: 1284.61
Processed event: VehicleArriveIntersectionEvent, vehicle_id: 20, road_id: 1000000000000000026 id: 1721
processing event: VehicleEnterNewRoadEvent, vehicle_id: 11, road_id: 1000000000000000308 id: 1815 at time: 1285.08
Processed event: VehicleEnterNewRoadEvent, vehicle_id: 11, road_id: 1000000000000000308 id: 1815
processing event: VehicleDepartureEvent, vehicle_id: 11, road_id: 1000000000000000308, offset: 0.000000 id: 1817 at time: 1285.08
Processed event: VehicleDepartureEvent, vehicle_id: 11, road_id: 1000000000000000308, offset: 0.000000 id: 1817
processing event: VehicleEnterNewRoadEvent, vehicle_id: 20, road_id: 1000000000000000027 id: 1816 at time: 1286.41
Processed event: VehicleEnterNewRoadEvent, vehicle_id: 20, road_id: 1000000000000000027 id: 1816
processing event: VehicleDepartureEvent, vehicle_id: 20, road_id: 1000000000000000027, offset: 0.000000 id: 1819 at time: 1286.41
Processed event: VehicleDepartureEvent, vehicle_id: 20, road_id: 1000000000000000027, offset: 0.000000 id: 1819
Simulator::runFor: now_ = 1286.41 target = 1290
[progress] simulator time = 1290 / 3000
Event is not valid: VehicleArriveIntersectionEvent, vehicle_id: 10, road_id: 1000000000000000209 id: 1739 at time: 1291.66
processing event: VehicleArriveIntersectionEvent, vehicle_id: 10, road_id: 1000000000000000209 id: 1812 at time: 1291.66
Processed event: VehicleArriveIntersectionEvent, vehicle_id: 10, road_id: 1000000000000000209 id: 1812
processing event: VehicleEnterNewRoadEvent, vehicle_id: 10, road_id: 1000000000000000210 id: 1821 at time: 1293.46
Processed event: VehicleEnterNewRoadEvent, vehicle_id: 10, road_id: 1000000000000000210 id: 1821
processing event: VehicleDepartureEvent, vehicle_id: 10, road_id: 1000000000000000210, offset: 0.000000 id: 1824 at time: 1293.46
Processed event: VehicleDepartureEvent, vehicle_id: 10, road_id: 1000000000000000210, offset: 0.000000 id: 1824
processing event: VehicleArriveIntersectionEvent, vehicle_id: 3, road_id: 1000000000000000327 id: 1742 at time: 1294.94
Processed event: VehicleArriveIntersectionEvent, vehicle_id: 3, road_id: 1000000000000000327 id: 1742
processing event: VehicleArriveIntersectionEvent, vehicle_id: 5, road_id: 1000000000000000496 id: 1802 at time: 1295.29
Processed event: VehicleArriveIntersectionEvent, vehicle_id: 5, road_id: 1000000000000000496 id: 1802
processing event: BusArrivalEvent, vehicle_id: 9, stop_id: 277 id: 1810 at time: 1295.56
Processed event: BusArrivalEvent, vehicle_id: 9, stop_id: 277 id: 1810
processing event: PassengerOnboardEvent, passenger_id: 13 id: 1828 at time: 1295.56
Processed event: PassengerOnboardEvent, passenger_id: 13 id: 1828
processing event: VehicleArriveIntersectionEvent, vehicle_id: 18, road_id: 1000000000000000123 id: 1776 at time: 1295.66
Processed event: VehicleArriveIntersectionEvent, vehicle_id: 18, road_id: 1000000000000000123 id: 1776
processing event: VehicleEnterNewRoadEvent, vehicle_id: 3, road_id: 1000000000000000192 id: 1826 at time: 1296.74
Processed event: VehicleEnterNewRoadEvent, vehicle_id: 3, road_id: 1000000000000000192 id: 1826
processing event: VehicleDepartureEvent, vehicle_id: 3, road_id: 1000000000000000192, offset: 0.000000 id: 1831 at time: 1296.74
Processed event: VehicleDepartureEvent, vehicle_id: 3, road_id: 1000000000000000192, offset: 0.000000 id: 1831
processing event: VehicleEnterNewRoadEvent, vehicle_id: 5, road_id: 1000000000000000583 id: 1827 at time: 1297.09
Processed event: VehicleEnterNewRoadEvent, vehicle_id: 5, road_id: 1000000000000000583 id: 1827
processing event: VehicleDepartureEvent, vehicle_id: 5, road_id: 1000000000000000583, offset: 0.000000 id: 1833 at time: 1297.09
Processed event: VehicleDepartureEvent, vehicle_id: 5, road_id: 1000000000000000583, offset: 0.000000 id: 1833
processing event: VehicleEnterNewRoadEvent, vehicle_id: 18, road_id: 1000000000000000777 id: 1830 at time: 1297.46
Processed event: VehicleEnterNewRoadEvent, vehicle_id: 18, road_id: 1000000000000000777 id: 1830
processing event: VehicleDepartureEvent, vehicle_id: 18, road_id: 1000000000000000777, offset: 0.000000 id: 1835 at time: 1297.46
Processed event: VehicleDepartureEvent, vehicle_id: 18, road_id: 1000000000000000777, offset: 0.000000 id: 1835
Simulator::runFor: now_ = 1297.46 target = 1300
[progress] simulator time = 1300 / 3000
processing event: VehicleDepartureEvent, vehicle_id: 9, road_id: 1000000000000000424, offset: 94.090000 id: 1829 at time: 1300.56
Processed event: VehicleDepartureEvent, vehicle_id: 9, road_id: 1000000000000000424, offset: 94.090000 id: 1829
processing event: VehicleArriveIntersectionEvent, vehicle_id: 12, road_id: 1000000000000000601 id: 1814 at time: 1301.33
Processed event: VehicleArriveIntersectionEvent, vehicle_id: 12, road_id: 1000000000000000601 id: 1814
processing event: VehicleEnterNewRoadEvent, vehicle_id: 12, road_id: 1000000000000000602 id: 1838 at time: 1303.13
Processed event: VehicleEnterNewRoadEvent, vehicle_id: 12, road_id: 1000000000000000602 id: 1838
processing event: VehicleDepartureEvent, vehicle_id: 12, road_id: 1000000000000000602, offset: 0.000000 id: 1839 at time: 1303.13
Processed event: VehicleDepartureEvent, vehicle_id: 12, road_id: 1000000000000000602, offset: 0.000000 id: 1839
Event is not valid: VehicleCheckPointEvent, vehicle_id: 17 id: 1799 at time: 1304.5
processing event: VehicleArriveIntersectionEvent, vehicle_id: 17, road_id: 1000000000000000378 id: 1800 at time: 1305.94
Processed event: VehicleArriveIntersectionEvent, vehicle_id: 17, road_id: 1000000000000000378 id: 1800
processing event: VehicleEnterNewRoadEvent, vehicle_id: 17, road_id: 1000000000000000496 id: 1841 at time: 1307.74
Processed event: VehicleEnterNewRoadEvent, vehicle_id: 17, road_id: 1000000000000000496 id: 1841
processing event: VehicleDepartureEvent, vehicle_id: 17, road_id: 1000000000000000496, offset: 0.000000 id: 1842 at time: 1307.74
Processed event: VehicleDepartureEvent, vehicle_id: 17, road_id: 1000000000000000496, offset: 0.000000 id: 1842
processing event: PassengerRouteStartEvent, passenger_id: 30, route_id: 1 id: 29 at time: 1310
Processed event: PassengerRouteStartEvent, passenger_id: 30, route_id: 1 id: 29
processing event: OrderCreatedEvent, order_id: 30, available_pickups: 78 , available_dropoffs: 28 , passenger_id: 30, route_id: 1, passenger_num: 0 id: 1844 at time: 1310
Processed event: OrderCreatedEvent, order_id: 30, available_pickups: 78 , available_dropoffs: 28 , passenger_id: 30, route_id: 1, passenger_num: 1 id: 1844
Simulator::runFor: now_ = 1310 target = 1310
[progress] simulator time = 1310 / 3000
processing event: OrderMatchedEvent, order_id: 30, vehicle_id: 11 id: 1845 at time: 1310
Processed event: OrderMatchedEvent, order_id: 30, vehicle_id: 11 id: 1845
processing event: PassengerArrivalEvent, passenger_id: 30 id: 1847 at time: 1310
Processed event: PassengerArrivalEvent, passenger_id: 30 id: 1847
processing event: VehicleArriveIntersectionEvent, vehicle_id: 9, road_id: 1000000000000000424 id: 1837 at time: 1316.03
Processed event: VehicleArriveIntersectionEvent, vehicle_id: 9, road_id: 1000000000000000424 id: 1837
processing event: VehicleEnterNewRoadEvent, vehicle_id: 9, road_id: 1000000000000000800 id: 1848 at time: 1317.83
Processed event: VehicleEnterNewRoadEvent, vehicle_id: 9, road_id: 1000000000000000800 id: 1848
processing event: VehicleDepartureEvent, vehicle_id: 9, road_id: 1000000000000000800, offset: 0.000000 id: 1849 at time: 1317.83
Processed event: VehicleDepartureEvent, vehicle_id: 9, road_id: 1000000000000000800, offset: 0.000000 id: 1849
processing event: VehicleArriveIntersectionEvent, vehicle_id: 20, road_id: 1000000000000000027 id: 1820 at time: 1318.09
Processed event: VehicleArriveIntersectionEvent, vehicle_id: 20, road_id: 1000000000000000027 id: 1820
processing event: VehicleEnterNewRoadEvent, vehicle_id: 20, road_id: 1000000000000000028 id: 1851 at time: 1319.89
Processed event: VehicleEnterNewRoadEvent, vehicle_id: 20, road_id: 1000000000000000028 id: 1851
processing event: VehicleDepartureEvent, vehicle_id: 20, road_id: 1000000000000000028, offset: 0.000000 id: 1852 at time: 1319.89
Processed event: VehicleDepartureEvent, vehicle_id: 20, road_id: 1000000000000000028, offset: 0.000000 id: 1852
Simulator::runFor: now_ = 1319.89 target = 1320
[progress] simulator time = 1320 / 3000
Event is not valid: VehicleArriveIntersectionEvent, vehicle_id: 8, road_id: 1000000000000000423 id: 1782 at time: 1320.82
processing event: VehicleArriveIntersectionEvent, vehicle_id: 8, road_id: 1000000000000000423 id: 1784 at time: 1320.82
Processed event: VehicleArriveIntersectionEvent, vehicle_id: 8, road_id: 1000000000000000423 id: 1784
processing event: VehicleArriveIntersectionEvent, vehicle_id: 15, road_id: 1000000000000000327 id: 1728 at time: 1322.02
Processed event: VehicleArriveIntersectionEvent, vehicle_id: 15, road_id: 1000000000000000327 id: 1728
processing event: VehicleArriveIntersectionEvent, vehicle_id: 14, road_id: 1000000000000000301 id: 1805 at time: 1322.33
Processed event: VehicleArriveIntersectionEvent, vehicle_id: 14, road_id: 1000000000000000301 id: 1805
processing event: VehicleEnterNewRoadEvent, vehicle_id: 8, road_id: 1000000000000000206 id: 1854 at time: 1322.62
Processed event: VehicleEnterNewRoadEvent, vehicle_id: 8, road_id: 1000000000000000206 id: 1854
processing event: VehicleDepartureEvent, vehicle_id: 8, road_id: 1000000000000000206, offset: 0.000000 id: 1857 at time: 1322.62
Processed event: VehicleDepartureEvent, vehicle_id: 8, road_id: 1000000000000000206, offset: 0.000000 id: 1857
processing event: VehicleEnterNewRoadEvent, vehicle_id: 15, road_id: 1000000000000000328 id: 1855 at time: 1323.82
Processed event: VehicleEnterNewRoadEvent, vehicle_id: 15, road_id: 1000000000000000328 id: 1855
processing event: VehicleDepartureEvent, vehicle_id: 15, road_id: 1000000000000000328, offset: 0.000000 id: 1859 at time: 1323.82
Processed event: VehicleDepartureEvent, vehicle_id: 15, road_id: 1000000000000000328, offset: 0.000000 id: 1859
processing event: VehicleEnterNewRoadEvent, vehicle_id: 14, road_id: 1000000000000000302 id: 1856 at time: 1324.13
Processed event: VehicleEnterNewRoadEvent, vehicle_id: 14, road_id: 1000000000000000302 id: 1856
processing event: VehicleDepartureEvent, vehicle_id: 14, road_id: 1000000000000000302, offset: 0.000000 id: 1861 at time: 1324.13
Processed event: VehicleDepartureEvent, vehicle_id: 14, road_id: 1000000000000000302, offset: 0.000000 id: 1861
Simulator::runFor: now_ = 1324.13 target = 1330
[progress] simulator time = 1330 / 3000
processing event: VehicleArriveIntersectionEvent, vehicle_id: 12, road_id: 1000000000000000602 id: 1840 at time: 1331.21
Processed event: VehicleArriveIntersectionEvent, vehicle_id: 12, road_id: 1000000000000000602 id: 1840
processing event: VehicleEnterNewRoadEvent, vehicle_id: 12, road_id: 1000000000000000603 id: 1863 at time: 1333.01
Processed event: VehicleEnterNewRoadEvent, vehicle_id: 12, road_id: 1000000000000000603 id: 1863
processing event: VehicleDepartureEvent, vehicle_id: 12, road_id: 1000000000000000603, offset: 0.000000 id: 1864 at time: 1333.01
Processed event: VehicleDepartureEvent, vehicle_id: 12, road_id: 1000000000000000603, offset: 0.000000 id: 1864
processing event: VehicleArriveIntersectionEvent, vehicle_id: 17, road_id: 1000000000000000496 id: 1843 at time: 1333.13
Processed event: VehicleArriveIntersectionEvent, vehicle_id: 17, road_id: 1000000000000000496 id: 1843
processing event: VehicleArriveIntersectionEvent, vehicle_id: 18, road_id: 1000000000000000777 id: 1836 at time: 1333.29
Processed event: VehicleArriveIntersectionEvent, vehicle_id: 18, road_id: 1000000000000000777 id: 1836
processing event: BusArrivalEvent, vehicle_id: 5, stop_id: 75 id: 1834 at time: 1334.79
Processed event: BusArrivalEvent, vehicle_id: 5, stop_id: 75 id: 1834
processing event: PassengerOnboardEvent, passenger_id: 8 id: 1868 at time: 1334.79
Processed event: PassengerOnboardEvent, passenger_id: 8 id: 1868
processing event: VehicleEnterNewRoadEvent, vehicle_id: 17, road_id: 1000000000000000498 id: 1866 at time: 1334.93
Processed event: VehicleEnterNewRoadEvent, vehicle_id: 17, road_id: 1000000000000000498 id: 1866
processing event: VehicleDepartureEvent, vehicle_id: 17, road_id: 1000000000000000498, offset: 0.000000 id: 1870 at time: 1334.93
Processed event: VehicleDepartureEvent, vehicle_id: 17, road_id: 1000000000000000498, offset: 0.000000 id: 1870
processing event: VehicleEnterNewRoadEvent, vehicle_id: 18, road_id: 1000000000000000778 id: 1867 at time: 1335.09
Processed event: VehicleEnterNewRoadEvent, vehicle_id: 18, road_id: 1000000000000000778 id: 1867
processing event: VehicleDepartureEvent, vehicle_id: 18, road_id: 1000000000000000778, offset: 0.000000 id: 1872 at time: 1335.09
Processed event: VehicleDepartureEvent, vehicle_id: 18, road_id: 1000000000000000778, offset: 0.000000 id: 1872
processing event: VehicleArriveIntersectionEvent, vehicle_id: 13, road_id: 1000000000000000188 id: 1764 at time: 1336.66
Processed event: VehicleArriveIntersectionEvent, vehicle_id: 13, road_id: 1000000000000000188 id: 1764
processing event: VehicleArriveIntersectionEvent, vehicle_id: 18, road_id: 1000000000000000778 id: 1873 at time: 1338.33
Processed event: VehicleArriveIntersectionEvent, vehicle_id: 18, road_id: 1000000000000000778 id: 1873
processing event: VehicleEnterNewRoadEvent, vehicle_id: 13, road_id: 1000000000000000074 id: 1874 at time: 1338.46
Processed event: VehicleEnterNewRoadEvent, vehicle_id: 13, road_id: 1000000000000000074 id: 1874
processing event: VehicleDepartureEvent, vehicle_id: 13, road_id: 1000000000000000074, offset: 0.000000 id: 1876 at time: 1338.46
Processed event: VehicleDepartureEvent, vehicle_id: 13, road_id: 1000000000000000074, offset: 0.000000 id: 1876
processing event: VehicleDepartureEvent, vehicle_id: 5, road_id: 1000000000000000583, offset: 209.420000 id: 1869 at time: 1339.79
Processed event: VehicleDepartureEvent, vehicle_id: 5, road_id: 1000000000000000583, offset: 209.420000 id: 1869
Simulator::runFor: now_ = 1339.79 target = 1340
[progress] simulator time = 1340 / 3000
processing event: VehicleEnterNewRoadEvent, vehicle_id: 18, road_id: 1000000000000000416 id: 1875 at time: 1340.13
Processed event: VehicleEnterNewRoadEvent, vehicle_id: 18, road_id: 1000000000000000416 id: 1875
processing event: VehicleDepartureEvent, vehicle_id: 18, road_id: 1000000000000000416, offset: 0.000000 id: 1879 at time: 1340.13
Processed event: VehicleDepartureEvent, vehicle_id: 18, road_id: 1000000000000000416, offset: 0.000000 id: 1879
processing event: VehicleArriveIntersectionEvent, vehicle_id: 9, road_id: 1000000000000000800 id: 1850 at time: 1345.01
Processed event: VehicleArriveIntersectionEvent, vehicle_id: 9, road_id: 1000000000000000800 id: 1850
Event is not valid: VehicleCheckPointEvent, vehicle_id: 7 id: 1822 at time: 1346.01
processing event: VehicleEnterNewRoadEvent, vehicle_id: 9, road_id: 1000000000000000801 id: 1881 at time: 1346.81
Processed event: VehicleEnterNewRoadEvent, vehicle_id: 9, road_id: 1000000000000000801 id: 1881
processing event: VehicleDepartureEvent, vehicle_id: 9, road_id: 1000000000000000801, offset: 0.000000 id: 1882 at time: 1346.81
Processed event: VehicleDepartureEvent, vehicle_id: 9, road_id: 1000000000000000801, offset: 0.000000 id: 1882
processing event: VehicleArriveIntersectionEvent, vehicle_id: 7, road_id: 1000000000000000209 id: 1823 at time: 1347.45
Processed event: VehicleArriveIntersectionEvent, vehicle_id: 7, road_id: 1000000000000000209 id: 1823
processing event: VehicleEnterNewRoadEvent, vehicle_id: 7, road_id: 1000000000000000210 id: 1884 at time: 1349.25
Processed event: VehicleEnterNewRoadEvent, vehicle_id: 7, road_id: 1000000000000000210 id: 1884
processing event: VehicleDepartureEvent, vehicle_id: 7, road_id: 1000000000000000210, offset: 0.000000 id: 1885 at time: 1349.25
Processed event: VehicleDepartureEvent, vehicle_id: 7, road_id: 1000000000000000210, offset: 0.000000 id: 1885
Simulator::runFor: now_ = 1349.25 target = 1350
[progress] simulator time = 1350 / 3000
Event is not valid: VehicleArriveIntersectionEvent, vehicle_id: 11, road_id: 1000000000000000308 id: 1818 at time: 1351.87
processing event: VehicleArriveIntersectionEvent, vehicle_id: 11, road_id: 1000000000000000308 id: 1846 at time: 1351.87
Processed event: VehicleArriveIntersectionEvent, vehicle_id: 11, road_id: 1000000000000000308 id: 1846
processing event: VehicleArriveIntersectionEvent, vehicle_id: 20, road_id: 1000000000000000028 id: 1853 at time: 1352.65
Processed event: VehicleArriveIntersectionEvent, vehicle_id: 20, road_id: 1000000000000000028 id: 1853
processing event: VehicleArriveIntersectionEvent, vehicle_id: 8, road_id: 1000000000000000206 id: 1858 at time: 1353.22
Processed event: VehicleArriveIntersectionEvent, vehicle_id: 8, road_id: 1000000000000000206 id: 1858
processing event: VehicleEnterNewRoadEvent, vehicle_id: 11, road_id: 1000000000000001081 id: 1887 at time: 1353.67
Processed event: VehicleEnterNewRoadEvent, vehicle_id: 11, road_id: 1000000000000001081 id: 1887
processing event: VehicleDepartureEvent, vehicle_id: 11, road_id: 1000000000000001081, offset: 0.000000 id: 1890 at time: 1353.67
Processed event: VehicleDepartureEvent, vehicle_id: 11, road_id: 1000000000000001081, offset: 0.000000 id: 1890
Event is not valid: VehicleArriveIntersectionEvent, vehicle_id: 10, road_id: 1000000000000000210 id: 1825 at time: 1353.95
processing event: VehicleArriveIntersectionEvent, vehicle_id: 10, road_id: 1000000000000000210 id: 1886 at time: 1353.95
Processed event: VehicleArriveIntersectionEvent, vehicle_id: 10, road_id: 1000000000000000210 id: 1886
processing event: VehicleEnterNewRoadEvent, vehicle_id: 20, road_id: 1000000000000000030 id: 1888 at time: 1354.45
Processed event: VehicleEnterNewRoadEvent, vehicle_id: 20, road_id: 1000000000000000030 id: 1888
processing event: VehicleDepartureEvent, vehicle_id: 20, road_id: 1000000000000000030, offset: 0.000000 id: 1894 at time: 1354.45
Processed event: VehicleDepartureEvent, vehicle_id: 20, road_id: 1000000000000000030, offset: 0.000000 id: 1894
processing event: VehicleEnterNewRoadEvent, vehicle_id: 8, road_id: 1000000000000000730 id: 1889 at time: 1355.02
Processed event: VehicleEnterNewRoadEvent, vehicle_id: 8, road_id: 1000000000000000730 id: 1889
processing event: VehicleDepartureEvent, vehicle_id: 8, road_id: 1000000000000000730, offset: 0.000000 id: 1896 at time: 1355.02
Processed event: VehicleDepartureEvent, vehicle_id: 8, road_id: 1000000000000000730, offset: 0.000000 id: 1896
processing event: VehicleEnterNewRoadEvent, vehicle_id: 10, road_id: 1000000000000000157 id: 1892 at time: 1355.75
Processed event: VehicleEnterNewRoadEvent, vehicle_id: 10, road_id: 1000000000000000157 id: 1892
processing event: VehicleDepartureEvent, vehicle_id: 10, road_id: 1000000000000000157, offset: 0.000000 id: 1899 at time: 1355.75
Processed event: VehicleDepartureEvent, vehicle_id: 10, road_id: 1000000000000000157, offset: 0.000000 id: 1899
processing event: VehicleArriveIntersectionEvent, vehicle_id: 8, road_id: 1000000000000000730 id: 1897 at time: 1358.08
Processed event: VehicleArriveIntersectionEvent, vehicle_id: 8, road_id: 1000000000000000730 id: 1897
processing event: VehicleEnterNewRoadEvent, vehicle_id: 8, road_id: 1000000000000000728 id: 1901 at time: 1359.88
Processed event: VehicleEnterNewRoadEvent, vehicle_id: 8, road_id: 1000000000000000728 id: 1901
processing event: VehicleDepartureEvent, vehicle_id: 8, road_id: 1000000000000000728, offset: 0.000000 id: 1902 at time: 1359.88
Processed event: VehicleDepartureEvent, vehicle_id: 8, road_id: 1000000000000000728, offset: 0.000000 id: 1902
Simulator::runFor: now_ = 1359.88 target = 1360
[progress] simulator time = 1360 / 3000
processing event: VehicleArriveIntersectionEvent, vehicle_id: 10, road_id: 1000000000000000157 id: 1900 at time: 1360.43
Processed event: VehicleArriveIntersectionEvent, vehicle_id: 10, road_id: 1000000000000000157 id: 1900
processing event: VehicleArriveIntersectionEvent, vehicle_id: 8, road_id: 1000000000000000728 id: 1903 at time: 1360.96
Processed event: VehicleArriveIntersectionEvent, vehicle_id: 8, road_id: 1000000000000000728 id: 1903
processing event: VehicleArriveIntersectionEvent, vehicle_id: 20, road_id: 1000000000000000030 id: 1895 at time: 1361.3
Processed event: VehicleArriveIntersectionEvent, vehicle_id: 20, road_id: 1000000000000000030 id: 1895
processing event: VehicleEnterNewRoadEvent, vehicle_id: 10, road_id: 1000000000000000163 id: 1904 at time: 1362.23
Processed event: VehicleEnterNewRoadEvent, vehicle_id: 10, road_id: 1000000000000000163 id: 1904
processing event: VehicleDepartureEvent, vehicle_id: 10, road_id: 1000000000000000163, offset: 0.000000 id: 1907 at time: 1362.23
Processed event: VehicleDepartureEvent, vehicle_id: 10, road_id: 1000000000000000163, offset: 0.000000 id: 1907
processing event: VehicleEnterNewRoadEvent, vehicle_id: 8, road_id: 1000000000000000166 id: 1905 at time: 1362.76
Processed event: VehicleEnterNewRoadEvent, vehicle_id: 8, road_id: 1000000000000000166 id: 1905
processing event: VehicleDepartureEvent, vehicle_id: 8, road_id: 1000000000000000166, offset: 0.000000 id: 1909 at time: 1362.76
Processed event: VehicleDepartureEvent, vehicle_id: 8, road_id: 1000000000000000166, offset: 0.000000 id: 1909
processing event: VehicleEnterNewRoadEvent, vehicle_id: 20, road_id: 1000000000000000178 id: 1906 at time: 1363.1
Processed event: VehicleEnterNewRoadEvent, vehicle_id: 20, road_id: 1000000000000000178 id: 1906
processing event: VehicleDepartureEvent, vehicle_id: 20, road_id: 1000000000000000178, offset: 0.000000 id: 1911 at time: 1363.1
Processed event: VehicleDepartureEvent, vehicle_id: 20, road_id: 1000000000000000178, offset: 0.000000 id: 1911
processing event: VehicleArriveIntersectionEvent, vehicle_id: 10, road_id: 1000000000000000163 id: 1908 at time: 1363.67
Processed event: VehicleArriveIntersectionEvent, vehicle_id: 10, road_id: 1000000000000000163 id: 1908
processing event: VehicleArriveIntersectionEvent, vehicle_id: 5, road_id: 1000000000000000583 id: 1878 at time: 1364.92
Processed event: VehicleArriveIntersectionEvent, vehicle_id: 5, road_id: 1000000000000000583 id: 1878
processing event: VehicleEnterNewRoadEvent, vehicle_id: 10, road_id: 1000000000000000153 id: 1913 at time: 1365.47
Processed event: VehicleEnterNewRoadEvent, vehicle_id: 10, road_id: 1000000000000000153 id: 1913
processing event: VehicleDepartureEvent, vehicle_id: 10, road_id: 1000000000000000153, offset: 0.000000 id: 1915 at time: 1365.47
Processed event: VehicleDepartureEvent, vehicle_id: 10, road_id: 1000000000000000153, offset: 0.000000 id: 1915
processing event: VehicleEnterNewRoadEvent, vehicle_id: 5, road_id: 1000000000000000706 id: 1914 at time: 1366.72
Processed event: VehicleEnterNewRoadEvent, vehicle_id: 5, road_id: 1000000000000000706 id: 1914
processing event: VehicleDepartureEvent, vehicle_id: 5, road_id: 1000000000000000706, offset: 0.000000 id: 1917 at time: 1366.72
Processed event: VehicleDepartureEvent, vehicle_id: 5, road_id: 1000000000000000706, offset: 0.000000 id: 1917
processing event: VehicleArriveIntersectionEvent, vehicle_id: 14, road_id: 1000000000000000302 id: 1862 at time: 1366.97
Processed event: VehicleArriveIntersectionEvent, vehicle_id: 14, road_id: 1000000000000000302 id: 1862
processing event: VehicleEnterNewRoadEvent, vehicle_id: 14, road_id: 1000000000000000303 id: 1919 at time: 1368.77
Processed event: VehicleEnterNewRoadEvent, vehicle_id: 14, road_id: 1000000000000000303 id: 1919
processing event: VehicleDepartureEvent, vehicle_id: 14, road_id: 1000000000000000303, offset: 0.000000 id: 1920 at time: 1368.77
Processed event: VehicleDepartureEvent, vehicle_id: 14, road_id: 1000000000000000303, offset: 0.000000 id: 1920
processing event: BusArrivalEvent, vehicle_id: 17, stop_id: 78 id: 1871 at time: 1369.67
Processed event: BusArrivalEvent, vehicle_id: 17, stop_id: 78 id: 1871
processing event: PassengerOnboardEvent, passenger_id: 16 id: 1922 at time: 1369.67
Processed event: PassengerOnboardEvent, passenger_id: 16 id: 1922
processing event: VehicleArriveIntersectionEvent, vehicle_id: 12, road_id: 1000000000000000603 id: 1865 at time: 1369.92
Processed event: VehicleArriveIntersectionEvent, vehicle_id: 12, road_id: 1000000000000000603 id: 1865
Simulator::runFor: now_ = 1369.92 target = 1370
[progress] simulator time = 1370 / 3000
processing event: VehicleArriveIntersectionEvent, vehicle_id: 18, road_id: 1000000000000000416 id: 1880 at time: 1370.37
Processed event: VehicleArriveIntersectionEvent, vehicle_id: 18, road_id: 1000000000000000416 id: 1880
processing event: VehicleEnterNewRoadEvent, vehicle_id: 12, road_id: 1000000000000000512 id: 1924 at time: 1371.72
Processed event: VehicleEnterNewRoadEvent, vehicle_id: 12, road_id: 1000000000000000512 id: 1924
processing event: VehicleDepartureEvent, vehicle_id: 12, road_id: 1000000000000000512, offset: 0.000000 id: 1926 at time: 1371.72
Processed event: VehicleDepartureEvent, vehicle_id: 12, road_id: 1000000000000000512, offset: 0.000000 id: 1926
processing event: VehicleArriveIntersectionEvent, vehicle_id: 10, road_id: 1000000000000000153 id: 1916 at time: 1371.95
Processed event: VehicleArriveIntersectionEvent, vehicle_id: 10, road_id: 1000000000000000153 id: 1916
processing event: VehicleEnterNewRoadEvent, vehicle_id: 18, road_id: 1000000000000000417 id: 1925 at time: 1372.17
Processed event: VehicleEnterNewRoadEvent, vehicle_id: 18, road_id: 1000000000000000417 id: 1925
processing event: VehicleDepartureEvent, vehicle_id: 18, road_id: 1000000000000000417, offset: 0.000000 id: 1929 at time: 1372.17
Processed event: VehicleDepartureEvent, vehicle_id: 18, road_id: 1000000000000000417, offset: 0.000000 id: 1929
processing event: VehicleArriveIntersectionEvent, vehicle_id: 5, road_id: 1000000000000000706 id: 1918 at time: 1373.2
Processed event: VehicleArriveIntersectionEvent, vehicle_id: 5, road_id: 1000000000000000706 id: 1918
processing event: VehicleEnterNewRoadEvent, vehicle_id: 10, road_id: 1000000000000001192 id: 1928 at time: 1373.75
Processed event: VehicleEnterNewRoadEvent, vehicle_id: 10, road_id: 1000000000000001192 id: 1928
processing event: VehicleDepartureEvent, vehicle_id: 10, road_id: 1000000000000001192, offset: 0.000000 id: 1932 at time: 1373.75
Processed event: VehicleDepartureEvent, vehicle_id: 10, road_id: 1000000000000001192, offset: 0.000000 id: 1932
processing event: VehicleDepartureEvent, vehicle_id: 17, road_id: 1000000000000000498, offset: 192.990000 id: 1923 at time: 1374.67
Processed event: VehicleDepartureEvent, vehicle_id: 17, road_id: 1000000000000000498, offset: 192.990000 id: 1923
processing event: VehicleEnterNewRoadEvent, vehicle_id: 5, road_id: 1000000000000000704 id: 1931 at time: 1375
Processed event: VehicleEnterNewRoadEvent, vehicle_id: 5, road_id: 1000000000000000704 id: 1931
processing event: VehicleDepartureEvent, vehicle_id: 5, road_id: 1000000000000000704, offset: 0.000000 id: 1935 at time: 1375
Processed event: VehicleDepartureEvent, vehicle_id: 5, road_id: 1000000000000000704, offset: 0.000000 id: 1935
processing event: VehicleArriveIntersectionEvent, vehicle_id: 9, road_id: 1000000000000000801 id: 1883 at time: 1378.67
Processed event: VehicleArriveIntersectionEvent, vehicle_id: 9, road_id: 1000000000000000801 id: 1883
processing event: VehicleArriveIntersectionEvent, vehicle_id: 5, road_id: 1000000000000000704 id: 1936 at time: 1378.78
Processed event: VehicleArriveIntersectionEvent, vehicle_id: 5, road_id: 1000000000000000704 id: 1936
processing event: VehicleArriveIntersectionEvent, vehicle_id: 15, road_id: 1000000000000000328 id: 1860 at time: 1379.26
Processed event: VehicleArriveIntersectionEvent, vehicle_id: 15, road_id: 1000000000000000328 id: 1860
Simulator::runFor: now_ = 1379.26 target = 1380
[progress] simulator time = 1380 / 3000
processing event: VehicleEnterNewRoadEvent, vehicle_id: 9, road_id: 1000000000000000066 id: 1937 at time: 1380.47
Processed event: VehicleEnterNewRoadEvent, vehicle_id: 9, road_id: 1000000000000000066 id: 1937
processing event: VehicleDepartureEvent, vehicle_id: 9, road_id: 1000000000000000066, offset: 0.000000 id: 1940 at time: 1380.47
Processed event: VehicleDepartureEvent, vehicle_id: 9, road_id: 1000000000000000066, offset: 0.000000 id: 1940
processing event: VehicleEnterNewRoadEvent, vehicle_id: 5, road_id: 1000000000000000541 id: 1938 at time: 1380.58
Processed event: VehicleEnterNewRoadEvent, vehicle_id: 5, road_id: 1000000000000000541 id: 1938
processing event: VehicleDepartureEvent, vehicle_id: 5, road_id: 1000000000000000541, offset: 0.000000 id: 1942 at time: 1380.58
Processed event: VehicleDepartureEvent, vehicle_id: 5, road_id: 1000000000000000541, offset: 0.000000 id: 1942
Event is not valid: VehicleArriveIntersectionEvent, vehicle_id: 19, road_id: 1000000000000000339 id: 1794 at time: 1380.67
processing event: VehicleArriveIntersectionEvent, vehicle_id: 19, road_id: 1000000000000000339 id: 1797 at time: 1380.67
Processed event: VehicleArriveIntersectionEvent, vehicle_id: 19, road_id: 1000000000000000339 id: 1797
processing event: VehicleEnterNewRoadEvent, vehicle_id: 15, road_id: 1000000000000000329 id: 1939 at time: 1381.06
Processed event: VehicleEnterNewRoadEvent, vehicle_id: 15, road_id: 1000000000000000329 id: 1939
processing event: VehicleDepartureEvent, vehicle_id: 15, road_id: 1000000000000000329, offset: 0.000000 id: 1946 at time: 1381.06
Processed event: VehicleDepartureEvent, vehicle_id: 15, road_id: 1000000000000000329, offset: 0.000000 id: 1946
processing event: VehicleEnterNewRoadEvent, vehicle_id: 19, road_id: 1000000000000000341 id: 1944 at time: 1382.47
Processed event: VehicleEnterNewRoadEvent, vehicle_id: 19, road_id: 1000000000000000341 id: 1944
processing event: VehicleDepartureEvent, vehicle_id: 19, road_id: 1000000000000000341, offset: 0.000000 id: 1949 at time: 1382.47
Processed event: VehicleDepartureEvent, vehicle_id: 19, road_id: 1000000000000000341, offset: 0.000000 id: 1949
processing event: VehicleArriveIntersectionEvent, vehicle_id: 12, road_id: 1000000000000000512 id: 1927 at time: 1383.78
Processed event: VehicleArriveIntersectionEvent, vehicle_id: 12, road_id: 1000000000000000512 id: 1927
processing event: VehicleEnterNewRoadEvent, vehicle_id: 12, road_id: 1000000000000000513 id: 1951 at time: 1385.58
Processed event: VehicleEnterNewRoadEvent, vehicle_id: 12, road_id: 1000000000000000513 id: 1951
processing event: VehicleDepartureEvent, vehicle_id: 12, road_id: 1000000000000000513, offset: 0.000000 id: 1952 at time: 1385.58
Processed event: VehicleDepartureEvent, vehicle_id: 12, road_id: 1000000000000000513, offset: 0.000000 id: 1952
processing event: VehicleArriveIntersectionEvent, vehicle_id: 8, road_id: 1000000000000000166 id: 1910 at time: 1387.43
Processed event: VehicleArriveIntersectionEvent, vehicle_id: 8, road_id: 1000000000000000166 id: 1910
processing event: VehicleEnterNewRoadEvent, vehicle_id: 8, road_id: 1000000000000000129 id: 1954 at time: 1389.23
Processed event: VehicleEnterNewRoadEvent, vehicle_id: 8, road_id: 1000000000000000129 id: 1954
processing event: VehicleDepartureEvent, vehicle_id: 8, road_id: 1000000000000000129, offset: 0.000000 id: 1955 at time: 1389.23
Processed event: VehicleDepartureEvent, vehicle_id: 8, road_id: 1000000000000000129, offset: 0.000000 id: 1955
Simulator::runFor: now_ = 1389.23 target = 1390
[progress] simulator time = 1390 / 3000
processing event: VehicleArriveIntersectionEvent, vehicle_id: 9, road_id: 1000000000000000066 id: 1941 at time: 1390.38
Processed event: VehicleArriveIntersectionEvent, vehicle_id: 9, road_id: 1000000000000000066 id: 1941
processing event: VehicleArriveIntersectionEvent, vehicle_id: 20, road_id: 1000000000000000178 id: 1912 at time: 1391
Processed event: VehicleArriveIntersectionEvent, vehicle_id: 20, road_id: 1000000000000000178 id: 1912
processing event: VehicleEnterNewRoadEvent, vehicle_id: 9, road_id: 1000000000000000067 id: 1957 at time: 1392.18
Processed event: VehicleEnterNewRoadEvent, vehicle_id: 9, road_id: 1000000000000000067 id: 1957
processing event: VehicleDepartureEvent, vehicle_id: 9, road_id: 1000000000000000067, offset: 0.000000 id: 1959 at time: 1392.18
Processed event: VehicleDepartureEvent, vehicle_id: 9, road_id: 1000000000000000067, offset: 0.000000 id: 1959
processing event: VehicleArriveIntersectionEvent, vehicle_id: 9, road_id: 1000000000000000067 id: 1960 at time: 1392.72
Processed event: VehicleArriveIntersectionEvent, vehicle_id: 9, road_id: 1000000000000000067 id: 1960
processing event: VehicleEnterNewRoadEvent, vehicle_id: 20, road_id: 1000000000000000179 id: 1958 at time: 1392.8
Processed event: VehicleEnterNewRoadEvent, vehicle_id: 20, road_id: 1000000000000000179 id: 1958
processing event: VehicleDepartureEvent, vehicle_id: 20, road_id: 1000000000000000179, offset: 0.000000 id: 1962 at time: 1392.8
Processed event: VehicleDepartureEvent, vehicle_id: 20, road_id: 1000000000000000179, offset: 0.000000 id: 1962
processing event: VehicleArriveIntersectionEvent, vehicle_id: 8, road_id: 1000000000000000129 id: 1956 at time: 1393.55
Processed event: VehicleArriveIntersectionEvent, vehicle_id: 8, road_id: 1000000000000000129 id: 1956
processing event: VehicleEnterNewRoadEvent, vehicle_id: 9, road_id: 1000000000000000768 id: 1961 at time: 1394.52
Processed event: VehicleEnterNewRoadEvent, vehicle_id: 9, road_id: 1000000000000000768 id: 1961
processing event: VehicleDepartureEvent, vehicle_id: 9, road_id: 1000000000000000768, offset: 0.000000 id: 1965 at time: 1394.52
Processed event: VehicleDepartureEvent, vehicle_id: 9, road_id: 1000000000000000768, offset: 0.000000 id: 1965
processing event: VehicleArriveIntersectionEvent, vehicle_id: 13, road_id: 1000000000000000074 id: 1877 at time: 1395.16
Processed event: VehicleArriveIntersectionEvent, vehicle_id: 13, road_id: 1000000000000000074 id: 1877
processing event: VehicleEnterNewRoadEvent, vehicle_id: 8, road_id: 1000000000000000588 id: 1964 at time: 1395.35
Processed event: VehicleEnterNewRoadEvent, vehicle_id: 8, road_id: 1000000000000000588 id: 1964
processing event: VehicleDepartureEvent, vehicle_id: 8, road_id: 1000000000000000588, offset: 0.000000 id: 1968 at time: 1395.35
Processed event: VehicleDepartureEvent, vehicle_id: 8, road_id: 1000000000000000588, offset: 0.000000 id: 1968
processing event: VehicleArriveIntersectionEvent, vehicle_id: 9, road_id: 1000000000000000768 id: 1966 at time: 1395.96
Processed event: VehicleArriveIntersectionEvent, vehicle_id: 9, road_id: 1000000000000000768 id: 1966
processing event: PassengerRouteStartEvent, passenger_id: 31, route_id: 1 id: 30 at time: 1396
Processed event: PassengerRouteStartEvent, passenger_id: 31, route_id: 1 id: 30
processing event: OrderCreatedEvent, order_id: 31, available_pickups: 156 , available_dropoffs: 64 , passenger_id: 31, route_id: 1, passenger_num: 0 id: 1971 at time: 1396
Processed event: OrderCreatedEvent, order_id: 31, available_pickups: 156 , available_dropoffs: 64 , passenger_id: 31, route_id: 1, passenger_num: 3 id: 1971
Event is not valid: VehicleCheckPointEvent, vehicle_id: 16 id: 1945 at time: 1396.21
processing event: BusArrivalEvent, vehicle_id: 12, stop_id: 36 id: 1953 at time: 1396.84
Processed event: BusArrivalEvent, vehicle_id: 12, stop_id: 36 id: 1953
processing event: PassengerOnboardEvent, passenger_id: 7 id: 1972 at time: 1396.84
Processed event: PassengerOnboardEvent, passenger_id: 7 id: 1972
processing event: VehicleEnterNewRoadEvent, vehicle_id: 13, road_id: 1000000000000000701 id: 1967 at time: 1396.96
Processed event: VehicleEnterNewRoadEvent, vehicle_id: 13, road_id: 1000000000000000701 id: 1967
processing event: VehicleDepartureEvent, vehicle_id: 13, road_id: 1000000000000000701, offset: 0.000000 id: 1974 at time: 1396.96
Processed event: VehicleDepartureEvent, vehicle_id: 13, road_id: 1000000000000000701, offset: 0.000000 id: 1974
processing event: VehicleArriveIntersectionEvent, vehicle_id: 16, road_id: 1000000000000000339 id: 1948 at time: 1397.65
Processed event: VehicleArriveIntersectionEvent, vehicle_id: 16, road_id: 1000000000000000339 id: 1948
processing event: VehicleEnterNewRoadEvent, vehicle_id: 9, road_id: 1000000000000000766 id: 1970 at time: 1397.76
Processed event: VehicleEnterNewRoadEvent, vehicle_id: 9, road_id: 1000000000000000766 id: 1970
processing event: VehicleDepartureEvent, vehicle_id: 9, road_id: 1000000000000000766, offset: 0.000000 id: 1977 at time: 1397.76
Processed event: VehicleDepartureEvent, vehicle_id: 9, road_id: 1000000000000000766, offset: 0.000000 id: 1977
processing event: VehicleArriveIntersectionEvent, vehicle_id: 5, road_id: 1000000000000000541 id: 1943 at time: 1397.86
Processed event: VehicleArriveIntersectionEvent, vehicle_id: 5, road_id: 1000000000000000541 id: 1943
processing event: VehicleArriveIntersectionEvent, vehicle_id: 3, road_id: 1000000000000000192 id: 1832 at time: 1398.63
Processed event: VehicleArriveIntersectionEvent, vehicle_id: 3, road_id: 1000000000000000192 id: 1832
processing event: VehicleEnterNewRoadEvent, vehicle_id: 16, road_id: 1000000000000000326 id: 1976 at time: 1399.45
Processed event: VehicleEnterNewRoadEvent, vehicle_id: 16, road_id: 1000000000000000326 id: 1976
processing event: VehicleDepartureEvent, vehicle_id: 16, road_id: 1000000000000000326, offset: 0.000000 id: 1981 at time: 1399.45
Processed event: VehicleDepartureEvent, vehicle_id: 16, road_id: 1000000000000000326, offset: 0.000000 id: 1981
processing event: VehicleEnterNewRoadEvent, vehicle_id: 5, road_id: 1000000000000000542 id: 1979 at time: 1399.66
Processed event: VehicleEnterNewRoadEvent, vehicle_id: 5, road_id: 1000000000000000542 id: 1979
processing event: VehicleDepartureEvent, vehicle_id: 5, road_id: 1000000000000000542, offset: 0.000000 id: 1983 at time: 1399.66
Processed event: VehicleDepartureEvent, vehicle_id: 5, road_id: 1000000000000000542, offset: 0.000000 id: 1983
Simulator::runFor: now_ = 1399.66 target = 1400
[progress] simulator time = 1400 / 3000
processing event: OrderMatchedEvent, order_id: 31, vehicle_id: 13 id: 1985 at time: 1400
Processed event: OrderMatchedEvent, order_id: 31, vehicle_id: 13 id: 1985
processing event: PassengerArrivalEvent, passenger_id: 31 id: 1987 at time: 1400
Processed event: PassengerArrivalEvent, passenger_id: 31 id: 1987
processing event: VehicleEnterNewRoadEvent, vehicle_id: 3, road_id: 1000000000000000193 id: 1980 at time: 1400.43
Processed event: VehicleEnterNewRoadEvent, vehicle_id: 3, road_id: 1000000000000000193 id: 1980
processing event: VehicleDepartureEvent, vehicle_id: 3, road_id: 1000000000000000193, offset: 0.000000 id: 1988 at time: 1400.43
Processed event: VehicleDepartureEvent, vehicle_id: 3, road_id: 1000000000000000193, offset: 0.000000 id: 1988
processing event: VehicleArriveIntersectionEvent, vehicle_id: 8, road_id: 1000000000000000588 id: 1969 at time: 1401.47
Processed event: VehicleArriveIntersectionEvent, vehicle_id: 8, road_id: 1000000000000000588 id: 1969
processing event: VehicleDepartureEvent, vehicle_id: 12, road_id: 1000000000000000513, offset: 62.570000 id: 1973 at time: 1401.84
Processed event: VehicleDepartureEvent, vehicle_id: 12, road_id: 1000000000000000513, offset: 62.570000 id: 1973
processing event: VehicleEnterNewRoadEvent, vehicle_id: 8, road_id: 1000000000000000584 id: 1990 at time: 1403.27
Processed event: VehicleEnterNewRoadEvent, vehicle_id: 8, road_id: 1000000000000000584 id: 1990
processing event: VehicleDepartureEvent, vehicle_id: 8, road_id: 1000000000000000584, offset: 0.000000 id: 1992 at time: 1403.27
Processed event: VehicleDepartureEvent, vehicle_id: 8, road_id: 1000000000000000584, offset: 0.000000 id: 1992
processing event: VehicleArriveIntersectionEvent, vehicle_id: 10, road_id: 1000000000000001192 id: 1933 at time: 1403.63
Processed event: VehicleArriveIntersectionEvent, vehicle_id: 10, road_id: 1000000000000001192 id: 1933
Event is not valid: VehicleArriveIntersectionEvent, vehicle_id: 13, road_id: 1000000000000000701 id: 1975 at time: 1405.42
processing event: VehicleArriveIntersectionEvent, vehicle_id: 13, road_id: 1000000000000000701 id: 1986 at time: 1405.42
Processed event: VehicleArriveIntersectionEvent, vehicle_id: 13, road_id: 1000000000000000701 id: 1986
processing event: VehicleEnterNewRoadEvent, vehicle_id: 10, road_id: 1000000000000001194 id: 1994 at time: 1405.43
Processed event: VehicleEnterNewRoadEvent, vehicle_id: 10, road_id: 1000000000000001194 id: 1994
processing event: VehicleDepartureEvent, vehicle_id: 10, road_id: 1000000000000001194, offset: 0.000000 id: 1996 at time: 1405.43
Processed event: VehicleDepartureEvent, vehicle_id: 10, road_id: 1000000000000001194, offset: 0.000000 id: 1996
processing event: VehicleEnterNewRoadEvent, vehicle_id: 13, road_id: 1000000000000000700 id: 1995 at time: 1407.22
Processed event: VehicleEnterNewRoadEvent, vehicle_id: 13, road_id: 1000000000000000700 id: 1995
processing event: VehicleDepartureEvent, vehicle_id: 13, road_id: 1000000000000000700, offset: 0.000000 id: 1998 at time: 1407.22
Processed event: VehicleDepartureEvent, vehicle_id: 13, road_id: 1000000000000000700, offset: 0.000000 id: 1998
Event is not valid: VehicleCheckPointEvent, vehicle_id: 7 id: 1893 at time: 1408.3
processing event: VehicleArriveIntersectionEvent, vehicle_id: 7, road_id: 1000000000000000210 id: 1898 at time: 1409.74
Processed event: VehicleArriveIntersectionEvent, vehicle_id: 7, road_id: 1000000000000000210 id: 1898
Simulator::runFor: now_ = 1409.74 target = 1410
[progress] simulator time = 1410 / 3000
processing event: VehicleEnterNewRoadEvent, vehicle_id: 7, road_id: 1000000000000000157 id: 2000 at time: 1411.54
Processed event: VehicleEnterNewRoadEvent, vehicle_id: 7, road_id: 1000000000000000157 id: 2000
processing event: VehicleDepartureEvent, vehicle_id: 7, road_id: 1000000000000000157, offset: 0.000000 id: 2001 at time: 1411.54
Processed event: VehicleDepartureEvent, vehicle_id: 7, road_id: 1000000000000000157, offset: 0.000000 id: 2001
processing event: PassengerRouteStartEvent, passenger_id: 32, route_id: 1 id: 31 at time: 1415
Processed event: PassengerRouteStartEvent, passenger_id: 32, route_id: 1 id: 31
processing event: OrderCreatedEvent, order_id: 32, available_pickups: 201 , available_dropoffs: 30 , passenger_id: 32, route_id: 1, passenger_num: 0 id: 2003 at time: 1415
Processed event: OrderCreatedEvent, order_id: 32, available_pickups: 201 , available_dropoffs: 30 , passenger_id: 32, route_id: 1, passenger_num: 2 id: 2003
processing event: VehicleArriveIntersectionEvent, vehicle_id: 7, road_id: 1000000000000000157 id: 2002 at time: 1416.22
Processed event: VehicleArriveIntersectionEvent, vehicle_id: 7, road_id: 1000000000000000157 id: 2002
processing event: VehicleEnterNewRoadEvent, vehicle_id: 7, road_id: 1000000000000000163 id: 2004 at time: 1418.02
Processed event: VehicleEnterNewRoadEvent, vehicle_id: 7, road_id: 1000000000000000163 id: 2004
processing event: VehicleDepartureEvent, vehicle_id: 7, road_id: 1000000000000000163, offset: 0.000000 id: 2005 at time: 1418.02
Processed event: VehicleDepartureEvent, vehicle_id: 7, road_id: 1000000000000000163, offset: 0.000000 id: 2005
processing event: VehicleArriveIntersectionEvent, vehicle_id: 15, road_id: 1000000000000000329 id: 1947 at time: 1419.41
Processed event: VehicleArriveIntersectionEvent, vehicle_id: 15, road_id: 1000000000000000329 id: 1947
processing event: VehicleArriveIntersectionEvent, vehicle_id: 7, road_id: 1000000000000000163 id: 2006 at time: 1419.46
Processed event: VehicleArriveIntersectionEvent, vehicle_id: 7, road_id: 1000000000000000163 id: 2006
processing event: VehicleArriveIntersectionEvent, vehicle_id: 18, road_id: 1000000000000000417 id: 1930 at time: 1419.52
Processed event: VehicleArriveIntersectionEvent, vehicle_id: 18, road_id: 1000000000000000417 id: 1930
Simulator::runFor: now_ = 1419.52 target = 1420
[progress] simulator time = 1420 / 3000
processing event: OrderMatchedEvent, order_id: 32, vehicle_id: 17 id: 2010 at time: 1420
Processed event: OrderMatchedEvent, order_id: 32, vehicle_id: 17 id: 2010
processing event: PassengerArrivalEvent, passenger_id: 32 id: 2012 at time: 1420
Processed event: PassengerArrivalEvent, passenger_id: 32 id: 2012
processing event: VehicleEnterNewRoadEvent, vehicle_id: 15, road_id: 1000000000000000073 id: 2007 at time: 1421.21
Processed event: VehicleEnterNewRoadEvent, vehicle_id: 15, road_id: 1000000000000000073 id: 2007
processing event: VehicleDepartureEvent, vehicle_id: 15, road_id: 1000000000000000073, offset: 0.000000 id: 2013 at time: 1421.21
Processed event: VehicleDepartureEvent, vehicle_id: 15, road_id: 1000000000000000073, offset: 0.000000 id: 2013
processing event: VehicleEnterNewRoadEvent, vehicle_id: 7, road_id: 1000000000000000164 id: 2008 at time: 1421.26
Processed event: VehicleEnterNewRoadEvent, vehicle_id: 7, road_id: 1000000000000000164 id: 2008
processing event: VehicleDepartureEvent, vehicle_id: 7, road_id: 1000000000000000164, offset: 0.000000 id: 2015 at time: 1421.26
Processed event: VehicleDepartureEvent, vehicle_id: 7, road_id: 1000000000000000164, offset: 0.000000 id: 2015
processing event: VehicleEnterNewRoadEvent, vehicle_id: 18, road_id: 1000000000000000424 id: 2009 at time: 1421.32
Processed event: VehicleEnterNewRoadEvent, vehicle_id: 18, road_id: 1000000000000000424 id: 2009
processing event: VehicleDepartureEvent, vehicle_id: 18, road_id: 1000000000000000424, offset: 0.000000 id: 2017 at time: 1421.32
Processed event: VehicleDepartureEvent, vehicle_id: 18, road_id: 1000000000000000424, offset: 0.000000 id: 2017
processing event: PassengerRouteStartEvent, passenger_id: 33, route_id: 1 id: 32 at time: 1425
Processed event: PassengerRouteStartEvent, passenger_id: 33, route_id: 1 id: 32
processing event: OrderCreatedEvent, order_id: 33, available_pickups: 102 , available_dropoffs: 125 , passenger_id: 33, route_id: 1, passenger_num: 0 id: 2019 at time: 1425
Processed event: OrderCreatedEvent, order_id: 33, available_pickups: 102 , available_dropoffs: 125 , passenger_id: 33, route_id: 1, passenger_num: 2 id: 2019
processing event: VehicleArriveIntersectionEvent, vehicle_id: 5, road_id: 1000000000000000542 id: 1984 at time: 1425.04
Processed event: VehicleArriveIntersectionEvent, vehicle_id: 5, road_id: 1000000000000000542 id: 1984
processing event: VehicleArriveIntersectionEvent, vehicle_id: 10, road_id: 1000000000000001194 id: 1997 at time: 1425.05
Processed event: VehicleArriveIntersectionEvent, vehicle_id: 10, road_id: 1000000000000001194 id: 1997
processing event: VehicleArriveIntersectionEvent, vehicle_id: 7, road_id: 1000000000000000164 id: 2016 at time: 1426.12
Processed event: VehicleArriveIntersectionEvent, vehicle_id: 7, road_id: 1000000000000000164 id: 2016
processing event: VehicleEnterNewRoadEvent, vehicle_id: 5, road_id: 1000000000000000144 id: 2020 at time: 1426.84
Processed event: VehicleEnterNewRoadEvent, vehicle_id: 5, road_id: 1000000000000000144 id: 2020
processing event: VehicleDepartureEvent, vehicle_id: 5, road_id: 1000000000000000144, offset: 0.000000 id: 2023 at time: 1426.84
Processed event: VehicleDepartureEvent, vehicle_id: 5, road_id: 1000000000000000144, offset: 0.000000 id: 2023
processing event: VehicleEnterNewRoadEvent, vehicle_id: 10, road_id: 1000000000000001193 id: 2021 at time: 1426.85
Processed event: VehicleEnterNewRoadEvent, vehicle_id: 10, road_id: 1000000000000001193 id: 2021
processing event: VehicleDepartureEvent, vehicle_id: 10, road_id: 1000000000000001193, offset: 0.000000 id: 2025 at time: 1426.85
Processed event: VehicleDepartureEvent, vehicle_id: 10, road_id: 1000000000000001193, offset: 0.000000 id: 2025
processing event: VehicleEnterNewRoadEvent, vehicle_id: 7, road_id: 1000000000000000165 id: 2022 at time: 1427.92
Processed event: VehicleEnterNewRoadEvent, vehicle_id: 7, road_id: 1000000000000000165 id: 2022
processing event: VehicleDepartureEvent, vehicle_id: 7, road_id: 1000000000000000165, offset: 0.000000 id: 2027 at time: 1427.92
Processed event: VehicleDepartureEvent, vehicle_id: 7, road_id: 1000000000000000165, offset: 0.000000 id: 2027
processing event: BusArrivalEvent, vehicle_id: 8, stop_id: 19 id: 1993 at time: 1427.96
Processed event: BusArrivalEvent, vehicle_id: 8, stop_id: 19 id: 1993
processing event: PassengerOnboardEvent, passenger_id: 12 id: 2029 at time: 1427.96
Processed event: PassengerOnboardEvent, passenger_id: 12 id: 2029
processing event: VehicleArriveIntersectionEvent, vehicle_id: 7, road_id: 1000000000000000165 id: 2028 at time: 1429.18
Processed event: VehicleArriveIntersectionEvent, vehicle_id: 7, road_id: 1000000000000000165 id: 2028
processing event: VehicleArriveIntersectionEvent, vehicle_id: 13, road_id: 1000000000000000700 id: 1999 at time: 1429.55
Processed event: VehicleArriveIntersectionEvent, vehicle_id: 13, road_id: 1000000000000000700 id: 1999
Simulator::runFor: now_ = 1429.55 target = 1430
[progress] simulator time = 1430 / 3000
processing event: OrderMatchedEvent, order_id: 33, vehicle_id: 9 id: 2033 at time: 1430
Processed event: OrderMatchedEvent, order_id: 33, vehicle_id: 9 id: 2033
processing event: PassengerArrivalEvent, passenger_id: 33 id: 2035 at time: 1430
Processed event: PassengerArrivalEvent, passenger_id: 33 id: 2035
processing event: VehicleEnterNewRoadEvent, vehicle_id: 7, road_id: 1000000000000000154 id: 2031 at time: 1430.98
Processed event: VehicleEnterNewRoadEvent, vehicle_id: 7, road_id: 1000000000000000154 id: 2031
processing event: VehicleDepartureEvent, vehicle_id: 7, road_id: 1000000000000000154, offset: 0.000000 id: 2036 at time: 1430.98
Processed event: VehicleDepartureEvent, vehicle_id: 7, road_id: 1000000000000000154, offset: 0.000000 id: 2036
processing event: VehicleEnterNewRoadEvent, vehicle_id: 13, road_id: 1000000000000000698 id: 2032 at time: 1431.35
Processed event: VehicleEnterNewRoadEvent, vehicle_id: 13, road_id: 1000000000000000698 id: 2032
processing event: VehicleDepartureEvent, vehicle_id: 13, road_id: 1000000000000000698, offset: 0.000000 id: 2038 at time: 1431.35
Processed event: VehicleDepartureEvent, vehicle_id: 13, road_id: 1000000000000000698, offset: 0.000000 id: 2038
processing event: VehicleArriveIntersectionEvent, vehicle_id: 12, road_id: 1000000000000000513 id: 1991 at time: 1431.8
Processed event: VehicleArriveIntersectionEvent, vehicle_id: 12, road_id: 1000000000000000513 id: 1991
processing event: VehicleDepartureEvent, vehicle_id: 8, road_id: 1000000000000000584, offset: 137.190000 id: 2030 at time: 1432.96
Processed event: VehicleDepartureEvent, vehicle_id: 8, road_id: 1000000000000000584, offset: 137.190000 id: 2030
processing event: VehicleEnterNewRoadEvent, vehicle_id: 12, road_id: 1000000000000000439 id: 2040 at time: 1433.6
Processed event: VehicleEnterNewRoadEvent, vehicle_id: 12, road_id: 1000000000000000439 id: 2040
processing event: VehicleDepartureEvent, vehicle_id: 12, road_id: 1000000000000000439, offset: 0.000000 id: 2042 at time: 1433.6
Processed event: VehicleDepartureEvent, vehicle_id: 12, road_id: 1000000000000000439, offset: 0.000000 id: 2042
processing event: VehicleArriveIntersectionEvent, vehicle_id: 8, road_id: 1000000000000000584 id: 2041 at time: 1434.55
Processed event: VehicleArriveIntersectionEvent, vehicle_id: 8, road_id: 1000000000000000584 id: 2041
processing event: VehicleArriveIntersectionEvent, vehicle_id: 19, road_id: 1000000000000000341 id: 1950 at time: 1435.94
Processed event: VehicleArriveIntersectionEvent, vehicle_id: 19, road_id: 1000000000000000341 id: 1950
processing event: VehicleEnterNewRoadEvent, vehicle_id: 8, road_id: 1000000000000000585 id: 2044 at time: 1436.35
Processed event: VehicleEnterNewRoadEvent, vehicle_id: 8, road_id: 1000000000000000585 id: 2044
processing event: VehicleDepartureEvent, vehicle_id: 8, road_id: 1000000000000000585, offset: 0.000000 id: 2046 at time: 1436.35
Processed event: VehicleDepartureEvent, vehicle_id: 8, road_id: 1000000000000000585, offset: 0.000000 id: 2046
Event is not valid: VehicleArriveIntersectionEvent, vehicle_id: 9, road_id: 1000000000000000766 id: 1978 at time: 1437.54
processing event: VehicleArriveIntersectionEvent, vehicle_id: 9, road_id: 1000000000000000766 id: 2034 at time: 1437.54
Processed event: VehicleArriveIntersectionEvent, vehicle_id: 9, road_id: 1000000000000000766 id: 2034
processing event: VehicleEnterNewRoadEvent, vehicle_id: 19, road_id: 1000000000000000243 id: 2045 at time: 1437.74
Processed event: VehicleEnterNewRoadEvent, vehicle_id: 19, road_id: 1000000000000000243 id: 2045
processing event: VehicleDepartureEvent, vehicle_id: 19, road_id: 1000000000000000243, offset: 0.000000 id: 2049 at time: 1437.74
Processed event: VehicleDepartureEvent, vehicle_id: 19, road_id: 1000000000000000243, offset: 0.000000 id: 2049
processing event: VehicleArriveIntersectionEvent, vehicle_id: 7, road_id: 1000000000000000154 id: 2037 at time: 1437.82
Processed event: VehicleArriveIntersectionEvent, vehicle_id: 7, road_id: 1000000000000000154 id: 2037
processing event: BusArrivalEvent, vehicle_id: 18, stop_id: 277 id: 2018 at time: 1438.25
Processed event: BusArrivalEvent, vehicle_id: 18, stop_id: 277 id: 2018
processing event: PassengerOnboardEvent, passenger_id: 21 id: 2052 at time: 1438.25
Processed event: PassengerOnboardEvent, passenger_id: 21 id: 2052
processing event: VehicleEnterNewRoadEvent, vehicle_id: 9, road_id: 1000000000000000767 id: 2048 at time: 1439.34
Processed event: VehicleEnterNewRoadEvent, vehicle_id: 9, road_id: 1000000000000000767 id: 2048
processing event: VehicleDepartureEvent, vehicle_id: 9, road_id: 1000000000000000767, offset: 0.000000 id: 2054 at time: 1439.34
Processed event: VehicleDepartureEvent, vehicle_id: 9, road_id: 1000000000000000767, offset: 0.000000 id: 2054
processing event: VehicleEnterNewRoadEvent, vehicle_id: 7, road_id: 1000000000000000055 id: 2051 at time: 1439.62
Processed event: VehicleEnterNewRoadEvent, vehicle_id: 7, road_id: 1000000000000000055 id: 2051
processing event: VehicleDepartureEvent, vehicle_id: 7, road_id: 1000000000000000055, offset: 0.000000 id: 2056 at time: 1439.62
Processed event: VehicleDepartureEvent, vehicle_id: 7, road_id: 1000000000000000055, offset: 0.000000 id: 2056
Simulator::runFor: now_ = 1439.62 target = 1440
[progress] simulator time = 1440 / 3000
processing event: VehicleArriveIntersectionEvent, vehicle_id: 11, road_id: 1000000000000001081 id: 1891 at time: 1441.16
Processed event: VehicleArriveIntersectionEvent, vehicle_id: 11, road_id: 1000000000000001081 id: 1891
processing event: VehicleArriveIntersectionEvent, vehicle_id: 20, road_id: 1000000000000000179 id: 1963 at time: 1441.22
Processed event: VehicleArriveIntersectionEvent, vehicle_id: 20, road_id: 1000000000000000179 id: 1963
processing event: VehicleEnterNewRoadEvent, vehicle_id: 11, road_id: 1000000000000001095 id: 2058 at time: 1442.96
Processed event: VehicleEnterNewRoadEvent, vehicle_id: 11, road_id: 1000000000000001095 id: 2058
processing event: VehicleDepartureEvent, vehicle_id: 11, road_id: 1000000000000001095, offset: 0.000000 id: 2060 at time: 1442.96
Processed event: VehicleDepartureEvent, vehicle_id: 11, road_id: 1000000000000001095, offset: 0.000000 id: 2060
processing event: VehicleEnterNewRoadEvent, vehicle_id: 20, road_id: 1000000000000000187 id: 2059 at time: 1443.02
Processed event: VehicleEnterNewRoadEvent, vehicle_id: 20, road_id: 1000000000000000187 id: 2059
processing event: VehicleDepartureEvent, vehicle_id: 20, road_id: 1000000000000000187, offset: 0.000000 id: 2062 at time: 1443.02
Processed event: VehicleDepartureEvent, vehicle_id: 20, road_id: 1000000000000000187, offset: 0.000000 id: 2062
processing event: VehicleDepartureEvent, vehicle_id: 18, road_id: 1000000000000000424, offset: 94.090000 id: 2053 at time: 1443.25
Processed event: VehicleDepartureEvent, vehicle_id: 18, road_id: 1000000000000000424, offset: 94.090000 id: 2053
processing event: VehicleArriveIntersectionEvent, vehicle_id: 10, road_id: 1000000000000001193 id: 2026 at time: 1443.78
Processed event: VehicleArriveIntersectionEvent, vehicle_id: 10, road_id: 1000000000000001193 id: 2026
processing event: VehicleEnterNewRoadEvent, vehicle_id: 10, road_id: 1000000000000001181 id: 2065 at time: 1445.58
Processed event: VehicleEnterNewRoadEvent, vehicle_id: 10, road_id: 1000000000000001181 id: 2065
processing event: VehicleDepartureEvent, vehicle_id: 10, road_id: 1000000000000001181, offset: 0.000000 id: 2066 at time: 1445.58
Processed event: VehicleDepartureEvent, vehicle_id: 10, road_id: 1000000000000001181, offset: 0.000000 id: 2066
Event is not valid: VehicleArriveIntersectionEvent, vehicle_id: 17, road_id: 1000000000000000498 id: 1934 at time: 1446.86
processing event: VehicleArriveIntersectionEvent, vehicle_id: 17, road_id: 1000000000000000498 id: 2011 at time: 1446.86
Processed event: VehicleArriveIntersectionEvent, vehicle_id: 17, road_id: 1000000000000000498 id: 2011
processing event: VehicleEnterNewRoadEvent, vehicle_id: 17, road_id: 1000000000000000538 id: 2068 at time: 1448.66
Processed event: VehicleEnterNewRoadEvent, vehicle_id: 17, road_id: 1000000000000000538 id: 2068
processing event: VehicleDepartureEvent, vehicle_id: 17, road_id: 1000000000000000538, offset: 0.000000 id: 2069 at time: 1448.66
Processed event: VehicleDepartureEvent, vehicle_id: 17, road_id: 1000000000000000538, offset: 0.000000 id: 2069
processing event: VehicleArriveIntersectionEvent, vehicle_id: 13, road_id: 1000000000000000698 id: 2039 at time: 1448.99
Processed event: VehicleArriveIntersectionEvent, vehicle_id: 13, road_id: 1000000000000000698 id: 2039
Simulator::runFor: now_ = 1448.99 target = 1450
[progress] simulator time = 1450 / 3000
processing event: VehicleArriveIntersectionEvent, vehicle_id: 12, road_id: 1000000000000000439 id: 2043 at time: 1450.52
Processed event: VehicleArriveIntersectionEvent, vehicle_id: 12, road_id: 1000000000000000439 id: 2043
processing event: VehicleEnterNewRoadEvent, vehicle_id: 13, road_id: 1000000000000000699 id: 2071 at time: 1450.79
Processed event: VehicleEnterNewRoadEvent, vehicle_id: 13, road_id: 1000000000000000699 id: 2071
processing event: VehicleDepartureEvent, vehicle_id: 13, road_id: 1000000000000000699, offset: 0.000000 id: 2073 at time: 1450.79
Processed event: VehicleDepartureEvent, vehicle_id: 13, road_id: 1000000000000000699, offset: 0.000000 id: 2073
processing event: VehicleEnterNewRoadEvent, vehicle_id: 12, road_id: 1000000000000000503 id: 2072 at time: 1452.32
Processed event: VehicleEnterNewRoadEvent, vehicle_id: 12, road_id: 1000000000000000503 id: 2072
processing event: VehicleDepartureEvent, vehicle_id: 12, road_id: 1000000000000000503, offset: 0.000000 id: 2075 at time: 1452.32
Processed event: VehicleDepartureEvent, vehicle_id: 12, road_id: 1000000000000000503, offset: 0.000000 id: 2075
processing event: VehicleArriveIntersectionEvent, vehicle_id: 14, road_id: 1000000000000000303 id: 1921 at time: 1454.46
Processed event: VehicleArriveIntersectionEvent, vehicle_id: 14, road_id: 1000000000000000303 id: 1921
processing event: VehicleEnterNewRoadEvent, vehicle_id: 14, road_id: 1000000000000000305 id: 2077 at time: 1456.26
Processed event: VehicleEnterNewRoadEvent, vehicle_id: 14, road_id: 1000000000000000305 id: 2077
processing event: VehicleDepartureEvent, vehicle_id: 14, road_id: 1000000000000000305, offset: 0.000000 id: 2078 at time: 1456.26
Processed event: VehicleDepartureEvent, vehicle_id: 14, road_id: 1000000000000000305, offset: 0.000000 id: 2078
processing event: VehicleArriveIntersectionEvent, vehicle_id: 18, road_id: 1000000000000000424 id: 2064 at time: 1458.72
Processed event: VehicleArriveIntersectionEvent, vehicle_id: 18, road_id: 1000000000000000424 id: 2064
processing event: VehicleArriveIntersectionEvent, vehicle_id: 16, road_id: 1000000000000000326 id: 1982 at time: 1459.93
Processed event: VehicleArriveIntersectionEvent, vehicle_id: 16, road_id: 1000000000000000326 id: 1982
Simulator::runFor: now_ = 1459.93 target = 1460
[progress] simulator time = 1460 / 3000
processing event: VehicleEnterNewRoadEvent, vehicle_id: 18, road_id: 1000000000000000106 id: 2080 at time: 1460.52
Processed event: VehicleEnterNewRoadEvent, vehicle_id: 18, road_id: 1000000000000000106 id: 2080
processing event: VehicleDepartureEvent, vehicle_id: 18, road_id: 1000000000000000106, offset: 0.000000 id: 2082 at time: 1460.52
Processed event: VehicleDepartureEvent, vehicle_id: 18, road_id: 1000000000000000106, offset: 0.000000 id: 2082
processing event: VehicleArriveIntersectionEvent, vehicle_id: 3, road_id: 1000000000000000193 id: 1989 at time: 1460.91
Processed event: VehicleArriveIntersectionEvent, vehicle_id: 3, road_id: 1000000000000000193 id: 1989
processing event: VehicleArriveIntersectionEvent, vehicle_id: 13, road_id: 1000000000000000699 id: 2074 at time: 1461.05
Processed event: VehicleArriveIntersectionEvent, vehicle_id: 13, road_id: 1000000000000000699 id: 2074
processing event: VehicleEnterNewRoadEvent, vehicle_id: 16, road_id: 1000000000000000193 id: 2081 at time: 1461.73
Processed event: VehicleEnterNewRoadEvent, vehicle_id: 16, road_id: 1000000000000000193 id: 2081
processing event: VehicleDepartureEvent, vehicle_id: 16, road_id: 1000000000000000193, offset: 0.000000 id: 2086 at time: 1461.73
Processed event: VehicleDepartureEvent, vehicle_id: 16, road_id: 1000000000000000193, offset: 0.000000 id: 2086
processing event: BusArrivalEvent, vehicle_id: 20, stop_id: 13 id: 2063 at time: 1462.41
Processed event: BusArrivalEvent, vehicle_id: 20, stop_id: 13 id: 2063
processing event: PassengerRouteEndEvent, passenger_id: 10, route_id: 1 id: 2088 at time: 1462.41
Passenger 10 finished all routes
Processed event: PassengerRouteEndEvent, passenger_id: 10, route_id: 1 id: 2088
processing event: PassengerDropoffEvent, passenger_id: 10 id: 2090 at time: 1462.41
Processed event: PassengerDropoffEvent, passenger_id: 10 id: 2090
processing event: OrderFinishedEvent, order_id: 10 id: 2091 at time: 1462.41
Processed event: OrderFinishedEvent, order_id: 10 id: 2091
processing event: VehicleEnterNewRoadEvent, vehicle_id: 3, road_id: 1000000000000000326 id: 2084 at time: 1462.71
Processed event: VehicleEnterNewRoadEvent, vehicle_id: 3, road_id: 1000000000000000326 id: 2084
processing event: VehicleDepartureEvent, vehicle_id: 3, road_id: 1000000000000000326, offset: 0.000000 id: 2093 at time: 1462.71
Processed event: VehicleDepartureEvent, vehicle_id: 3, road_id: 1000000000000000326, offset: 0.000000 id: 2093
processing event: VehicleEnterNewRoadEvent, vehicle_id: 13, road_id: 1000000000000000051 id: 2085 at time: 1462.85
Processed event: VehicleEnterNewRoadEvent, vehicle_id: 13, road_id: 1000000000000000051 id: 2085
processing event: VehicleDepartureEvent, vehicle_id: 13, road_id: 1000000000000000051, offset: 0.000000 id: 2095 at time: 1462.85
Processed event: VehicleDepartureEvent, vehicle_id: 13, road_id: 1000000000000000051, offset: 0.000000 id: 2095
processing event: VehicleArriveIntersectionEvent, vehicle_id: 10, road_id: 1000000000000001181 id: 2067 at time: 1464.66
Processed event: VehicleArriveIntersectionEvent, vehicle_id: 10, road_id: 1000000000000001181 id: 2067
processing event: VehicleEnterNewRoadEvent, vehicle_id: 10, road_id: 1000000000000001049 id: 2097 at time: 1466.46
Processed event: VehicleEnterNewRoadEvent, vehicle_id: 10, road_id: 1000000000000001049 id: 2097
processing event: VehicleDepartureEvent, vehicle_id: 10, road_id: 1000000000000001049, offset: 0.000000 id: 2098 at time: 1466.46
Processed event: VehicleDepartureEvent, vehicle_id: 10, road_id: 1000000000000001049, offset: 0.000000 id: 2098
processing event: VehicleDepartureEvent, vehicle_id: 20, road_id: 1000000000000000187, offset: 107.670000 id: 2089 at time: 1467.41
Processed event: VehicleDepartureEvent, vehicle_id: 20, road_id: 1000000000000000187, offset: 107.670000 id: 2089
Simulator::runFor: now_ = 1467.41 target = 1470
[progress] simulator time = 1470 / 3000
processing event: VehicleArriveIntersectionEvent, vehicle_id: 17, road_id: 1000000000000000538 id: 2070 at time: 1470.08
Processed event: VehicleArriveIntersectionEvent, vehicle_id: 17, road_id: 1000000000000000538 id: 2070
processing event: VehicleArriveIntersectionEvent, vehicle_id: 8, road_id: 1000000000000000585 id: 2047 at time: 1471.45
Processed event: VehicleArriveIntersectionEvent, vehicle_id: 8, road_id: 1000000000000000585 id: 2047
processing event: VehicleArriveIntersectionEvent, vehicle_id: 12, road_id: 1000000000000000503 id: 2076 at time: 1471.59
Processed event: VehicleArriveIntersectionEvent, vehicle_id: 12, road_id: 1000000000000000503 id: 2076
processing event: VehicleEnterNewRoadEvent, vehicle_id: 17, road_id: 1000000000000000545 id: 2101 at time: 1471.88
Processed event: VehicleEnterNewRoadEvent, vehicle_id: 17, road_id: 1000000000000000545 id: 2101
processing event: VehicleDepartureEvent, vehicle_id: 17, road_id: 1000000000000000545, offset: 0.000000 id: 2104 at time: 1471.88
Processed event: VehicleDepartureEvent, vehicle_id: 17, road_id: 1000000000000000545, offset: 0.000000 id: 2104
processing event: VehicleEnterNewRoadEvent, vehicle_id: 8, road_id: 1000000000000000587 id: 2102 at time: 1473.25
Processed event: VehicleEnterNewRoadEvent, vehicle_id: 8, road_id: 1000000000000000587 id: 2102
processing event: VehicleDepartureEvent, vehicle_id: 8, road_id: 1000000000000000587, offset: 0.000000 id: 2106 at time: 1473.25
Processed event: VehicleDepartureEvent, vehicle_id: 8, road_id: 1000000000000000587, offset: 0.000000 id: 2106
processing event: VehicleEnterNewRoadEvent, vehicle_id: 12, road_id: 1000000000000000504 id: 2103 at time: 1473.39
Processed event: VehicleEnterNewRoadEvent, vehicle_id: 12, road_id: 1000000000000000504 id: 2103
processing event: VehicleDepartureEvent, vehicle_id: 12, road_id: 1000000000000000504, offset: 0.000000 id: 2108 at time: 1473.39
Processed event: VehicleDepartureEvent, vehicle_id: 12, road_id: 1000000000000000504, offset: 0.000000 id: 2108
Simulator::runFor: now_ = 1473.39 target = 1480
[progress] simulator time = 1480 / 3000
processing event: VehicleArriveIntersectionEvent, vehicle_id: 17, road_id: 1000000000000000545 id: 2105 at time: 1480.7
Processed event: VehicleArriveIntersectionEvent, vehicle_id: 17, road_id: 1000000000000000545 id: 2105
Event is not valid: BusArrivalEvent, vehicle_id: 16, stop_id: 242 id: 2087 at time: 1482.04
processing event: BusArrivalEvent, vehicle_id: 16, stop_id: 242 id: 2092 at time: 1482.04
Processed event: BusArrivalEvent, vehicle_id: 16, stop_id: 242 id: 2092
processing event: PassengerRouteEndEvent, passenger_id: 9, route_id: 1 id: 2111 at time: 1482.04
Passenger 9 finished all routes
Processed event: PassengerRouteEndEvent, passenger_id: 9, route_id: 1 id: 2111
processing event: PassengerDropoffEvent, passenger_id: 9 id: 2112 at time: 1482.04
Processed event: PassengerDropoffEvent, passenger_id: 9 id: 2112
processing event: OrderFinishedEvent, order_id: 9 id: 2113 at time: 1482.04
Processed event: OrderFinishedEvent, order_id: 9 id: 2113
processing event: VehicleEnterNewRoadEvent, vehicle_id: 17, road_id: 1000000000000000539 id: 2110 at time: 1482.5
Processed event: VehicleEnterNewRoadEvent, vehicle_id: 17, road_id: 1000000000000000539 id: 2110
processing event: VehicleDepartureEvent, vehicle_id: 17, road_id: 1000000000000000539, offset: 0.000000 id: 2114 at time: 1482.5
Processed event: VehicleDepartureEvent, vehicle_id: 17, road_id: 1000000000000000539, offset: 0.000000 id: 2114
processing event: VehicleArriveIntersectionEvent, vehicle_id: 7, road_id: 1000000000000000055 id: 2057 at time: 1483.91
Processed event: VehicleArriveIntersectionEvent, vehicle_id: 7, road_id: 1000000000000000055 id: 2057
processing event: VehicleEnterNewRoadEvent, vehicle_id: 7, road_id: 1000000000000000056 id: 2116 at time: 1485.71
Processed event: VehicleEnterNewRoadEvent, vehicle_id: 7, road_id: 1000000000000000056 id: 2116
processing event: VehicleDepartureEvent, vehicle_id: 7, road_id: 1000000000000000056, offset: 0.000000 id: 2117 at time: 1485.71
Processed event: VehicleDepartureEvent, vehicle_id: 7, road_id: 1000000000000000056, offset: 0.000000 id: 2117
processing event: VehicleArriveIntersectionEvent, vehicle_id: 13, road_id: 1000000000000000051 id: 2096 at time: 1485.71
Processed event: VehicleArriveIntersectionEvent, vehicle_id: 13, road_id: 1000000000000000051 id: 2096
processing event: VehicleArriveIntersectionEvent, vehicle_id: 15, road_id: 1000000000000000073 id: 2014 at time: 1486.91
Processed event: VehicleArriveIntersectionEvent, vehicle_id: 15, road_id: 1000000000000000073 id: 2014
processing event: VehicleArriveIntersectionEvent, vehicle_id: 11, road_id: 1000000000000001095 id: 2061 at time: 1487.42
Processed event: VehicleArriveIntersectionEvent, vehicle_id: 11, road_id: 1000000000000001095 id: 2061
processing event: VehicleEnterNewRoadEvent, vehicle_id: 13, road_id: 1000000000000000339 id: 2119 at time: 1487.51
Processed event: VehicleEnterNewRoadEvent, vehicle_id: 13, road_id: 1000000000000000339 id: 2119
processing event: VehicleDepartureEvent, vehicle_id: 13, road_id: 1000000000000000339, offset: 0.000000 id: 2122 at time: 1487.51
Processed event: VehicleDepartureEvent, vehicle_id: 13, road_id: 1000000000000000339, offset: 0.000000 id: 2122
processing event: VehicleEnterNewRoadEvent, vehicle_id: 15, road_id: 1000000000000001063 id: 2120 at time: 1488.71
Processed event: VehicleEnterNewRoadEvent, vehicle_id: 15, road_id: 1000000000000001063 id: 2120
processing event: VehicleDepartureEvent, vehicle_id: 15, road_id: 1000000000000001063, offset: 0.000000 id: 2124 at time: 1488.71
Processed event: VehicleDepartureEvent, vehicle_id: 15, road_id: 1000000000000001063, offset: 0.000000 id: 2124
processing event: VehicleArriveIntersectionEvent, vehicle_id: 9, road_id: 1000000000000000767 id: 2055 at time: 1489.21
Processed event: VehicleArriveIntersectionEvent, vehicle_id: 9, road_id: 1000000000000000767 id: 2055
processing event: VehicleEnterNewRoadEvent, vehicle_id: 11, road_id: 1000000000000000234 id: 2121 at time: 1489.22
Processed event: VehicleEnterNewRoadEvent, vehicle_id: 11, road_id: 1000000000000000234 id: 2121
processing event: VehicleDepartureEvent, vehicle_id: 11, road_id: 1000000000000000234, offset: 0.000000 id: 2127 at time: 1489.22
Processed event: VehicleDepartureEvent, vehicle_id: 11, road_id: 1000000000000000234, offset: 0.000000 id: 2127
Simulator::runFor: now_ = 1489.22 target = 1490
[progress] simulator time = 1490 / 3000
processing event: VehicleEnterNewRoadEvent, vehicle_id: 9, road_id: 1000000000000000026 id: 2126 at time: 1491.01
Processed event: VehicleEnterNewRoadEvent, vehicle_id: 9, road_id: 1000000000000000026 id: 2126
processing event: VehicleDepartureEvent, vehicle_id: 9, road_id: 1000000000000000026, offset: 0.000000 id: 2129 at time: 1491.01
Processed event: VehicleDepartureEvent, vehicle_id: 9, road_id: 1000000000000000026, offset: 0.000000 id: 2129
processing event: VehicleArriveIntersectionEvent, vehicle_id: 18, road_id: 1000000000000000106 id: 2083 at time: 1492.38
Processed event: VehicleArriveIntersectionEvent, vehicle_id: 18, road_id: 1000000000000000106 id: 2083
processing event: VehicleEnterNewRoadEvent, vehicle_id: 18, road_id: 1000000000000000420 id: 2131 at time: 1494.18
Processed event: VehicleEnterNewRoadEvent, vehicle_id: 18, road_id: 1000000000000000420 id: 2131
processing event: VehicleDepartureEvent, vehicle_id: 18, road_id: 1000000000000000420, offset: 0.000000 id: 2132 at time: 1494.18
Processed event: VehicleDepartureEvent, vehicle_id: 18, road_id: 1000000000000000420, offset: 0.000000 id: 2132
processing event: BusArrivalEvent, vehicle_id: 3, stop_id: 201 id: 2094 at time: 1494.65
Processed event: BusArrivalEvent, vehicle_id: 3, stop_id: 201 id: 2094
processing event: PassengerOnboardEvent, passenger_id: 25 id: 2134 at time: 1494.65
Processed event: PassengerOnboardEvent, passenger_id: 25 id: 2134
processing event: VehicleDepartureEvent, vehicle_id: 3, road_id: 1000000000000000326, offset: 177.410000 id: 2135 at time: 1499.65
Processed event: VehicleDepartureEvent, vehicle_id: 3, road_id: 1000000000000000326, offset: 177.410000 id: 2135
Simulator::runFor: now_ = 1499.65 target = 1500
[progress] simulator time = 1500 / 3000
processing event: VehicleArriveIntersectionEvent, vehicle_id: 12, road_id: 1000000000000000504 id: 2109 at time: 1505.07
Processed event: VehicleArriveIntersectionEvent, vehicle_id: 12, road_id: 1000000000000000504 id: 2109
processing event: VehicleEnterNewRoadEvent, vehicle_id: 12, road_id: 1000000000000000534 id: 2137 at time: 1506.87
Processed event: VehicleEnterNewRoadEvent, vehicle_id: 12, road_id: 1000000000000000534 id: 2137
processing event: VehicleDepartureEvent, vehicle_id: 12, road_id: 1000000000000000534, offset: 0.000000 id: 2138 at time: 1506.87
Processed event: VehicleDepartureEvent, vehicle_id: 12, road_id: 1000000000000000534, offset: 0.000000 id: 2138
processing event: VehicleArriveIntersectionEvent, vehicle_id: 17, road_id: 1000000000000000539 id: 2115 at time: 1507.16
Processed event: VehicleArriveIntersectionEvent, vehicle_id: 17, road_id: 1000000000000000539 id: 2115
processing event: VehicleArriveIntersectionEvent, vehicle_id: 5, road_id: 1000000000000000144 id: 2024 at time: 1507.85
Processed event: VehicleArriveIntersectionEvent, vehicle_id: 5, road_id: 1000000000000000144 id: 2024
processing event: VehicleArriveIntersectionEvent, vehicle_id: 14, road_id: 1000000000000000305 id: 2079 at time: 1508.83
Processed event: VehicleArriveIntersectionEvent, vehicle_id: 14, road_id: 1000000000000000305 id: 2079
processing event: VehicleEnterNewRoadEvent, vehicle_id: 17, road_id: 1000000000000000541 id: 2140 at time: 1508.96
Processed event: VehicleEnterNewRoadEvent, vehicle_id: 17, road_id: 1000000000000000541 id: 2140
processing event: VehicleDepartureEvent, vehicle_id: 17, road_id: 1000000000000000541, offset: 0.000000 id: 2143 at time: 1508.96
Processed event: VehicleDepartureEvent, vehicle_id: 17, road_id: 1000000000000000541, offset: 0.000000 id: 2143
processing event: VehicleEnterNewRoadEvent, vehicle_id: 5, road_id: 1000000000000000146 id: 2141 at time: 1509.65
Processed event: VehicleEnterNewRoadEvent, vehicle_id: 5, road_id: 1000000000000000146 id: 2141
processing event: VehicleDepartureEvent, vehicle_id: 5, road_id: 1000000000000000146, offset: 0.000000 id: 2145 at time: 1509.65
Processed event: VehicleDepartureEvent, vehicle_id: 5, road_id: 1000000000000000146, offset: 0.000000 id: 2145
Simulator::runFor: now_ = 1509.65 target = 1510
[progress] simulator time = 1510 / 3000
processing event: VehicleEnterNewRoadEvent, vehicle_id: 14, road_id: 1000000000000000306 id: 2142 at time: 1510.63
Processed event: VehicleEnterNewRoadEvent, vehicle_id: 14, road_id: 1000000000000000306 id: 2142
processing event: VehicleDepartureEvent, vehicle_id: 14, road_id: 1000000000000000306, offset: 0.000000 id: 2147 at time: 1510.63
Processed event: VehicleDepartureEvent, vehicle_id: 14, road_id: 1000000000000000306, offset: 0.000000 id: 2147
processing event: VehicleArriveIntersectionEvent, vehicle_id: 8, road_id: 1000000000000000587 id: 2107 at time: 1511.42
Processed event: VehicleArriveIntersectionEvent, vehicle_id: 8, road_id: 1000000000000000587 id: 2107
processing event: VehicleEnterNewRoadEvent, vehicle_id: 8, road_id: 1000000000000001059 id: 2149 at time: 1513.22
Processed event: VehicleEnterNewRoadEvent, vehicle_id: 8, road_id: 1000000000000001059 id: 2149
processing event: VehicleDepartureEvent, vehicle_id: 8, road_id: 1000000000000001059, offset: 0.000000 id: 2150 at time: 1513.22
Processed event: VehicleDepartureEvent, vehicle_id: 8, road_id: 1000000000000001059, offset: 0.000000 id: 2150
processing event: VehicleArriveIntersectionEvent, vehicle_id: 10, road_id: 1000000000000001049 id: 2099 at time: 1515.6
Processed event: VehicleArriveIntersectionEvent, vehicle_id: 10, road_id: 1000000000000001049 id: 2099
processing event: VehicleEnterNewRoadEvent, vehicle_id: 10, road_id: 1000000000000000099 id: 2152 at time: 1517.4
Processed event: VehicleEnterNewRoadEvent, vehicle_id: 10, road_id: 1000000000000000099 id: 2152
processing event: VehicleDepartureEvent, vehicle_id: 10, road_id: 1000000000000000099, offset: 0.000000 id: 2153 at time: 1517.4
Processed event: VehicleDepartureEvent, vehicle_id: 10, road_id: 1000000000000000099, offset: 0.000000 id: 2153
Simulator::runFor: now_ = 1517.4 target = 1520
[progress] simulator time = 1520 / 3000
processing event: VehicleArriveIntersectionEvent, vehicle_id: 12, road_id: 1000000000000000534 id: 2139 at time: 1522.53
Processed event: VehicleArriveIntersectionEvent, vehicle_id: 12, road_id: 1000000000000000534 id: 2139
processing event: VehicleEnterNewRoadEvent, vehicle_id: 12, road_id: 1000000000000000535 id: 2155 at time: 1524.33
Processed event: VehicleEnterNewRoadEvent, vehicle_id: 12, road_id: 1000000000000000535 id: 2155
processing event: VehicleDepartureEvent, vehicle_id: 12, road_id: 1000000000000000535, offset: 0.000000 id: 2156 at time: 1524.33
Processed event: VehicleDepartureEvent, vehicle_id: 12, road_id: 1000000000000000535, offset: 0.000000 id: 2156
processing event: VehicleArriveIntersectionEvent, vehicle_id: 17, road_id: 1000000000000000541 id: 2144 at time: 1526.24
Processed event: VehicleArriveIntersectionEvent, vehicle_id: 17, road_id: 1000000000000000541 id: 2144
processing event: VehicleEnterNewRoadEvent, vehicle_id: 17, road_id: 1000000000000000542 id: 2158 at time: 1528.04
Processed event: VehicleEnterNewRoadEvent, vehicle_id: 17, road_id: 1000000000000000542 id: 2158
processing event: VehicleDepartureEvent, vehicle_id: 17, road_id: 1000000000000000542, offset: 0.000000 id: 2159 at time: 1528.04
Processed event: VehicleDepartureEvent, vehicle_id: 17, road_id: 1000000000000000542, offset: 0.000000 id: 2159
processing event: VehicleArriveIntersectionEvent, vehicle_id: 3, road_id: 1000000000000000326 id: 2136 at time: 1528.2
Processed event: VehicleArriveIntersectionEvent, vehicle_id: 3, road_id: 1000000000000000326 id: 2136
processing event: VehicleArriveIntersectionEvent, vehicle_id: 19, road_id: 1000000000000000243 id: 2050 at time: 1529.55
Processed event: VehicleArriveIntersectionEvent, vehicle_id: 19, road_id: 1000000000000000243 id: 2050
Simulator::runFor: now_ = 1529.55 target = 1530
[progress] simulator time = 1530 / 3000
processing event: VehicleEnterNewRoadEvent, vehicle_id: 3, road_id: 1000000000000000193 id: 2161 at time: 1530
Processed event: VehicleEnterNewRoadEvent, vehicle_id: 3, road_id: 1000000000000000193 id: 2161
processing event: VehicleDepartureEvent, vehicle_id: 3, road_id: 1000000000000000193, offset: 0.000000 id: 2163 at time: 1530
Processed event: VehicleDepartureEvent, vehicle_id: 3, road_id: 1000000000000000193, offset: 0.000000 id: 2163
processing event: VehicleEnterNewRoadEvent, vehicle_id: 19, road_id: 1000000000000001102 id: 2162 at time: 1531.35
Processed event: VehicleEnterNewRoadEvent, vehicle_id: 19, road_id: 1000000000000001102 id: 2162
processing event: VehicleDepartureEvent, vehicle_id: 19, road_id: 1000000000000001102, offset: 0.000000 id: 2165 at time: 1531.35
Processed event: VehicleDepartureEvent, vehicle_id: 19, road_id: 1000000000000001102, offset: 0.000000 id: 2165
Simulator::runFor: now_ = 1531.35 target = 1540
[progress] simulator time = 1540 / 3000
processing event: VehicleArriveIntersectionEvent, vehicle_id: 18, road_id: 1000000000000000420 id: 2133 at time: 1541.71
Processed event: VehicleArriveIntersectionEvent, vehicle_id: 18, road_id: 1000000000000000420 id: 2133
processing event: VehicleArriveIntersectionEvent, vehicle_id: 20, road_id: 1000000000000000187 id: 2100 at time: 1542.53
Processed event: VehicleArriveIntersectionEvent, vehicle_id: 20, road_id: 1000000000000000187 id: 2100
processing event: VehicleEnterNewRoadEvent, vehicle_id: 18, road_id: 1000000000000000421 id: 2167 at time: 1543.51
Processed event: VehicleEnterNewRoadEvent, vehicle_id: 18, road_id: 1000000000000000421 id: 2167
processing event: VehicleDepartureEvent, vehicle_id: 18, road_id: 1000000000000000421, offset: 0.000000 id: 2169 at time: 1543.51
Processed event: VehicleDepartureEvent, vehicle_id: 18, road_id: 1000000000000000421, offset: 0.000000 id: 2169
processing event: VehicleEnterNewRoadEvent, vehicle_id: 20, road_id: 1000000000000000188 id: 2168 at time: 1544.33
Processed event: VehicleEnterNewRoadEvent, vehicle_id: 20, road_id: 1000000000000000188 id: 2168
processing event: VehicleDepartureEvent, vehicle_id: 20, road_id: 1000000000000000188, offset: 0.000000 id: 2171 at time: 1544.33
Processed event: VehicleDepartureEvent, vehicle_id: 20, road_id: 1000000000000000188, offset: 0.000000 id: 2171
processing event: VehicleArriveIntersectionEvent, vehicle_id: 5, road_id: 1000000000000000146 id: 2146 at time: 1547.1
Processed event: VehicleArriveIntersectionEvent, vehicle_id: 5, road_id: 1000000000000000146 id: 2146
processing event: VehicleEnterNewRoadEvent, vehicle_id: 5, road_id: 1000000000000000147 id: 2173 at time: 1548.9
Processed event: VehicleEnterNewRoadEvent, vehicle_id: 5, road_id: 1000000000000000147 id: 2173
processing event: VehicleDepartureEvent, vehicle_id: 5, road_id: 1000000000000000147, offset: 0.000000 id: 2174 at time: 1548.9
Processed event: VehicleDepartureEvent, vehicle_id: 5, road_id: 1000000000000000147, offset: 0.000000 id: 2174
Simulator::runFor: now_ = 1548.9 target = 1550
[progress] simulator time = 1550 / 3000
processing event: VehicleArriveIntersectionEvent, vehicle_id: 8, road_id: 1000000000000001059 id: 2151 at time: 1551.02
Processed event: VehicleArriveIntersectionEvent, vehicle_id: 8, road_id: 1000000000000001059 id: 2151
processing event: VehicleEnterNewRoadEvent, vehicle_id: 8, road_id: 1000000000000000374 id: 2176 at time: 1552.82
Processed event: VehicleEnterNewRoadEvent, vehicle_id: 8, road_id: 1000000000000000374 id: 2176
processing event: VehicleDepartureEvent, vehicle_id: 8, road_id: 1000000000000000374, offset: 0.000000 id: 2177 at time: 1552.82
Processed event: VehicleDepartureEvent, vehicle_id: 8, road_id: 1000000000000000374, offset: 0.000000 id: 2177
processing event: VehicleArriveIntersectionEvent, vehicle_id: 17, road_id: 1000000000000000542 id: 2160 at time: 1553.43
Processed event: VehicleArriveIntersectionEvent, vehicle_id: 17, road_id: 1000000000000000542 id: 2160
processing event: VehicleEnterNewRoadEvent, vehicle_id: 17, road_id: 1000000000000000144 id: 2179 at time: 1555.23
Processed event: VehicleEnterNewRoadEvent, vehicle_id: 17, road_id: 1000000000000000144 id: 2179
processing event: VehicleDepartureEvent, vehicle_id: 17, road_id: 1000000000000000144, offset: 0.000000 id: 2180 at time: 1555.23
Processed event: VehicleDepartureEvent, vehicle_id: 17, road_id: 1000000000000000144, offset: 0.000000 id: 2180
processing event: BusArrivalEvent, vehicle_id: 10, stop_id: 256 id: 2154 at time: 1557.86
Processed event: BusArrivalEvent, vehicle_id: 10, stop_id: 256 id: 2154
processing event: PassengerRouteEndEvent, passenger_id: 14, route_id: 1 id: 2182 at time: 1557.86
Passenger 14 finished all routes
Processed event: PassengerRouteEndEvent, passenger_id: 14, route_id: 1 id: 2182
processing event: PassengerDropoffEvent, passenger_id: 14 id: 2184 at time: 1557.86
Processed event: PassengerDropoffEvent, passenger_id: 14 id: 2184
processing event: OrderFinishedEvent, order_id: 14 id: 2185 at time: 1557.86
Processed event: OrderFinishedEvent, order_id: 14 id: 2185
processing event: VehicleArriveIntersectionEvent, vehicle_id: 7, road_id: 1000000000000000056 id: 2118 at time: 1558.08
Processed event: VehicleArriveIntersectionEvent, vehicle_id: 7, road_id: 1000000000000000056 id: 2118
processing event: BusArrivalEvent, vehicle_id: 11, stop_id: 68 id: 2128 at time: 1558.34
Processed event: BusArrivalEvent, vehicle_id: 11, stop_id: 68 id: 2128
processing event: PassengerRouteEndEvent, passenger_id: 5, route_id: 1 id: 2187 at time: 1558.34
Passenger 5 finished all routes
Processed event: PassengerRouteEndEvent, passenger_id: 5, route_id: 1 id: 2187
processing event: PassengerDropoffEvent, passenger_id: 5 id: 2189 at time: 1558.34
Processed event: PassengerDropoffEvent, passenger_id: 5 id: 2189
processing event: OrderFinishedEvent, order_id: 5 id: 2190 at time: 1558.34
Processed event: OrderFinishedEvent, order_id: 5 id: 2190
processing event: VehicleArriveIntersectionEvent, vehicle_id: 9, road_id: 1000000000000000026 id: 2130 at time: 1559.05
Processed event: VehicleArriveIntersectionEvent, vehicle_id: 9, road_id: 1000000000000000026 id: 2130
processing event: VehicleArriveIntersectionEvent, vehicle_id: 12, road_id: 1000000000000000535 id: 2157 at time: 1559.08
Processed event: VehicleArriveIntersectionEvent, vehicle_id: 12, road_id: 1000000000000000535 id: 2157
processing event: VehicleArriveIntersectionEvent, vehicle_id: 14, road_id: 1000000000000000306 id: 2148 at time: 1559.41
Processed event: VehicleArriveIntersectionEvent, vehicle_id: 14, road_id: 1000000000000000306 id: 2148
processing event: VehicleEnterNewRoadEvent, vehicle_id: 7, road_id: 1000000000000000682 id: 2186 at time: 1559.88
Processed event: VehicleEnterNewRoadEvent, vehicle_id: 7, road_id: 1000000000000000682 id: 2186
processing event: VehicleDepartureEvent, vehicle_id: 7, road_id: 1000000000000000682, offset: 0.000000 id: 2194 at time: 1559.88
Processed event: VehicleDepartureEvent, vehicle_id: 7, road_id: 1000000000000000682, offset: 0.000000 id: 2194
Simulator::runFor: now_ = 1559.88 target = 1560
[progress] simulator time = 1560 / 3000
processing event: VehicleEnterNewRoadEvent, vehicle_id: 9, road_id: 1000000000000000027 id: 2191 at time: 1560.85
Processed event: VehicleEnterNewRoadEvent, vehicle_id: 9, road_id: 1000000000000000027 id: 2191
processing event: VehicleDepartureEvent, vehicle_id: 9, road_id: 1000000000000000027, offset: 0.000000 id: 2196 at time: 1560.85
Processed event: VehicleDepartureEvent, vehicle_id: 9, road_id: 1000000000000000027, offset: 0.000000 id: 2196
processing event: VehicleEnterNewRoadEvent, vehicle_id: 12, road_id: 1000000000000000527 id: 2192 at time: 1560.88
Processed event: VehicleEnterNewRoadEvent, vehicle_id: 12, road_id: 1000000000000000527 id: 2192
processing event: VehicleDepartureEvent, vehicle_id: 12, road_id: 1000000000000000527, offset: 0.000000 id: 2198 at time: 1560.88
Processed event: VehicleDepartureEvent, vehicle_id: 12, road_id: 1000000000000000527, offset: 0.000000 id: 2198
processing event: VehicleEnterNewRoadEvent, vehicle_id: 14, road_id: 1000000000000000689 id: 2193 at time: 1561.21
Processed event: VehicleEnterNewRoadEvent, vehicle_id: 14, road_id: 1000000000000000689 id: 2193
processing event: VehicleDepartureEvent, vehicle_id: 14, road_id: 1000000000000000689, offset: 0.000000 id: 2200 at time: 1561.21
Processed event: VehicleDepartureEvent, vehicle_id: 14, road_id: 1000000000000000689, offset: 0.000000 id: 2200
processing event: VehicleDepartureEvent, vehicle_id: 10, road_id: 1000000000000000099, offset: 224.760000 id: 2183 at time: 1562.86
Processed event: VehicleDepartureEvent, vehicle_id: 10, road_id: 1000000000000000099, offset: 224.760000 id: 2183
processing event: VehicleDepartureEvent, vehicle_id: 11, road_id: 1000000000000000234, offset: 383.960000 id: 2188 at time: 1563.34
Processed event: VehicleDepartureEvent, vehicle_id: 11, road_id: 1000000000000000234, offset: 383.960000 id: 2188
processing event: VehicleArriveIntersectionEvent, vehicle_id: 7, road_id: 1000000000000000682 id: 2195 at time: 1569.96
Processed event: VehicleArriveIntersectionEvent, vehicle_id: 7, road_id: 1000000000000000682 id: 2195
Simulator::runFor: now_ = 1569.96 target = 1570
[progress] simulator time = 1570 / 3000
processing event: VehicleArriveIntersectionEvent, vehicle_id: 10, road_id: 1000000000000000099 id: 2202 at time: 1571.55
Processed event: VehicleArriveIntersectionEvent, vehicle_id: 10, road_id: 1000000000000000099 id: 2202
processing event: VehicleEnterNewRoadEvent, vehicle_id: 7, road_id: 1000000000000000362 id: 2204 at time: 1571.76
Processed event: VehicleEnterNewRoadEvent, vehicle_id: 7, road_id: 1000000000000000362 id: 2204
processing event: VehicleDepartureEvent, vehicle_id: 7, road_id: 1000000000000000362, offset: 0.000000 id: 2206 at time: 1571.76
Processed event: VehicleDepartureEvent, vehicle_id: 7, road_id: 1000000000000000362, offset: 0.000000 id: 2206
processing event: VehicleArriveIntersectionEvent, vehicle_id: 14, road_id: 1000000000000000689 id: 2201 at time: 1572.37
Processed event: VehicleArriveIntersectionEvent, vehicle_id: 14, road_id: 1000000000000000689 id: 2201
processing event: VehicleEnterNewRoadEvent, vehicle_id: 10, road_id: 1000000000000001088 id: 2205 at time: 1573.35
Processed event: VehicleEnterNewRoadEvent, vehicle_id: 10, road_id: 1000000000000001088 id: 2205
processing event: VehicleDepartureEvent, vehicle_id: 10, road_id: 1000000000000001088, offset: 0.000000 id: 2209 at time: 1573.35
Processed event: VehicleDepartureEvent, vehicle_id: 10, road_id: 1000000000000001088, offset: 0.000000 id: 2209
processing event: VehicleArriveIntersectionEvent, vehicle_id: 5, road_id: 1000000000000000147 id: 2175 at time: 1573.56
Processed event: VehicleArriveIntersectionEvent, vehicle_id: 5, road_id: 1000000000000000147 id: 2175
processing event: VehicleEnterNewRoadEvent, vehicle_id: 14, road_id: 1000000000000000686 id: 2208 at time: 1574.17
Processed event: VehicleEnterNewRoadEvent, vehicle_id: 14, road_id: 1000000000000000686 id: 2208
processing event: VehicleDepartureEvent, vehicle_id: 14, road_id: 1000000000000000686, offset: 0.000000 id: 2212 at time: 1574.17
Processed event: VehicleDepartureEvent, vehicle_id: 14, road_id: 1000000000000000686, offset: 0.000000 id: 2212
processing event: VehicleArriveIntersectionEvent, vehicle_id: 18, road_id: 1000000000000000421 id: 2170 at time: 1574.47
Processed event: VehicleArriveIntersectionEvent, vehicle_id: 18, road_id: 1000000000000000421 id: 2170
processing event: VehicleEnterNewRoadEvent, vehicle_id: 5, road_id: 1000000000000000148 id: 2211 at time: 1575.36
Processed event: VehicleEnterNewRoadEvent, vehicle_id: 5, road_id: 1000000000000000148 id: 2211
processing event: VehicleDepartureEvent, vehicle_id: 5, road_id: 1000000000000000148, offset: 0.000000 id: 2215 at time: 1575.36
Processed event: VehicleDepartureEvent, vehicle_id: 5, road_id: 1000000000000000148, offset: 0.000000 id: 2215
processing event: VehicleArriveIntersectionEvent, vehicle_id: 11, road_id: 1000000000000000234 id: 2203 at time: 1575.59
Processed event: VehicleArriveIntersectionEvent, vehicle_id: 11, road_id: 1000000000000000234 id: 2203
processing event: VehicleEnterNewRoadEvent, vehicle_id: 18, road_id: 1000000000000000780 id: 2214 at time: 1576.27
Processed event: VehicleEnterNewRoadEvent, vehicle_id: 18, road_id: 1000000000000000780 id: 2214
processing event: VehicleDepartureEvent, vehicle_id: 18, road_id: 1000000000000000780, offset: 0.000000 id: 2218 at time: 1576.27
Processed event: VehicleDepartureEvent, vehicle_id: 18, road_id: 1000000000000000780, offset: 0.000000 id: 2218
processing event: VehicleEnterNewRoadEvent, vehicle_id: 11, road_id: 1000000000000000060 id: 2217 at time: 1577.39
Processed event: VehicleEnterNewRoadEvent, vehicle_id: 11, road_id: 1000000000000000060 id: 2217
processing event: VehicleDepartureEvent, vehicle_id: 11, road_id: 1000000000000000060, offset: 0.000000 id: 2220 at time: 1577.39
Processed event: VehicleDepartureEvent, vehicle_id: 11, road_id: 1000000000000000060, offset: 0.000000 id: 2220
processing event: VehicleArriveIntersectionEvent, vehicle_id: 12, road_id: 1000000000000000527 id: 2199 at time: 1577.44
Processed event: VehicleArriveIntersectionEvent, vehicle_id: 12, road_id: 1000000000000000527 id: 2199
processing event: VehicleArriveIntersectionEvent, vehicle_id: 18, road_id: 1000000000000000780 id: 2219 at time: 1579.15
Processed event: VehicleArriveIntersectionEvent, vehicle_id: 18, road_id: 1000000000000000780 id: 2219
processing event: VehicleEnterNewRoadEvent, vehicle_id: 12, road_id: 1000000000000000529 id: 2222 at time: 1579.24
Processed event: VehicleEnterNewRoadEvent, vehicle_id: 12, road_id: 1000000000000000529 id: 2222
processing event: VehicleDepartureEvent, vehicle_id: 12, road_id: 1000000000000000529, offset: 0.000000 id: 2224 at time: 1579.24
Processed event: VehicleDepartureEvent, vehicle_id: 12, road_id: 1000000000000000529, offset: 0.000000 id: 2224
Simulator::runFor: now_ = 1579.24 target = 1580
[progress] simulator time = 1580 / 3000
processing event: VehicleEnterNewRoadEvent, vehicle_id: 18, road_id: 1000000000000000779 id: 2223 at time: 1580.95
Processed event: VehicleEnterNewRoadEvent, vehicle_id: 18, road_id: 1000000000000000779 id: 2223
processing event: VehicleDepartureEvent, vehicle_id: 18, road_id: 1000000000000000779, offset: 0.000000 id: 2226 at time: 1580.95
Processed event: VehicleDepartureEvent, vehicle_id: 18, road_id: 1000000000000000779, offset: 0.000000 id: 2226
processing event: PassengerRouteStartEvent, passenger_id: 34, route_id: 1 id: 33 at time: 1586
Processed event: PassengerRouteStartEvent, passenger_id: 34, route_id: 1 id: 33
processing event: OrderCreatedEvent, order_id: 34, available_pickups: 275 , available_dropoffs: 124 , passenger_id: 34, route_id: 1, passenger_num: 0 id: 2228 at time: 1586
Processed event: OrderCreatedEvent, order_id: 34, available_pickups: 275 , available_dropoffs: 124 , passenger_id: 34, route_id: 1, passenger_num: 2 id: 2228
processing event: VehicleArriveIntersectionEvent, vehicle_id: 15, road_id: 1000000000000001063 id: 2125 at time: 1588.26
Processed event: VehicleArriveIntersectionEvent, vehicle_id: 15, road_id: 1000000000000001063 id: 2125
processing event: VehicleArriveIntersectionEvent, vehicle_id: 14, road_id: 1000000000000000686 id: 2213 at time: 1589.47
Processed event: VehicleArriveIntersectionEvent, vehicle_id: 14, road_id: 1000000000000000686 id: 2213
Simulator::runFor: now_ = 1589.47 target = 1590
[progress] simulator time = 1590 / 3000
processing event: OrderMatchedEvent, order_id: 34, vehicle_id: 18 id: 2231 at time: 1590
Processed event: OrderMatchedEvent, order_id: 34, vehicle_id: 18 id: 2231
processing event: PassengerArrivalEvent, passenger_id: 34 id: 2233 at time: 1590
Processed event: PassengerArrivalEvent, passenger_id: 34 id: 2233
processing event: VehicleEnterNewRoadEvent, vehicle_id: 15, road_id: 1000000000000001062 id: 2229 at time: 1590.06
Processed event: VehicleEnterNewRoadEvent, vehicle_id: 15, road_id: 1000000000000001062 id: 2229
processing event: VehicleDepartureEvent, vehicle_id: 15, road_id: 1000000000000001062, offset: 0.000000 id: 2234 at time: 1590.06
Processed event: VehicleDepartureEvent, vehicle_id: 15, road_id: 1000000000000001062, offset: 0.000000 id: 2234
processing event: VehicleArriveIntersectionEvent, vehicle_id: 3, road_id: 1000000000000000193 id: 2164 at time: 1590.49
Processed event: VehicleArriveIntersectionEvent, vehicle_id: 3, road_id: 1000000000000000193 id: 2164
processing event: VehicleEnterNewRoadEvent, vehicle_id: 14, road_id: 1000000000000000406 id: 2230 at time: 1591.27
Processed event: VehicleEnterNewRoadEvent, vehicle_id: 14, road_id: 1000000000000000406 id: 2230
processing event: VehicleDepartureEvent, vehicle_id: 14, road_id: 1000000000000000406, offset: 0.000000 id: 2237 at time: 1591.27
Processed event: VehicleDepartureEvent, vehicle_id: 14, road_id: 1000000000000000406, offset: 0.000000 id: 2237
processing event: VehicleEnterNewRoadEvent, vehicle_id: 3, road_id: 1000000000000000341 id: 2236 at time: 1592.29
Processed event: VehicleEnterNewRoadEvent, vehicle_id: 3, road_id: 1000000000000000341 id: 2236
processing event: VehicleDepartureEvent, vehicle_id: 3, road_id: 1000000000000000341, offset: 0.000000 id: 2239 at time: 1592.29
Processed event: VehicleDepartureEvent, vehicle_id: 3, road_id: 1000000000000000341, offset: 0.000000 id: 2239
processing event: VehicleArriveIntersectionEvent, vehicle_id: 9, road_id: 1000000000000000027 id: 2197 at time: 1592.54
Processed event: VehicleArriveIntersectionEvent, vehicle_id: 9, road_id: 1000000000000000027 id: 2197
processing event: PassengerRouteStartEvent, passenger_id: 35, route_id: 1 id: 34 at time: 1594
Processed event: PassengerRouteStartEvent, passenger_id: 35, route_id: 1 id: 34
processing event: OrderCreatedEvent, order_id: 35, available_pickups: 120 , available_dropoffs: 294 , passenger_id: 35, route_id: 1, passenger_num: 0 id: 2242 at time: 1594
Processed event: OrderCreatedEvent, order_id: 35, available_pickups: 120 , available_dropoffs: 294 , passenger_id: 35, route_id: 1, passenger_num: 2 id: 2242
processing event: VehicleEnterNewRoadEvent, vehicle_id: 9, road_id: 1000000000000000028 id: 2241 at time: 1594.34
Processed event: VehicleEnterNewRoadEvent, vehicle_id: 9, road_id: 1000000000000000028 id: 2241
processing event: VehicleDepartureEvent, vehicle_id: 9, road_id: 1000000000000000028, offset: 0.000000 id: 2243 at time: 1594.34
Processed event: VehicleDepartureEvent, vehicle_id: 9, road_id: 1000000000000000028, offset: 0.000000 id: 2243
processing event: VehicleArriveIntersectionEvent, vehicle_id: 8, road_id: 1000000000000000374 id: 2178 at time: 1599.99
Processed event: VehicleArriveIntersectionEvent, vehicle_id: 8, road_id: 1000000000000000374 id: 2178
Simulator::runFor: now_ = 1599.99 target = 1600
[progress] simulator time = 1600 / 3000
processing event: OrderMatchedEvent, order_id: 35, vehicle_id: 18 id: 2246 at time: 1600
Processed event: OrderMatchedEvent, order_id: 35, vehicle_id: 18 id: 2246
processing event: PassengerArrivalEvent, passenger_id: 35 id: 2248 at time: 1600
Processed event: PassengerArrivalEvent, passenger_id: 35 id: 2248
processing event: VehicleArriveIntersectionEvent, vehicle_id: 12, road_id: 1000000000000000529 id: 2225 at time: 1600.66
Processed event: VehicleArriveIntersectionEvent, vehicle_id: 12, road_id: 1000000000000000529 id: 2225
processing event: VehicleEnterNewRoadEvent, vehicle_id: 8, road_id: 1000000000000000375 id: 2245 at time: 1601.79
Processed event: VehicleEnterNewRoadEvent, vehicle_id: 8, road_id: 1000000000000000375 id: 2245
processing event: VehicleDepartureEvent, vehicle_id: 8, road_id: 1000000000000000375, offset: 0.000000 id: 2250 at time: 1601.79
Processed event: VehicleDepartureEvent, vehicle_id: 8, road_id: 1000000000000000375, offset: 0.000000 id: 2250
processing event: VehicleEnterNewRoadEvent, vehicle_id: 12, road_id: 1000000000000000530 id: 2249 at time: 1602.46
Processed event: VehicleEnterNewRoadEvent, vehicle_id: 12, road_id: 1000000000000000530 id: 2249
processing event: VehicleDepartureEvent, vehicle_id: 12, road_id: 1000000000000000530, offset: 0.000000 id: 2252 at time: 1602.46
Processed event: VehicleDepartureEvent, vehicle_id: 12, road_id: 1000000000000000530, offset: 0.000000 id: 2252
Simulator::runFor: now_ = 1602.46 target = 1610
[progress] simulator time = 1610 / 3000
processing event: VehicleArriveIntersectionEvent, vehicle_id: 10, road_id: 1000000000000001088 id: 2210 at time: 1614.21
Processed event: VehicleArriveIntersectionEvent, vehicle_id: 10, road_id: 1000000000000001088 id: 2210
processing event: VehicleEnterNewRoadEvent, vehicle_id: 10, road_id: 1000000000000001178 id: 2254 at time: 1616.01
Processed event: VehicleEnterNewRoadEvent, vehicle_id: 10, road_id: 1000000000000001178 id: 2254
processing event: VehicleDepartureEvent, vehicle_id: 10, road_id: 1000000000000001178, offset: 0.000000 id: 2255 at time: 1616.01
Processed event: VehicleDepartureEvent, vehicle_id: 10, road_id: 1000000000000001178, offset: 0.000000 id: 2255
Event is not valid: VehicleArriveIntersectionEvent, vehicle_id: 18, road_id: 1000000000000000779 id: 2227 at time: 1616.41
Event is not valid: VehicleArriveIntersectionEvent, vehicle_id: 18, road_id: 1000000000000000779 id: 2232 at time: 1616.41
processing event: VehicleArriveIntersectionEvent, vehicle_id: 18, road_id: 1000000000000000779 id: 2247 at time: 1616.41
Processed event: VehicleArriveIntersectionEvent, vehicle_id: 18, road_id: 1000000000000000779 id: 2247
processing event: VehicleEnterNewRoadEvent, vehicle_id: 18, road_id: 1000000000000000385 id: 2257 at time: 1618.22
Processed event: VehicleEnterNewRoadEvent, vehicle_id: 18, road_id: 1000000000000000385 id: 2257
processing event: VehicleDepartureEvent, vehicle_id: 18, road_id: 1000000000000000385, offset: 0.000000 id: 2258 at time: 1618.22
Processed event: VehicleDepartureEvent, vehicle_id: 18, road_id: 1000000000000000385, offset: 0.000000 id: 2258
Simulator::runFor: now_ = 1618.22 target = 1620
[progress] simulator time = 1620 / 3000
processing event: VehicleArriveIntersectionEvent, vehicle_id: 19, road_id: 1000000000000001102 id: 2166 at time: 1620.1
Processed event: VehicleArriveIntersectionEvent, vehicle_id: 19, road_id: 1000000000000001102 id: 2166
processing event: VehicleArriveIntersectionEvent, vehicle_id: 7, road_id: 1000000000000000362 id: 2207 at time: 1620.18
Processed event: VehicleArriveIntersectionEvent, vehicle_id: 7, road_id: 1000000000000000362 id: 2207
processing event: VehicleArriveIntersectionEvent, vehicle_id: 11, road_id: 1000000000000000060 id: 2221 at time: 1620.24
Processed event: VehicleArriveIntersectionEvent, vehicle_id: 11, road_id: 1000000000000000060 id: 2221
processing event: VehicleArriveIntersectionEvent, vehicle_id: 13, road_id: 1000000000000000339 id: 2123 at time: 1620.91
Processed event: VehicleArriveIntersectionEvent, vehicle_id: 13, road_id: 1000000000000000339 id: 2123
processing event: VehicleEnterNewRoadEvent, vehicle_id: 19, road_id: 1000000000000000458 id: 2260 at time: 1621.9
Processed event: VehicleEnterNewRoadEvent, vehicle_id: 19, road_id: 1000000000000000458 id: 2260
processing event: VehicleDepartureEvent, vehicle_id: 19, road_id: 1000000000000000458, offset: 0.000000 id: 2264 at time: 1621.9
Processed event: VehicleDepartureEvent, vehicle_id: 19, road_id: 1000000000000000458, offset: 0.000000 id: 2264
processing event: VehicleEnterNewRoadEvent, vehicle_id: 7, road_id: 1000000000000000777 id: 2261 at time: 1621.98
Processed event: VehicleEnterNewRoadEvent, vehicle_id: 7, road_id: 1000000000000000777 id: 2261
processing event: VehicleDepartureEvent, vehicle_id: 7, road_id: 1000000000000000777, offset: 0.000000 id: 2266 at time: 1621.98
Processed event: VehicleDepartureEvent, vehicle_id: 7, road_id: 1000000000000000777, offset: 0.000000 id: 2266
processing event: VehicleEnterNewRoadEvent, vehicle_id: 11, road_id: 1000000000000000061 id: 2262 at time: 1622.04
Processed event: VehicleEnterNewRoadEvent, vehicle_id: 11, road_id: 1000000000000000061 id: 2262
processing event: VehicleDepartureEvent, vehicle_id: 11, road_id: 1000000000000000061, offset: 0.000000 id: 2268 at time: 1622.04
Processed event: VehicleDepartureEvent, vehicle_id: 11, road_id: 1000000000000000061, offset: 0.000000 id: 2268
processing event: VehicleArriveIntersectionEvent, vehicle_id: 5, road_id: 1000000000000000148 id: 2216 at time: 1622.52
Processed event: VehicleArriveIntersectionEvent, vehicle_id: 5, road_id: 1000000000000000148 id: 2216
processing event: VehicleEnterNewRoadEvent, vehicle_id: 13, road_id: 1000000000000000341 id: 2263 at time: 1622.71
Processed event: VehicleEnterNewRoadEvent, vehicle_id: 13, road_id: 1000000000000000341 id: 2263
processing event: VehicleDepartureEvent, vehicle_id: 13, road_id: 1000000000000000341, offset: 0.000000 id: 2271 at time: 1622.71
Processed event: VehicleDepartureEvent, vehicle_id: 13, road_id: 1000000000000000341, offset: 0.000000 id: 2271
processing event: VehicleEnterNewRoadEvent, vehicle_id: 5, road_id: 1000000000000000171 id: 2270 at time: 1624.32
Processed event: VehicleEnterNewRoadEvent, vehicle_id: 5, road_id: 1000000000000000171 id: 2270
processing event: VehicleDepartureEvent, vehicle_id: 5, road_id: 1000000000000000171, offset: 0.000000 id: 2273 at time: 1624.32
Processed event: VehicleDepartureEvent, vehicle_id: 5, road_id: 1000000000000000171, offset: 0.000000 id: 2273
processing event: VehicleArriveIntersectionEvent, vehicle_id: 9, road_id: 1000000000000000028 id: 2244 at time: 1627.1
Processed event: VehicleArriveIntersectionEvent, vehicle_id: 9, road_id: 1000000000000000028 id: 2244
processing event: VehicleEnterNewRoadEvent, vehicle_id: 9, road_id: 1000000000000000030 id: 2275 at time: 1628.9
Processed event: VehicleEnterNewRoadEvent, vehicle_id: 9, road_id: 1000000000000000030 id: 2275
processing event: VehicleDepartureEvent, vehicle_id: 9, road_id: 1000000000000000030, offset: 0.000000 id: 2276 at time: 1628.9
Processed event: VehicleDepartureEvent, vehicle_id: 9, road_id: 1000000000000000030, offset: 0.000000 id: 2276
Simulator::runFor: now_ = 1628.9 target = 1630
[progress] simulator time = 1630 / 3000
processing event: VehicleArriveIntersectionEvent, vehicle_id: 9, road_id: 1000000000000000030 id: 2277 at time: 1635.74
Processed event: VehicleArriveIntersectionEvent, vehicle_id: 9, road_id: 1000000000000000030 id: 2277
processing event: VehicleArriveIntersectionEvent, vehicle_id: 17, road_id: 1000000000000000144 id: 2181 at time: 1636.23
Processed event: VehicleArriveIntersectionEvent, vehicle_id: 17, road_id: 1000000000000000144 id: 2181
processing event: VehicleEnterNewRoadEvent, vehicle_id: 9, road_id: 1000000000000000178 id: 2278 at time: 1637.54
Processed event: VehicleEnterNewRoadEvent, vehicle_id: 9, road_id: 1000000000000000178 id: 2278
processing event: VehicleDepartureEvent, vehicle_id: 9, road_id: 1000000000000000178, offset: 0.000000 id: 2280 at time: 1637.54
Processed event: VehicleDepartureEvent, vehicle_id: 9, road_id: 1000000000000000178, offset: 0.000000 id: 2280
processing event: VehicleEnterNewRoadEvent, vehicle_id: 17, road_id: 1000000000000000308 id: 2279 at time: 1638.04
Processed event: VehicleEnterNewRoadEvent, vehicle_id: 17, road_id: 1000000000000000308 id: 2279
processing event: VehicleDepartureEvent, vehicle_id: 17, road_id: 1000000000000000308, offset: 0.000000 id: 2282 at time: 1638.04
Processed event: VehicleDepartureEvent, vehicle_id: 17, road_id: 1000000000000000308, offset: 0.000000 id: 2282
Simulator::runFor: now_ = 1638.04 target = 1640
[progress] simulator time = 1640 / 3000
processing event: VehicleArriveIntersectionEvent, vehicle_id: 20, road_id: 1000000000000000188 id: 2172 at time: 1643.88
Processed event: VehicleArriveIntersectionEvent, vehicle_id: 20, road_id: 1000000000000000188 id: 2172
processing event: VehicleArriveIntersectionEvent, vehicle_id: 12, road_id: 1000000000000000530 id: 2253 at time: 1644.04
Processed event: VehicleArriveIntersectionEvent, vehicle_id: 12, road_id: 1000000000000000530 id: 2253
processing event: VehicleEnterNewRoadEvent, vehicle_id: 20, road_id: 1000000000000000074 id: 2284 at time: 1645.68
Processed event: VehicleEnterNewRoadEvent, vehicle_id: 20, road_id: 1000000000000000074 id: 2284
processing event: VehicleDepartureEvent, vehicle_id: 20, road_id: 1000000000000000074, offset: 0.000000 id: 2286 at time: 1645.68
Processed event: VehicleDepartureEvent, vehicle_id: 20, road_id: 1000000000000000074, offset: 0.000000 id: 2286
Event is not valid: VehicleArriveIntersectionEvent, vehicle_id: 3, road_id: 1000000000000000341 id: 2240 at time: 1645.75
processing event: VehicleArriveIntersectionEvent, vehicle_id: 3, road_id: 1000000000000000341 id: 2272 at time: 1645.75
Processed event: VehicleArriveIntersectionEvent, vehicle_id: 3, road_id: 1000000000000000341 id: 2272
processing event: VehicleEnterNewRoadEvent, vehicle_id: 12, road_id: 1000000000000000308 id: 2285 at time: 1645.84
Processed event: VehicleEnterNewRoadEvent, vehicle_id: 12, road_id: 1000000000000000308 id: 2285
processing event: VehicleDepartureEvent, vehicle_id: 12, road_id: 1000000000000000308, offset: 0.000000 id: 2290 at time: 1645.84
Processed event: VehicleDepartureEvent, vehicle_id: 12, road_id: 1000000000000000308, offset: 0.000000 id: 2290
processing event: VehicleEnterNewRoadEvent, vehicle_id: 3, road_id: 1000000000000000342 id: 2288 at time: 1647.55
Processed event: VehicleEnterNewRoadEvent, vehicle_id: 3, road_id: 1000000000000000342 id: 2288
processing event: VehicleDepartureEvent, vehicle_id: 3, road_id: 1000000000000000342, offset: 0.000000 id: 2293 at time: 1647.55
Processed event: VehicleDepartureEvent, vehicle_id: 3, road_id: 1000000000000000342, offset: 0.000000 id: 2293
Simulator::runFor: now_ = 1647.55 target = 1650
[progress] simulator time = 1650 / 3000
processing event: VehicleArriveIntersectionEvent, vehicle_id: 7, road_id: 1000000000000000777 id: 2267 at time: 1657.81
Processed event: VehicleArriveIntersectionEvent, vehicle_id: 7, road_id: 1000000000000000777 id: 2267
processing event: VehicleArriveIntersectionEvent, vehicle_id: 10, road_id: 1000000000000001178 id: 2256 at time: 1658.5
Processed event: VehicleArriveIntersectionEvent, vehicle_id: 10, road_id: 1000000000000001178 id: 2256
processing event: VehicleEnterNewRoadEvent, vehicle_id: 7, road_id: 1000000000000000778 id: 2295 at time: 1659.61
Processed event: VehicleEnterNewRoadEvent, vehicle_id: 7, road_id: 1000000000000000778 id: 2295
processing event: VehicleDepartureEvent, vehicle_id: 7, road_id: 1000000000000000778, offset: 0.000000 id: 2297 at time: 1659.61
Processed event: VehicleDepartureEvent, vehicle_id: 7, road_id: 1000000000000000778, offset: 0.000000 id: 2297
Simulator::runFor: now_ = 1659.61 target = 1660
[progress] simulator time = 1660 / 3000
processing event: VehicleEnterNewRoadEvent, vehicle_id: 10, road_id: 1000000000000001223 id: 2296 at time: 1660.3
Processed event: VehicleEnterNewRoadEvent, vehicle_id: 10, road_id: 1000000000000001223 id: 2296
processing event: VehicleDepartureEvent, vehicle_id: 10, road_id: 1000000000000001223, offset: 0.000000 id: 2299 at time: 1660.3
Processed event: VehicleDepartureEvent, vehicle_id: 10, road_id: 1000000000000001223, offset: 0.000000 id: 2299
processing event: VehicleArriveIntersectionEvent, vehicle_id: 5, road_id: 1000000000000000171 id: 2274 at time: 1662.13
Processed event: VehicleArriveIntersectionEvent, vehicle_id: 5, road_id: 1000000000000000171 id: 2274
processing event: VehicleArriveIntersectionEvent, vehicle_id: 8, road_id: 1000000000000000375 id: 2251 at time: 1662.63
Processed event: VehicleArriveIntersectionEvent, vehicle_id: 8, road_id: 1000000000000000375 id: 2251
processing event: VehicleArriveIntersectionEvent, vehicle_id: 7, road_id: 1000000000000000778 id: 2298 at time: 1662.85
Processed event: VehicleArriveIntersectionEvent, vehicle_id: 7, road_id: 1000000000000000778 id: 2298
processing event: VehicleArriveIntersectionEvent, vehicle_id: 14, road_id: 1000000000000000406 id: 2238 at time: 1662.92
Processed event: VehicleArriveIntersectionEvent, vehicle_id: 14, road_id: 1000000000000000406 id: 2238
processing event: VehicleEnterNewRoadEvent, vehicle_id: 5, road_id: 1000000000000001139 id: 2301 at time: 1663.93
Processed event: VehicleEnterNewRoadEvent, vehicle_id: 5, road_id: 1000000000000001139 id: 2301
processing event: VehicleDepartureEvent, vehicle_id: 5, road_id: 1000000000000001139, offset: 0.000000 id: 2305 at time: 1663.93
Processed event: VehicleDepartureEvent, vehicle_id: 5, road_id: 1000000000000001139, offset: 0.000000 id: 2305
processing event: VehicleEnterNewRoadEvent, vehicle_id: 8, road_id: 1000000000000000377 id: 2302 at time: 1664.43
Processed event: VehicleEnterNewRoadEvent, vehicle_id: 8, road_id: 1000000000000000377 id: 2302
processing event: VehicleDepartureEvent, vehicle_id: 8, road_id: 1000000000000000377, offset: 0.000000 id: 2307 at time: 1664.43
Processed event: VehicleDepartureEvent, vehicle_id: 8, road_id: 1000000000000000377, offset: 0.000000 id: 2307
processing event: VehicleEnterNewRoadEvent, vehicle_id: 7, road_id: 1000000000000000416 id: 2303 at time: 1664.65
Processed event: VehicleEnterNewRoadEvent, vehicle_id: 7, road_id: 1000000000000000416 id: 2303
processing event: VehicleDepartureEvent, vehicle_id: 7, road_id: 1000000000000000416, offset: 0.000000 id: 2309 at time: 1664.65
Processed event: VehicleDepartureEvent, vehicle_id: 7, road_id: 1000000000000000416, offset: 0.000000 id: 2309
processing event: VehicleEnterNewRoadEvent, vehicle_id: 14, road_id: 1000000000000000625 id: 2304 at time: 1664.72
Processed event: VehicleEnterNewRoadEvent, vehicle_id: 14, road_id: 1000000000000000625 id: 2304
processing event: VehicleDepartureEvent, vehicle_id: 14, road_id: 1000000000000000625, offset: 0.000000 id: 2311 at time: 1664.72
Processed event: VehicleDepartureEvent, vehicle_id: 14, road_id: 1000000000000000625, offset: 0.000000 id: 2311
processing event: VehicleArriveIntersectionEvent, vehicle_id: 9, road_id: 1000000000000000178 id: 2281 at time: 1665.44
Processed event: VehicleArriveIntersectionEvent, vehicle_id: 9, road_id: 1000000000000000178 id: 2281
processing event: VehicleEnterNewRoadEvent, vehicle_id: 9, road_id: 1000000000000000179 id: 2313 at time: 1667.24
Processed event: VehicleEnterNewRoadEvent, vehicle_id: 9, road_id: 1000000000000000179 id: 2313
processing event: VehicleDepartureEvent, vehicle_id: 9, road_id: 1000000000000000179, offset: 0.000000 id: 2314 at time: 1667.24
Processed event: VehicleDepartureEvent, vehicle_id: 9, road_id: 1000000000000000179, offset: 0.000000 id: 2314
processing event: VehicleArriveIntersectionEvent, vehicle_id: 14, road_id: 1000000000000000625 id: 2312 at time: 1668.86
Processed event: VehicleArriveIntersectionEvent, vehicle_id: 14, road_id: 1000000000000000625 id: 2312
Simulator::runFor: now_ = 1668.86 target = 1670
[progress] simulator time = 1670 / 3000
processing event: VehicleArriveIntersectionEvent, vehicle_id: 10, road_id: 1000000000000001223 id: 2300 at time: 1670.38
Processed event: VehicleArriveIntersectionEvent, vehicle_id: 10, road_id: 1000000000000001223 id: 2300
processing event: VehicleEnterNewRoadEvent, vehicle_id: 14, road_id: 1000000000000000617 id: 2316 at time: 1670.66
Processed event: VehicleEnterNewRoadEvent, vehicle_id: 14, road_id: 1000000000000000617 id: 2316
processing event: VehicleDepartureEvent, vehicle_id: 14, road_id: 1000000000000000617, offset: 0.000000 id: 2318 at time: 1670.66
Processed event: VehicleDepartureEvent, vehicle_id: 14, road_id: 1000000000000000617, offset: 0.000000 id: 2318
processing event: VehicleEnterNewRoadEvent, vehicle_id: 10, road_id: 1000000000000001222 id: 2317 at time: 1672.18
Processed event: VehicleEnterNewRoadEvent, vehicle_id: 10, road_id: 1000000000000001222 id: 2317
processing event: VehicleDepartureEvent, vehicle_id: 10, road_id: 1000000000000001222, offset: 0.000000 id: 2320 at time: 1672.18
Processed event: VehicleDepartureEvent, vehicle_id: 10, road_id: 1000000000000001222, offset: 0.000000 id: 2320
Event is not valid: VehicleCheckPointEvent, vehicle_id: 13 id: 2289 at time: 1674.73
processing event: VehicleArriveIntersectionEvent, vehicle_id: 13, road_id: 1000000000000000341 id: 2292 at time: 1676.17
Processed event: VehicleArriveIntersectionEvent, vehicle_id: 13, road_id: 1000000000000000341 id: 2292
processing event: VehicleArriveIntersectionEvent, vehicle_id: 18, road_id: 1000000000000000385 id: 2259 at time: 1676.72
Processed event: VehicleArriveIntersectionEvent, vehicle_id: 18, road_id: 1000000000000000385 id: 2259
processing event: VehicleEnterNewRoadEvent, vehicle_id: 13, road_id: 1000000000000000243 id: 2322 at time: 1677.97
Processed event: VehicleEnterNewRoadEvent, vehicle_id: 13, road_id: 1000000000000000243 id: 2322
processing event: VehicleDepartureEvent, vehicle_id: 13, road_id: 1000000000000000243, offset: 0.000000 id: 2324 at time: 1677.97
Processed event: VehicleDepartureEvent, vehicle_id: 13, road_id: 1000000000000000243, offset: 0.000000 id: 2324
processing event: VehicleEnterNewRoadEvent, vehicle_id: 18, road_id: 1000000000000000430 id: 2323 at time: 1678.52
Processed event: VehicleEnterNewRoadEvent, vehicle_id: 18, road_id: 1000000000000000430 id: 2323
processing event: VehicleDepartureEvent, vehicle_id: 18, road_id: 1000000000000000430, offset: 0.000000 id: 2326 at time: 1678.52
Processed event: VehicleDepartureEvent, vehicle_id: 18, road_id: 1000000000000000430, offset: 0.000000 id: 2326
Simulator::runFor: now_ = 1678.52 target = 1680
[progress] simulator time = 1680 / 3000
processing event: VehicleArriveIntersectionEvent, vehicle_id: 19, road_id: 1000000000000000458 id: 2265 at time: 1680.76
Processed event: VehicleArriveIntersectionEvent, vehicle_id: 19, road_id: 1000000000000000458 id: 2265
processing event: VehicleEnterNewRoadEvent, vehicle_id: 19, road_id: 1000000000000000459 id: 2328 at time: 1682.56
Processed event: VehicleEnterNewRoadEvent, vehicle_id: 19, road_id: 1000000000000000459 id: 2328
processing event: VehicleDepartureEvent, vehicle_id: 19, road_id: 1000000000000000459, offset: 0.000000 id: 2329 at time: 1682.56
Processed event: VehicleDepartureEvent, vehicle_id: 19, road_id: 1000000000000000459, offset: 0.000000 id: 2329
processing event: VehicleArriveIntersectionEvent, vehicle_id: 15, road_id: 1000000000000001062 id: 2235 at time: 1684.57
Processed event: VehicleArriveIntersectionEvent, vehicle_id: 15, road_id: 1000000000000001062 id: 2235
processing event: VehicleEnterNewRoadEvent, vehicle_id: 15, road_id: 1000000000000000180 id: 2331 at time: 1686.37
Processed event: VehicleEnterNewRoadEvent, vehicle_id: 15, road_id: 1000000000000000180 id: 2331
processing event: VehicleDepartureEvent, vehicle_id: 15, road_id: 1000000000000000180, offset: 0.000000 id: 2332 at time: 1686.37
Processed event: VehicleDepartureEvent, vehicle_id: 15, road_id: 1000000000000000180, offset: 0.000000 id: 2332
processing event: VehicleArriveIntersectionEvent, vehicle_id: 11, road_id: 1000000000000000061 id: 2269 at time: 1688.28
Processed event: VehicleArriveIntersectionEvent, vehicle_id: 11, road_id: 1000000000000000061 id: 2269
Simulator::runFor: now_ = 1688.28 target = 1690
[progress] simulator time = 1690 / 3000
processing event: VehicleEnterNewRoadEvent, vehicle_id: 11, road_id: 1000000000000000377 id: 2334 at time: 1690.08
Processed event: VehicleEnterNewRoadEvent, vehicle_id: 11, road_id: 1000000000000000377 id: 2334
processing event: VehicleDepartureEvent, vehicle_id: 11, road_id: 1000000000000000377, offset: 0.000000 id: 2335 at time: 1690.08
Processed event: VehicleDepartureEvent, vehicle_id: 11, road_id: 1000000000000000377, offset: 0.000000 id: 2335
processing event: VehicleArriveIntersectionEvent, vehicle_id: 7, road_id: 1000000000000000416 id: 2310 at time: 1694.89
Processed event: VehicleArriveIntersectionEvent, vehicle_id: 7, road_id: 1000000000000000416 id: 2310
processing event: VehicleEnterNewRoadEvent, vehicle_id: 7, road_id: 1000000000000000421 id: 2337 at time: 1696.69
Processed event: VehicleEnterNewRoadEvent, vehicle_id: 7, road_id: 1000000000000000421 id: 2337
processing event: VehicleDepartureEvent, vehicle_id: 7, road_id: 1000000000000000421, offset: 0.000000 id: 2338 at time: 1696.69
Processed event: VehicleDepartureEvent, vehicle_id: 7, road_id: 1000000000000000421, offset: 0.000000 id: 2338
Simulator::runFor: now_ = 1696.69 target = 1700
[progress] simulator time = 1700 / 3000
processing event: VehicleArriveIntersectionEvent, vehicle_id: 5, road_id: 1000000000000001139 id: 2306 at time: 1702.09
Processed event: VehicleArriveIntersectionEvent, vehicle_id: 5, road_id: 1000000000000001139 id: 2306
processing event: VehicleArriveIntersectionEvent, vehicle_id: 20, road_id: 1000000000000000074 id: 2287 at time: 1702.39
Processed event: VehicleArriveIntersectionEvent, vehicle_id: 20, road_id: 1000000000000000074 id: 2287
processing event: VehicleArriveIntersectionEvent, vehicle_id: 14, road_id: 1000000000000000617 id: 2319 at time: 1703.61
Processed event: VehicleArriveIntersectionEvent, vehicle_id: 14, road_id: 1000000000000000617 id: 2319
processing event: VehicleEnterNewRoadEvent, vehicle_id: 5, road_id: 1000000000000001138 id: 2340 at time: 1703.89
Processed event: VehicleEnterNewRoadEvent, vehicle_id: 5, road_id: 1000000000000001138 id: 2340
processing event: VehicleDepartureEvent, vehicle_id: 5, road_id: 1000000000000001138, offset: 0.000000 id: 2343 at time: 1703.89
Processed event: VehicleDepartureEvent, vehicle_id: 5, road_id: 1000000000000001138, offset: 0.000000 id: 2343
processing event: VehicleEnterNewRoadEvent, vehicle_id: 20, road_id: 1000000000000000701 id: 2341 at time: 1704.19
Processed event: VehicleEnterNewRoadEvent, vehicle_id: 20, road_id: 1000000000000000701 id: 2341
processing event: VehicleDepartureEvent, vehicle_id: 20, road_id: 1000000000000000701, offset: 0.000000 id: 2345 at time: 1704.19
Processed event: VehicleDepartureEvent, vehicle_id: 20, road_id: 1000000000000000701, offset: 0.000000 id: 2345
Event is not valid: VehicleArriveIntersectionEvent, vehicle_id: 17, road_id: 1000000000000000308 id: 2283 at time: 1704.82
processing event: VehicleArriveIntersectionEvent, vehicle_id: 17, road_id: 1000000000000000308 id: 2291 at time: 1704.82
Processed event: VehicleArriveIntersectionEvent, vehicle_id: 17, road_id: 1000000000000000308 id: 2291
processing event: VehicleEnterNewRoadEvent, vehicle_id: 14, road_id: 1000000000000000619 id: 2342 at time: 1705.41
Processed event: VehicleEnterNewRoadEvent, vehicle_id: 14, road_id: 1000000000000000619 id: 2342
processing event: VehicleDepartureEvent, vehicle_id: 14, road_id: 1000000000000000619, offset: 0.000000 id: 2349 at time: 1705.41
Processed event: VehicleDepartureEvent, vehicle_id: 14, road_id: 1000000000000000619, offset: 0.000000 id: 2349
processing event: VehicleEnterNewRoadEvent, vehicle_id: 17, road_id: 1000000000000001036 id: 2347 at time: 1706.62
Processed event: VehicleEnterNewRoadEvent, vehicle_id: 17, road_id: 1000000000000001036 id: 2347
processing event: VehicleDepartureEvent, vehicle_id: 17, road_id: 1000000000000001036, offset: 0.000000 id: 2352 at time: 1706.62
Processed event: VehicleDepartureEvent, vehicle_id: 17, road_id: 1000000000000001036, offset: 0.000000 id: 2352
processing event: BusArrivalEvent, vehicle_id: 15, stop_id: 292 id: 2333 at time: 1706.9
Processed event: BusArrivalEvent, vehicle_id: 15, stop_id: 292 id: 2333
processing event: PassengerRouteEndEvent, passenger_id: 11, route_id: 1 id: 2354 at time: 1706.9
Passenger 11 finished all routes
Processed event: PassengerRouteEndEvent, passenger_id: 11, route_id: 1 id: 2354
processing event: PassengerDropoffEvent, passenger_id: 11 id: 2355 at time: 1706.9
Processed event: PassengerDropoffEvent, passenger_id: 11 id: 2355
processing event: OrderFinishedEvent, order_id: 11 id: 2356 at time: 1706.9
Processed event: OrderFinishedEvent, order_id: 11 id: 2356
processing event: VehicleArriveIntersectionEvent, vehicle_id: 10, road_id: 1000000000000001222 id: 2321 at time: 1708.54
Processed event: VehicleArriveIntersectionEvent, vehicle_id: 10, road_id: 1000000000000001222 id: 2321
Simulator::runFor: now_ = 1708.54 target = 1710
[progress] simulator time = 1710 / 3000
processing event: BusArrivalEvent, vehicle_id: 7, stop_id: 223 id: 2339 at time: 1710.25
Processed event: BusArrivalEvent, vehicle_id: 7, stop_id: 223 id: 2339
processing event: PassengerOnboardEvent, passenger_id: 24 id: 2358 at time: 1710.25
Processed event: PassengerOnboardEvent, passenger_id: 24 id: 2358
processing event: VehicleEnterNewRoadEvent, vehicle_id: 10, road_id: 1000000000000000431 id: 2357 at time: 1710.34
Processed event: VehicleEnterNewRoadEvent, vehicle_id: 10, road_id: 1000000000000000431 id: 2357
processing event: VehicleDepartureEvent, vehicle_id: 10, road_id: 1000000000000000431, offset: 0.000000 id: 2360 at time: 1710.34
Processed event: VehicleDepartureEvent, vehicle_id: 10, road_id: 1000000000000000431, offset: 0.000000 id: 2360
Event is not valid: VehicleCheckPointEvent, vehicle_id: 12 id: 2348 at time: 1711.19
processing event: VehicleArriveIntersectionEvent, vehicle_id: 12, road_id: 1000000000000000308 id: 2351 at time: 1712.63
Processed event: VehicleArriveIntersectionEvent, vehicle_id: 12, road_id: 1000000000000000308 id: 2351
processing event: VehicleArriveIntersectionEvent, vehicle_id: 20, road_id: 1000000000000000701 id: 2346 at time: 1712.65
Processed event: VehicleArriveIntersectionEvent, vehicle_id: 20, road_id: 1000000000000000701 id: 2346
processing event: VehicleEnterNewRoadEvent, vehicle_id: 12, road_id: 1000000000000001036 id: 2362 at time: 1714.43
Processed event: VehicleEnterNewRoadEvent, vehicle_id: 12, road_id: 1000000000000001036 id: 2362
processing event: VehicleDepartureEvent, vehicle_id: 12, road_id: 1000000000000001036, offset: 0.000000 id: 2364 at time: 1714.43
Processed event: VehicleDepartureEvent, vehicle_id: 12, road_id: 1000000000000001036, offset: 0.000000 id: 2364
processing event: VehicleEnterNewRoadEvent, vehicle_id: 20, road_id: 1000000000000000700 id: 2363 at time: 1714.45
Processed event: VehicleEnterNewRoadEvent, vehicle_id: 20, road_id: 1000000000000000700 id: 2363
processing event: VehicleDepartureEvent, vehicle_id: 20, road_id: 1000000000000000700, offset: 0.000000 id: 2366 at time: 1714.45
Processed event: VehicleDepartureEvent, vehicle_id: 20, road_id: 1000000000000000700, offset: 0.000000 id: 2366
processing event: VehicleDepartureEvent, vehicle_id: 7, road_id: 1000000000000000421, offset: 75.320000 id: 2359 at time: 1715.25
Processed event: VehicleDepartureEvent, vehicle_id: 7, road_id: 1000000000000000421, offset: 75.320000 id: 2359
processing event: VehicleArriveIntersectionEvent, vehicle_id: 9, road_id: 1000000000000000179 id: 2315 at time: 1715.67
Processed event: VehicleArriveIntersectionEvent, vehicle_id: 9, road_id: 1000000000000000179 id: 2315
processing event: VehicleEnterNewRoadEvent, vehicle_id: 9, road_id: 1000000000000000187 id: 2369 at time: 1717.47
Processed event: VehicleEnterNewRoadEvent, vehicle_id: 9, road_id: 1000000000000000187 id: 2369
processing event: VehicleDepartureEvent, vehicle_id: 9, road_id: 1000000000000000187, offset: 0.000000 id: 2370 at time: 1717.47
Processed event: VehicleDepartureEvent, vehicle_id: 9, road_id: 1000000000000000187, offset: 0.000000 id: 2370
Simulator::runFor: now_ = 1717.47 target = 1720
[progress] simulator time = 1720 / 3000
processing event: VehicleArriveIntersectionEvent, vehicle_id: 19, road_id: 1000000000000000459 id: 2330 at time: 1722.53
Processed event: VehicleArriveIntersectionEvent, vehicle_id: 19, road_id: 1000000000000000459 id: 2330
processing event: VehicleEnterNewRoadEvent, vehicle_id: 19, road_id: 1000000000000000460 id: 2372 at time: 1724.33
Processed event: VehicleEnterNewRoadEvent, vehicle_id: 19, road_id: 1000000000000000460 id: 2372
processing event: VehicleDepartureEvent, vehicle_id: 19, road_id: 1000000000000000460, offset: 0.000000 id: 2373 at time: 1724.33
Processed event: VehicleDepartureEvent, vehicle_id: 19, road_id: 1000000000000000460, offset: 0.000000 id: 2373
Simulator::runFor: now_ = 1724.33 target = 1730
[progress] simulator time = 1730 / 3000
processing event: VehicleArriveIntersectionEvent, vehicle_id: 7, road_id: 1000000000000000421 id: 2368 at time: 1732.65
Processed event: VehicleArriveIntersectionEvent, vehicle_id: 7, road_id: 1000000000000000421 id: 2368
processing event: VehicleEnterNewRoadEvent, vehicle_id: 7, road_id: 1000000000000000780 id: 2375 at time: 1734.45
Processed event: VehicleEnterNewRoadEvent, vehicle_id: 7, road_id: 1000000000000000780 id: 2375
processing event: VehicleDepartureEvent, vehicle_id: 7, road_id: 1000000000000000780, offset: 0.000000 id: 2376 at time: 1734.45
Processed event: VehicleDepartureEvent, vehicle_id: 7, road_id: 1000000000000000780, offset: 0.000000 id: 2376
processing event: VehicleArriveIntersectionEvent, vehicle_id: 3, road_id: 1000000000000000342 id: 2294 at time: 1736.66
Processed event: VehicleArriveIntersectionEvent, vehicle_id: 3, road_id: 1000000000000000342 id: 2294
processing event: VehicleArriveIntersectionEvent, vehicle_id: 20, road_id: 1000000000000000700 id: 2367 at time: 1736.77
Processed event: VehicleArriveIntersectionEvent, vehicle_id: 20, road_id: 1000000000000000700 id: 2367
processing event: VehicleArriveIntersectionEvent, vehicle_id: 7, road_id: 1000000000000000780 id: 2377 at time: 1737.33
Processed event: VehicleArriveIntersectionEvent, vehicle_id: 7, road_id: 1000000000000000780 id: 2377
processing event: VehicleEnterNewRoadEvent, vehicle_id: 3, road_id: 1000000000000000344 id: 2378 at time: 1738.46
Processed event: VehicleEnterNewRoadEvent, vehicle_id: 3, road_id: 1000000000000000344 id: 2378
processing event: VehicleDepartureEvent, vehicle_id: 3, road_id: 1000000000000000344, offset: 0.000000 id: 2381 at time: 1738.46
Processed event: VehicleDepartureEvent, vehicle_id: 3, road_id: 1000000000000000344, offset: 0.000000 id: 2381
processing event: VehicleEnterNewRoadEvent, vehicle_id: 20, road_id: 1000000000000000698 id: 2379 at time: 1738.57
Processed event: VehicleEnterNewRoadEvent, vehicle_id: 20, road_id: 1000000000000000698 id: 2379
processing event: VehicleDepartureEvent, vehicle_id: 20, road_id: 1000000000000000698, offset: 0.000000 id: 2383 at time: 1738.57
Processed event: VehicleDepartureEvent, vehicle_id: 20, road_id: 1000000000000000698, offset: 0.000000 id: 2383
processing event: BusArrivalEvent, vehicle_id: 10, stop_id: 106 id: 2361 at time: 1738.59
Processed event: BusArrivalEvent, vehicle_id: 10, stop_id: 106 id: 2361
processing event: PassengerOnboardEvent, passenger_id: 19 id: 2385 at time: 1738.59
Processed event: PassengerOnboardEvent, passenger_id: 19 id: 2385
processing event: VehicleArriveIntersectionEvent, vehicle_id: 5, road_id: 1000000000000001138 id: 2344 at time: 1738.99
Processed event: VehicleArriveIntersectionEvent, vehicle_id: 5, road_id: 1000000000000001138 id: 2344
processing event: VehicleEnterNewRoadEvent, vehicle_id: 7, road_id: 1000000000000000779 id: 2380 at time: 1739.13
Processed event: VehicleEnterNewRoadEvent, vehicle_id: 7, road_id: 1000000000000000779 id: 2380
processing event: VehicleDepartureEvent, vehicle_id: 7, road_id: 1000000000000000779, offset: 0.000000 id: 2388 at time: 1739.13
Processed event: VehicleDepartureEvent, vehicle_id: 7, road_id: 1000000000000000779, offset: 0.000000 id: 2388
Simulator::runFor: now_ = 1739.13 target = 1740
[progress] simulator time = 1740 / 3000
processing event: VehicleEnterNewRoadEvent, vehicle_id: 5, road_id: 1000000000000001210 id: 2387 at time: 1740.79
Processed event: VehicleEnterNewRoadEvent, vehicle_id: 5, road_id: 1000000000000001210 id: 2387
processing event: VehicleDepartureEvent, vehicle_id: 5, road_id: 1000000000000001210, offset: 0.000000 id: 2390 at time: 1740.79
Processed event: VehicleDepartureEvent, vehicle_id: 5, road_id: 1000000000000001210, offset: 0.000000 id: 2390
processing event: VehicleDepartureEvent, vehicle_id: 10, road_id: 1000000000000000431, offset: 156.920000 id: 2386 at time: 1743.59
Processed event: VehicleDepartureEvent, vehicle_id: 10, road_id: 1000000000000000431, offset: 156.920000 id: 2386
Event is not valid: VehicleArriveIntersectionEvent, vehicle_id: 8, road_id: 1000000000000000377 id: 2308 at time: 1746.7
processing event: VehicleArriveIntersectionEvent, vehicle_id: 8, road_id: 1000000000000000377 id: 2336 at time: 1746.7
Processed event: VehicleArriveIntersectionEvent, vehicle_id: 8, road_id: 1000000000000000377 id: 2336
processing event: VehicleEnterNewRoadEvent, vehicle_id: 8, road_id: 1000000000000000378 id: 2393 at time: 1748.5
Processed event: VehicleEnterNewRoadEvent, vehicle_id: 8, road_id: 1000000000000000378 id: 2393
processing event: VehicleDepartureEvent, vehicle_id: 8, road_id: 1000000000000000378, offset: 0.000000 id: 2396 at time: 1748.5
Processed event: VehicleDepartureEvent, vehicle_id: 8, road_id: 1000000000000000378, offset: 0.000000 id: 2396
Simulator::runFor: now_ = 1748.5 target = 1750
[progress] simulator time = 1750 / 3000
processing event: VehicleArriveIntersectionEvent, vehicle_id: 18, road_id: 1000000000000000430 id: 2327 at time: 1751.79
Processed event: VehicleArriveIntersectionEvent, vehicle_id: 18, road_id: 1000000000000000430 id: 2327
processing event: VehicleArriveIntersectionEvent, vehicle_id: 14, road_id: 1000000000000000619 id: 2350 at time: 1752.93
Processed event: VehicleArriveIntersectionEvent, vehicle_id: 14, road_id: 1000000000000000619 id: 2350
processing event: VehicleEnterNewRoadEvent, vehicle_id: 18, road_id: 1000000000000000694 id: 2398 at time: 1753.59
Processed event: VehicleEnterNewRoadEvent, vehicle_id: 18, road_id: 1000000000000000694 id: 2398
processing event: VehicleDepartureEvent, vehicle_id: 18, road_id: 1000000000000000694, offset: 0.000000 id: 2400 at time: 1753.59
Processed event: VehicleDepartureEvent, vehicle_id: 18, road_id: 1000000000000000694, offset: 0.000000 id: 2400
processing event: PassengerRouteStartEvent, passenger_id: 36, route_id: 1 id: 35 at time: 1754
Processed event: PassengerRouteStartEvent, passenger_id: 36, route_id: 1 id: 35
processing event: OrderCreatedEvent, order_id: 36, available_pickups: 15 , available_dropoffs: 113 , passenger_id: 36, route_id: 1, passenger_num: 0 id: 2402 at time: 1754
Processed event: OrderCreatedEvent, order_id: 36, available_pickups: 15 , available_dropoffs: 113 , passenger_id: 36, route_id: 1, passenger_num: 1 id: 2402
processing event: VehicleEnterNewRoadEvent, vehicle_id: 14, road_id: 1000000000000000587 id: 2399 at time: 1754.73
Processed event: VehicleEnterNewRoadEvent, vehicle_id: 14, road_id: 1000000000000000587 id: 2399
processing event: VehicleDepartureEvent, vehicle_id: 14, road_id: 1000000000000000587, offset: 0.000000 id: 2403 at time: 1754.73
Processed event: VehicleDepartureEvent, vehicle_id: 14, road_id: 1000000000000000587, offset: 0.000000 id: 2403
processing event: VehicleArriveIntersectionEvent, vehicle_id: 20, road_id: 1000000000000000698 id: 2384 at time: 1756.21
Processed event: VehicleArriveIntersectionEvent, vehicle_id: 20, road_id: 1000000000000000698 id: 2384
processing event: VehicleEnterNewRoadEvent, vehicle_id: 20, road_id: 1000000000000000699 id: 2405 at time: 1758.01
Processed event: VehicleEnterNewRoadEvent, vehicle_id: 20, road_id: 1000000000000000699 id: 2405
processing event: VehicleDepartureEvent, vehicle_id: 20, road_id: 1000000000000000699, offset: 0.000000 id: 2406 at time: 1758.01
Processed event: VehicleDepartureEvent, vehicle_id: 20, road_id: 1000000000000000699, offset: 0.000000 id: 2406
processing event: VehicleArriveIntersectionEvent, vehicle_id: 10, road_id: 1000000000000000431 id: 2392 at time: 1759.81
Processed event: VehicleArriveIntersectionEvent, vehicle_id: 10, road_id: 1000000000000000431 id: 2392
Simulator::runFor: now_ = 1759.81 target = 1760
[progress] simulator time = 1760 / 3000
processing event: OrderMatchedEvent, order_id: 36, vehicle_id: 11 id: 2409 at time: 1760
Processed event: OrderMatchedEvent, order_id: 36, vehicle_id: 11 id: 2409
processing event: PassengerArrivalEvent, passenger_id: 36 id: 2411 at time: 1760
Processed event: PassengerArrivalEvent, passenger_id: 36 id: 2411
processing event: VehicleEnterNewRoadEvent, vehicle_id: 10, road_id: 1000000000000000152 id: 2408 at time: 1761.61
Processed event: VehicleEnterNewRoadEvent, vehicle_id: 10, road_id: 1000000000000000152 id: 2408
processing event: VehicleDepartureEvent, vehicle_id: 10, road_id: 1000000000000000152, offset: 0.000000 id: 2412 at time: 1761.61
Processed event: VehicleDepartureEvent, vehicle_id: 10, road_id: 1000000000000000152, offset: 0.000000 id: 2412
processing event: VehicleArriveIntersectionEvent, vehicle_id: 5, road_id: 1000000000000001210 id: 2391 at time: 1767.08
Processed event: VehicleArriveIntersectionEvent, vehicle_id: 5, road_id: 1000000000000001210 id: 2391
processing event: VehicleArriveIntersectionEvent, vehicle_id: 19, road_id: 1000000000000000460 id: 2374 at time: 1767.71
Processed event: VehicleArriveIntersectionEvent, vehicle_id: 19, road_id: 1000000000000000460 id: 2374
processing event: VehicleArriveIntersectionEvent, vehicle_id: 10, road_id: 1000000000000000152 id: 2413 at time: 1768.09
Processed event: VehicleArriveIntersectionEvent, vehicle_id: 10, road_id: 1000000000000000152 id: 2413
processing event: VehicleArriveIntersectionEvent, vehicle_id: 20, road_id: 1000000000000000699 id: 2407 at time: 1768.28
Processed event: VehicleArriveIntersectionEvent, vehicle_id: 20, road_id: 1000000000000000699 id: 2407
processing event: VehicleEnterNewRoadEvent, vehicle_id: 5, road_id: 1000000000000001211 id: 2414 at time: 1768.88
Processed event: VehicleEnterNewRoadEvent, vehicle_id: 5, road_id: 1000000000000001211 id: 2414
processing event: VehicleDepartureEvent, vehicle_id: 5, road_id: 1000000000000001211, offset: 0.000000 id: 2418 at time: 1768.88
Processed event: VehicleDepartureEvent, vehicle_id: 5, road_id: 1000000000000001211, offset: 0.000000 id: 2418
processing event: VehicleEnterNewRoadEvent, vehicle_id: 19, road_id: 1000000000000000474 id: 2415 at time: 1769.51
Processed event: VehicleEnterNewRoadEvent, vehicle_id: 19, road_id: 1000000000000000474 id: 2415
processing event: VehicleDepartureEvent, vehicle_id: 19, road_id: 1000000000000000474, offset: 0.000000 id: 2420 at time: 1769.51
Processed event: VehicleDepartureEvent, vehicle_id: 19, road_id: 1000000000000000474, offset: 0.000000 id: 2420
processing event: VehicleArriveIntersectionEvent, vehicle_id: 13, road_id: 1000000000000000243 id: 2325 at time: 1769.78
Processed event: VehicleArriveIntersectionEvent, vehicle_id: 13, road_id: 1000000000000000243 id: 2325
processing event: VehicleEnterNewRoadEvent, vehicle_id: 10, road_id: 1000000000000000159 id: 2416 at time: 1769.89
Processed event: VehicleEnterNewRoadEvent, vehicle_id: 10, road_id: 1000000000000000159 id: 2416
processing event: VehicleDepartureEvent, vehicle_id: 10, road_id: 1000000000000000159, offset: 0.000000 id: 2423 at time: 1769.89
Processed event: VehicleDepartureEvent, vehicle_id: 10, road_id: 1000000000000000159, offset: 0.000000 id: 2423
Simulator::runFor: now_ = 1769.89 target = 1770
[progress] simulator time = 1770 / 3000
processing event: VehicleEnterNewRoadEvent, vehicle_id: 20, road_id: 1000000000000000051 id: 2417 at time: 1770.08
Processed event: VehicleEnterNewRoadEvent, vehicle_id: 20, road_id: 1000000000000000051 id: 2417
processing event: VehicleDepartureEvent, vehicle_id: 20, road_id: 1000000000000000051, offset: 0.000000 id: 2425 at time: 1770.08
Processed event: VehicleDepartureEvent, vehicle_id: 20, road_id: 1000000000000000051, offset: 0.000000 id: 2425
Event is not valid: VehicleCheckPointEvent, vehicle_id: 11 id: 2394 at time: 1770.91
processing event: VehicleArriveIntersectionEvent, vehicle_id: 10, road_id: 1000000000000000159 id: 2424 at time: 1771.15
Processed event: VehicleArriveIntersectionEvent, vehicle_id: 10, road_id: 1000000000000000159 id: 2424
processing event: VehicleEnterNewRoadEvent, vehicle_id: 13, road_id: 1000000000000000244 id: 2422 at time: 1771.58
Processed event: VehicleEnterNewRoadEvent, vehicle_id: 13, road_id: 1000000000000000244 id: 2422
processing event: VehicleDepartureEvent, vehicle_id: 13, road_id: 1000000000000000244, offset: 0.000000 id: 2428 at time: 1771.58
Processed event: VehicleDepartureEvent, vehicle_id: 13, road_id: 1000000000000000244, offset: 0.000000 id: 2428
processing event: BusArrivalEvent, vehicle_id: 14, stop_id: 55 id: 2404 at time: 1772.18
Processed event: BusArrivalEvent, vehicle_id: 14, stop_id: 55 id: 2404
processing event: PassengerOnboardEvent, passenger_id: 6 id: 2430 at time: 1772.18
Processed event: PassengerOnboardEvent, passenger_id: 6 id: 2430
Event is not valid: VehicleArriveIntersectionEvent, vehicle_id: 11, road_id: 1000000000000000377 id: 2395 at time: 1772.35
processing event: VehicleArriveIntersectionEvent, vehicle_id: 11, road_id: 1000000000000000377 id: 2410 at time: 1772.35
Processed event: VehicleArriveIntersectionEvent, vehicle_id: 11, road_id: 1000000000000000377 id: 2410
processing event: VehicleEnterNewRoadEvent, vehicle_id: 10, road_id: 1000000000000000169 id: 2427 at time: 1772.95
Processed event: VehicleEnterNewRoadEvent, vehicle_id: 10, road_id: 1000000000000000169 id: 2427
processing event: VehicleDepartureEvent, vehicle_id: 10, road_id: 1000000000000000169, offset: 0.000000 id: 2433 at time: 1772.95
Processed event: VehicleDepartureEvent, vehicle_id: 10, road_id: 1000000000000000169, offset: 0.000000 id: 2433
processing event: VehicleEnterNewRoadEvent, vehicle_id: 11, road_id: 1000000000000000378 id: 2432 at time: 1774.15
Processed event: VehicleEnterNewRoadEvent, vehicle_id: 11, road_id: 1000000000000000378 id: 2432
processing event: VehicleDepartureEvent, vehicle_id: 11, road_id: 1000000000000000378, offset: 0.000000 id: 2435 at time: 1774.15
Processed event: VehicleDepartureEvent, vehicle_id: 11, road_id: 1000000000000000378, offset: 0.000000 id: 2435
processing event: VehicleArriveIntersectionEvent, vehicle_id: 7, road_id: 1000000000000000779 id: 2389 at time: 1774.6
Processed event: VehicleArriveIntersectionEvent, vehicle_id: 7, road_id: 1000000000000000779 id: 2389
processing event: VehicleArriveIntersectionEvent, vehicle_id: 5, road_id: 1000000000000001211 id: 2419 at time: 1775
Processed event: VehicleArriveIntersectionEvent, vehicle_id: 5, road_id: 1000000000000001211 id: 2419
processing event: VehicleEnterNewRoadEvent, vehicle_id: 7, road_id: 1000000000000000385 id: 2437 at time: 1776.4
Processed event: VehicleEnterNewRoadEvent, vehicle_id: 7, road_id: 1000000000000000385 id: 2437
processing event: VehicleDepartureEvent, vehicle_id: 7, road_id: 1000000000000000385, offset: 0.000000 id: 2439 at time: 1776.4
Processed event: VehicleDepartureEvent, vehicle_id: 7, road_id: 1000000000000000385, offset: 0.000000 id: 2439
processing event: VehicleEnterNewRoadEvent, vehicle_id: 5, road_id: 1000000000000001188 id: 2438 at time: 1776.8
Processed event: VehicleEnterNewRoadEvent, vehicle_id: 5, road_id: 1000000000000001188 id: 2438
processing event: VehicleDepartureEvent, vehicle_id: 5, road_id: 1000000000000001188, offset: 0.000000 id: 2441 at time: 1776.8
Processed event: VehicleDepartureEvent, vehicle_id: 5, road_id: 1000000000000001188, offset: 0.000000 id: 2441
processing event: VehicleDepartureEvent, vehicle_id: 14, road_id: 1000000000000000587, offset: 96.950000 id: 2431 at time: 1777.18
Processed event: VehicleDepartureEvent, vehicle_id: 14, road_id: 1000000000000000587, offset: 96.950000 id: 2431
processing event: VehicleArriveIntersectionEvent, vehicle_id: 10, road_id: 1000000000000000169 id: 2434 at time: 1779.25
Processed event: VehicleArriveIntersectionEvent, vehicle_id: 10, road_id: 1000000000000000169 id: 2434
Simulator::runFor: now_ = 1779.25 target = 1780
[progress] simulator time = 1780 / 3000
processing event: VehicleEnterNewRoadEvent, vehicle_id: 10, road_id: 1000000000000000199 id: 2444 at time: 1781.05
Processed event: VehicleEnterNewRoadEvent, vehicle_id: 10, road_id: 1000000000000000199 id: 2444
processing event: VehicleDepartureEvent, vehicle_id: 10, road_id: 1000000000000000199, offset: 0.000000 id: 2445 at time: 1781.05
Processed event: VehicleDepartureEvent, vehicle_id: 10, road_id: 1000000000000000199, offset: 0.000000 id: 2445
processing event: VehicleArriveIntersectionEvent, vehicle_id: 5, road_id: 1000000000000001188 id: 2442 at time: 1781.12
Processed event: VehicleArriveIntersectionEvent, vehicle_id: 5, road_id: 1000000000000001188 id: 2442
processing event: VehicleEnterNewRoadEvent, vehicle_id: 5, road_id: 1000000000000001056 id: 2447 at time: 1782.92
Processed event: VehicleEnterNewRoadEvent, vehicle_id: 5, road_id: 1000000000000001056 id: 2447
processing event: VehicleDepartureEvent, vehicle_id: 5, road_id: 1000000000000001056, offset: 0.000000 id: 2448 at time: 1782.92
Processed event: VehicleDepartureEvent, vehicle_id: 5, road_id: 1000000000000001056, offset: 0.000000 id: 2448
processing event: VehicleArriveIntersectionEvent, vehicle_id: 5, road_id: 1000000000000001056 id: 2449 at time: 1787.06
Processed event: VehicleArriveIntersectionEvent, vehicle_id: 5, road_id: 1000000000000001056 id: 2449
processing event: VehicleEnterNewRoadEvent, vehicle_id: 5, road_id: 1000000000000001055 id: 2450 at time: 1788.86
Processed event: VehicleEnterNewRoadEvent, vehicle_id: 5, road_id: 1000000000000001055 id: 2450
processing event: VehicleDepartureEvent, vehicle_id: 5, road_id: 1000000000000001055, offset: 0.000000 id: 2451 at time: 1788.86
Processed event: VehicleDepartureEvent, vehicle_id: 5, road_id: 1000000000000001055, offset: 0.000000 id: 2451
processing event: VehicleArriveIntersectionEvent, vehicle_id: 18, road_id: 1000000000000000694 id: 2401 at time: 1789.95
Processed event: VehicleArriveIntersectionEvent, vehicle_id: 18, road_id: 1000000000000000694 id: 2401
Simulator::runFor: now_ = 1789.95 target = 1790
[progress] simulator time = 1790 / 3000
processing event: VehicleEnterNewRoadEvent, vehicle_id: 18, road_id: 1000000000000000695 id: 2453 at time: 1791.75
Processed event: VehicleEnterNewRoadEvent, vehicle_id: 18, road_id: 1000000000000000695 id: 2453
processing event: VehicleDepartureEvent, vehicle_id: 18, road_id: 1000000000000000695, offset: 0.000000 id: 2454 at time: 1791.75
Processed event: VehicleDepartureEvent, vehicle_id: 18, road_id: 1000000000000000695, offset: 0.000000 id: 2454
processing event: VehicleArriveIntersectionEvent, vehicle_id: 20, road_id: 1000000000000000051 id: 2426 at time: 1792.94
Processed event: VehicleArriveIntersectionEvent, vehicle_id: 20, road_id: 1000000000000000051 id: 2426
processing event: VehicleEnterNewRoadEvent, vehicle_id: 20, road_id: 1000000000000000339 id: 2456 at time: 1794.74
Processed event: VehicleEnterNewRoadEvent, vehicle_id: 20, road_id: 1000000000000000339 id: 2456
processing event: VehicleDepartureEvent, vehicle_id: 20, road_id: 1000000000000000339, offset: 0.000000 id: 2457 at time: 1794.74
Processed event: VehicleDepartureEvent, vehicle_id: 20, road_id: 1000000000000000339, offset: 0.000000 id: 2457
processing event: VehicleArriveIntersectionEvent, vehicle_id: 14, road_id: 1000000000000000587 id: 2443 at time: 1797.89
Processed event: VehicleArriveIntersectionEvent, vehicle_id: 14, road_id: 1000000000000000587 id: 2443
processing event: VehicleEnterNewRoadEvent, vehicle_id: 14, road_id: 1000000000000000172 id: 2459 at time: 1799.69
Processed event: VehicleEnterNewRoadEvent, vehicle_id: 14, road_id: 1000000000000000172 id: 2459
processing event: VehicleDepartureEvent, vehicle_id: 14, road_id: 1000000000000000172, offset: 0.000000 id: 2460 at time: 1799.69
Processed event: VehicleDepartureEvent, vehicle_id: 14, road_id: 1000000000000000172, offset: 0.000000 id: 2460
Simulator::runFor: now_ = 1799.69 target = 1800
[progress] simulator time = 1800 / 3000
processing event: VehicleArriveIntersectionEvent, vehicle_id: 18, road_id: 1000000000000000695 id: 2455 at time: 1801.83
Processed event: VehicleArriveIntersectionEvent, vehicle_id: 18, road_id: 1000000000000000695 id: 2455
processing event: VehicleEnterNewRoadEvent, vehicle_id: 18, road_id: 1000000000000000031 id: 2462 at time: 1803.63
Processed event: VehicleEnterNewRoadEvent, vehicle_id: 18, road_id: 1000000000000000031 id: 2462
processing event: VehicleDepartureEvent, vehicle_id: 18, road_id: 1000000000000000031, offset: 0.000000 id: 2463 at time: 1803.63
Processed event: VehicleDepartureEvent, vehicle_id: 18, road_id: 1000000000000000031, offset: 0.000000 id: 2463
processing event: VehicleArriveIntersectionEvent, vehicle_id: 10, road_id: 1000000000000000199 id: 2446 at time: 1809.49
Processed event: VehicleArriveIntersectionEvent, vehicle_id: 10, road_id: 1000000000000000199 id: 2446
Simulator::runFor: now_ = 1809.49 target = 1810
[progress] simulator time = 1810 / 3000
processing event: VehicleEnterNewRoadEvent, vehicle_id: 10, road_id: 1000000000000000200 id: 2465 at time: 1811.29
Processed event: VehicleEnterNewRoadEvent, vehicle_id: 10, road_id: 1000000000000000200 id: 2465
processing event: VehicleDepartureEvent, vehicle_id: 10, road_id: 1000000000000000200, offset: 0.000000 id: 2466 at time: 1811.29
Processed event: VehicleDepartureEvent, vehicle_id: 10, road_id: 1000000000000000200, offset: 0.000000 id: 2466
processing event: VehicleArriveIntersectionEvent, vehicle_id: 9, road_id: 1000000000000000187 id: 2371 at time: 1811.98
Processed event: VehicleArriveIntersectionEvent, vehicle_id: 9, road_id: 1000000000000000187 id: 2371
processing event: VehicleEnterNewRoadEvent, vehicle_id: 9, road_id: 1000000000000000188 id: 2468 at time: 1813.78
Processed event: VehicleEnterNewRoadEvent, vehicle_id: 9, road_id: 1000000000000000188 id: 2468
processing event: VehicleDepartureEvent, vehicle_id: 9, road_id: 1000000000000000188, offset: 0.000000 id: 2469 at time: 1813.78
Processed event: VehicleDepartureEvent, vehicle_id: 9, road_id: 1000000000000000188, offset: 0.000000 id: 2469
Event is not valid: VehicleArriveIntersectionEvent, vehicle_id: 17, road_id: 1000000000000001036 id: 2353 at time: 1818.05
processing event: VehicleArriveIntersectionEvent, vehicle_id: 17, road_id: 1000000000000001036 id: 2365 at time: 1818.05
Processed event: VehicleArriveIntersectionEvent, vehicle_id: 17, road_id: 1000000000000001036 id: 2365
processing event: VehicleEnterNewRoadEvent, vehicle_id: 17, road_id: 1000000000000001035 id: 2471 at time: 1819.85
Processed event: VehicleEnterNewRoadEvent, vehicle_id: 17, road_id: 1000000000000001035 id: 2471
processing event: VehicleDepartureEvent, vehicle_id: 17, road_id: 1000000000000001035, offset: 0.000000 id: 2474 at time: 1819.85
Processed event: VehicleDepartureEvent, vehicle_id: 17, road_id: 1000000000000001035, offset: 0.000000 id: 2474
Simulator::runFor: now_ = 1819.85 target = 1820
[progress] simulator time = 1820 / 3000
processing event: VehicleArriveIntersectionEvent, vehicle_id: 5, road_id: 1000000000000001055 id: 2452 at time: 1820.36
Processed event: VehicleArriveIntersectionEvent, vehicle_id: 5, road_id: 1000000000000001055 id: 2452
processing event: VehicleArriveIntersectionEvent, vehicle_id: 14, road_id: 1000000000000000172 id: 2461 at time: 1821.48
Processed event: VehicleArriveIntersectionEvent, vehicle_id: 14, road_id: 1000000000000000172 id: 2461
Event is not valid: VehicleArriveIntersectionEvent, vehicle_id: 8, road_id: 1000000000000000378 id: 2397 at time: 1821.95
processing event: VehicleArriveIntersectionEvent, vehicle_id: 8, road_id: 1000000000000000378 id: 2436 at time: 1821.95
Processed event: VehicleArriveIntersectionEvent, vehicle_id: 8, road_id: 1000000000000000378 id: 2436
processing event: VehicleEnterNewRoadEvent, vehicle_id: 5, road_id: 1000000000000000078 id: 2476 at time: 1822.16
Processed event: VehicleEnterNewRoadEvent, vehicle_id: 5, road_id: 1000000000000000078 id: 2476
processing event: VehicleDepartureEvent, vehicle_id: 5, road_id: 1000000000000000078, offset: 0.000000 id: 2480 at time: 1822.16
Processed event: VehicleDepartureEvent, vehicle_id: 5, road_id: 1000000000000000078, offset: 0.000000 id: 2480
processing event: VehicleEnterNewRoadEvent, vehicle_id: 14, road_id: 1000000000000000598 id: 2477 at time: 1823.28
Processed event: VehicleEnterNewRoadEvent, vehicle_id: 14, road_id: 1000000000000000598 id: 2477
processing event: VehicleDepartureEvent, vehicle_id: 14, road_id: 1000000000000000598, offset: 0.000000 id: 2482 at time: 1823.28
Processed event: VehicleDepartureEvent, vehicle_id: 14, road_id: 1000000000000000598, offset: 0.000000 id: 2482
processing event: VehicleEnterNewRoadEvent, vehicle_id: 8, road_id: 1000000000000000496 id: 2478 at time: 1823.75
Processed event: VehicleEnterNewRoadEvent, vehicle_id: 8, road_id: 1000000000000000496 id: 2478
processing event: VehicleDepartureEvent, vehicle_id: 8, road_id: 1000000000000000496, offset: 0.000000 id: 2485 at time: 1823.75
Processed event: VehicleDepartureEvent, vehicle_id: 8, road_id: 1000000000000000496, offset: 0.000000 id: 2485
Event is not valid: VehicleCheckPointEvent, vehicle_id: 12 id: 2472 at time: 1824.42
processing event: VehicleArriveIntersectionEvent, vehicle_id: 12, road_id: 1000000000000001036 id: 2473 at time: 1825.86
Processed event: VehicleArriveIntersectionEvent, vehicle_id: 12, road_id: 1000000000000001036 id: 2473
processing event: VehicleEnterNewRoadEvent, vehicle_id: 12, road_id: 1000000000000001035 id: 2487 at time: 1827.66
Processed event: VehicleEnterNewRoadEvent, vehicle_id: 12, road_id: 1000000000000001035 id: 2487
processing event: VehicleDepartureEvent, vehicle_id: 12, road_id: 1000000000000001035, offset: 0.000000 id: 2488 at time: 1827.66
Processed event: VehicleDepartureEvent, vehicle_id: 12, road_id: 1000000000000001035, offset: 0.000000 id: 2488
Simulator::runFor: now_ = 1827.66 target = 1830
[progress] simulator time = 1830 / 3000
processing event: VehicleArriveIntersectionEvent, vehicle_id: 13, road_id: 1000000000000000244 id: 2429 at time: 1830.45
Processed event: VehicleArriveIntersectionEvent, vehicle_id: 13, road_id: 1000000000000000244 id: 2429
processing event: VehicleEnterNewRoadEvent, vehicle_id: 13, road_id: 1000000000000000245 id: 2490 at time: 1832.25
Processed event: VehicleEnterNewRoadEvent, vehicle_id: 13, road_id: 1000000000000000245 id: 2490
processing event: VehicleDepartureEvent, vehicle_id: 13, road_id: 1000000000000000245, offset: 0.000000 id: 2491 at time: 1832.25
Processed event: VehicleDepartureEvent, vehicle_id: 13, road_id: 1000000000000000245, offset: 0.000000 id: 2491
processing event: VehicleArriveIntersectionEvent, vehicle_id: 7, road_id: 1000000000000000385 id: 2440 at time: 1834.9
Processed event: VehicleArriveIntersectionEvent, vehicle_id: 7, road_id: 1000000000000000385 id: 2440
processing event: VehicleArriveIntersectionEvent, vehicle_id: 19, road_id: 1000000000000000474 id: 2421 at time: 1836.48
Processed event: VehicleArriveIntersectionEvent, vehicle_id: 19, road_id: 1000000000000000474 id: 2421
processing event: VehicleEnterNewRoadEvent, vehicle_id: 7, road_id: 1000000000000000430 id: 2493 at time: 1836.7
Processed event: VehicleEnterNewRoadEvent, vehicle_id: 7, road_id: 1000000000000000430 id: 2493
processing event: VehicleDepartureEvent, vehicle_id: 7, road_id: 1000000000000000430, offset: 0.000000 id: 2495 at time: 1836.7
Processed event: VehicleDepartureEvent, vehicle_id: 7, road_id: 1000000000000000430, offset: 0.000000 id: 2495
processing event: VehicleEnterNewRoadEvent, vehicle_id: 19, road_id: 1000000000000000222 id: 2494 at time: 1838.28
Processed event: VehicleEnterNewRoadEvent, vehicle_id: 19, road_id: 1000000000000000222 id: 2494
processing event: VehicleDepartureEvent, vehicle_id: 19, road_id: 1000000000000000222, offset: 0.000000 id: 2497 at time: 1838.28
Processed event: VehicleDepartureEvent, vehicle_id: 19, road_id: 1000000000000000222, offset: 0.000000 id: 2497
Simulator::runFor: now_ = 1838.28 target = 1840
[progress] simulator time = 1840 / 3000
processing event: VehicleArriveIntersectionEvent, vehicle_id: 14, road_id: 1000000000000000598 id: 2483 at time: 1840.2
Processed event: VehicleArriveIntersectionEvent, vehicle_id: 14, road_id: 1000000000000000598 id: 2483
processing event: VehicleEnterNewRoadEvent, vehicle_id: 14, road_id: 1000000000000000599 id: 2499 at time: 1842
Processed event: VehicleEnterNewRoadEvent, vehicle_id: 14, road_id: 1000000000000000599 id: 2499
processing event: VehicleDepartureEvent, vehicle_id: 14, road_id: 1000000000000000599, offset: 0.000000 id: 2500 at time: 1842
Processed event: VehicleDepartureEvent, vehicle_id: 14, road_id: 1000000000000000599, offset: 0.000000 id: 2500
processing event: PassengerRouteStartEvent, passenger_id: 37, route_id: 1 id: 36 at time: 1842
Processed event: PassengerRouteStartEvent, passenger_id: 37, route_id: 1 id: 36
processing event: OrderCreatedEvent, order_id: 37, available_pickups: 113 , available_dropoffs: 153 , passenger_id: 37, route_id: 1, passenger_num: 0 id: 2502 at time: 1842
Processed event: OrderCreatedEvent, order_id: 37, available_pickups: 113 , available_dropoffs: 153 , passenger_id: 37, route_id: 1, passenger_num: 1 id: 2502
processing event: VehicleArriveIntersectionEvent, vehicle_id: 5, road_id: 1000000000000000078 id: 2481 at time: 1843.41
Processed event: VehicleArriveIntersectionEvent, vehicle_id: 5, road_id: 1000000000000000078 id: 2481
processing event: VehicleEnterNewRoadEvent, vehicle_id: 5, road_id: 1000000000000000727 id: 2503 at time: 1845.21
Processed event: VehicleEnterNewRoadEvent, vehicle_id: 5, road_id: 1000000000000000727 id: 2503
processing event: VehicleDepartureEvent, vehicle_id: 5, road_id: 1000000000000000727, offset: 0.000000 id: 2504 at time: 1845.21
Processed event: VehicleDepartureEvent, vehicle_id: 5, road_id: 1000000000000000727, offset: 0.000000 id: 2504
processing event: VehicleArriveIntersectionEvent, vehicle_id: 18, road_id: 1000000000000000031 id: 2464 at time: 1846.12
Processed event: VehicleArriveIntersectionEvent, vehicle_id: 18, road_id: 1000000000000000031 id: 2464
Event is not valid: VehicleCheckPointEvent, vehicle_id: 11 id: 2479 at time: 1846.16
processing event: VehicleArriveIntersectionEvent, vehicle_id: 5, road_id: 1000000000000000727 id: 2505 at time: 1846.47
Processed event: VehicleArriveIntersectionEvent, vehicle_id: 5, road_id: 1000000000000000727 id: 2505
processing event: VehicleArriveIntersectionEvent, vehicle_id: 11, road_id: 1000000000000000378 id: 2484 at time: 1847.6
Processed event: VehicleArriveIntersectionEvent, vehicle_id: 11, road_id: 1000000000000000378 id: 2484
processing event: VehicleEnterNewRoadEvent, vehicle_id: 18, road_id: 1000000000000000032 id: 2506 at time: 1847.92
Processed event: VehicleEnterNewRoadEvent, vehicle_id: 18, road_id: 1000000000000000032 id: 2506
processing event: VehicleDepartureEvent, vehicle_id: 18, road_id: 1000000000000000032, offset: 0.000000 id: 2509 at time: 1847.92
Processed event: VehicleDepartureEvent, vehicle_id: 18, road_id: 1000000000000000032, offset: 0.000000 id: 2509
processing event: VehicleEnterNewRoadEvent, vehicle_id: 5, road_id: 1000000000000000725 id: 2507 at time: 1848.27
Processed event: VehicleEnterNewRoadEvent, vehicle_id: 5, road_id: 1000000000000000725 id: 2507
processing event: VehicleDepartureEvent, vehicle_id: 5, road_id: 1000000000000000725, offset: 0.000000 id: 2511 at time: 1848.27
Processed event: VehicleDepartureEvent, vehicle_id: 5, road_id: 1000000000000000725, offset: 0.000000 id: 2511
processing event: VehicleArriveIntersectionEvent, vehicle_id: 8, road_id: 1000000000000000496 id: 2486 at time: 1849.13
Processed event: VehicleArriveIntersectionEvent, vehicle_id: 8, road_id: 1000000000000000496 id: 2486
processing event: VehicleEnterNewRoadEvent, vehicle_id: 11, road_id: 1000000000000000496 id: 2508 at time: 1849.4
Processed event: VehicleEnterNewRoadEvent, vehicle_id: 11, road_id: 1000000000000000496 id: 2508
processing event: VehicleDepartureEvent, vehicle_id: 11, road_id: 1000000000000000496, offset: 0.000000 id: 2514 at time: 1849.4
Processed event: VehicleDepartureEvent, vehicle_id: 11, road_id: 1000000000000000496, offset: 0.000000 id: 2514
Simulator::runFor: now_ = 1849.4 target = 1850
[progress] simulator time = 1850 / 3000
processing event: OrderMatchedEvent, order_id: 37, vehicle_id: 14 id: 2516 at time: 1850
Processed event: OrderMatchedEvent, order_id: 37, vehicle_id: 14 id: 2516
processing event: PassengerArrivalEvent, passenger_id: 37 id: 2518 at time: 1850
Processed event: PassengerArrivalEvent, passenger_id: 37 id: 2518
processing event: VehicleEnterNewRoadEvent, vehicle_id: 8, road_id: 1000000000000000498 id: 2513 at time: 1850.93
Processed event: VehicleEnterNewRoadEvent, vehicle_id: 8, road_id: 1000000000000000498 id: 2513
processing event: VehicleDepartureEvent, vehicle_id: 8, road_id: 1000000000000000498, offset: 0.000000 id: 2519 at time: 1850.93
Processed event: VehicleDepartureEvent, vehicle_id: 8, road_id: 1000000000000000498, offset: 0.000000 id: 2519
processing event: VehicleArriveIntersectionEvent, vehicle_id: 3, road_id: 1000000000000000344 id: 2382 at time: 1856.55
Processed event: VehicleArriveIntersectionEvent, vehicle_id: 3, road_id: 1000000000000000344 id: 2382
processing event: VehicleEnterNewRoadEvent, vehicle_id: 3, road_id: 1000000000000000345 id: 2521 at time: 1858.35
Processed event: VehicleEnterNewRoadEvent, vehicle_id: 3, road_id: 1000000000000000345 id: 2521
processing event: VehicleDepartureEvent, vehicle_id: 3, road_id: 1000000000000000345, offset: 0.000000 id: 2522 at time: 1858.35
Processed event: VehicleDepartureEvent, vehicle_id: 3, road_id: 1000000000000000345, offset: 0.000000 id: 2522
Simulator::runFor: now_ = 1858.35 target = 1860
[progress] simulator time = 1860 / 3000
Event is not valid: VehicleArriveIntersectionEvent, vehicle_id: 14, road_id: 1000000000000000599 id: 2501 at time: 1863.96
processing event: VehicleArriveIntersectionEvent, vehicle_id: 14, road_id: 1000000000000000599 id: 2517 at time: 1863.96
Processed event: VehicleArriveIntersectionEvent, vehicle_id: 14, road_id: 1000000000000000599 id: 2517
Event is not valid: VehicleArriveIntersectionEvent, vehicle_id: 17, road_id: 1000000000000001035 id: 2475 at time: 1864.68
processing event: VehicleArriveIntersectionEvent, vehicle_id: 17, road_id: 1000000000000001035 id: 2489 at time: 1864.68
Processed event: VehicleArriveIntersectionEvent, vehicle_id: 17, road_id: 1000000000000001035 id: 2489
processing event: VehicleEnterNewRoadEvent, vehicle_id: 14, road_id: 1000000000000000601 id: 2524 at time: 1865.76
Processed event: VehicleEnterNewRoadEvent, vehicle_id: 14, road_id: 1000000000000000601 id: 2524
processing event: VehicleDepartureEvent, vehicle_id: 14, road_id: 1000000000000000601, offset: 0.000000 id: 2527 at time: 1865.76
Processed event: VehicleDepartureEvent, vehicle_id: 14, road_id: 1000000000000000601, offset: 0.000000 id: 2527
processing event: VehicleEnterNewRoadEvent, vehicle_id: 17, road_id: 1000000000000001034 id: 2525 at time: 1866.48
Processed event: VehicleEnterNewRoadEvent, vehicle_id: 17, road_id: 1000000000000001034 id: 2525
processing event: VehicleDepartureEvent, vehicle_id: 17, road_id: 1000000000000001034, offset: 0.000000 id: 2530 at time: 1866.48
Processed event: VehicleDepartureEvent, vehicle_id: 17, road_id: 1000000000000001034, offset: 0.000000 id: 2530
Simulator::runFor: now_ = 1866.48 target = 1870
[progress] simulator time = 1870 / 3000
Event is not valid: VehicleCheckPointEvent, vehicle_id: 12 id: 2526 at time: 1871.05
processing event: VehicleArriveIntersectionEvent, vehicle_id: 13, road_id: 1000000000000000245 id: 2492 at time: 1872.39
Processed event: VehicleArriveIntersectionEvent, vehicle_id: 13, road_id: 1000000000000000245 id: 2492
processing event: VehicleArriveIntersectionEvent, vehicle_id: 12, road_id: 1000000000000001035 id: 2529 at time: 1872.49
Processed event: VehicleArriveIntersectionEvent, vehicle_id: 12, road_id: 1000000000000001035 id: 2529
processing event: VehicleEnterNewRoadEvent, vehicle_id: 13, road_id: 1000000000000000246 id: 2532 at time: 1874.19
Processed event: VehicleEnterNewRoadEvent, vehicle_id: 13, road_id: 1000000000000000246 id: 2532
processing event: VehicleDepartureEvent, vehicle_id: 13, road_id: 1000000000000000246, offset: 0.000000 id: 2534 at time: 1874.19
Processed event: VehicleDepartureEvent, vehicle_id: 13, road_id: 1000000000000000246, offset: 0.000000 id: 2534
processing event: VehicleEnterNewRoadEvent, vehicle_id: 12, road_id: 1000000000000001037 id: 2533 at time: 1874.29
Processed event: VehicleEnterNewRoadEvent, vehicle_id: 12, road_id: 1000000000000001037 id: 2533
processing event: VehicleDepartureEvent, vehicle_id: 12, road_id: 1000000000000001037, offset: 0.000000 id: 2536 at time: 1874.29
Processed event: VehicleDepartureEvent, vehicle_id: 12, road_id: 1000000000000001037, offset: 0.000000 id: 2536
processing event: VehicleArriveIntersectionEvent, vehicle_id: 11, road_id: 1000000000000000496 id: 2515 at time: 1874.78
Processed event: VehicleArriveIntersectionEvent, vehicle_id: 11, road_id: 1000000000000000496 id: 2515
processing event: VehicleEnterNewRoadEvent, vehicle_id: 11, road_id: 1000000000000000498 id: 2538 at time: 1876.58
Processed event: VehicleEnterNewRoadEvent, vehicle_id: 11, road_id: 1000000000000000498 id: 2538
processing event: VehicleDepartureEvent, vehicle_id: 11, road_id: 1000000000000000498, offset: 0.000000 id: 2539 at time: 1876.58
Processed event: VehicleDepartureEvent, vehicle_id: 11, road_id: 1000000000000000498, offset: 0.000000 id: 2539
Simulator::runFor: now_ = 1876.58 target = 1880
[progress] simulator time = 1880 / 3000
processing event: BusArrivalEvent, vehicle_id: 5, stop_id: 108 id: 2512 at time: 1880.71
Processed event: BusArrivalEvent, vehicle_id: 5, stop_id: 108 id: 2512
processing event: PassengerRouteEndEvent, passenger_id: 8, route_id: 1 id: 2541 at time: 1880.71
Passenger 8 finished all routes
Processed event: PassengerRouteEndEvent, passenger_id: 8, route_id: 1 id: 2541
processing event: PassengerDropoffEvent, passenger_id: 8 id: 2542 at time: 1880.71
Processed event: PassengerDropoffEvent, passenger_id: 8 id: 2542
processing event: OrderFinishedEvent, order_id: 8 id: 2543 at time: 1880.71
Processed event: OrderFinishedEvent, order_id: 8 id: 2543
Event is not valid: BusArrivalEvent, vehicle_id: 8, stop_id: 78 id: 2520 at time: 1885.67
processing event: BusArrivalEvent, vehicle_id: 8, stop_id: 78 id: 2540 at time: 1885.67
Processed event: BusArrivalEvent, vehicle_id: 8, stop_id: 78 id: 2540
processing event: PassengerRouteEndEvent, passenger_id: 12, route_id: 1 id: 2545 at time: 1885.67
Passenger 12 finished all routes
Processed event: PassengerRouteEndEvent, passenger_id: 12, route_id: 1 id: 2545
processing event: PassengerDropoffEvent, passenger_id: 12 id: 2547 at time: 1885.67
Processed event: PassengerDropoffEvent, passenger_id: 12 id: 2547
processing event: OrderFinishedEvent, order_id: 12 id: 2548 at time: 1885.67
Processed event: OrderFinishedEvent, order_id: 12 id: 2548
processing event: VehicleArriveIntersectionEvent, vehicle_id: 3, road_id: 1000000000000000345 id: 2523 at time: 1885.9
Processed event: VehicleArriveIntersectionEvent, vehicle_id: 3, road_id: 1000000000000000345 id: 2523
processing event: VehicleArriveIntersectionEvent, vehicle_id: 14, road_id: 1000000000000000601 id: 2528 at time: 1887.36
Processed event: VehicleArriveIntersectionEvent, vehicle_id: 14, road_id: 1000000000000000601 id: 2528
processing event: VehicleEnterNewRoadEvent, vehicle_id: 3, road_id: 1000000000000000818 id: 2549 at time: 1887.7
Processed event: VehicleEnterNewRoadEvent, vehicle_id: 3, road_id: 1000000000000000818 id: 2549
processing event: VehicleDepartureEvent, vehicle_id: 3, road_id: 1000000000000000818, offset: 0.000000 id: 2551 at time: 1887.7
Processed event: VehicleDepartureEvent, vehicle_id: 3, road_id: 1000000000000000818, offset: 0.000000 id: 2551
processing event: VehicleEnterNewRoadEvent, vehicle_id: 14, road_id: 1000000000000000602 id: 2550 at time: 1889.16
Processed event: VehicleEnterNewRoadEvent, vehicle_id: 14, road_id: 1000000000000000602 id: 2550
processing event: VehicleDepartureEvent, vehicle_id: 14, road_id: 1000000000000000602, offset: 0.000000 id: 2553 at time: 1889.16
Processed event: VehicleDepartureEvent, vehicle_id: 14, road_id: 1000000000000000602, offset: 0.000000 id: 2553
Simulator::runFor: now_ = 1889.16 target = 1890
[progress] simulator time = 1890 / 3000
processing event: VehicleDepartureEvent, vehicle_id: 8, road_id: 1000000000000000498, offset: 192.990000 id: 2546 at time: 1890.67
Processed event: VehicleDepartureEvent, vehicle_id: 8, road_id: 1000000000000000498, offset: 192.990000 id: 2546
processing event: PassengerRouteStartEvent, passenger_id: 38, route_id: 1 id: 37 at time: 1891
Processed event: PassengerRouteStartEvent, passenger_id: 38, route_id: 1 id: 37
processing event: OrderCreatedEvent, order_id: 38, available_pickups: 151 , available_dropoffs: 286 , passenger_id: 38, route_id: 1, passenger_num: 0 id: 2556 at time: 1891
Processed event: OrderCreatedEvent, order_id: 38, available_pickups: 151 , available_dropoffs: 286 , passenger_id: 38, route_id: 1, passenger_num: 1 id: 2556
processing event: VehicleArriveIntersectionEvent, vehicle_id: 18, road_id: 1000000000000000032 id: 2510 at time: 1894.54
Processed event: VehicleArriveIntersectionEvent, vehicle_id: 18, road_id: 1000000000000000032 id: 2510
processing event: VehicleEnterNewRoadEvent, vehicle_id: 18, road_id: 1000000000000001034 id: 2557 at time: 1896.34
Processed event: VehicleEnterNewRoadEvent, vehicle_id: 18, road_id: 1000000000000001034 id: 2557
processing event: VehicleDepartureEvent, vehicle_id: 18, road_id: 1000000000000001034, offset: 0.000000 id: 2558 at time: 1896.34
Processed event: VehicleDepartureEvent, vehicle_id: 18, road_id: 1000000000000001034, offset: 0.000000 id: 2558
processing event: VehicleArriveIntersectionEvent, vehicle_id: 3, road_id: 1000000000000000818 id: 2552 at time: 1898.32
Processed event: VehicleArriveIntersectionEvent, vehicle_id: 3, road_id: 1000000000000000818 id: 2552
Simulator::runFor: now_ = 1898.32 target = 1900
[progress] simulator time = 1900 / 3000
processing event: OrderMatchedEvent, order_id: 38, vehicle_id: 6 id: 2561 at time: 1900
Processed event: OrderMatchedEvent, order_id: 38, vehicle_id: 6 id: 2561
processing event: VehicleDepartureEvent, vehicle_id: 6, road_id: 1000000000000000188, offset: 258.420000 id: 2562 at time: 1900
Processed event: VehicleDepartureEvent, vehicle_id: 6, road_id: 1000000000000000188, offset: 258.420000 id: 2562
processing event: PassengerArrivalEvent, passenger_id: 38 id: 2563 at time: 1900
Processed event: PassengerArrivalEvent, passenger_id: 38 id: 2563
processing event: VehicleEnterNewRoadEvent, vehicle_id: 3, road_id: 1000000000000000819 id: 2560 at time: 1900.12
Processed event: VehicleEnterNewRoadEvent, vehicle_id: 3, road_id: 1000000000000000819 id: 2560
processing event: VehicleDepartureEvent, vehicle_id: 3, road_id: 1000000000000000819, offset: 0.000000 id: 2565 at time: 1900.12
Processed event: VehicleDepartureEvent, vehicle_id: 3, road_id: 1000000000000000819, offset: 0.000000 id: 2565
Event is not valid: VehicleArriveIntersectionEvent, vehicle_id: 17, road_id: 1000000000000001034 id: 2531 at time: 1906.62
processing event: VehicleArriveIntersectionEvent, vehicle_id: 17, road_id: 1000000000000001034 id: 2559 at time: 1906.62
Processed event: VehicleArriveIntersectionEvent, vehicle_id: 17, road_id: 1000000000000001034 id: 2559
processing event: VehicleEnterNewRoadEvent, vehicle_id: 17, road_id: 1000000000000000021 id: 2567 at time: 1908.42
Processed event: VehicleEnterNewRoadEvent, vehicle_id: 17, road_id: 1000000000000000021 id: 2567
processing event: VehicleDepartureEvent, vehicle_id: 17, road_id: 1000000000000000021, offset: 0.000000 id: 2570 at time: 1908.42
Processed event: VehicleDepartureEvent, vehicle_id: 17, road_id: 1000000000000000021, offset: 0.000000 id: 2570
processing event: VehicleArriveIntersectionEvent, vehicle_id: 7, road_id: 1000000000000000430 id: 2496 at time: 1909.97
Processed event: VehicleArriveIntersectionEvent, vehicle_id: 7, road_id: 1000000000000000430 id: 2496
Simulator::runFor: now_ = 1909.97 target = 1910
[progress] simulator time = 1910 / 3000
processing event: VehicleArriveIntersectionEvent, vehicle_id: 3, road_id: 1000000000000000819 id: 2566 at time: 1910.74
Processed event: VehicleArriveIntersectionEvent, vehicle_id: 3, road_id: 1000000000000000819 id: 2566
Event is not valid: BusArrivalEvent, vehicle_id: 11, stop_id: 78 id: 2544 at time: 1911.32
processing event: BusArrivalEvent, vehicle_id: 11, stop_id: 78 id: 2555 at time: 1911.32
Processed event: BusArrivalEvent, vehicle_id: 11, stop_id: 78 id: 2555
processing event: PassengerOnboardEvent, passenger_id: 30 id: 2575 at time: 1911.32
Processed event: PassengerOnboardEvent, passenger_id: 30 id: 2575
processing event: VehicleEnterNewRoadEvent, vehicle_id: 7, road_id: 1000000000000000694 id: 2572 at time: 1911.77
Processed event: VehicleEnterNewRoadEvent, vehicle_id: 7, road_id: 1000000000000000694 id: 2572
processing event: VehicleDepartureEvent, vehicle_id: 7, road_id: 1000000000000000694, offset: 0.000000 id: 2577 at time: 1911.77
Processed event: VehicleDepartureEvent, vehicle_id: 7, road_id: 1000000000000000694, offset: 0.000000 id: 2577
processing event: VehicleEnterNewRoadEvent, vehicle_id: 3, road_id: 1000000000000000822 id: 2573 at time: 1912.54
Processed event: VehicleEnterNewRoadEvent, vehicle_id: 3, road_id: 1000000000000000822 id: 2573
processing event: VehicleDepartureEvent, vehicle_id: 3, road_id: 1000000000000000822, offset: 0.000000 id: 2579 at time: 1912.54
Processed event: VehicleDepartureEvent, vehicle_id: 3, road_id: 1000000000000000822, offset: 0.000000 id: 2579
processing event: VehicleArriveIntersectionEvent, vehicle_id: 9, road_id: 1000000000000000188 id: 2470 at time: 1913.33
Processed event: VehicleArriveIntersectionEvent, vehicle_id: 9, road_id: 1000000000000000188 id: 2470
processing event: VehicleEnterNewRoadEvent, vehicle_id: 9, road_id: 1000000000000000337 id: 2581 at time: 1915.13
Processed event: VehicleEnterNewRoadEvent, vehicle_id: 9, road_id: 1000000000000000337 id: 2581
processing event: VehicleDepartureEvent, vehicle_id: 9, road_id: 1000000000000000337, offset: 0.000000 id: 2582 at time: 1915.13
Processed event: VehicleDepartureEvent, vehicle_id: 9, road_id: 1000000000000000337, offset: 0.000000 id: 2582
processing event: VehicleDepartureEvent, vehicle_id: 11, road_id: 1000000000000000498, offset: 192.990000 id: 2576 at time: 1916.32
Processed event: VehicleDepartureEvent, vehicle_id: 11, road_id: 1000000000000000498, offset: 192.990000 id: 2576
processing event: VehicleArriveIntersectionEvent, vehicle_id: 14, road_id: 1000000000000000602 id: 2554 at time: 1917.25
Processed event: VehicleArriveIntersectionEvent, vehicle_id: 14, road_id: 1000000000000000602 id: 2554
processing event: VehicleArriveIntersectionEvent, vehicle_id: 13, road_id: 1000000000000000246 id: 2535 at time: 1918.3
Processed event: VehicleArriveIntersectionEvent, vehicle_id: 13, road_id: 1000000000000000246 id: 2535
processing event: VehicleEnterNewRoadEvent, vehicle_id: 14, road_id: 1000000000000000603 id: 2585 at time: 1919.05
Processed event: VehicleEnterNewRoadEvent, vehicle_id: 14, road_id: 1000000000000000603 id: 2585
processing event: VehicleDepartureEvent, vehicle_id: 14, road_id: 1000000000000000603, offset: 0.000000 id: 2587 at time: 1919.05
Processed event: VehicleDepartureEvent, vehicle_id: 14, road_id: 1000000000000000603, offset: 0.000000 id: 2587
Simulator::runFor: now_ = 1919.05 target = 1920
[progress] simulator time = 1920 / 3000
processing event: VehicleEnterNewRoadEvent, vehicle_id: 13, road_id: 1000000000000000248 id: 2586 at time: 1920.1
Processed event: VehicleEnterNewRoadEvent, vehicle_id: 13, road_id: 1000000000000000248 id: 2586
processing event: VehicleDepartureEvent, vehicle_id: 13, road_id: 1000000000000000248, offset: 0.000000 id: 2589 at time: 1920.1
Processed event: VehicleDepartureEvent, vehicle_id: 13, road_id: 1000000000000000248, offset: 0.000000 id: 2589
processing event: VehicleArriveIntersectionEvent, vehicle_id: 12, road_id: 1000000000000001037 id: 2537 at time: 1920.91
Processed event: VehicleArriveIntersectionEvent, vehicle_id: 12, road_id: 1000000000000001037 id: 2537
processing event: BusArrivalEvent, vehicle_id: 3, stop_id: 138 id: 2580 at time: 1920.94
Processed event: BusArrivalEvent, vehicle_id: 3, stop_id: 138 id: 2580
processing event: PassengerRouteEndEvent, passenger_id: 25, route_id: 1 id: 2592 at time: 1920.94
Passenger 25 finished all routes
Processed event: PassengerRouteEndEvent, passenger_id: 25, route_id: 1 id: 2592
processing event: PassengerDropoffEvent, passenger_id: 25 id: 2593 at time: 1920.94
Processed event: PassengerDropoffEvent, passenger_id: 25 id: 2593
processing event: OrderFinishedEvent, order_id: 25 id: 2594 at time: 1920.94
Processed event: OrderFinishedEvent, order_id: 25 id: 2594
processing event: PassengerRouteStartEvent, passenger_id: 39, route_id: 1 id: 38 at time: 1922
Processed event: PassengerRouteStartEvent, passenger_id: 39, route_id: 1 id: 38
processing event: OrderCreatedEvent, order_id: 39, available_pickups: 215 , available_dropoffs: 52 , passenger_id: 39, route_id: 1, passenger_num: 0 id: 2595 at time: 1922
Processed event: OrderCreatedEvent, order_id: 39, available_pickups: 215 , available_dropoffs: 52 , passenger_id: 39, route_id: 1, passenger_num: 3 id: 2595
processing event: VehicleEnterNewRoadEvent, vehicle_id: 12, road_id: 1000000000000000032 id: 2591 at time: 1922.71
Processed event: VehicleEnterNewRoadEvent, vehicle_id: 12, road_id: 1000000000000000032 id: 2591
processing event: VehicleDepartureEvent, vehicle_id: 12, road_id: 1000000000000000032, offset: 0.000000 id: 2596 at time: 1922.71
Processed event: VehicleDepartureEvent, vehicle_id: 12, road_id: 1000000000000000032, offset: 0.000000 id: 2596
processing event: VehicleArriveIntersectionEvent, vehicle_id: 19, road_id: 1000000000000000222 id: 2498 at time: 1923.61
Processed event: VehicleArriveIntersectionEvent, vehicle_id: 19, road_id: 1000000000000000222 id: 2498
processing event: VehicleEnterNewRoadEvent, vehicle_id: 19, road_id: 1000000000000000224 id: 2598 at time: 1925.41
Processed event: VehicleEnterNewRoadEvent, vehicle_id: 19, road_id: 1000000000000000224 id: 2598
processing event: VehicleDepartureEvent, vehicle_id: 19, road_id: 1000000000000000224, offset: 0.000000 id: 2599 at time: 1925.41
Processed event: VehicleDepartureEvent, vehicle_id: 19, road_id: 1000000000000000224, offset: 0.000000 id: 2599
processing event: BusArrivalEvent, vehicle_id: 17, stop_id: 183 id: 2571 at time: 1927.91
Processed event: BusArrivalEvent, vehicle_id: 17, stop_id: 183 id: 2571
processing event: PassengerRouteEndEvent, passenger_id: 16, route_id: 1 id: 2601 at time: 1927.91
Passenger 16 finished all routes
Processed event: PassengerRouteEndEvent, passenger_id: 16, route_id: 1 id: 2601
processing event: PassengerDropoffEvent, passenger_id: 16 id: 2603 at time: 1927.91
Processed event: PassengerDropoffEvent, passenger_id: 16 id: 2603
processing event: OrderFinishedEvent, order_id: 16 id: 2604 at time: 1927.91
Processed event: OrderFinishedEvent, order_id: 16 id: 2604
processing event: VehicleArriveIntersectionEvent, vehicle_id: 20, road_id: 1000000000000000339 id: 2458 at time: 1928.13
Processed event: VehicleArriveIntersectionEvent, vehicle_id: 20, road_id: 1000000000000000339 id: 2458
processing event: VehicleEnterNewRoadEvent, vehicle_id: 20, road_id: 1000000000000000341 id: 2605 at time: 1929.93
Processed event: VehicleEnterNewRoadEvent, vehicle_id: 20, road_id: 1000000000000000341 id: 2605
processing event: VehicleDepartureEvent, vehicle_id: 20, road_id: 1000000000000000341, offset: 0.000000 id: 2606 at time: 1929.93
Processed event: VehicleDepartureEvent, vehicle_id: 20, road_id: 1000000000000000341, offset: 0.000000 id: 2606
Simulator::runFor: now_ = 1929.93 target = 1930
[progress] simulator time = 1930 / 3000
processing event: OrderMatchedEvent, order_id: 39, vehicle_id: 14 id: 2608 at time: 1930
Processed event: OrderMatchedEvent, order_id: 39, vehicle_id: 14 id: 2608
processing event: PassengerArrivalEvent, passenger_id: 39 id: 2610 at time: 1930
Processed event: PassengerArrivalEvent, passenger_id: 39 id: 2610
processing event: BusArrivalEvent, vehicle_id: 12, stop_id: 206 id: 2597 at time: 1932.62
Processed event: BusArrivalEvent, vehicle_id: 12, stop_id: 206 id: 2597
processing event: PassengerRouteEndEvent, passenger_id: 7, route_id: 1 id: 2611 at time: 1932.62
Passenger 7 finished all routes
Processed event: PassengerRouteEndEvent, passenger_id: 7, route_id: 1 id: 2611
processing event: PassengerDropoffEvent, passenger_id: 7 id: 2612 at time: 1932.62
Processed event: PassengerDropoffEvent, passenger_id: 7 id: 2612
processing event: OrderFinishedEvent, order_id: 7 id: 2613 at time: 1932.62
Processed event: OrderFinishedEvent, order_id: 7 id: 2613
processing event: VehicleDepartureEvent, vehicle_id: 17, road_id: 1000000000000000021, offset: 108.260000 id: 2602 at time: 1932.91
Processed event: VehicleDepartureEvent, vehicle_id: 17, road_id: 1000000000000000021, offset: 108.260000 id: 2602
Event is not valid: VehicleCheckPointEvent, vehicle_id: 18 id: 2568 at time: 1935.05
processing event: VehicleArriveIntersectionEvent, vehicle_id: 18, road_id: 1000000000000001034 id: 2569 at time: 1936.49
Processed event: VehicleArriveIntersectionEvent, vehicle_id: 18, road_id: 1000000000000001034 id: 2569
processing event: VehicleEnterNewRoadEvent, vehicle_id: 18, road_id: 1000000000000001048 id: 2615 at time: 1938.29
Processed event: VehicleEnterNewRoadEvent, vehicle_id: 18, road_id: 1000000000000001048 id: 2615
processing event: VehicleDepartureEvent, vehicle_id: 18, road_id: 1000000000000001048, offset: 0.000000 id: 2616 at time: 1938.29
Processed event: VehicleDepartureEvent, vehicle_id: 18, road_id: 1000000000000001048, offset: 0.000000 id: 2616
processing event: VehicleArriveIntersectionEvent, vehicle_id: 10, road_id: 1000000000000000200 id: 2467 at time: 1939.46
Processed event: VehicleArriveIntersectionEvent, vehicle_id: 10, road_id: 1000000000000000200 id: 2467
processing event: BusArrivalEvent, vehicle_id: 19, stop_id: 255 id: 2600 at time: 1939.88
Processed event: BusArrivalEvent, vehicle_id: 19, stop_id: 255 id: 2600
processing event: PassengerRouteEndEvent, passenger_id: 15, route_id: 1 id: 2619 at time: 1939.88
Passenger 15 finished all routes
Processed event: PassengerRouteEndEvent, passenger_id: 15, route_id: 1 id: 2619
processing event: PassengerDropoffEvent, passenger_id: 15 id: 2621 at time: 1939.88
Processed event: PassengerDropoffEvent, passenger_id: 15 id: 2621
processing event: OrderFinishedEvent, order_id: 15 id: 2622 at time: 1939.88
Processed event: OrderFinishedEvent, order_id: 15 id: 2622
Simulator::runFor: now_ = 1939.88 target = 1940
[progress] simulator time = 1940 / 3000
processing event: VehicleEnterNewRoadEvent, vehicle_id: 10, road_id: 1000000000000000026 id: 2618 at time: 1941.26
Processed event: VehicleEnterNewRoadEvent, vehicle_id: 10, road_id: 1000000000000000026 id: 2618
processing event: VehicleDepartureEvent, vehicle_id: 10, road_id: 1000000000000000026, offset: 0.000000 id: 2623 at time: 1941.26
Processed event: VehicleDepartureEvent, vehicle_id: 10, road_id: 1000000000000000026, offset: 0.000000 id: 2623
processing event: VehicleDepartureEvent, vehicle_id: 19, road_id: 1000000000000000224, offset: 80.380000 id: 2620 at time: 1944.88
Processed event: VehicleDepartureEvent, vehicle_id: 19, road_id: 1000000000000000224, offset: 80.380000 id: 2620
processing event: VehicleArriveIntersectionEvent, vehicle_id: 7, road_id: 1000000000000000694 id: 2578 at time: 1948.13
Processed event: VehicleArriveIntersectionEvent, vehicle_id: 7, road_id: 1000000000000000694 id: 2578
processing event: VehicleEnterNewRoadEvent, vehicle_id: 7, road_id: 1000000000000000695 id: 2626 at time: 1949.93
Processed event: VehicleEnterNewRoadEvent, vehicle_id: 7, road_id: 1000000000000000695 id: 2626
processing event: VehicleDepartureEvent, vehicle_id: 7, road_id: 1000000000000000695, offset: 0.000000 id: 2627 at time: 1949.93
Processed event: VehicleDepartureEvent, vehicle_id: 7, road_id: 1000000000000000695, offset: 0.000000 id: 2627
Simulator::runFor: now_ = 1949.93 target = 1950
[progress] simulator time = 1950 / 3000
processing event: VehicleArriveIntersectionEvent, vehicle_id: 6, road_id: 1000000000000000188 id: 2564 at time: 1953.03
Processed event: VehicleArriveIntersectionEvent, vehicle_id: 6, road_id: 1000000000000000188 id: 2564
processing event: VehicleArriveIntersectionEvent, vehicle_id: 17, road_id: 1000000000000000021 id: 2614 at time: 1953.57
Processed event: VehicleArriveIntersectionEvent, vehicle_id: 17, road_id: 1000000000000000021 id: 2614
processing event: VehicleEnterNewRoadEvent, vehicle_id: 6, road_id: 1000000000000000074 id: 2629 at time: 1954.83
Processed event: VehicleEnterNewRoadEvent, vehicle_id: 6, road_id: 1000000000000000074 id: 2629
processing event: VehicleDepartureEvent, vehicle_id: 6, road_id: 1000000000000000074, offset: 0.000000 id: 2631 at time: 1954.83
Processed event: VehicleDepartureEvent, vehicle_id: 6, road_id: 1000000000000000074, offset: 0.000000 id: 2631
processing event: VehicleEnterNewRoadEvent, vehicle_id: 17, road_id: 1000000000000001034 id: 2630 at time: 1955.37
Processed event: VehicleEnterNewRoadEvent, vehicle_id: 17, road_id: 1000000000000001034 id: 2630
processing event: VehicleDepartureEvent, vehicle_id: 17, road_id: 1000000000000001034, offset: 0.000000 id: 2633 at time: 1955.37
Processed event: VehicleDepartureEvent, vehicle_id: 17, road_id: 1000000000000001034, offset: 0.000000 id: 2633
Event is not valid: VehicleArriveIntersectionEvent, vehicle_id: 14, road_id: 1000000000000000603 id: 2588 at time: 1955.95
processing event: VehicleArriveIntersectionEvent, vehicle_id: 14, road_id: 1000000000000000603 id: 2609 at time: 1955.95
Processed event: VehicleArriveIntersectionEvent, vehicle_id: 14, road_id: 1000000000000000603 id: 2609
processing event: VehicleEnterNewRoadEvent, vehicle_id: 14, road_id: 1000000000000000512 id: 2635 at time: 1957.75
Processed event: VehicleEnterNewRoadEvent, vehicle_id: 14, road_id: 1000000000000000512 id: 2635
processing event: VehicleDepartureEvent, vehicle_id: 14, road_id: 1000000000000000512, offset: 0.000000 id: 2636 at time: 1957.75
Processed event: VehicleDepartureEvent, vehicle_id: 14, road_id: 1000000000000000512, offset: 0.000000 id: 2636
Simulator::runFor: now_ = 1957.75 target = 1960
[progress] simulator time = 1960 / 3000
processing event: VehicleArriveIntersectionEvent, vehicle_id: 7, road_id: 1000000000000000695 id: 2628 at time: 1960.02
Processed event: VehicleArriveIntersectionEvent, vehicle_id: 7, road_id: 1000000000000000695 id: 2628
processing event: VehicleEnterNewRoadEvent, vehicle_id: 7, road_id: 1000000000000000031 id: 2638 at time: 1961.82
Processed event: VehicleEnterNewRoadEvent, vehicle_id: 7, road_id: 1000000000000000031 id: 2638
processing event: VehicleDepartureEvent, vehicle_id: 7, road_id: 1000000000000000031, offset: 0.000000 id: 2639 at time: 1961.82
Processed event: VehicleDepartureEvent, vehicle_id: 7, road_id: 1000000000000000031, offset: 0.000000 id: 2639
processing event: VehicleArriveIntersectionEvent, vehicle_id: 13, road_id: 1000000000000000248 id: 2590 at time: 1962.4
Processed event: VehicleArriveIntersectionEvent, vehicle_id: 13, road_id: 1000000000000000248 id: 2590
Event is not valid: VehicleArriveIntersectionEvent, vehicle_id: 8, road_id: 1000000000000000498 id: 2574 at time: 1962.86
processing event: VehicleArriveIntersectionEvent, vehicle_id: 8, road_id: 1000000000000000498 id: 2584 at time: 1962.86
Processed event: VehicleArriveIntersectionEvent, vehicle_id: 8, road_id: 1000000000000000498 id: 2584
processing event: VehicleEnterNewRoadEvent, vehicle_id: 13, road_id: 1000000000000000249 id: 2641 at time: 1964.2
Processed event: VehicleEnterNewRoadEvent, vehicle_id: 13, road_id: 1000000000000000249 id: 2641
processing event: VehicleDepartureEvent, vehicle_id: 13, road_id: 1000000000000000249, offset: 0.000000 id: 2644 at time: 1964.2
Processed event: VehicleDepartureEvent, vehicle_id: 13, road_id: 1000000000000000249, offset: 0.000000 id: 2644
processing event: VehicleEnterNewRoadEvent, vehicle_id: 8, road_id: 1000000000000000538 id: 2642 at time: 1964.66
Processed event: VehicleEnterNewRoadEvent, vehicle_id: 8, road_id: 1000000000000000538 id: 2642
processing event: VehicleDepartureEvent, vehicle_id: 8, road_id: 1000000000000000538, offset: 0.000000 id: 2647 at time: 1964.66
Processed event: VehicleDepartureEvent, vehicle_id: 8, road_id: 1000000000000000538, offset: 0.000000 id: 2647
processing event: VehicleArriveIntersectionEvent, vehicle_id: 19, road_id: 1000000000000000224 id: 2625 at time: 1968.75
Processed event: VehicleArriveIntersectionEvent, vehicle_id: 19, road_id: 1000000000000000224 id: 2625
processing event: VehicleArriveIntersectionEvent, vehicle_id: 14, road_id: 1000000000000000512 id: 2637 at time: 1969.81
Processed event: VehicleArriveIntersectionEvent, vehicle_id: 14, road_id: 1000000000000000512 id: 2637
Simulator::runFor: now_ = 1969.81 target = 1970
[progress] simulator time = 1970 / 3000
processing event: VehicleEnterNewRoadEvent, vehicle_id: 19, road_id: 1000000000000000225 id: 2649 at time: 1970.55
Processed event: VehicleEnterNewRoadEvent, vehicle_id: 19, road_id: 1000000000000000225 id: 2649
processing event: VehicleDepartureEvent, vehicle_id: 19, road_id: 1000000000000000225, offset: 0.000000 id: 2651 at time: 1970.55
Processed event: VehicleDepartureEvent, vehicle_id: 19, road_id: 1000000000000000225, offset: 0.000000 id: 2651
processing event: VehicleEnterNewRoadEvent, vehicle_id: 14, road_id: 1000000000000000513 id: 2650 at time: 1971.61
Processed event: VehicleEnterNewRoadEvent, vehicle_id: 14, road_id: 1000000000000000513 id: 2650
processing event: VehicleDepartureEvent, vehicle_id: 14, road_id: 1000000000000000513, offset: 0.000000 id: 2653 at time: 1971.61
Processed event: VehicleDepartureEvent, vehicle_id: 14, road_id: 1000000000000000513, offset: 0.000000 id: 2653
processing event: VehicleArriveIntersectionEvent, vehicle_id: 19, road_id: 1000000000000000225 id: 2652 at time: 1972.89
Processed event: VehicleArriveIntersectionEvent, vehicle_id: 19, road_id: 1000000000000000225 id: 2652
processing event: VehicleEnterNewRoadEvent, vehicle_id: 19, road_id: 1000000000000000226 id: 2655 at time: 1974.69
Processed event: VehicleEnterNewRoadEvent, vehicle_id: 19, road_id: 1000000000000000226 id: 2655
processing event: VehicleDepartureEvent, vehicle_id: 19, road_id: 1000000000000000226, offset: 0.000000 id: 2656 at time: 1974.69
Processed event: VehicleDepartureEvent, vehicle_id: 19, road_id: 1000000000000000226, offset: 0.000000 id: 2656
Simulator::runFor: now_ = 1974.69 target = 1980
[progress] simulator time = 1980 / 3000
processing event: VehicleArriveIntersectionEvent, vehicle_id: 9, road_id: 1000000000000000337 id: 2583 at time: 1980.83
Processed event: VehicleArriveIntersectionEvent, vehicle_id: 9, road_id: 1000000000000000337 id: 2583
processing event: VehicleEnterNewRoadEvent, vehicle_id: 9, road_id: 1000000000000000073 id: 2658 at time: 1982.63
Processed event: VehicleEnterNewRoadEvent, vehicle_id: 9, road_id: 1000000000000000073 id: 2658
processing event: VehicleDepartureEvent, vehicle_id: 9, road_id: 1000000000000000073, offset: 0.000000 id: 2659 at time: 1982.63
Processed event: VehicleDepartureEvent, vehicle_id: 9, road_id: 1000000000000000073, offset: 0.000000 id: 2659
processing event: BusArrivalEvent, vehicle_id: 14, stop_id: 36 id: 2654 at time: 1982.88
Processed event: BusArrivalEvent, vehicle_id: 14, stop_id: 36 id: 2654
processing event: PassengerRouteEndEvent, passenger_id: 6, route_id: 1 id: 2661 at time: 1982.88
Passenger 6 finished all routes
Processed event: PassengerRouteEndEvent, passenger_id: 6, route_id: 1 id: 2661
processing event: PassengerDropoffEvent, passenger_id: 6 id: 2663 at time: 1982.88
Processed event: PassengerDropoffEvent, passenger_id: 6 id: 2663
processing event: OrderFinishedEvent, order_id: 6 id: 2664 at time: 1982.88
Processed event: OrderFinishedEvent, order_id: 6 id: 2664
processing event: VehicleArriveIntersectionEvent, vehicle_id: 20, road_id: 1000000000000000341 id: 2607 at time: 1983.4
Processed event: VehicleArriveIntersectionEvent, vehicle_id: 20, road_id: 1000000000000000341 id: 2607
processing event: VehicleEnterNewRoadEvent, vehicle_id: 20, road_id: 1000000000000000243 id: 2665 at time: 1985.2
Processed event: VehicleEnterNewRoadEvent, vehicle_id: 20, road_id: 1000000000000000243 id: 2665
processing event: VehicleDepartureEvent, vehicle_id: 20, road_id: 1000000000000000243, offset: 0.000000 id: 2666 at time: 1985.2
Processed event: VehicleDepartureEvent, vehicle_id: 20, road_id: 1000000000000000243, offset: 0.000000 id: 2666
processing event: VehicleArriveIntersectionEvent, vehicle_id: 8, road_id: 1000000000000000538 id: 2648 at time: 1986.08
Processed event: VehicleArriveIntersectionEvent, vehicle_id: 8, road_id: 1000000000000000538 id: 2648
processing event: VehicleArriveIntersectionEvent, vehicle_id: 18, road_id: 1000000000000001048 id: 2617 at time: 1986.17
Processed event: VehicleArriveIntersectionEvent, vehicle_id: 18, road_id: 1000000000000001048 id: 2617
Event is not valid: VehicleCheckPointEvent, vehicle_id: 11 id: 2643 at time: 1987.07
processing event: VehicleDepartureEvent, vehicle_id: 14, road_id: 1000000000000000513, offset: 62.570000 id: 2662 at time: 1987.88
Processed event: VehicleDepartureEvent, vehicle_id: 14, road_id: 1000000000000000513, offset: 62.570000 id: 2662
processing event: VehicleEnterNewRoadEvent, vehicle_id: 8, road_id: 1000000000000000545 id: 2668 at time: 1987.88
Processed event: VehicleEnterNewRoadEvent, vehicle_id: 8, road_id: 1000000000000000545 id: 2668
processing event: VehicleDepartureEvent, vehicle_id: 8, road_id: 1000000000000000545, offset: 0.000000 id: 2671 at time: 1987.88
Processed event: VehicleDepartureEvent, vehicle_id: 8, road_id: 1000000000000000545, offset: 0.000000 id: 2671
processing event: VehicleEnterNewRoadEvent, vehicle_id: 18, road_id: 1000000000000001047 id: 2669 at time: 1987.97
Processed event: VehicleEnterNewRoadEvent, vehicle_id: 18, road_id: 1000000000000001047 id: 2669
processing event: VehicleDepartureEvent, vehicle_id: 18, road_id: 1000000000000001047, offset: 0.000000 id: 2673 at time: 1987.97
Processed event: VehicleDepartureEvent, vehicle_id: 18, road_id: 1000000000000001047, offset: 0.000000 id: 2673
processing event: VehicleArriveIntersectionEvent, vehicle_id: 11, road_id: 1000000000000000498 id: 2646 at time: 1988.51
Processed event: VehicleArriveIntersectionEvent, vehicle_id: 11, road_id: 1000000000000000498 id: 2646
Simulator::runFor: now_ = 1988.51 target = 1990
[progress] simulator time = 1990 / 3000
processing event: VehicleEnterNewRoadEvent, vehicle_id: 11, road_id: 1000000000000000507 id: 2675 at time: 1990.31
Processed event: VehicleEnterNewRoadEvent, vehicle_id: 11, road_id: 1000000000000000507 id: 2675
processing event: VehicleDepartureEvent, vehicle_id: 11, road_id: 1000000000000000507, offset: 0.000000 id: 2676 at time: 1990.31
Processed event: VehicleDepartureEvent, vehicle_id: 11, road_id: 1000000000000000507, offset: 0.000000 id: 2676
processing event: VehicleArriveIntersectionEvent, vehicle_id: 17, road_id: 1000000000000001034 id: 2634 at time: 1995.51
Processed event: VehicleArriveIntersectionEvent, vehicle_id: 17, road_id: 1000000000000001034 id: 2634
processing event: VehicleArriveIntersectionEvent, vehicle_id: 8, road_id: 1000000000000000545 id: 2672 at time: 1996.71
Processed event: VehicleArriveIntersectionEvent, vehicle_id: 8, road_id: 1000000000000000545 id: 2672
processing event: VehicleEnterNewRoadEvent, vehicle_id: 17, road_id: 1000000000000001033 id: 2678 at time: 1997.31
Processed event: VehicleEnterNewRoadEvent, vehicle_id: 17, road_id: 1000000000000001033 id: 2678
processing event: VehicleDepartureEvent, vehicle_id: 17, road_id: 1000000000000001033, offset: 0.000000 id: 2680 at time: 1997.31
Processed event: VehicleDepartureEvent, vehicle_id: 17, road_id: 1000000000000001033, offset: 0.000000 id: 2680
processing event: VehicleEnterNewRoadEvent, vehicle_id: 8, road_id: 1000000000000000539 id: 2679 at time: 1998.51
Processed event: VehicleEnterNewRoadEvent, vehicle_id: 8, road_id: 1000000000000000539 id: 2679
processing event: VehicleDepartureEvent, vehicle_id: 8, road_id: 1000000000000000539, offset: 0.000000 id: 2682 at time: 1998.51
Processed event: VehicleDepartureEvent, vehicle_id: 8, road_id: 1000000000000000539, offset: 0.000000 id: 2682
Simulator::runFor: now_ = 1998.51 target = 2000
[progress] simulator time = 2000 / 3000
processing event: VehicleArriveIntersectionEvent, vehicle_id: 19, road_id: 1000000000000000226 id: 2657 at time: 2001.15
Processed event: VehicleArriveIntersectionEvent, vehicle_id: 19, road_id: 1000000000000000226 id: 2657
processing event: VehicleEnterNewRoadEvent, vehicle_id: 19, road_id: 1000000000000000228 id: 2684 at time: 2002.95
Processed event: VehicleEnterNewRoadEvent, vehicle_id: 19, road_id: 1000000000000000228 id: 2684
processing event: VehicleDepartureEvent, vehicle_id: 19, road_id: 1000000000000000228, offset: 0.000000 id: 2685 at time: 2002.95
Processed event: VehicleDepartureEvent, vehicle_id: 19, road_id: 1000000000000000228, offset: 0.000000 id: 2685
processing event: VehicleArriveIntersectionEvent, vehicle_id: 7, road_id: 1000000000000000031 id: 2640 at time: 2004.3
Processed event: VehicleArriveIntersectionEvent, vehicle_id: 7, road_id: 1000000000000000031 id: 2640
processing event: BusArrivalEvent, vehicle_id: 9, stop_id: 97 id: 2660 at time: 2005.6
Processed event: BusArrivalEvent, vehicle_id: 9, stop_id: 97 id: 2660
processing event: PassengerRouteEndEvent, passenger_id: 13, route_id: 1 id: 2688 at time: 2005.6
Passenger 13 finished all routes
Processed event: PassengerRouteEndEvent, passenger_id: 13, route_id: 1 id: 2688
processing event: PassengerDropoffEvent, passenger_id: 13 id: 2690 at time: 2005.6
Processed event: PassengerDropoffEvent, passenger_id: 13 id: 2690
processing event: OrderFinishedEvent, order_id: 13 id: 2691 at time: 2005.6
Processed event: OrderFinishedEvent, order_id: 13 id: 2691
processing event: VehicleEnterNewRoadEvent, vehicle_id: 7, road_id: 1000000000000000032 id: 2687 at time: 2006.1
Processed event: VehicleEnterNewRoadEvent, vehicle_id: 7, road_id: 1000000000000000032 id: 2687
processing event: VehicleDepartureEvent, vehicle_id: 7, road_id: 1000000000000000032, offset: 0.000000 id: 2692 at time: 2006.1
Processed event: VehicleDepartureEvent, vehicle_id: 7, road_id: 1000000000000000032, offset: 0.000000 id: 2692
processing event: VehicleArriveIntersectionEvent, vehicle_id: 13, road_id: 1000000000000000249 id: 2645 at time: 2008.66
Processed event: VehicleArriveIntersectionEvent, vehicle_id: 13, road_id: 1000000000000000249 id: 2645
processing event: VehicleArriveIntersectionEvent, vehicle_id: 10, road_id: 1000000000000000026 id: 2624 at time: 2009.31
Processed event: VehicleArriveIntersectionEvent, vehicle_id: 10, road_id: 1000000000000000026 id: 2624
Simulator::runFor: now_ = 2009.31 target = 2010
[progress] simulator time = 2010 / 3000
processing event: VehicleEnterNewRoadEvent, vehicle_id: 13, road_id: 1000000000000000229 id: 2694 at time: 2010.46
Processed event: VehicleEnterNewRoadEvent, vehicle_id: 13, road_id: 1000000000000000229 id: 2694
processing event: VehicleDepartureEvent, vehicle_id: 13, road_id: 1000000000000000229, offset: 0.000000 id: 2696 at time: 2010.46
Processed event: VehicleDepartureEvent, vehicle_id: 13, road_id: 1000000000000000229, offset: 0.000000 id: 2696
processing event: VehicleDepartureEvent, vehicle_id: 9, road_id: 1000000000000000073, offset: 127.590000 id: 2689 at time: 2010.6
Processed event: VehicleDepartureEvent, vehicle_id: 9, road_id: 1000000000000000073, offset: 127.590000 id: 2689
processing event: VehicleEnterNewRoadEvent, vehicle_id: 10, road_id: 1000000000000001053 id: 2695 at time: 2011.11
Processed event: VehicleEnterNewRoadEvent, vehicle_id: 10, road_id: 1000000000000001053 id: 2695
processing event: VehicleDepartureEvent, vehicle_id: 10, road_id: 1000000000000001053, offset: 0.000000 id: 2699 at time: 2011.11
Processed event: VehicleDepartureEvent, vehicle_id: 10, road_id: 1000000000000001053, offset: 0.000000 id: 2699
processing event: VehicleArriveIntersectionEvent, vehicle_id: 6, road_id: 1000000000000000074 id: 2632 at time: 2011.54
Processed event: VehicleArriveIntersectionEvent, vehicle_id: 6, road_id: 1000000000000000074 id: 2632
processing event: VehicleEnterNewRoadEvent, vehicle_id: 6, road_id: 1000000000000000701 id: 2701 at time: 2013.34
Processed event: VehicleEnterNewRoadEvent, vehicle_id: 6, road_id: 1000000000000000701 id: 2701
processing event: VehicleDepartureEvent, vehicle_id: 6, road_id: 1000000000000000701, offset: 0.000000 id: 2702 at time: 2013.34
Processed event: VehicleDepartureEvent, vehicle_id: 6, road_id: 1000000000000000701, offset: 0.000000 id: 2702
processing event: VehicleArriveIntersectionEvent, vehicle_id: 14, road_id: 1000000000000000513 id: 2670 at time: 2017.84
Processed event: VehicleArriveIntersectionEvent, vehicle_id: 14, road_id: 1000000000000000513 id: 2670
processing event: VehicleEnterNewRoadEvent, vehicle_id: 14, road_id: 1000000000000000439 id: 2704 at time: 2019.64
Processed event: VehicleEnterNewRoadEvent, vehicle_id: 14, road_id: 1000000000000000439 id: 2704
processing event: VehicleDepartureEvent, vehicle_id: 14, road_id: 1000000000000000439, offset: 0.000000 id: 2705 at time: 2019.64
Processed event: VehicleDepartureEvent, vehicle_id: 14, road_id: 1000000000000000439, offset: 0.000000 id: 2705
Simulator::runFor: now_ = 2019.64 target = 2020
[progress] simulator time = 2020 / 3000
processing event: VehicleArriveIntersectionEvent, vehicle_id: 6, road_id: 1000000000000000701 id: 2703 at time: 2021.8
Processed event: VehicleArriveIntersectionEvent, vehicle_id: 6, road_id: 1000000000000000701 id: 2703
processing event: VehicleArriveIntersectionEvent, vehicle_id: 8, road_id: 1000000000000000539 id: 2683 at time: 2023.17
Processed event: VehicleArriveIntersectionEvent, vehicle_id: 8, road_id: 1000000000000000539 id: 2683
processing event: VehicleEnterNewRoadEvent, vehicle_id: 6, road_id: 1000000000000000700 id: 2707 at time: 2023.6
Processed event: VehicleEnterNewRoadEvent, vehicle_id: 6, road_id: 1000000000000000700 id: 2707
processing event: VehicleDepartureEvent, vehicle_id: 6, road_id: 1000000000000000700, offset: 0.000000 id: 2709 at time: 2023.6
Processed event: VehicleDepartureEvent, vehicle_id: 6, road_id: 1000000000000000700, offset: 0.000000 id: 2709
processing event: VehicleEnterNewRoadEvent, vehicle_id: 8, road_id: 1000000000000000541 id: 2708 at time: 2024.97
Processed event: VehicleEnterNewRoadEvent, vehicle_id: 8, road_id: 1000000000000000541 id: 2708
processing event: VehicleDepartureEvent, vehicle_id: 8, road_id: 1000000000000000541, offset: 0.000000 id: 2711 at time: 2024.97
Processed event: VehicleDepartureEvent, vehicle_id: 8, road_id: 1000000000000000541, offset: 0.000000 id: 2711
processing event: VehicleArriveIntersectionEvent, vehicle_id: 17, road_id: 1000000000000001033 id: 2681 at time: 2029.17
Processed event: VehicleArriveIntersectionEvent, vehicle_id: 17, road_id: 1000000000000001033 id: 2681
Simulator::runFor: now_ = 2029.17 target = 2030
[progress] simulator time = 2030 / 3000
processing event: VehicleEnterNewRoadEvent, vehicle_id: 17, road_id: 1000000000000000250 id: 2713 at time: 2030.97
Processed event: VehicleEnterNewRoadEvent, vehicle_id: 17, road_id: 1000000000000000250 id: 2713
processing event: VehicleDepartureEvent, vehicle_id: 17, road_id: 1000000000000000250, offset: 0.000000 id: 2714 at time: 2030.97
Processed event: VehicleDepartureEvent, vehicle_id: 17, road_id: 1000000000000000250, offset: 0.000000 id: 2714
processing event: VehicleArriveIntersectionEvent, vehicle_id: 14, road_id: 1000000000000000439 id: 2706 at time: 2036.56
Processed event: VehicleArriveIntersectionEvent, vehicle_id: 14, road_id: 1000000000000000439 id: 2706
processing event: VehicleEnterNewRoadEvent, vehicle_id: 14, road_id: 1000000000000000503 id: 2716 at time: 2038.36
Processed event: VehicleEnterNewRoadEvent, vehicle_id: 14, road_id: 1000000000000000503 id: 2716
processing event: VehicleDepartureEvent, vehicle_id: 14, road_id: 1000000000000000503, offset: 0.000000 id: 2717 at time: 2038.36
Processed event: VehicleDepartureEvent, vehicle_id: 14, road_id: 1000000000000000503, offset: 0.000000 id: 2717
Simulator::runFor: now_ = 2038.36 target = 2040
[progress] simulator time = 2040 / 3000
processing event: VehicleArriveIntersectionEvent, vehicle_id: 8, road_id: 1000000000000000541 id: 2712 at time: 2042.25
Processed event: VehicleArriveIntersectionEvent, vehicle_id: 8, road_id: 1000000000000000541 id: 2712
processing event: VehicleEnterNewRoadEvent, vehicle_id: 8, road_id: 1000000000000000542 id: 2719 at time: 2044.05
Processed event: VehicleEnterNewRoadEvent, vehicle_id: 8, road_id: 1000000000000000542 id: 2719
processing event: VehicleDepartureEvent, vehicle_id: 8, road_id: 1000000000000000542, offset: 0.000000 id: 2720 at time: 2044.05
Processed event: VehicleDepartureEvent, vehicle_id: 8, road_id: 1000000000000000542, offset: 0.000000 id: 2720
processing event: VehicleArriveIntersectionEvent, vehicle_id: 18, road_id: 1000000000000001047 id: 2674 at time: 2045.04
Processed event: VehicleArriveIntersectionEvent, vehicle_id: 18, road_id: 1000000000000001047 id: 2674
processing event: VehicleArriveIntersectionEvent, vehicle_id: 6, road_id: 1000000000000000700 id: 2710 at time: 2045.92
Processed event: VehicleArriveIntersectionEvent, vehicle_id: 6, road_id: 1000000000000000700 id: 2710
processing event: BusArrivalEvent, vehicle_id: 13, stop_id: 251 id: 2697 at time: 2046.78
Processed event: BusArrivalEvent, vehicle_id: 13, stop_id: 251 id: 2697
processing event: PassengerOnboardEvent, passenger_id: 27 id: 2724 at time: 2046.78
Processed event: PassengerOnboardEvent, passenger_id: 27 id: 2724
processing event: VehicleEnterNewRoadEvent, vehicle_id: 18, road_id: 1000000000000001046 id: 2722 at time: 2046.84
Processed event: VehicleEnterNewRoadEvent, vehicle_id: 18, road_id: 1000000000000001046 id: 2722
processing event: VehicleDepartureEvent, vehicle_id: 18, road_id: 1000000000000001046, offset: 0.000000 id: 2726 at time: 2046.84
Processed event: VehicleDepartureEvent, vehicle_id: 18, road_id: 1000000000000001046, offset: 0.000000 id: 2726
processing event: VehicleEnterNewRoadEvent, vehicle_id: 6, road_id: 1000000000000000209 id: 2723 at time: 2047.72
Processed event: VehicleEnterNewRoadEvent, vehicle_id: 6, road_id: 1000000000000000209 id: 2723
processing event: VehicleDepartureEvent, vehicle_id: 6, road_id: 1000000000000000209, offset: 0.000000 id: 2728 at time: 2047.72
Processed event: VehicleDepartureEvent, vehicle_id: 6, road_id: 1000000000000000209, offset: 0.000000 id: 2728
Simulator::runFor: now_ = 2047.72 target = 2050
[progress] simulator time = 2050 / 3000
processing event: VehicleDepartureEvent, vehicle_id: 13, road_id: 1000000000000000229, offset: 201.720000 id: 2725 at time: 2051.78
Processed event: VehicleDepartureEvent, vehicle_id: 13, road_id: 1000000000000000229, offset: 201.720000 id: 2725
processing event: VehicleArriveIntersectionEvent, vehicle_id: 7, road_id: 1000000000000000032 id: 2693 at time: 2052.72
Processed event: VehicleArriveIntersectionEvent, vehicle_id: 7, road_id: 1000000000000000032 id: 2693
processing event: VehicleArriveIntersectionEvent, vehicle_id: 9, road_id: 1000000000000000073 id: 2698 at time: 2053.34
Processed event: VehicleArriveIntersectionEvent, vehicle_id: 9, road_id: 1000000000000000073 id: 2698
processing event: VehicleEnterNewRoadEvent, vehicle_id: 7, road_id: 1000000000000001034 id: 2731 at time: 2054.52
Processed event: VehicleEnterNewRoadEvent, vehicle_id: 7, road_id: 1000000000000001034 id: 2731
processing event: VehicleDepartureEvent, vehicle_id: 7, road_id: 1000000000000001034, offset: 0.000000 id: 2733 at time: 2054.52
Processed event: VehicleDepartureEvent, vehicle_id: 7, road_id: 1000000000000001034, offset: 0.000000 id: 2733
processing event: VehicleEnterNewRoadEvent, vehicle_id: 9, road_id: 1000000000000000074 id: 2732 at time: 2055.14
Processed event: VehicleEnterNewRoadEvent, vehicle_id: 9, road_id: 1000000000000000074 id: 2732
processing event: VehicleDepartureEvent, vehicle_id: 9, road_id: 1000000000000000074, offset: 0.000000 id: 2735 at time: 2055.14
Processed event: VehicleDepartureEvent, vehicle_id: 9, road_id: 1000000000000000074, offset: 0.000000 id: 2735
processing event: VehicleArriveIntersectionEvent, vehicle_id: 14, road_id: 1000000000000000503 id: 2718 at time: 2057.62
Processed event: VehicleArriveIntersectionEvent, vehicle_id: 14, road_id: 1000000000000000503 id: 2718
processing event: VehicleEnterNewRoadEvent, vehicle_id: 14, road_id: 1000000000000000504 id: 2737 at time: 2059.42
Processed event: VehicleEnterNewRoadEvent, vehicle_id: 14, road_id: 1000000000000000504 id: 2737
processing event: VehicleDepartureEvent, vehicle_id: 14, road_id: 1000000000000000504, offset: 0.000000 id: 2738 at time: 2059.42
Processed event: VehicleDepartureEvent, vehicle_id: 14, road_id: 1000000000000000504, offset: 0.000000 id: 2738
Simulator::runFor: now_ = 2059.42 target = 2060
[progress] simulator time = 2060 / 3000
processing event: VehicleArriveIntersectionEvent, vehicle_id: 10, road_id: 1000000000000001053 id: 2700 at time: 2060.62
Processed event: VehicleArriveIntersectionEvent, vehicle_id: 10, road_id: 1000000000000001053 id: 2700
processing event: PassengerRouteStartEvent, passenger_id: 40, route_id: 1 id: 39 at time: 2061
Processed event: PassengerRouteStartEvent, passenger_id: 40, route_id: 1 id: 39
processing event: OrderCreatedEvent, order_id: 40, available_pickups: 74 , available_dropoffs: 125 , passenger_id: 40, route_id: 1, passenger_num: 0 id: 2741 at time: 2061
Processed event: OrderCreatedEvent, order_id: 40, available_pickups: 74 , available_dropoffs: 125 , passenger_id: 40, route_id: 1, passenger_num: 3 id: 2741
processing event: VehicleEnterNewRoadEvent, vehicle_id: 10, road_id: 1000000000000001183 id: 2740 at time: 2062.42
Processed event: VehicleEnterNewRoadEvent, vehicle_id: 10, road_id: 1000000000000001183 id: 2740
processing event: VehicleDepartureEvent, vehicle_id: 10, road_id: 1000000000000001183, offset: 0.000000 id: 2742 at time: 2062.42
Processed event: VehicleDepartureEvent, vehicle_id: 10, road_id: 1000000000000001183, offset: 0.000000 id: 2742
processing event: PassengerRouteStartEvent, passenger_id: 41, route_id: 1 id: 40 at time: 2065
Processed event: PassengerRouteStartEvent, passenger_id: 41, route_id: 1 id: 40
processing event: OrderCreatedEvent, order_id: 41, available_pickups: 77 , available_dropoffs: 281 , passenger_id: 41, route_id: 1, passenger_num: 0 id: 2744 at time: 2065
Processed event: OrderCreatedEvent, order_id: 41, available_pickups: 77 , available_dropoffs: 281 , passenger_id: 41, route_id: 1, passenger_num: 3 id: 2744
processing event: VehicleArriveIntersectionEvent, vehicle_id: 8, road_id: 1000000000000000542 id: 2721 at time: 2069.43
Processed event: VehicleArriveIntersectionEvent, vehicle_id: 8, road_id: 1000000000000000542 id: 2721
Simulator::runFor: now_ = 2069.43 target = 2070
[progress] simulator time = 2070 / 3000
processing event: OrderMatchedEvent, order_id: 41, vehicle_id: 12 id: 2746 at time: 2070
Processed event: OrderMatchedEvent, order_id: 41, vehicle_id: 12 id: 2746
processing event: VehicleDepartureEvent, vehicle_id: 12, road_id: 1000000000000000032, offset: 55.060000 id: 2747 at time: 2070
Processed event: VehicleDepartureEvent, vehicle_id: 12, road_id: 1000000000000000032, offset: 55.060000 id: 2747
processing event: OrderMatchedEvent, order_id: 40, vehicle_id: 4 id: 2748 at time: 2070
Processed event: OrderMatchedEvent, order_id: 40, vehicle_id: 4 id: 2748
processing event: VehicleDepartureEvent, vehicle_id: 4, road_id: 1000000000000000260, offset: 139.200000 id: 2749 at time: 2070
Processed event: VehicleDepartureEvent, vehicle_id: 4, road_id: 1000000000000000260, offset: 139.200000 id: 2749
processing event: PassengerArrivalEvent, passenger_id: 41 id: 2750 at time: 2070
Processed event: PassengerArrivalEvent, passenger_id: 41 id: 2750
processing event: PassengerArrivalEvent, passenger_id: 40 id: 2752 at time: 2070
Processed event: PassengerArrivalEvent, passenger_id: 40 id: 2752
processing event: VehicleEnterNewRoadEvent, vehicle_id: 8, road_id: 1000000000000000144 id: 2745 at time: 2071.23
Processed event: VehicleEnterNewRoadEvent, vehicle_id: 8, road_id: 1000000000000000144 id: 2745
processing event: VehicleDepartureEvent, vehicle_id: 8, road_id: 1000000000000000144, offset: 0.000000 id: 2754 at time: 2071.23
Processed event: VehicleDepartureEvent, vehicle_id: 8, road_id: 1000000000000000144, offset: 0.000000 id: 2754
processing event: VehicleArriveIntersectionEvent, vehicle_id: 4, road_id: 1000000000000000260 id: 2753 at time: 2075.72
Processed event: VehicleArriveIntersectionEvent, vehicle_id: 4, road_id: 1000000000000000260 id: 2753
processing event: VehicleArriveIntersectionEvent, vehicle_id: 20, road_id: 1000000000000000243 id: 2667 at time: 2077.01
Processed event: VehicleArriveIntersectionEvent, vehicle_id: 20, road_id: 1000000000000000243 id: 2667
processing event: VehicleArriveIntersectionEvent, vehicle_id: 18, road_id: 1000000000000001046 id: 2727 at time: 2077.08
Processed event: VehicleArriveIntersectionEvent, vehicle_id: 18, road_id: 1000000000000001046 id: 2727
processing event: VehicleEnterNewRoadEvent, vehicle_id: 4, road_id: 1000000000000000261 id: 2756 at time: 2077.52
Processed event: VehicleEnterNewRoadEvent, vehicle_id: 4, road_id: 1000000000000000261 id: 2756
processing event: VehicleDepartureEvent, vehicle_id: 4, road_id: 1000000000000000261, offset: 0.000000 id: 2759 at time: 2077.52
Processed event: VehicleDepartureEvent, vehicle_id: 4, road_id: 1000000000000000261, offset: 0.000000 id: 2759
processing event: VehicleEnterNewRoadEvent, vehicle_id: 20, road_id: 1000000000000000244 id: 2757 at time: 2078.81
Processed event: VehicleEnterNewRoadEvent, vehicle_id: 20, road_id: 1000000000000000244 id: 2757
processing event: VehicleDepartureEvent, vehicle_id: 20, road_id: 1000000000000000244, offset: 0.000000 id: 2761 at time: 2078.81
Processed event: VehicleDepartureEvent, vehicle_id: 20, road_id: 1000000000000000244, offset: 0.000000 id: 2761
processing event: VehicleEnterNewRoadEvent, vehicle_id: 18, road_id: 1000000000000001045 id: 2758 at time: 2078.88
Processed event: VehicleEnterNewRoadEvent, vehicle_id: 18, road_id: 1000000000000001045 id: 2758
processing event: VehicleDepartureEvent, vehicle_id: 18, road_id: 1000000000000001045, offset: 0.000000 id: 2763 at time: 2078.88
Processed event: VehicleDepartureEvent, vehicle_id: 18, road_id: 1000000000000001045, offset: 0.000000 id: 2763
processing event: PassengerRouteStartEvent, passenger_id: 42, route_id: 1 id: 41 at time: 2079
Processed event: PassengerRouteStartEvent, passenger_id: 42, route_id: 1 id: 41
processing event: OrderCreatedEvent, order_id: 42, available_pickups: 270 , available_dropoffs: 52 , passenger_id: 42, route_id: 1, passenger_num: 0 id: 2765 at time: 2079
Processed event: OrderCreatedEvent, order_id: 42, available_pickups: 270 , available_dropoffs: 52 , passenger_id: 42, route_id: 1, passenger_num: 1 id: 2765
processing event: VehicleArriveIntersectionEvent, vehicle_id: 19, road_id: 1000000000000000228 id: 2686 at time: 2079.1
Processed event: VehicleArriveIntersectionEvent, vehicle_id: 19, road_id: 1000000000000000228 id: 2686
Simulator::runFor: now_ = 2079.1 target = 2080
[progress] simulator time = 2080 / 3000
processing event: OrderMatchedEvent, order_id: 42, vehicle_id: 17 id: 2767 at time: 2080
Processed event: OrderMatchedEvent, order_id: 42, vehicle_id: 17 id: 2767
processing event: PassengerArrivalEvent, passenger_id: 42 id: 2769 at time: 2080
Processed event: PassengerArrivalEvent, passenger_id: 42 id: 2769
processing event: VehicleEnterNewRoadEvent, vehicle_id: 19, road_id: 1000000000000001095 id: 2766 at time: 2080.9
Processed event: VehicleEnterNewRoadEvent, vehicle_id: 19, road_id: 1000000000000001095 id: 2766
processing event: VehicleDepartureEvent, vehicle_id: 19, road_id: 1000000000000001095, offset: 0.000000 id: 2770 at time: 2080.9
Processed event: VehicleDepartureEvent, vehicle_id: 19, road_id: 1000000000000001095, offset: 0.000000 id: 2770
processing event: VehicleArriveIntersectionEvent, vehicle_id: 11, road_id: 1000000000000000507 id: 2677 at time: 2088.24
Processed event: VehicleArriveIntersectionEvent, vehicle_id: 11, road_id: 1000000000000000507 id: 2677
Simulator::runFor: now_ = 2088.24 target = 2090
[progress] simulator time = 2090 / 3000
processing event: VehicleEnterNewRoadEvent, vehicle_id: 11, road_id: 1000000000000000436 id: 2772 at time: 2090.04
Processed event: VehicleEnterNewRoadEvent, vehicle_id: 11, road_id: 1000000000000000436 id: 2772
processing event: VehicleDepartureEvent, vehicle_id: 11, road_id: 1000000000000000436, offset: 0.000000 id: 2773 at time: 2090.04
Processed event: VehicleDepartureEvent, vehicle_id: 11, road_id: 1000000000000000436, offset: 0.000000 id: 2773
processing event: VehicleArriveIntersectionEvent, vehicle_id: 14, road_id: 1000000000000000504 id: 2739 at time: 2091.1
Processed event: VehicleArriveIntersectionEvent, vehicle_id: 14, road_id: 1000000000000000504 id: 2739
processing event: VehicleEnterNewRoadEvent, vehicle_id: 14, road_id: 1000000000000000505 id: 2775 at time: 2092.9
Processed event: VehicleEnterNewRoadEvent, vehicle_id: 14, road_id: 1000000000000000505 id: 2775
processing event: VehicleDepartureEvent, vehicle_id: 14, road_id: 1000000000000000505, offset: 0.000000 id: 2776 at time: 2092.9
Processed event: VehicleDepartureEvent, vehicle_id: 14, road_id: 1000000000000000505, offset: 0.000000 id: 2776
processing event: VehicleArriveIntersectionEvent, vehicle_id: 7, road_id: 1000000000000001034 id: 2734 at time: 2094.67
Processed event: VehicleArriveIntersectionEvent, vehicle_id: 7, road_id: 1000000000000001034 id: 2734
processing event: VehicleEnterNewRoadEvent, vehicle_id: 7, road_id: 1000000000000000021 id: 2778 at time: 2096.47
Processed event: VehicleEnterNewRoadEvent, vehicle_id: 7, road_id: 1000000000000000021 id: 2778
processing event: VehicleDepartureEvent, vehicle_id: 7, road_id: 1000000000000000021, offset: 0.000000 id: 2779 at time: 2096.47
Processed event: VehicleDepartureEvent, vehicle_id: 7, road_id: 1000000000000000021, offset: 0.000000 id: 2779
Event is not valid: VehicleArriveIntersectionEvent, vehicle_id: 17, road_id: 1000000000000000250 id: 2715 at time: 2096.68
processing event: VehicleArriveIntersectionEvent, vehicle_id: 17, road_id: 1000000000000000250 id: 2768 at time: 2096.68
Processed event: VehicleArriveIntersectionEvent, vehicle_id: 17, road_id: 1000000000000000250 id: 2768
processing event: VehicleArriveIntersectionEvent, vehicle_id: 11, road_id: 1000000000000000436 id: 2774 at time: 2097.42
Processed event: VehicleArriveIntersectionEvent, vehicle_id: 11, road_id: 1000000000000000436 id: 2774
processing event: VehicleArriveIntersectionEvent, vehicle_id: 14, road_id: 1000000000000000505 id: 2777 at time: 2098.12
Processed event: VehicleArriveIntersectionEvent, vehicle_id: 14, road_id: 1000000000000000505 id: 2777
processing event: VehicleEnterNewRoadEvent, vehicle_id: 17, road_id: 1000000000000000324 id: 2781 at time: 2098.48
Processed event: VehicleEnterNewRoadEvent, vehicle_id: 17, road_id: 1000000000000000324 id: 2781
processing event: VehicleDepartureEvent, vehicle_id: 17, road_id: 1000000000000000324, offset: 0.000000 id: 2784 at time: 2098.48
Processed event: VehicleDepartureEvent, vehicle_id: 17, road_id: 1000000000000000324, offset: 0.000000 id: 2784
processing event: VehicleEnterNewRoadEvent, vehicle_id: 11, road_id: 1000000000000000438 id: 2782 at time: 2099.22
Processed event: VehicleEnterNewRoadEvent, vehicle_id: 11, road_id: 1000000000000000438 id: 2782
processing event: VehicleDepartureEvent, vehicle_id: 11, road_id: 1000000000000000438, offset: 0.000000 id: 2786 at time: 2099.22
Processed event: VehicleDepartureEvent, vehicle_id: 11, road_id: 1000000000000000438, offset: 0.000000 id: 2786
processing event: VehicleEnterNewRoadEvent, vehicle_id: 14, road_id: 1000000000000000506 id: 2783 at time: 2099.92
Processed event: VehicleEnterNewRoadEvent, vehicle_id: 14, road_id: 1000000000000000506 id: 2783
processing event: VehicleDepartureEvent, vehicle_id: 14, road_id: 1000000000000000506, offset: 0.000000 id: 2788 at time: 2099.92
Processed event: VehicleDepartureEvent, vehicle_id: 14, road_id: 1000000000000000506, offset: 0.000000 id: 2788
Simulator::runFor: now_ = 2099.92 target = 2100
[progress] simulator time = 2100 / 3000
processing event: VehicleArriveIntersectionEvent, vehicle_id: 13, road_id: 1000000000000000229 id: 2730 at time: 2102.95
Processed event: VehicleArriveIntersectionEvent, vehicle_id: 13, road_id: 1000000000000000229 id: 2730
processing event: VehicleEnterNewRoadEvent, vehicle_id: 13, road_id: 1000000000000001036 id: 2790 at time: 2104.75
Processed event: VehicleEnterNewRoadEvent, vehicle_id: 13, road_id: 1000000000000001036 id: 2790
processing event: VehicleDepartureEvent, vehicle_id: 13, road_id: 1000000000000001036, offset: 0.000000 id: 2791 at time: 2104.75
Processed event: VehicleDepartureEvent, vehicle_id: 13, road_id: 1000000000000001036, offset: 0.000000 id: 2791
processing event: VehicleArriveIntersectionEvent, vehicle_id: 12, road_id: 1000000000000000032 id: 2751 at time: 2106.71
Processed event: VehicleArriveIntersectionEvent, vehicle_id: 12, road_id: 1000000000000000032 id: 2751
processing event: VehicleEnterNewRoadEvent, vehicle_id: 12, road_id: 1000000000000000022 id: 2793 at time: 2108.51
Processed event: VehicleEnterNewRoadEvent, vehicle_id: 12, road_id: 1000000000000000022 id: 2793
processing event: VehicleDepartureEvent, vehicle_id: 12, road_id: 1000000000000000022, offset: 0.000000 id: 2794 at time: 2108.51
Processed event: VehicleDepartureEvent, vehicle_id: 12, road_id: 1000000000000000022, offset: 0.000000 id: 2794
processing event: VehicleArriveIntersectionEvent, vehicle_id: 10, road_id: 1000000000000001183 id: 2743 at time: 2108.86
Processed event: VehicleArriveIntersectionEvent, vehicle_id: 10, road_id: 1000000000000001183 id: 2743
Simulator::runFor: now_ = 2108.86 target = 2110
[progress] simulator time = 2110 / 3000
processing event: VehicleEnterNewRoadEvent, vehicle_id: 10, road_id: 1000000000000000115 id: 2796 at time: 2110.66
Processed event: VehicleEnterNewRoadEvent, vehicle_id: 10, road_id: 1000000000000000115 id: 2796
processing event: VehicleDepartureEvent, vehicle_id: 10, road_id: 1000000000000000115, offset: 0.000000 id: 2797 at time: 2110.66
Processed event: VehicleDepartureEvent, vehicle_id: 10, road_id: 1000000000000000115, offset: 0.000000 id: 2797
processing event: VehicleArriveIntersectionEvent, vehicle_id: 9, road_id: 1000000000000000074 id: 2736 at time: 2111.85
Processed event: VehicleArriveIntersectionEvent, vehicle_id: 9, road_id: 1000000000000000074 id: 2736
processing event: VehicleEnterNewRoadEvent, vehicle_id: 9, road_id: 1000000000000000701 id: 2799 at time: 2113.65
Processed event: VehicleEnterNewRoadEvent, vehicle_id: 9, road_id: 1000000000000000701 id: 2799
processing event: VehicleDepartureEvent, vehicle_id: 9, road_id: 1000000000000000701, offset: 0.000000 id: 2800 at time: 2113.65
Processed event: VehicleDepartureEvent, vehicle_id: 9, road_id: 1000000000000000701, offset: 0.000000 id: 2800
processing event: BusArrivalEvent, vehicle_id: 7, stop_id: 183 id: 2780 at time: 2115.96
Processed event: BusArrivalEvent, vehicle_id: 7, stop_id: 183 id: 2780
processing event: PassengerRouteEndEvent, passenger_id: 24, route_id: 1 id: 2802 at time: 2115.96
Passenger 24 finished all routes
Processed event: PassengerRouteEndEvent, passenger_id: 24, route_id: 1 id: 2802
processing event: PassengerDropoffEvent, passenger_id: 24 id: 2803 at time: 2115.96
Processed event: PassengerDropoffEvent, passenger_id: 24 id: 2803
processing event: OrderFinishedEvent, order_id: 24 id: 2804 at time: 2115.96
Processed event: OrderFinishedEvent, order_id: 24 id: 2804
processing event: VehicleArriveIntersectionEvent, vehicle_id: 6, road_id: 1000000000000000209 id: 2729 at time: 2116.49
Processed event: VehicleArriveIntersectionEvent, vehicle_id: 6, road_id: 1000000000000000209 id: 2729
processing event: VehicleEnterNewRoadEvent, vehicle_id: 6, road_id: 1000000000000000210 id: 2805 at time: 2118.29
Processed event: VehicleEnterNewRoadEvent, vehicle_id: 6, road_id: 1000000000000000210 id: 2805
processing event: VehicleDepartureEvent, vehicle_id: 6, road_id: 1000000000000000210, offset: 0.000000 id: 2806 at time: 2118.29
Processed event: VehicleDepartureEvent, vehicle_id: 6, road_id: 1000000000000000210, offset: 0.000000 id: 2806
Simulator::runFor: now_ = 2118.29 target = 2120
[progress] simulator time = 2120 / 3000
processing event: VehicleArriveIntersectionEvent, vehicle_id: 18, road_id: 1000000000000001045 id: 2764 at time: 2121.73
Processed event: VehicleArriveIntersectionEvent, vehicle_id: 18, road_id: 1000000000000001045 id: 2764
processing event: VehicleArriveIntersectionEvent, vehicle_id: 9, road_id: 1000000000000000701 id: 2801 at time: 2122.11
Processed event: VehicleArriveIntersectionEvent, vehicle_id: 9, road_id: 1000000000000000701 id: 2801
processing event: VehicleEnterNewRoadEvent, vehicle_id: 18, road_id: 1000000000000001044 id: 2808 at time: 2123.53
Processed event: VehicleEnterNewRoadEvent, vehicle_id: 18, road_id: 1000000000000001044 id: 2808
processing event: VehicleDepartureEvent, vehicle_id: 18, road_id: 1000000000000001044, offset: 0.000000 id: 2810 at time: 2123.53
Processed event: VehicleDepartureEvent, vehicle_id: 18, road_id: 1000000000000001044, offset: 0.000000 id: 2810
processing event: VehicleEnterNewRoadEvent, vehicle_id: 9, road_id: 1000000000000000700 id: 2809 at time: 2123.91
Processed event: VehicleEnterNewRoadEvent, vehicle_id: 9, road_id: 1000000000000000700 id: 2809
processing event: VehicleDepartureEvent, vehicle_id: 9, road_id: 1000000000000000700, offset: 0.000000 id: 2812 at time: 2123.91
Processed event: VehicleDepartureEvent, vehicle_id: 9, road_id: 1000000000000000700, offset: 0.000000 id: 2812
processing event: VehicleArriveIntersectionEvent, vehicle_id: 11, road_id: 1000000000000000438 id: 2787 at time: 2124.79
Processed event: VehicleArriveIntersectionEvent, vehicle_id: 11, road_id: 1000000000000000438 id: 2787
processing event: VehicleArriveIntersectionEvent, vehicle_id: 19, road_id: 1000000000000001095 id: 2771 at time: 2125.37
Processed event: VehicleArriveIntersectionEvent, vehicle_id: 19, road_id: 1000000000000001095 id: 2771
processing event: VehicleEnterNewRoadEvent, vehicle_id: 11, road_id: 1000000000000000786 id: 2814 at time: 2126.59
Processed event: VehicleEnterNewRoadEvent, vehicle_id: 11, road_id: 1000000000000000786 id: 2814
processing event: VehicleDepartureEvent, vehicle_id: 11, road_id: 1000000000000000786, offset: 0.000000 id: 2816 at time: 2126.59
Processed event: VehicleDepartureEvent, vehicle_id: 11, road_id: 1000000000000000786, offset: 0.000000 id: 2816
processing event: VehicleEnterNewRoadEvent, vehicle_id: 19, road_id: 1000000000000001094 id: 2815 at time: 2127.17
Processed event: VehicleEnterNewRoadEvent, vehicle_id: 19, road_id: 1000000000000001094 id: 2815
processing event: VehicleDepartureEvent, vehicle_id: 19, road_id: 1000000000000001094, offset: 0.000000 id: 2818 at time: 2127.17
Processed event: VehicleDepartureEvent, vehicle_id: 19, road_id: 1000000000000001094, offset: 0.000000 id: 2818
Simulator::runFor: now_ = 2127.17 target = 2130
[progress] simulator time = 2130 / 3000
processing event: VehicleArriveIntersectionEvent, vehicle_id: 4, road_id: 1000000000000000261 id: 2760 at time: 2132.61
Processed event: VehicleArriveIntersectionEvent, vehicle_id: 4, road_id: 1000000000000000261 id: 2760
processing event: VehicleEnterNewRoadEvent, vehicle_id: 4, road_id: 1000000000000000090 id: 2820 at time: 2134.41
Processed event: VehicleEnterNewRoadEvent, vehicle_id: 4, road_id: 1000000000000000090 id: 2820
processing event: VehicleDepartureEvent, vehicle_id: 4, road_id: 1000000000000000090, offset: 0.000000 id: 2821 at time: 2134.41
Processed event: VehicleDepartureEvent, vehicle_id: 4, road_id: 1000000000000000090, offset: 0.000000 id: 2821
processing event: VehicleArriveIntersectionEvent, vehicle_id: 20, road_id: 1000000000000000244 id: 2762 at time: 2137.67
Processed event: VehicleArriveIntersectionEvent, vehicle_id: 20, road_id: 1000000000000000244 id: 2762
processing event: VehicleEnterNewRoadEvent, vehicle_id: 20, road_id: 1000000000000000245 id: 2823 at time: 2139.47
Processed event: VehicleEnterNewRoadEvent, vehicle_id: 20, road_id: 1000000000000000245 id: 2823
processing event: VehicleDepartureEvent, vehicle_id: 20, road_id: 1000000000000000245, offset: 0.000000 id: 2824 at time: 2139.47
Processed event: VehicleDepartureEvent, vehicle_id: 20, road_id: 1000000000000000245, offset: 0.000000 id: 2824
Simulator::runFor: now_ = 2139.47 target = 2140
[progress] simulator time = 2140 / 3000
processing event: BusArrivalEvent, vehicle_id: 10, stop_id: 177 id: 2798 at time: 2142.1
Processed event: BusArrivalEvent, vehicle_id: 10, stop_id: 177 id: 2798
processing event: PassengerRouteEndEvent, passenger_id: 19, route_id: 1 id: 2826 at time: 2142.1
Passenger 19 finished all routes
Processed event: PassengerRouteEndEvent, passenger_id: 19, route_id: 1 id: 2826
processing event: PassengerDropoffEvent, passenger_id: 19 id: 2828 at time: 2142.1
Processed event: PassengerDropoffEvent, passenger_id: 19 id: 2828
processing event: OrderFinishedEvent, order_id: 19 id: 2829 at time: 2142.1
Processed event: OrderFinishedEvent, order_id: 19 id: 2829
processing event: VehicleArriveIntersectionEvent, vehicle_id: 9, road_id: 1000000000000000700 id: 2813 at time: 2146.23
Processed event: VehicleArriveIntersectionEvent, vehicle_id: 9, road_id: 1000000000000000700 id: 2813
processing event: VehicleDepartureEvent, vehicle_id: 10, road_id: 1000000000000000115, offset: 174.620000 id: 2827 at time: 2147.1
Processed event: VehicleDepartureEvent, vehicle_id: 10, road_id: 1000000000000000115, offset: 174.620000 id: 2827
processing event: VehicleEnterNewRoadEvent, vehicle_id: 9, road_id: 1000000000000000209 id: 2830 at time: 2148.03
Processed event: VehicleEnterNewRoadEvent, vehicle_id: 9, road_id: 1000000000000000209 id: 2830
processing event: VehicleDepartureEvent, vehicle_id: 9, road_id: 1000000000000000209, offset: 0.000000 id: 2832 at time: 2148.03
Processed event: VehicleDepartureEvent, vehicle_id: 9, road_id: 1000000000000000209, offset: 0.000000 id: 2832
processing event: VehicleArriveIntersectionEvent, vehicle_id: 11, road_id: 1000000000000000786 id: 2817 at time: 2148.19
Processed event: VehicleArriveIntersectionEvent, vehicle_id: 11, road_id: 1000000000000000786 id: 2817
processing event: VehicleEnterNewRoadEvent, vehicle_id: 11, road_id: 1000000000000000787 id: 2834 at time: 2149.99
Processed event: VehicleEnterNewRoadEvent, vehicle_id: 11, road_id: 1000000000000000787 id: 2834
processing event: VehicleDepartureEvent, vehicle_id: 11, road_id: 1000000000000000787, offset: 0.000000 id: 2835 at time: 2149.99
Processed event: VehicleDepartureEvent, vehicle_id: 11, road_id: 1000000000000000787, offset: 0.000000 id: 2835
Simulator::runFor: now_ = 2149.99 target = 2150
[progress] simulator time = 2150 / 3000
processing event: VehicleArriveIntersectionEvent, vehicle_id: 8, road_id: 1000000000000000144 id: 2755 at time: 2152.24
Processed event: VehicleArriveIntersectionEvent, vehicle_id: 8, road_id: 1000000000000000144 id: 2755
processing event: VehicleArriveIntersectionEvent, vehicle_id: 12, road_id: 1000000000000000022 id: 2795 at time: 2153.34
Processed event: VehicleArriveIntersectionEvent, vehicle_id: 12, road_id: 1000000000000000022 id: 2795
processing event: VehicleEnterNewRoadEvent, vehicle_id: 8, road_id: 1000000000000000308 id: 2837 at time: 2154.04
Processed event: VehicleEnterNewRoadEvent, vehicle_id: 8, road_id: 1000000000000000308 id: 2837
processing event: VehicleDepartureEvent, vehicle_id: 8, road_id: 1000000000000000308, offset: 0.000000 id: 2839 at time: 2154.04
Processed event: VehicleDepartureEvent, vehicle_id: 8, road_id: 1000000000000000308, offset: 0.000000 id: 2839
processing event: VehicleEnterNewRoadEvent, vehicle_id: 12, road_id: 1000000000000000024 id: 2838 at time: 2155.14
Processed event: VehicleEnterNewRoadEvent, vehicle_id: 12, road_id: 1000000000000000024 id: 2838
processing event: VehicleDepartureEvent, vehicle_id: 12, road_id: 1000000000000000024, offset: 0.000000 id: 2841 at time: 2155.14
Processed event: VehicleDepartureEvent, vehicle_id: 12, road_id: 1000000000000000024, offset: 0.000000 id: 2841
processing event: VehicleArriveIntersectionEvent, vehicle_id: 11, road_id: 1000000000000000787 id: 2836 at time: 2155.21
Processed event: VehicleArriveIntersectionEvent, vehicle_id: 11, road_id: 1000000000000000787 id: 2836
processing event: VehicleEnterNewRoadEvent, vehicle_id: 11, road_id: 1000000000000000312 id: 2843 at time: 2157.01
Processed event: VehicleEnterNewRoadEvent, vehicle_id: 11, road_id: 1000000000000000312 id: 2843
processing event: VehicleDepartureEvent, vehicle_id: 11, road_id: 1000000000000000312, offset: 0.000000 id: 2844 at time: 2157.01
Processed event: VehicleDepartureEvent, vehicle_id: 11, road_id: 1000000000000000312, offset: 0.000000 id: 2844
Simulator::runFor: now_ = 2157.01 target = 2160
[progress] simulator time = 2160 / 3000
processing event: VehicleArriveIntersectionEvent, vehicle_id: 10, road_id: 1000000000000000115 id: 2831 at time: 2162.11
Processed event: VehicleArriveIntersectionEvent, vehicle_id: 10, road_id: 1000000000000000115 id: 2831
processing event: VehicleEnterNewRoadEvent, vehicle_id: 10, road_id: 1000000000000000116 id: 2846 at time: 2163.91
Processed event: VehicleEnterNewRoadEvent, vehicle_id: 10, road_id: 1000000000000000116 id: 2846
processing event: VehicleDepartureEvent, vehicle_id: 10, road_id: 1000000000000000116, offset: 0.000000 id: 2847 at time: 2163.91
Processed event: VehicleDepartureEvent, vehicle_id: 10, road_id: 1000000000000000116, offset: 0.000000 id: 2847
processing event: VehicleArriveIntersectionEvent, vehicle_id: 14, road_id: 1000000000000000506 id: 2789 at time: 2167.61
Processed event: VehicleArriveIntersectionEvent, vehicle_id: 14, road_id: 1000000000000000506 id: 2789
processing event: VehicleEnterNewRoadEvent, vehicle_id: 14, road_id: 1000000000000000507 id: 2849 at time: 2169.41
Processed event: VehicleEnterNewRoadEvent, vehicle_id: 14, road_id: 1000000000000000507 id: 2849
processing event: VehicleDepartureEvent, vehicle_id: 14, road_id: 1000000000000000507, offset: 0.000000 id: 2850 at time: 2169.41
Processed event: VehicleDepartureEvent, vehicle_id: 14, road_id: 1000000000000000507, offset: 0.000000 id: 2850
processing event: VehicleArriveIntersectionEvent, vehicle_id: 18, road_id: 1000000000000001044 id: 2811 at time: 2169.43
Processed event: VehicleArriveIntersectionEvent, vehicle_id: 18, road_id: 1000000000000001044 id: 2811
processing event: VehicleArriveIntersectionEvent, vehicle_id: 19, road_id: 1000000000000001094 id: 2819 at time: 2169.47
Processed event: VehicleArriveIntersectionEvent, vehicle_id: 19, road_id: 1000000000000001094 id: 2819
Simulator::runFor: now_ = 2169.47 target = 2170
[progress] simulator time = 2170 / 3000
processing event: VehicleEnterNewRoadEvent, vehicle_id: 18, road_id: 1000000000000000093 id: 2852 at time: 2171.23
Processed event: VehicleEnterNewRoadEvent, vehicle_id: 18, road_id: 1000000000000000093 id: 2852
processing event: VehicleDepartureEvent, vehicle_id: 18, road_id: 1000000000000000093, offset: 0.000000 id: 2854 at time: 2171.23
Processed event: VehicleDepartureEvent, vehicle_id: 18, road_id: 1000000000000000093, offset: 0.000000 id: 2854
processing event: VehicleEnterNewRoadEvent, vehicle_id: 19, road_id: 1000000000000001093 id: 2853 at time: 2171.27
Processed event: VehicleEnterNewRoadEvent, vehicle_id: 19, road_id: 1000000000000001093 id: 2853
processing event: VehicleDepartureEvent, vehicle_id: 19, road_id: 1000000000000001093, offset: 0.000000 id: 2856 at time: 2171.27
Processed event: VehicleDepartureEvent, vehicle_id: 19, road_id: 1000000000000001093, offset: 0.000000 id: 2856
processing event: VehicleArriveIntersectionEvent, vehicle_id: 6, road_id: 1000000000000000210 id: 2807 at time: 2178.77
Processed event: VehicleArriveIntersectionEvent, vehicle_id: 6, road_id: 1000000000000000210 id: 2807
processing event: VehicleArriveIntersectionEvent, vehicle_id: 20, road_id: 1000000000000000245 id: 2825 at time: 2179.62
Processed event: VehicleArriveIntersectionEvent, vehicle_id: 20, road_id: 1000000000000000245 id: 2825
Simulator::runFor: now_ = 2179.62 target = 2180
[progress] simulator time = 2180 / 3000
processing event: VehicleEnterNewRoadEvent, vehicle_id: 6, road_id: 1000000000000000157 id: 2858 at time: 2180.57
Processed event: VehicleEnterNewRoadEvent, vehicle_id: 6, road_id: 1000000000000000157 id: 2858
processing event: VehicleDepartureEvent, vehicle_id: 6, road_id: 1000000000000000157, offset: 0.000000 id: 2860 at time: 2180.57
Processed event: VehicleDepartureEvent, vehicle_id: 6, road_id: 1000000000000000157, offset: 0.000000 id: 2860
processing event: VehicleEnterNewRoadEvent, vehicle_id: 20, road_id: 1000000000000000246 id: 2859 at time: 2181.42
Processed event: VehicleEnterNewRoadEvent, vehicle_id: 20, road_id: 1000000000000000246 id: 2859
processing event: VehicleDepartureEvent, vehicle_id: 20, road_id: 1000000000000000246, offset: 0.000000 id: 2862 at time: 2181.42
Processed event: VehicleDepartureEvent, vehicle_id: 20, road_id: 1000000000000000246, offset: 0.000000 id: 2862
processing event: BusArrivalEvent, vehicle_id: 18, stop_id: 134 id: 2855 at time: 2183.27
Processed event: BusArrivalEvent, vehicle_id: 18, stop_id: 134 id: 2855
processing event: PassengerRouteEndEvent, passenger_id: 21, route_id: 1 id: 2864 at time: 2183.27
Passenger 21 finished all routes
Processed event: PassengerRouteEndEvent, passenger_id: 21, route_id: 1 id: 2864
processing event: PassengerDropoffEvent, passenger_id: 21 id: 2866 at time: 2183.27
Processed event: PassengerDropoffEvent, passenger_id: 21 id: 2866
processing event: OrderFinishedEvent, order_id: 21 id: 2867 at time: 2183.27
Processed event: OrderFinishedEvent, order_id: 21 id: 2867
processing event: VehicleArriveIntersectionEvent, vehicle_id: 6, road_id: 1000000000000000157 id: 2861 at time: 2185.25
Processed event: VehicleArriveIntersectionEvent, vehicle_id: 6, road_id: 1000000000000000157 id: 2861
processing event: VehicleEnterNewRoadEvent, vehicle_id: 6, road_id: 1000000000000000163 id: 2868 at time: 2187.05
Processed event: VehicleEnterNewRoadEvent, vehicle_id: 6, road_id: 1000000000000000163 id: 2868
processing event: VehicleDepartureEvent, vehicle_id: 6, road_id: 1000000000000000163, offset: 0.000000 id: 2869 at time: 2187.05
Processed event: VehicleDepartureEvent, vehicle_id: 6, road_id: 1000000000000000163, offset: 0.000000 id: 2869
processing event: VehicleDepartureEvent, vehicle_id: 18, road_id: 1000000000000000093, offset: 66.890000 id: 2865 at time: 2188.27
Processed event: VehicleDepartureEvent, vehicle_id: 18, road_id: 1000000000000000093, offset: 66.890000 id: 2865
processing event: VehicleArriveIntersectionEvent, vehicle_id: 6, road_id: 1000000000000000163 id: 2870 at time: 2188.49
Processed event: VehicleArriveIntersectionEvent, vehicle_id: 6, road_id: 1000000000000000163 id: 2870
Simulator::runFor: now_ = 2188.49 target = 2190
[progress] simulator time = 2190 / 3000
processing event: VehicleEnterNewRoadEvent, vehicle_id: 6, road_id: 1000000000000000153 id: 2872 at time: 2190.29
Processed event: VehicleEnterNewRoadEvent, vehicle_id: 6, road_id: 1000000000000000153 id: 2872
processing event: VehicleDepartureEvent, vehicle_id: 6, road_id: 1000000000000000153, offset: 0.000000 id: 2873 at time: 2190.29
Processed event: VehicleDepartureEvent, vehicle_id: 6, road_id: 1000000000000000153, offset: 0.000000 id: 2873
processing event: VehicleArriveIntersectionEvent, vehicle_id: 4, road_id: 1000000000000000090 id: 2822 at time: 2194
Processed event: VehicleArriveIntersectionEvent, vehicle_id: 4, road_id: 1000000000000000090 id: 2822
processing event: VehicleArriveIntersectionEvent, vehicle_id: 17, road_id: 1000000000000000324 id: 2785 at time: 2194.79
Processed event: VehicleArriveIntersectionEvent, vehicle_id: 17, road_id: 1000000000000000324 id: 2785
processing event: VehicleEnterNewRoadEvent, vehicle_id: 4, road_id: 1000000000000000091 id: 2875 at time: 2195.8
Processed event: VehicleEnterNewRoadEvent, vehicle_id: 4, road_id: 1000000000000000091 id: 2875
processing event: VehicleDepartureEvent, vehicle_id: 4, road_id: 1000000000000000091, offset: 0.000000 id: 2877 at time: 2195.8
Processed event: VehicleDepartureEvent, vehicle_id: 4, road_id: 1000000000000000091, offset: 0.000000 id: 2877
processing event: VehicleEnterNewRoadEvent, vehicle_id: 17, road_id: 1000000000000000326 id: 2876 at time: 2196.59
Processed event: VehicleEnterNewRoadEvent, vehicle_id: 17, road_id: 1000000000000000326 id: 2876
processing event: VehicleDepartureEvent, vehicle_id: 17, road_id: 1000000000000000326, offset: 0.000000 id: 2879 at time: 2196.59
Processed event: VehicleDepartureEvent, vehicle_id: 17, road_id: 1000000000000000326, offset: 0.000000 id: 2879
processing event: VehicleArriveIntersectionEvent, vehicle_id: 6, road_id: 1000000000000000153 id: 2874 at time: 2196.77
Processed event: VehicleArriveIntersectionEvent, vehicle_id: 6, road_id: 1000000000000000153 id: 2874
processing event: VehicleEnterNewRoadEvent, vehicle_id: 6, road_id: 1000000000000001192 id: 2881 at time: 2198.57
Processed event: VehicleEnterNewRoadEvent, vehicle_id: 6, road_id: 1000000000000001192 id: 2881
processing event: VehicleDepartureEvent, vehicle_id: 6, road_id: 1000000000000001192, offset: 0.000000 id: 2882 at time: 2198.57
Processed event: VehicleDepartureEvent, vehicle_id: 6, road_id: 1000000000000001192, offset: 0.000000 id: 2882
Simulator::runFor: now_ = 2198.57 target = 2200
[progress] simulator time = 2200 / 3000
processing event: PassengerRouteStartEvent, passenger_id: 43, route_id: 1 id: 42 at time: 2205
Processed event: PassengerRouteStartEvent, passenger_id: 43, route_id: 1 id: 42
processing event: OrderCreatedEvent, order_id: 43, available_pickups: 45 , available_dropoffs: 50 , passenger_id: 43, route_id: 1, passenger_num: 0 id: 2884 at time: 2205
Processed event: OrderCreatedEvent, order_id: 43, available_pickups: 45 , available_dropoffs: 50 , passenger_id: 43, route_id: 1, passenger_num: 3 id: 2884
processing event: PassengerRouteStartEvent, passenger_id: 44, route_id: 1 id: 43 at time: 2210
Processed event: PassengerRouteStartEvent, passenger_id: 44, route_id: 1 id: 43
processing event: OrderCreatedEvent, order_id: 44, available_pickups: 111 , available_dropoffs: 128 , passenger_id: 44, route_id: 1, passenger_num: 0 id: 2885 at time: 2210
Processed event: OrderCreatedEvent, order_id: 44, available_pickups: 111 , available_dropoffs: 128 , passenger_id: 44, route_id: 1, passenger_num: 2 id: 2885
Simulator::runFor: now_ = 2210 target = 2210
[progress] simulator time = 2210 / 3000
processing event: OrderMatchedEvent, order_id: 43, vehicle_id: 8 id: 2886 at time: 2210
Processed event: OrderMatchedEvent, order_id: 43, vehicle_id: 8 id: 2886
processing event: OrderMatchedEvent, order_id: 44, vehicle_id: 3 id: 2888 at time: 2210
Processed event: OrderMatchedEvent, order_id: 44, vehicle_id: 3 id: 2888
processing event: VehicleDepartureEvent, vehicle_id: 3, road_id: 1000000000000000822, offset: 46.660000 id: 2889 at time: 2210
Processed event: VehicleDepartureEvent, vehicle_id: 3, road_id: 1000000000000000822, offset: 46.660000 id: 2889
processing event: PassengerArrivalEvent, passenger_id: 43 id: 2890 at time: 2210
Processed event: PassengerArrivalEvent, passenger_id: 43 id: 2890
processing event: PassengerArrivalEvent, passenger_id: 44 id: 2891 at time: 2210
Processed event: PassengerArrivalEvent, passenger_id: 44 id: 2891
processing event: VehicleArriveIntersectionEvent, vehicle_id: 3, road_id: 1000000000000000822 id: 2892 at time: 2212.58
Processed event: VehicleArriveIntersectionEvent, vehicle_id: 3, road_id: 1000000000000000822 id: 2892
processing event: VehicleArriveIntersectionEvent, vehicle_id: 10, road_id: 1000000000000000116 id: 2848 at time: 2213.41
Processed event: VehicleArriveIntersectionEvent, vehicle_id: 10, road_id: 1000000000000000116 id: 2848
processing event: PassengerRouteStartEvent, passenger_id: 45, route_id: 1 id: 44 at time: 2214
Processed event: PassengerRouteStartEvent, passenger_id: 45, route_id: 1 id: 44
processing event: OrderCreatedEvent, order_id: 45, available_pickups: 281 , available_dropoffs: 273 , passenger_id: 45, route_id: 1, passenger_num: 0 id: 2895 at time: 2214
Processed event: OrderCreatedEvent, order_id: 45, available_pickups: 281 , available_dropoffs: 273 , passenger_id: 45, route_id: 1, passenger_num: 1 id: 2895
processing event: VehicleEnterNewRoadEvent, vehicle_id: 3, road_id: 1000000000000000817 id: 2893 at time: 2214.38
Processed event: VehicleEnterNewRoadEvent, vehicle_id: 3, road_id: 1000000000000000817 id: 2893
processing event: VehicleDepartureEvent, vehicle_id: 3, road_id: 1000000000000000817, offset: 0.000000 id: 2896 at time: 2214.38
Processed event: VehicleDepartureEvent, vehicle_id: 3, road_id: 1000000000000000817, offset: 0.000000 id: 2896
processing event: VehicleEnterNewRoadEvent, vehicle_id: 10, road_id: 1000000000000000118 id: 2894 at time: 2215.21
Processed event: VehicleEnterNewRoadEvent, vehicle_id: 10, road_id: 1000000000000000118 id: 2894
processing event: VehicleDepartureEvent, vehicle_id: 10, road_id: 1000000000000000118, offset: 0.000000 id: 2898 at time: 2215.21
Processed event: VehicleDepartureEvent, vehicle_id: 10, road_id: 1000000000000000118, offset: 0.000000 id: 2898
processing event: VehicleArriveIntersectionEvent, vehicle_id: 19, road_id: 1000000000000001093 id: 2857 at time: 2215.38
Processed event: VehicleArriveIntersectionEvent, vehicle_id: 19, road_id: 1000000000000001093 id: 2857
processing event: VehicleArriveIntersectionEvent, vehicle_id: 13, road_id: 1000000000000001036 id: 2792 at time: 2216.18
Processed event: VehicleArriveIntersectionEvent, vehicle_id: 13, road_id: 1000000000000001036 id: 2792
processing event: VehicleArriveIntersectionEvent, vehicle_id: 9, road_id: 1000000000000000209 id: 2833 at time: 2216.8
Processed event: VehicleArriveIntersectionEvent, vehicle_id: 9, road_id: 1000000000000000209 id: 2833
processing event: PassengerRouteStartEvent, passenger_id: 46, route_id: 1 id: 45 at time: 2217
Processed event: PassengerRouteStartEvent, passenger_id: 46, route_id: 1 id: 45
processing event: OrderCreatedEvent, order_id: 46, available_pickups: 63 , available_dropoffs: 62 , passenger_id: 46, route_id: 1, passenger_num: 0 id: 2903 at time: 2217
Processed event: OrderCreatedEvent, order_id: 46, available_pickups: 63 , available_dropoffs: 62 , passenger_id: 46, route_id: 1, passenger_num: 2 id: 2903
processing event: VehicleEnterNewRoadEvent, vehicle_id: 19, road_id: 1000000000000001092 id: 2900 at time: 2217.18
Processed event: VehicleEnterNewRoadEvent, vehicle_id: 19, road_id: 1000000000000001092 id: 2900
processing event: VehicleDepartureEvent, vehicle_id: 19, road_id: 1000000000000001092, offset: 0.000000 id: 2904 at time: 2217.18
Processed event: VehicleDepartureEvent, vehicle_id: 19, road_id: 1000000000000001092, offset: 0.000000 id: 2904
processing event: VehicleEnterNewRoadEvent, vehicle_id: 13, road_id: 1000000000000001035 id: 2901 at time: 2217.98
Processed event: VehicleEnterNewRoadEvent, vehicle_id: 13, road_id: 1000000000000001035 id: 2901
processing event: VehicleDepartureEvent, vehicle_id: 13, road_id: 1000000000000001035, offset: 0.000000 id: 2906 at time: 2217.98
Processed event: VehicleDepartureEvent, vehicle_id: 13, road_id: 1000000000000001035, offset: 0.000000 id: 2906
processing event: VehicleEnterNewRoadEvent, vehicle_id: 9, road_id: 1000000000000000210 id: 2902 at time: 2218.6
Processed event: VehicleEnterNewRoadEvent, vehicle_id: 9, road_id: 1000000000000000210 id: 2902
processing event: VehicleDepartureEvent, vehicle_id: 9, road_id: 1000000000000000210, offset: 0.000000 id: 2908 at time: 2218.6
Processed event: VehicleDepartureEvent, vehicle_id: 9, road_id: 1000000000000000210, offset: 0.000000 id: 2908
processing event: PassengerRouteStartEvent, passenger_id: 47, route_id: 1 id: 46 at time: 2220
Processed event: PassengerRouteStartEvent, passenger_id: 47, route_id: 1 id: 46
processing event: OrderCreatedEvent, order_id: 47, available_pickups: 1 , available_dropoffs: 103 , passenger_id: 47, route_id: 1, passenger_num: 0 id: 2910 at time: 2220
Processed event: OrderCreatedEvent, order_id: 47, available_pickups: 1 , available_dropoffs: 103 , passenger_id: 47, route_id: 1, passenger_num: 1 id: 2910
Simulator::runFor: now_ = 2220 target = 2220
[progress] simulator time = 2220 / 3000
processing event: OrderMatchedEvent, order_id: 47, vehicle_id: 12 id: 2911 at time: 2220
Processed event: OrderMatchedEvent, order_id: 47, vehicle_id: 12 id: 2911
processing event: OrderMatchedEvent, order_id: 46, vehicle_id: 7 id: 2913 at time: 2220
Processed event: OrderMatchedEvent, order_id: 46, vehicle_id: 7 id: 2913
processing event: VehicleDepartureEvent, vehicle_id: 7, road_id: 1000000000000000021, offset: 108.260000 id: 2914 at time: 2220
Processed event: VehicleDepartureEvent, vehicle_id: 7, road_id: 1000000000000000021, offset: 108.260000 id: 2914
processing event: OrderMatchedEvent, order_id: 45, vehicle_id: 5 id: 2915 at time: 2220
Processed event: OrderMatchedEvent, order_id: 45, vehicle_id: 5 id: 2915
processing event: VehicleDepartureEvent, vehicle_id: 5, road_id: 1000000000000000725, offset: 180.240000 id: 2916 at time: 2220
Processed event: VehicleDepartureEvent, vehicle_id: 5, road_id: 1000000000000000725, offset: 180.240000 id: 2916
processing event: PassengerArrivalEvent, passenger_id: 47 id: 2917 at time: 2220
Processed event: PassengerArrivalEvent, passenger_id: 47 id: 2917
processing event: PassengerArrivalEvent, passenger_id: 46 id: 2918 at time: 2220
Processed event: PassengerArrivalEvent, passenger_id: 46 id: 2918
processing event: PassengerArrivalEvent, passenger_id: 45 id: 2920 at time: 2220
Processed event: PassengerArrivalEvent, passenger_id: 45 id: 2920
Event is not valid: VehicleArriveIntersectionEvent, vehicle_id: 8, road_id: 1000000000000000308 id: 2840 at time: 2220.83
processing event: VehicleArriveIntersectionEvent, vehicle_id: 8, road_id: 1000000000000000308 id: 2887 at time: 2220.83
Processed event: VehicleArriveIntersectionEvent, vehicle_id: 8, road_id: 1000000000000000308 id: 2887
processing event: VehicleArriveIntersectionEvent, vehicle_id: 18, road_id: 1000000000000000093 id: 2871 at time: 2222.14
Processed event: VehicleArriveIntersectionEvent, vehicle_id: 18, road_id: 1000000000000000093 id: 2871
processing event: VehicleEnterNewRoadEvent, vehicle_id: 8, road_id: 1000000000000000309 id: 2922 at time: 2222.63
Processed event: VehicleEnterNewRoadEvent, vehicle_id: 8, road_id: 1000000000000000309 id: 2922
processing event: VehicleDepartureEvent, vehicle_id: 8, road_id: 1000000000000000309, offset: 0.000000 id: 2924 at time: 2222.63
Processed event: VehicleDepartureEvent, vehicle_id: 8, road_id: 1000000000000000309, offset: 0.000000 id: 2924
processing event: VehicleEnterNewRoadEvent, vehicle_id: 18, road_id: 1000000000000000094 id: 2923 at time: 2223.94
Processed event: VehicleEnterNewRoadEvent, vehicle_id: 18, road_id: 1000000000000000094 id: 2923
processing event: VehicleDepartureEvent, vehicle_id: 18, road_id: 1000000000000000094, offset: 0.000000 id: 2926 at time: 2223.94
Processed event: VehicleDepartureEvent, vehicle_id: 18, road_id: 1000000000000000094, offset: 0.000000 id: 2926
processing event: VehicleArriveIntersectionEvent, vehicle_id: 11, road_id: 1000000000000000312 id: 2845 at time: 2223.98
Processed event: VehicleArriveIntersectionEvent, vehicle_id: 11, road_id: 1000000000000000312 id: 2845
processing event: VehicleArriveIntersectionEvent, vehicle_id: 3, road_id: 1000000000000000817 id: 2897 at time: 2225
Processed event: VehicleArriveIntersectionEvent, vehicle_id: 3, road_id: 1000000000000000817 id: 2897
processing event: VehicleArriveIntersectionEvent, vehicle_id: 20, road_id: 1000000000000000246 id: 2863 at time: 2225.52
Processed event: VehicleArriveIntersectionEvent, vehicle_id: 20, road_id: 1000000000000000246 id: 2863
processing event: VehicleEnterNewRoadEvent, vehicle_id: 11, road_id: 1000000000000000313 id: 2928 at time: 2225.78
Processed event: VehicleEnterNewRoadEvent, vehicle_id: 11, road_id: 1000000000000000313 id: 2928
processing event: VehicleDepartureEvent, vehicle_id: 11, road_id: 1000000000000000313, offset: 0.000000 id: 2931 at time: 2225.78
Processed event: VehicleDepartureEvent, vehicle_id: 11, road_id: 1000000000000000313, offset: 0.000000 id: 2931
processing event: VehicleArriveIntersectionEvent, vehicle_id: 5, road_id: 1000000000000000725 id: 2921 at time: 2225.9
Processed event: VehicleArriveIntersectionEvent, vehicle_id: 5, road_id: 1000000000000000725 id: 2921
processing event: VehicleEnterNewRoadEvent, vehicle_id: 3, road_id: 1000000000000000079 id: 2929 at time: 2226.8
Processed event: VehicleEnterNewRoadEvent, vehicle_id: 3, road_id: 1000000000000000079 id: 2929
processing event: VehicleDepartureEvent, vehicle_id: 3, road_id: 1000000000000000079, offset: 0.000000 id: 2934 at time: 2226.8
Processed event: VehicleDepartureEvent, vehicle_id: 3, road_id: 1000000000000000079, offset: 0.000000 id: 2934
processing event: VehicleEnterNewRoadEvent, vehicle_id: 20, road_id: 1000000000000000248 id: 2930 at time: 2227.32
Processed event: VehicleEnterNewRoadEvent, vehicle_id: 20, road_id: 1000000000000000248 id: 2930
processing event: VehicleDepartureEvent, vehicle_id: 20, road_id: 1000000000000000248, offset: 0.000000 id: 2936 at time: 2227.32
Processed event: VehicleDepartureEvent, vehicle_id: 20, road_id: 1000000000000000248, offset: 0.000000 id: 2936
processing event: VehicleEnterNewRoadEvent, vehicle_id: 5, road_id: 1000000000000000726 id: 2933 at time: 2227.7
Processed event: VehicleEnterNewRoadEvent, vehicle_id: 5, road_id: 1000000000000000726 id: 2933
processing event: VehicleDepartureEvent, vehicle_id: 5, road_id: 1000000000000000726, offset: 0.000000 id: 2938 at time: 2227.7
Processed event: VehicleDepartureEvent, vehicle_id: 5, road_id: 1000000000000000726, offset: 0.000000 id: 2938
processing event: VehicleArriveIntersectionEvent, vehicle_id: 6, road_id: 1000000000000001192 id: 2883 at time: 2228.46
Processed event: VehicleArriveIntersectionEvent, vehicle_id: 6, road_id: 1000000000000001192 id: 2883
processing event: BusArrivalEvent, vehicle_id: 17, stop_id: 201 id: 2880 at time: 2228.53
Processed event: BusArrivalEvent, vehicle_id: 17, stop_id: 201 id: 2880
processing event: PassengerOnboardEvent, passenger_id: 32 id: 2941 at time: 2228.53
Processed event: PassengerOnboardEvent, passenger_id: 32 id: 2941
Simulator::runFor: now_ = 2228.53 target = 2230
[progress] simulator time = 2230 / 3000
processing event: VehicleEnterNewRoadEvent, vehicle_id: 6, road_id: 1000000000000001194 id: 2940 at time: 2230.26
Processed event: VehicleEnterNewRoadEvent, vehicle_id: 6, road_id: 1000000000000001194 id: 2940
processing event: VehicleDepartureEvent, vehicle_id: 6, road_id: 1000000000000001194, offset: 0.000000 id: 2943 at time: 2230.26
Processed event: VehicleDepartureEvent, vehicle_id: 6, road_id: 1000000000000001194, offset: 0.000000 id: 2943
processing event: VehicleDepartureEvent, vehicle_id: 17, road_id: 1000000000000000326, offset: 177.410000 id: 2942 at time: 2233.53
Processed event: VehicleDepartureEvent, vehicle_id: 17, road_id: 1000000000000000326, offset: 177.410000 id: 2942
processing event: VehicleArriveIntersectionEvent, vehicle_id: 4, road_id: 1000000000000000091 id: 2878 at time: 2235.76
Processed event: VehicleArriveIntersectionEvent, vehicle_id: 4, road_id: 1000000000000000091 id: 2878
processing event: VehicleEnterNewRoadEvent, vehicle_id: 4, road_id: 1000000000000000057 id: 2946 at time: 2237.56
Processed event: VehicleEnterNewRoadEvent, vehicle_id: 4, road_id: 1000000000000000057 id: 2946
processing event: VehicleDepartureEvent, vehicle_id: 4, road_id: 1000000000000000057, offset: 0.000000 id: 2947 at time: 2237.56
Processed event: VehicleDepartureEvent, vehicle_id: 4, road_id: 1000000000000000057, offset: 0.000000 id: 2947
Simulator::runFor: now_ = 2237.56 target = 2240
[progress] simulator time = 2240 / 3000
processing event: VehicleArriveIntersectionEvent, vehicle_id: 7, road_id: 1000000000000000021 id: 2919 at time: 2240.66
Processed event: VehicleArriveIntersectionEvent, vehicle_id: 7, road_id: 1000000000000000021 id: 2919
processing event: VehicleEnterNewRoadEvent, vehicle_id: 7, road_id: 1000000000000000033 id: 2949 at time: 2242.46
Processed event: VehicleEnterNewRoadEvent, vehicle_id: 7, road_id: 1000000000000000033 id: 2949
processing event: VehicleDepartureEvent, vehicle_id: 7, road_id: 1000000000000000033, offset: 0.000000 id: 2950 at time: 2242.46
Processed event: VehicleDepartureEvent, vehicle_id: 7, road_id: 1000000000000000033, offset: 0.000000 id: 2950
processing event: VehicleArriveIntersectionEvent, vehicle_id: 6, road_id: 1000000000000001194 id: 2944 at time: 2249.88
Processed event: VehicleArriveIntersectionEvent, vehicle_id: 6, road_id: 1000000000000001194 id: 2944
Simulator::runFor: now_ = 2249.88 target = 2250
[progress] simulator time = 2250 / 3000
processing event: VehicleArriveIntersectionEvent, vehicle_id: 10, road_id: 1000000000000000118 id: 2899 at time: 2251.04
Processed event: VehicleArriveIntersectionEvent, vehicle_id: 10, road_id: 1000000000000000118 id: 2899
processing event: VehicleEnterNewRoadEvent, vehicle_id: 6, road_id: 1000000000000001193 id: 2952 at time: 2251.68
Processed event: VehicleEnterNewRoadEvent, vehicle_id: 6, road_id: 1000000000000001193 id: 2952
processing event: VehicleDepartureEvent, vehicle_id: 6, road_id: 1000000000000001193, offset: 0.000000 id: 2954 at time: 2251.68
Processed event: VehicleDepartureEvent, vehicle_id: 6, road_id: 1000000000000001193, offset: 0.000000 id: 2954
processing event: VehicleArriveIntersectionEvent, vehicle_id: 5, road_id: 1000000000000000726 id: 2939 at time: 2251.82
Processed event: VehicleArriveIntersectionEvent, vehicle_id: 5, road_id: 1000000000000000726 id: 2939
processing event: VehicleEnterNewRoadEvent, vehicle_id: 10, road_id: 1000000000000000119 id: 2953 at time: 2252.84
Processed event: VehicleEnterNewRoadEvent, vehicle_id: 10, road_id: 1000000000000000119 id: 2953
processing event: VehicleDepartureEvent, vehicle_id: 10, road_id: 1000000000000000119, offset: 0.000000 id: 2957 at time: 2252.84
Processed event: VehicleDepartureEvent, vehicle_id: 10, road_id: 1000000000000000119, offset: 0.000000 id: 2957
processing event: VehicleEnterNewRoadEvent, vehicle_id: 5, road_id: 1000000000000000043 id: 2956 at time: 2253.62
Processed event: VehicleEnterNewRoadEvent, vehicle_id: 5, road_id: 1000000000000000043 id: 2956
processing event: VehicleDepartureEvent, vehicle_id: 5, road_id: 1000000000000000043, offset: 0.000000 id: 2959 at time: 2253.62
Processed event: VehicleDepartureEvent, vehicle_id: 5, road_id: 1000000000000000043, offset: 0.000000 id: 2959
processing event: VehicleArriveIntersectionEvent, vehicle_id: 3, road_id: 1000000000000000079 id: 2935 at time: 2254.17
Processed event: VehicleArriveIntersectionEvent, vehicle_id: 3, road_id: 1000000000000000079 id: 2935
processing event: VehicleEnterNewRoadEvent, vehicle_id: 3, road_id: 1000000000000000080 id: 2961 at time: 2255.97
Processed event: VehicleEnterNewRoadEvent, vehicle_id: 3, road_id: 1000000000000000080 id: 2961
processing event: VehicleDepartureEvent, vehicle_id: 3, road_id: 1000000000000000080, offset: 0.000000 id: 2962 at time: 2255.97
Processed event: VehicleDepartureEvent, vehicle_id: 3, road_id: 1000000000000000080, offset: 0.000000 id: 2962
processing event: VehicleArriveIntersectionEvent, vehicle_id: 19, road_id: 1000000000000001092 id: 2905 at time: 2257.32
Processed event: VehicleArriveIntersectionEvent, vehicle_id: 19, road_id: 1000000000000001092 id: 2905
processing event: VehicleEnterNewRoadEvent, vehicle_id: 19, road_id: 1000000000000001091 id: 2964 at time: 2259.12
Processed event: VehicleEnterNewRoadEvent, vehicle_id: 19, road_id: 1000000000000001091 id: 2964
processing event: VehicleDepartureEvent, vehicle_id: 19, road_id: 1000000000000001091, offset: 0.000000 id: 2965 at time: 2259.12
Processed event: VehicleDepartureEvent, vehicle_id: 19, road_id: 1000000000000001091, offset: 0.000000 id: 2965
processing event: VehicleArriveIntersectionEvent, vehicle_id: 5, road_id: 1000000000000000043 id: 2960 at time: 2259.56
Processed event: VehicleArriveIntersectionEvent, vehicle_id: 5, road_id: 1000000000000000043 id: 2960
Simulator::runFor: now_ = 2259.56 target = 2260
[progress] simulator time = 2260 / 3000
processing event: VehicleEnterNewRoadEvent, vehicle_id: 5, road_id: 1000000000000000044 id: 2967 at time: 2261.36
Processed event: VehicleEnterNewRoadEvent, vehicle_id: 5, road_id: 1000000000000000044 id: 2967
processing event: VehicleDepartureEvent, vehicle_id: 5, road_id: 1000000000000000044, offset: 0.000000 id: 2968 at time: 2261.36
Processed event: VehicleDepartureEvent, vehicle_id: 5, road_id: 1000000000000000044, offset: 0.000000 id: 2968
processing event: VehicleArriveIntersectionEvent, vehicle_id: 17, road_id: 1000000000000000326 id: 2945 at time: 2262.08
Processed event: VehicleArriveIntersectionEvent, vehicle_id: 17, road_id: 1000000000000000326 id: 2945
processing event: VehicleArriveIntersectionEvent, vehicle_id: 13, road_id: 1000000000000001035 id: 2907 at time: 2262.81
Processed event: VehicleArriveIntersectionEvent, vehicle_id: 13, road_id: 1000000000000001035 id: 2907
processing event: VehicleEnterNewRoadEvent, vehicle_id: 17, road_id: 1000000000000000193 id: 2970 at time: 2263.88
Processed event: VehicleEnterNewRoadEvent, vehicle_id: 17, road_id: 1000000000000000193 id: 2970
processing event: VehicleDepartureEvent, vehicle_id: 17, road_id: 1000000000000000193, offset: 0.000000 id: 2972 at time: 2263.88
Processed event: VehicleDepartureEvent, vehicle_id: 17, road_id: 1000000000000000193, offset: 0.000000 id: 2972
processing event: VehicleArriveIntersectionEvent, vehicle_id: 5, road_id: 1000000000000000044 id: 2969 at time: 2264.42
Processed event: VehicleArriveIntersectionEvent, vehicle_id: 5, road_id: 1000000000000000044 id: 2969
processing event: VehicleEnterNewRoadEvent, vehicle_id: 13, road_id: 1000000000000001037 id: 2971 at time: 2264.61
Processed event: VehicleEnterNewRoadEvent, vehicle_id: 13, road_id: 1000000000000001037 id: 2971
processing event: VehicleDepartureEvent, vehicle_id: 13, road_id: 1000000000000001037, offset: 0.000000 id: 2975 at time: 2264.61
Processed event: VehicleDepartureEvent, vehicle_id: 13, road_id: 1000000000000001037, offset: 0.000000 id: 2975
processing event: VehicleEnterNewRoadEvent, vehicle_id: 5, road_id: 1000000000000000360 id: 2974 at time: 2266.22
Processed event: VehicleEnterNewRoadEvent, vehicle_id: 5, road_id: 1000000000000000360 id: 2974
processing event: VehicleDepartureEvent, vehicle_id: 5, road_id: 1000000000000000360, offset: 0.000000 id: 2977 at time: 2266.22
Processed event: VehicleDepartureEvent, vehicle_id: 5, road_id: 1000000000000000360, offset: 0.000000 id: 2977
Event is not valid: VehicleArriveIntersectionEvent, vehicle_id: 12, road_id: 1000000000000000024 id: 2842 at time: 2266.57
processing event: VehicleArriveIntersectionEvent, vehicle_id: 12, road_id: 1000000000000000024 id: 2912 at time: 2266.57
Processed event: VehicleArriveIntersectionEvent, vehicle_id: 12, road_id: 1000000000000000024 id: 2912
processing event: VehicleArriveIntersectionEvent, vehicle_id: 18, road_id: 1000000000000000094 id: 2927 at time: 2266.78
Processed event: VehicleArriveIntersectionEvent, vehicle_id: 18, road_id: 1000000000000000094 id: 2927
processing event: VehicleArriveIntersectionEvent, vehicle_id: 14, road_id: 1000000000000000507 id: 2851 at time: 2267.34
Processed event: VehicleArriveIntersectionEvent, vehicle_id: 14, road_id: 1000000000000000507 id: 2851
processing event: VehicleEnterNewRoadEvent, vehicle_id: 12, road_id: 1000000000000000061 id: 2979 at time: 2268.37
Processed event: VehicleEnterNewRoadEvent, vehicle_id: 12, road_id: 1000000000000000061 id: 2979
processing event: VehicleDepartureEvent, vehicle_id: 12, road_id: 1000000000000000061, offset: 0.000000 id: 2982 at time: 2268.37
Processed event: VehicleDepartureEvent, vehicle_id: 12, road_id: 1000000000000000061, offset: 0.000000 id: 2982
processing event: VehicleArriveIntersectionEvent, vehicle_id: 11, road_id: 1000000000000000313 id: 2932 at time: 2268.44
Processed event: VehicleArriveIntersectionEvent, vehicle_id: 11, road_id: 1000000000000000313 id: 2932
processing event: VehicleEnterNewRoadEvent, vehicle_id: 18, road_id: 1000000000000000245 id: 2980 at time: 2268.58
Processed event: VehicleEnterNewRoadEvent, vehicle_id: 18, road_id: 1000000000000000245 id: 2980
processing event: VehicleDepartureEvent, vehicle_id: 18, road_id: 1000000000000000245, offset: 0.000000 id: 2985 at time: 2268.58
Processed event: VehicleDepartureEvent, vehicle_id: 18, road_id: 1000000000000000245, offset: 0.000000 id: 2985
processing event: VehicleArriveIntersectionEvent, vehicle_id: 6, road_id: 1000000000000001193 id: 2955 at time: 2268.6
Processed event: VehicleArriveIntersectionEvent, vehicle_id: 6, road_id: 1000000000000001193 id: 2955
processing event: VehicleEnterNewRoadEvent, vehicle_id: 14, road_id: 1000000000000000436 id: 2981 at time: 2269.14
Processed event: VehicleEnterNewRoadEvent, vehicle_id: 14, road_id: 1000000000000000436 id: 2981
processing event: VehicleDepartureEvent, vehicle_id: 14, road_id: 1000000000000000436, offset: 0.000000 id: 2988 at time: 2269.14
Processed event: VehicleDepartureEvent, vehicle_id: 14, road_id: 1000000000000000436, offset: 0.000000 id: 2988
processing event: BusArrivalEvent, vehicle_id: 10, stop_id: 185 id: 2958 at time: 2269.21
Processed event: BusArrivalEvent, vehicle_id: 10, stop_id: 185 id: 2958
processing event: PassengerOnboardEvent, passenger_id: 23 id: 2990 at time: 2269.21
Processed event: PassengerOnboardEvent, passenger_id: 23 id: 2990
processing event: VehicleArriveIntersectionEvent, vehicle_id: 20, road_id: 1000000000000000248 id: 2937 at time: 2269.63
Processed event: VehicleArriveIntersectionEvent, vehicle_id: 20, road_id: 1000000000000000248 id: 2937
Simulator::runFor: now_ = 2269.63 target = 2270
[progress] simulator time = 2270 / 3000
processing event: VehicleEnterNewRoadEvent, vehicle_id: 11, road_id: 1000000000000000314 id: 2984 at time: 2270.24
Processed event: VehicleEnterNewRoadEvent, vehicle_id: 11, road_id: 1000000000000000314 id: 2984
processing event: VehicleDepartureEvent, vehicle_id: 11, road_id: 1000000000000000314, offset: 0.000000 id: 2993 at time: 2270.24
Processed event: VehicleDepartureEvent, vehicle_id: 11, road_id: 1000000000000000314, offset: 0.000000 id: 2993
processing event: VehicleEnterNewRoadEvent, vehicle_id: 6, road_id: 1000000000000001181 id: 2987 at time: 2270.4
Processed event: VehicleEnterNewRoadEvent, vehicle_id: 6, road_id: 1000000000000001181 id: 2987
processing event: VehicleDepartureEvent, vehicle_id: 6, road_id: 1000000000000001181, offset: 0.000000 id: 2995 at time: 2270.4
Processed event: VehicleDepartureEvent, vehicle_id: 6, road_id: 1000000000000001181, offset: 0.000000 id: 2995
processing event: VehicleEnterNewRoadEvent, vehicle_id: 20, road_id: 1000000000000000234 id: 2992 at time: 2271.43
Processed event: VehicleEnterNewRoadEvent, vehicle_id: 20, road_id: 1000000000000000234 id: 2992
processing event: VehicleDepartureEvent, vehicle_id: 20, road_id: 1000000000000000234, offset: 0.000000 id: 2997 at time: 2271.43
Processed event: VehicleDepartureEvent, vehicle_id: 20, road_id: 1000000000000000234, offset: 0.000000 id: 2997
processing event: VehicleDepartureEvent, vehicle_id: 10, road_id: 1000000000000000119, offset: 90.970000 id: 2991 at time: 2274.21
Processed event: VehicleDepartureEvent, vehicle_id: 10, road_id: 1000000000000000119, offset: 90.970000 id: 2991
processing event: VehicleArriveIntersectionEvent, vehicle_id: 5, road_id: 1000000000000000360 id: 2978 at time: 2274.32
Processed event: VehicleArriveIntersectionEvent, vehicle_id: 5, road_id: 1000000000000000360 id: 2978
processing event: VehicleEnterNewRoadEvent, vehicle_id: 5, road_id: 1000000000000000723 id: 3000 at time: 2276.12
Processed event: VehicleEnterNewRoadEvent, vehicle_id: 5, road_id: 1000000000000000723 id: 3000
processing event: VehicleDepartureEvent, vehicle_id: 5, road_id: 1000000000000000723, offset: 0.000000 id: 3001 at time: 2276.12
Processed event: VehicleDepartureEvent, vehicle_id: 5, road_id: 1000000000000000723, offset: 0.000000 id: 3001
processing event: VehicleArriveIntersectionEvent, vehicle_id: 14, road_id: 1000000000000000436 id: 2989 at time: 2276.52
Processed event: VehicleArriveIntersectionEvent, vehicle_id: 14, road_id: 1000000000000000436 id: 2989
processing event: VehicleEnterNewRoadEvent, vehicle_id: 14, road_id: 1000000000000000438 id: 3003 at time: 2278.32
Processed event: VehicleEnterNewRoadEvent, vehicle_id: 14, road_id: 1000000000000000438 id: 3003
processing event: VehicleDepartureEvent, vehicle_id: 14, road_id: 1000000000000000438, offset: 0.000000 id: 3004 at time: 2278.32
Processed event: VehicleDepartureEvent, vehicle_id: 14, road_id: 1000000000000000438, offset: 0.000000 id: 3004
processing event: VehicleArriveIntersectionEvent, vehicle_id: 9, road_id: 1000000000000000210 id: 2909 at time: 2279.08
Processed event: VehicleArriveIntersectionEvent, vehicle_id: 9, road_id: 1000000000000000210 id: 2909
Simulator::runFor: now_ = 2279.08 target = 2280
[progress] simulator time = 2280 / 3000
processing event: VehicleArriveIntersectionEvent, vehicle_id: 10, road_id: 1000000000000000119 id: 2999 at time: 2280.7
Processed event: VehicleArriveIntersectionEvent, vehicle_id: 10, road_id: 1000000000000000119 id: 2999
processing event: VehicleEnterNewRoadEvent, vehicle_id: 9, road_id: 1000000000000000157 id: 3006 at time: 2280.88
Processed event: VehicleEnterNewRoadEvent, vehicle_id: 9, road_id: 1000000000000000157 id: 3006
processing event: VehicleDepartureEvent, vehicle_id: 9, road_id: 1000000000000000157, offset: 0.000000 id: 3008 at time: 2280.88
Processed event: VehicleDepartureEvent, vehicle_id: 9, road_id: 1000000000000000157, offset: 0.000000 id: 3008
processing event: VehicleArriveIntersectionEvent, vehicle_id: 4, road_id: 1000000000000000057 id: 2948 at time: 2281.49
Processed event: VehicleArriveIntersectionEvent, vehicle_id: 4, road_id: 1000000000000000057 id: 2948
processing event: VehicleEnterNewRoadEvent, vehicle_id: 10, road_id: 1000000000000001184 id: 3007 at time: 2282.5
Processed event: VehicleEnterNewRoadEvent, vehicle_id: 10, road_id: 1000000000000001184 id: 3007
processing event: VehicleDepartureEvent, vehicle_id: 10, road_id: 1000000000000001184, offset: 0.000000 id: 3011 at time: 2282.5
Processed event: VehicleDepartureEvent, vehicle_id: 10, road_id: 1000000000000001184, offset: 0.000000 id: 3011
processing event: VehicleEnterNewRoadEvent, vehicle_id: 4, road_id: 1000000000000000059 id: 3010 at time: 2283.29
Processed event: VehicleEnterNewRoadEvent, vehicle_id: 4, road_id: 1000000000000000059 id: 3010
processing event: VehicleDepartureEvent, vehicle_id: 4, road_id: 1000000000000000059, offset: 0.000000 id: 3013 at time: 2283.29
Processed event: VehicleDepartureEvent, vehicle_id: 4, road_id: 1000000000000000059, offset: 0.000000 id: 3013
processing event: VehicleArriveIntersectionEvent, vehicle_id: 9, road_id: 1000000000000000157 id: 3009 at time: 2285.56
Processed event: VehicleArriveIntersectionEvent, vehicle_id: 9, road_id: 1000000000000000157 id: 3009
processing event: VehicleEnterNewRoadEvent, vehicle_id: 9, road_id: 1000000000000000163 id: 3015 at time: 2287.36
Processed event: VehicleEnterNewRoadEvent, vehicle_id: 9, road_id: 1000000000000000163 id: 3015
processing event: VehicleDepartureEvent, vehicle_id: 9, road_id: 1000000000000000163, offset: 0.000000 id: 3016 at time: 2287.36
Processed event: VehicleDepartureEvent, vehicle_id: 9, road_id: 1000000000000000163, offset: 0.000000 id: 3016
processing event: VehicleArriveIntersectionEvent, vehicle_id: 9, road_id: 1000000000000000163 id: 3017 at time: 2288.8
Processed event: VehicleArriveIntersectionEvent, vehicle_id: 9, road_id: 1000000000000000163 id: 3017
processing event: VehicleArriveIntersectionEvent, vehicle_id: 6, road_id: 1000000000000001181 id: 2996 at time: 2289.48
Processed event: VehicleArriveIntersectionEvent, vehicle_id: 6, road_id: 1000000000000001181 id: 2996
Simulator::runFor: now_ = 2289.48 target = 2290
[progress] simulator time = 2290 / 3000
processing event: VehicleEnterNewRoadEvent, vehicle_id: 9, road_id: 1000000000000000164 id: 3018 at time: 2290.6
Processed event: VehicleEnterNewRoadEvent, vehicle_id: 9, road_id: 1000000000000000164 id: 3018
processing event: VehicleDepartureEvent, vehicle_id: 9, road_id: 1000000000000000164, offset: 0.000000 id: 3020 at time: 2290.6
Processed event: VehicleDepartureEvent, vehicle_id: 9, road_id: 1000000000000000164, offset: 0.000000 id: 3020
processing event: VehicleEnterNewRoadEvent, vehicle_id: 6, road_id: 1000000000000001088 id: 3019 at time: 2291.28
Processed event: VehicleEnterNewRoadEvent, vehicle_id: 6, road_id: 1000000000000001088 id: 3019
processing event: VehicleDepartureEvent, vehicle_id: 6, road_id: 1000000000000001088, offset: 0.000000 id: 3022 at time: 2291.28
Processed event: VehicleDepartureEvent, vehicle_id: 6, road_id: 1000000000000001088, offset: 0.000000 id: 3022
processing event: VehicleArriveIntersectionEvent, vehicle_id: 7, road_id: 1000000000000000033 id: 2951 at time: 2293.22
Processed event: VehicleArriveIntersectionEvent, vehicle_id: 7, road_id: 1000000000000000033 id: 2951
processing event: VehicleEnterNewRoadEvent, vehicle_id: 7, road_id: 1000000000000000035 id: 3024 at time: 2295.02
Processed event: VehicleEnterNewRoadEvent, vehicle_id: 7, road_id: 1000000000000000035 id: 3024
processing event: VehicleDepartureEvent, vehicle_id: 7, road_id: 1000000000000000035, offset: 0.000000 id: 3025 at time: 2295.02
Processed event: VehicleDepartureEvent, vehicle_id: 7, road_id: 1000000000000000035, offset: 0.000000 id: 3025
processing event: VehicleArriveIntersectionEvent, vehicle_id: 9, road_id: 1000000000000000164 id: 3021 at time: 2295.47
Processed event: VehicleArriveIntersectionEvent, vehicle_id: 9, road_id: 1000000000000000164 id: 3021
processing event: VehicleEnterNewRoadEvent, vehicle_id: 9, road_id: 1000000000000000165 id: 3027 at time: 2297.27
Processed event: VehicleEnterNewRoadEvent, vehicle_id: 9, road_id: 1000000000000000165 id: 3027
processing event: VehicleDepartureEvent, vehicle_id: 9, road_id: 1000000000000000165, offset: 0.000000 id: 3028 at time: 2297.27
Processed event: VehicleDepartureEvent, vehicle_id: 9, road_id: 1000000000000000165, offset: 0.000000 id: 3028
processing event: VehicleArriveIntersectionEvent, vehicle_id: 9, road_id: 1000000000000000165 id: 3029 at time: 2298.53
Processed event: VehicleArriveIntersectionEvent, vehicle_id: 9, road_id: 1000000000000000165 id: 3029
Simulator::runFor: now_ = 2298.53 target = 2300
[progress] simulator time = 2300 / 3000
processing event: VehicleEnterNewRoadEvent, vehicle_id: 9, road_id: 1000000000000000158 id: 3030 at time: 2300.33
Processed event: VehicleEnterNewRoadEvent, vehicle_id: 9, road_id: 1000000000000000158 id: 3030
processing event: VehicleDepartureEvent, vehicle_id: 9, road_id: 1000000000000000158, offset: 0.000000 id: 3031 at time: 2300.33
Processed event: VehicleDepartureEvent, vehicle_id: 9, road_id: 1000000000000000158, offset: 0.000000 id: 3031
processing event: VehicleArriveIntersectionEvent, vehicle_id: 14, road_id: 1000000000000000438 id: 3005 at time: 2303.88
Processed event: VehicleArriveIntersectionEvent, vehicle_id: 14, road_id: 1000000000000000438 id: 3005
processing event: VehicleArriveIntersectionEvent, vehicle_id: 10, road_id: 1000000000000001184 id: 3012 at time: 2305.36
Processed event: VehicleArriveIntersectionEvent, vehicle_id: 10, road_id: 1000000000000001184 id: 3012
processing event: VehicleEnterNewRoadEvent, vehicle_id: 14, road_id: 1000000000000000786 id: 3033 at time: 2305.68
Processed event: VehicleEnterNewRoadEvent, vehicle_id: 14, road_id: 1000000000000000786 id: 3033
processing event: VehicleDepartureEvent, vehicle_id: 14, road_id: 1000000000000000786, offset: 0.000000 id: 3035 at time: 2305.68
Processed event: VehicleDepartureEvent, vehicle_id: 14, road_id: 1000000000000000786, offset: 0.000000 id: 3035
processing event: VehicleArriveIntersectionEvent, vehicle_id: 8, road_id: 1000000000000000309 id: 2925 at time: 2306.88
Processed event: VehicleArriveIntersectionEvent, vehicle_id: 8, road_id: 1000000000000000309 id: 2925
processing event: VehicleArriveIntersectionEvent, vehicle_id: 9, road_id: 1000000000000000158 id: 3032 at time: 2306.99
Processed event: VehicleArriveIntersectionEvent, vehicle_id: 9, road_id: 1000000000000000158 id: 3032
processing event: VehicleEnterNewRoadEvent, vehicle_id: 10, road_id: 1000000000000001054 id: 3034 at time: 2307.16
Processed event: VehicleEnterNewRoadEvent, vehicle_id: 10, road_id: 1000000000000001054 id: 3034
processing event: VehicleDepartureEvent, vehicle_id: 10, road_id: 1000000000000001054, offset: 0.000000 id: 3039 at time: 2307.16
Processed event: VehicleDepartureEvent, vehicle_id: 10, road_id: 1000000000000001054, offset: 0.000000 id: 3039
processing event: VehicleEnterNewRoadEvent, vehicle_id: 8, road_id: 1000000000000000311 id: 3037 at time: 2308.68
Processed event: VehicleEnterNewRoadEvent, vehicle_id: 8, road_id: 1000000000000000311 id: 3037
processing event: VehicleDepartureEvent, vehicle_id: 8, road_id: 1000000000000000311, offset: 0.000000 id: 3041 at time: 2308.68
Processed event: VehicleDepartureEvent, vehicle_id: 8, road_id: 1000000000000000311, offset: 0.000000 id: 3041
processing event: VehicleArriveIntersectionEvent, vehicle_id: 18, road_id: 1000000000000000245 id: 2986 at time: 2308.72
Processed event: VehicleArriveIntersectionEvent, vehicle_id: 18, road_id: 1000000000000000245 id: 2986
processing event: VehicleEnterNewRoadEvent, vehicle_id: 9, road_id: 1000000000000000159 id: 3038 at time: 2308.79
Processed event: VehicleEnterNewRoadEvent, vehicle_id: 9, road_id: 1000000000000000159 id: 3038
processing event: VehicleDepartureEvent, vehicle_id: 9, road_id: 1000000000000000159, offset: 0.000000 id: 3044 at time: 2308.79
Processed event: VehicleDepartureEvent, vehicle_id: 9, road_id: 1000000000000000159, offset: 0.000000 id: 3044
Simulator::runFor: now_ = 2308.79 target = 2310
[progress] simulator time = 2310 / 3000
processing event: VehicleArriveIntersectionEvent, vehicle_id: 9, road_id: 1000000000000000159 id: 3045 at time: 2310.05
Processed event: VehicleArriveIntersectionEvent, vehicle_id: 9, road_id: 1000000000000000159 id: 3045
processing event: VehicleEnterNewRoadEvent, vehicle_id: 18, road_id: 1000000000000000246 id: 3043 at time: 2310.52
Processed event: VehicleEnterNewRoadEvent, vehicle_id: 18, road_id: 1000000000000000246 id: 3043
processing event: VehicleDepartureEvent, vehicle_id: 18, road_id: 1000000000000000246, offset: 0.000000 id: 3047 at time: 2310.52
Processed event: VehicleDepartureEvent, vehicle_id: 18, road_id: 1000000000000000246, offset: 0.000000 id: 3047
processing event: VehicleArriveIntersectionEvent, vehicle_id: 13, road_id: 1000000000000001037 id: 2976 at time: 2311.23
Processed event: VehicleArriveIntersectionEvent, vehicle_id: 13, road_id: 1000000000000001037 id: 2976
processing event: VehicleEnterNewRoadEvent, vehicle_id: 9, road_id: 1000000000000000160 id: 3046 at time: 2311.85
Processed event: VehicleEnterNewRoadEvent, vehicle_id: 9, road_id: 1000000000000000160 id: 3046
processing event: VehicleDepartureEvent, vehicle_id: 9, road_id: 1000000000000000160, offset: 0.000000 id: 3050 at time: 2311.85
Processed event: VehicleDepartureEvent, vehicle_id: 9, road_id: 1000000000000000160, offset: 0.000000 id: 3050
processing event: VehicleArriveIntersectionEvent, vehicle_id: 11, road_id: 1000000000000000314 id: 2994 at time: 2312.72
Processed event: VehicleArriveIntersectionEvent, vehicle_id: 11, road_id: 1000000000000000314 id: 2994
processing event: VehicleEnterNewRoadEvent, vehicle_id: 13, road_id: 1000000000000001178 id: 3049 at time: 2313.03
Processed event: VehicleEnterNewRoadEvent, vehicle_id: 13, road_id: 1000000000000001178 id: 3049
processing event: VehicleDepartureEvent, vehicle_id: 13, road_id: 1000000000000001178, offset: 0.000000 id: 3053 at time: 2313.03
Processed event: VehicleDepartureEvent, vehicle_id: 13, road_id: 1000000000000001178, offset: 0.000000 id: 3053
processing event: VehicleEnterNewRoadEvent, vehicle_id: 11, road_id: 1000000000000000316 id: 3052 at time: 2314.52
Processed event: VehicleEnterNewRoadEvent, vehicle_id: 11, road_id: 1000000000000000316 id: 3052
processing event: VehicleDepartureEvent, vehicle_id: 11, road_id: 1000000000000000316, offset: 0.000000 id: 3055 at time: 2314.52
Processed event: VehicleDepartureEvent, vehicle_id: 11, road_id: 1000000000000000316, offset: 0.000000 id: 3055
processing event: VehicleArriveIntersectionEvent, vehicle_id: 19, road_id: 1000000000000001091 id: 2966 at time: 2317.99
Processed event: VehicleArriveIntersectionEvent, vehicle_id: 19, road_id: 1000000000000001091 id: 2966
processing event: VehicleArriveIntersectionEvent, vehicle_id: 9, road_id: 1000000000000000160 id: 3051 at time: 2318.33
Processed event: VehicleArriveIntersectionEvent, vehicle_id: 9, road_id: 1000000000000000160 id: 3051
processing event: VehicleEnterNewRoadEvent, vehicle_id: 19, road_id: 1000000000000001090 id: 3057 at time: 2319.79
Processed event: VehicleEnterNewRoadEvent, vehicle_id: 19, road_id: 1000000000000001090 id: 3057
processing event: VehicleDepartureEvent, vehicle_id: 19, road_id: 1000000000000001090, offset: 0.000000 id: 3059 at time: 2319.79
Processed event: VehicleDepartureEvent, vehicle_id: 19, road_id: 1000000000000001090, offset: 0.000000 id: 3059
Simulator::runFor: now_ = 2319.79 target = 2320
[progress] simulator time = 2320 / 3000
processing event: VehicleEnterNewRoadEvent, vehicle_id: 9, road_id: 1000000000000000161 id: 3058 at time: 2320.13
Processed event: VehicleEnterNewRoadEvent, vehicle_id: 9, road_id: 1000000000000000161 id: 3058
processing event: VehicleDepartureEvent, vehicle_id: 9, road_id: 1000000000000000161, offset: 0.000000 id: 3061 at time: 2320.13
Processed event: VehicleDepartureEvent, vehicle_id: 9, road_id: 1000000000000000161, offset: 0.000000 id: 3061
processing event: VehicleArriveIntersectionEvent, vehicle_id: 9, road_id: 1000000000000000161 id: 3062 at time: 2321.57
Processed event: VehicleArriveIntersectionEvent, vehicle_id: 9, road_id: 1000000000000000161 id: 3062
processing event: VehicleEnterNewRoadEvent, vehicle_id: 9, road_id: 1000000000000000156 id: 3063 at time: 2323.37
Processed event: VehicleEnterNewRoadEvent, vehicle_id: 9, road_id: 1000000000000000156 id: 3063
processing event: VehicleDepartureEvent, vehicle_id: 9, road_id: 1000000000000000156, offset: 0.000000 id: 3064 at time: 2323.37
Processed event: VehicleDepartureEvent, vehicle_id: 9, road_id: 1000000000000000156, offset: 0.000000 id: 3064
processing event: VehicleArriveIntersectionEvent, vehicle_id: 17, road_id: 1000000000000000193 id: 2973 at time: 2324.36
Processed event: VehicleArriveIntersectionEvent, vehicle_id: 17, road_id: 1000000000000000193 id: 2973
processing event: VehicleArriveIntersectionEvent, vehicle_id: 4, road_id: 1000000000000000059 id: 3014 at time: 2325.77
Processed event: VehicleArriveIntersectionEvent, vehicle_id: 4, road_id: 1000000000000000059 id: 3014
processing event: VehicleEnterNewRoadEvent, vehicle_id: 17, road_id: 1000000000000000341 id: 3066 at time: 2326.16
Processed event: VehicleEnterNewRoadEvent, vehicle_id: 17, road_id: 1000000000000000341 id: 3066
processing event: VehicleDepartureEvent, vehicle_id: 17, road_id: 1000000000000000341, offset: 0.000000 id: 3068 at time: 2326.16
Processed event: VehicleDepartureEvent, vehicle_id: 17, road_id: 1000000000000000341, offset: 0.000000 id: 3068
processing event: VehicleArriveIntersectionEvent, vehicle_id: 14, road_id: 1000000000000000786 id: 3036 at time: 2327.29
Processed event: VehicleArriveIntersectionEvent, vehicle_id: 14, road_id: 1000000000000000786 id: 3036
processing event: VehicleEnterNewRoadEvent, vehicle_id: 4, road_id: 1000000000000000060 id: 3067 at time: 2327.57
Processed event: VehicleEnterNewRoadEvent, vehicle_id: 4, road_id: 1000000000000000060 id: 3067
processing event: VehicleDepartureEvent, vehicle_id: 4, road_id: 1000000000000000060, offset: 0.000000 id: 3071 at time: 2327.57
Processed event: VehicleDepartureEvent, vehicle_id: 4, road_id: 1000000000000000060, offset: 0.000000 id: 3071
processing event: VehicleArriveIntersectionEvent, vehicle_id: 9, road_id: 1000000000000000156 id: 3065 at time: 2328.77
Processed event: VehicleArriveIntersectionEvent, vehicle_id: 9, road_id: 1000000000000000156 id: 3065
processing event: VehicleEnterNewRoadEvent, vehicle_id: 14, road_id: 1000000000000000787 id: 3070 at time: 2329.09
Processed event: VehicleEnterNewRoadEvent, vehicle_id: 14, road_id: 1000000000000000787 id: 3070
processing event: VehicleDepartureEvent, vehicle_id: 14, road_id: 1000000000000000787, offset: 0.000000 id: 3074 at time: 2329.09
Processed event: VehicleDepartureEvent, vehicle_id: 14, road_id: 1000000000000000787, offset: 0.000000 id: 3074
Simulator::runFor: now_ = 2329.09 target = 2330
[progress] simulator time = 2330 / 3000
processing event: VehicleEnterNewRoadEvent, vehicle_id: 9, road_id: 1000000000000000330 id: 3073 at time: 2330.57
Processed event: VehicleEnterNewRoadEvent, vehicle_id: 9, road_id: 1000000000000000330 id: 3073
processing event: VehicleDepartureEvent, vehicle_id: 9, road_id: 1000000000000000330, offset: 0.000000 id: 3076 at time: 2330.57
Processed event: VehicleDepartureEvent, vehicle_id: 9, road_id: 1000000000000000330, offset: 0.000000 id: 3076
processing event: PassengerRouteStartEvent, passenger_id: 48, route_id: 1 id: 47 at time: 2332
Processed event: PassengerRouteStartEvent, passenger_id: 48, route_id: 1 id: 47
processing event: OrderCreatedEvent, order_id: 48, available_pickups: 134 , available_dropoffs: 175 , passenger_id: 48, route_id: 1, passenger_num: 0 id: 3078 at time: 2332
Processed event: OrderCreatedEvent, order_id: 48, available_pickups: 134 , available_dropoffs: 175 , passenger_id: 48, route_id: 1, passenger_num: 1 id: 3078
processing event: VehicleArriveIntersectionEvent, vehicle_id: 6, road_id: 1000000000000001088 id: 3023 at time: 2332.15
Processed event: VehicleArriveIntersectionEvent, vehicle_id: 6, road_id: 1000000000000001088 id: 3023
processing event: VehicleEnterNewRoadEvent, vehicle_id: 6, road_id: 1000000000000001087 id: 3079 at time: 2333.95
Processed event: VehicleEnterNewRoadEvent, vehicle_id: 6, road_id: 1000000000000001087 id: 3079
processing event: VehicleDepartureEvent, vehicle_id: 6, road_id: 1000000000000001087, offset: 0.000000 id: 3080 at time: 2333.95
Processed event: VehicleDepartureEvent, vehicle_id: 6, road_id: 1000000000000001087, offset: 0.000000 id: 3080
processing event: VehicleArriveIntersectionEvent, vehicle_id: 14, road_id: 1000000000000000787 id: 3075 at time: 2334.31
Processed event: VehicleArriveIntersectionEvent, vehicle_id: 14, road_id: 1000000000000000787 id: 3075
processing event: VehicleArriveIntersectionEvent, vehicle_id: 12, road_id: 1000000000000000061 id: 2983 at time: 2334.62
Processed event: VehicleArriveIntersectionEvent, vehicle_id: 12, road_id: 1000000000000000061 id: 2983
processing event: VehicleArriveIntersectionEvent, vehicle_id: 5, road_id: 1000000000000000723 id: 3002 at time: 2335.89
Processed event: VehicleArriveIntersectionEvent, vehicle_id: 5, road_id: 1000000000000000723 id: 3002
processing event: VehicleEnterNewRoadEvent, vehicle_id: 14, road_id: 1000000000000000312 id: 3082 at time: 2336.11
Processed event: VehicleEnterNewRoadEvent, vehicle_id: 14, road_id: 1000000000000000312 id: 3082
processing event: VehicleDepartureEvent, vehicle_id: 14, road_id: 1000000000000000312, offset: 0.000000 id: 3085 at time: 2336.11
Processed event: VehicleDepartureEvent, vehicle_id: 14, road_id: 1000000000000000312, offset: 0.000000 id: 3085
processing event: VehicleEnterNewRoadEvent, vehicle_id: 12, road_id: 1000000000000000447 id: 3083 at time: 2336.42
Processed event: VehicleEnterNewRoadEvent, vehicle_id: 12, road_id: 1000000000000000447 id: 3083
processing event: VehicleDepartureEvent, vehicle_id: 12, road_id: 1000000000000000447, offset: 0.000000 id: 3087 at time: 2336.42
Processed event: VehicleDepartureEvent, vehicle_id: 12, road_id: 1000000000000000447, offset: 0.000000 id: 3087
processing event: VehicleEnterNewRoadEvent, vehicle_id: 5, road_id: 1000000000000000724 id: 3084 at time: 2337.69
Processed event: VehicleEnterNewRoadEvent, vehicle_id: 5, road_id: 1000000000000000724 id: 3084
processing event: VehicleDepartureEvent, vehicle_id: 5, road_id: 1000000000000000724, offset: 0.000000 id: 3089 at time: 2337.69
Processed event: VehicleDepartureEvent, vehicle_id: 5, road_id: 1000000000000000724, offset: 0.000000 id: 3089
processing event: VehicleArriveIntersectionEvent, vehicle_id: 5, road_id: 1000000000000000724 id: 3090 at time: 2338.95
Processed event: VehicleArriveIntersectionEvent, vehicle_id: 5, road_id: 1000000000000000724 id: 3090
Simulator::runFor: now_ = 2338.95 target = 2340
[progress] simulator time = 2340 / 3000
processing event: OrderMatchedEvent, order_id: 48, vehicle_id: 8 id: 3092 at time: 2340
Processed event: OrderMatchedEvent, order_id: 48, vehicle_id: 8 id: 3092
processing event: PassengerArrivalEvent, passenger_id: 48 id: 3094 at time: 2340
Processed event: PassengerArrivalEvent, passenger_id: 48 id: 3094
processing event: BusArrivalEvent, vehicle_id: 20, stop_id: 68 id: 2998 at time: 2340.55
Processed event: BusArrivalEvent, vehicle_id: 20, stop_id: 68 id: 2998
processing event: PassengerOnboardEvent, passenger_id: 17 id: 3095 at time: 2340.55
Processed event: PassengerOnboardEvent, passenger_id: 17 id: 3095
processing event: VehicleEnterNewRoadEvent, vehicle_id: 5, road_id: 1000000000000000346 id: 3091 at time: 2340.75
Processed event: VehicleEnterNewRoadEvent, vehicle_id: 5, road_id: 1000000000000000346 id: 3091
processing event: VehicleDepartureEvent, vehicle_id: 5, road_id: 1000000000000000346, offset: 0.000000 id: 3097 at time: 2340.75
Processed event: VehicleDepartureEvent, vehicle_id: 5, road_id: 1000000000000000346, offset: 0.000000 id: 3097
processing event: VehicleArriveIntersectionEvent, vehicle_id: 10, road_id: 1000000000000001054 id: 3040 at time: 2342.98
Processed event: VehicleArriveIntersectionEvent, vehicle_id: 10, road_id: 1000000000000001054 id: 3040
processing event: VehicleEnterNewRoadEvent, vehicle_id: 10, road_id: 1000000000000000118 id: 3099 at time: 2344.78
Processed event: VehicleEnterNewRoadEvent, vehicle_id: 10, road_id: 1000000000000000118 id: 3099
processing event: VehicleDepartureEvent, vehicle_id: 10, road_id: 1000000000000000118, offset: 0.000000 id: 3100 at time: 2344.78
Processed event: VehicleDepartureEvent, vehicle_id: 10, road_id: 1000000000000000118, offset: 0.000000 id: 3100
processing event: VehicleDepartureEvent, vehicle_id: 20, road_id: 1000000000000000234, offset: 383.960000 id: 3096 at time: 2345.55
Processed event: VehicleDepartureEvent, vehicle_id: 20, road_id: 1000000000000000234, offset: 383.960000 id: 3096
processing event: PassengerRouteStartEvent, passenger_id: 49, route_id: 1 id: 48 at time: 2348
Processed event: PassengerRouteStartEvent, passenger_id: 49, route_id: 1 id: 48
processing event: OrderCreatedEvent, order_id: 49, available_pickups: 238 , available_dropoffs: 37 , passenger_id: 49, route_id: 1, passenger_num: 0 id: 3103 at time: 2348
Processed event: OrderCreatedEvent, order_id: 49, available_pickups: 238 , available_dropoffs: 37 , passenger_id: 49, route_id: 1, passenger_num: 1 id: 3103
Simulator::runFor: now_ = 2348 target = 2350
[progress] simulator time = 2350 / 3000
processing event: OrderMatchedEvent, order_id: 49, vehicle_id: 8 id: 3104 at time: 2350
Processed event: OrderMatchedEvent, order_id: 49, vehicle_id: 8 id: 3104
processing event: PassengerArrivalEvent, passenger_id: 49 id: 3106 at time: 2350
Processed event: PassengerArrivalEvent, passenger_id: 49 id: 3106
processing event: VehicleArriveIntersectionEvent, vehicle_id: 7, road_id: 1000000000000000035 id: 3026 at time: 2352.09
Processed event: VehicleArriveIntersectionEvent, vehicle_id: 7, road_id: 1000000000000000035 id: 3026
Event is not valid: VehicleArriveIntersectionEvent, vehicle_id: 8, road_id: 1000000000000000311 id: 3042 at time: 2352.6
Event is not valid: VehicleArriveIntersectionEvent, vehicle_id: 8, road_id: 1000000000000000311 id: 3093 at time: 2352.6
processing event: VehicleArriveIntersectionEvent, vehicle_id: 8, road_id: 1000000000000000311 id: 3105 at time: 2352.6
Processed event: VehicleArriveIntersectionEvent, vehicle_id: 8, road_id: 1000000000000000311 id: 3105
processing event: VehicleEnterNewRoadEvent, vehicle_id: 7, road_id: 1000000000000000036 id: 3107 at time: 2353.89
Processed event: VehicleEnterNewRoadEvent, vehicle_id: 7, road_id: 1000000000000000036 id: 3107
processing event: VehicleDepartureEvent, vehicle_id: 7, road_id: 1000000000000000036, offset: 0.000000 id: 3109 at time: 2353.89
Processed event: VehicleDepartureEvent, vehicle_id: 7, road_id: 1000000000000000036, offset: 0.000000 id: 3109
processing event: VehicleEnterNewRoadEvent, vehicle_id: 8, road_id: 1000000000000000322 id: 3108 at time: 2354.4
Processed event: VehicleEnterNewRoadEvent, vehicle_id: 8, road_id: 1000000000000000322 id: 3108
processing event: VehicleDepartureEvent, vehicle_id: 8, road_id: 1000000000000000322, offset: 0.000000 id: 3111 at time: 2354.4
Processed event: VehicleDepartureEvent, vehicle_id: 8, road_id: 1000000000000000322, offset: 0.000000 id: 3111
processing event: VehicleArriveIntersectionEvent, vehicle_id: 18, road_id: 1000000000000000246 id: 3048 at time: 2354.63
Processed event: VehicleArriveIntersectionEvent, vehicle_id: 18, road_id: 1000000000000000246 id: 3048
processing event: PassengerRouteStartEvent, passenger_id: 50, route_id: 1 id: 49 at time: 2355
Processed event: PassengerRouteStartEvent, passenger_id: 50, route_id: 1 id: 49
processing event: OrderCreatedEvent, order_id: 50, available_pickups: 182 , available_dropoffs: 269 , passenger_id: 50, route_id: 1, passenger_num: 0 id: 3114 at time: 2355
Processed event: OrderCreatedEvent, order_id: 50, available_pickups: 182 , available_dropoffs: 269 , passenger_id: 50, route_id: 1, passenger_num: 2 id: 3114
processing event: VehicleArriveIntersectionEvent, vehicle_id: 13, road_id: 1000000000000001178 id: 3054 at time: 2355.52
Processed event: VehicleArriveIntersectionEvent, vehicle_id: 13, road_id: 1000000000000001178 id: 3054
processing event: VehicleEnterNewRoadEvent, vehicle_id: 18, road_id: 1000000000000000303 id: 3113 at time: 2356.43
Processed event: VehicleEnterNewRoadEvent, vehicle_id: 18, road_id: 1000000000000000303 id: 3113
processing event: VehicleDepartureEvent, vehicle_id: 18, road_id: 1000000000000000303, offset: 0.000000 id: 3116 at time: 2356.43
Processed event: VehicleDepartureEvent, vehicle_id: 18, road_id: 1000000000000000303, offset: 0.000000 id: 3116
processing event: VehicleEnterNewRoadEvent, vehicle_id: 13, road_id: 1000000000000001223 id: 3115 at time: 2357.32
Processed event: VehicleEnterNewRoadEvent, vehicle_id: 13, road_id: 1000000000000001223 id: 3115
processing event: VehicleDepartureEvent, vehicle_id: 13, road_id: 1000000000000001223, offset: 0.000000 id: 3118 at time: 2357.32
Processed event: VehicleDepartureEvent, vehicle_id: 13, road_id: 1000000000000001223, offset: 0.000000 id: 3118
processing event: VehicleArriveIntersectionEvent, vehicle_id: 20, road_id: 1000000000000000234 id: 3102 at time: 2357.79
Processed event: VehicleArriveIntersectionEvent, vehicle_id: 20, road_id: 1000000000000000234 id: 3102
processing event: VehicleArriveIntersectionEvent, vehicle_id: 11, road_id: 1000000000000000316 id: 3056 at time: 2357.91
Processed event: VehicleArriveIntersectionEvent, vehicle_id: 11, road_id: 1000000000000000316 id: 3056
processing event: VehicleEnterNewRoadEvent, vehicle_id: 20, road_id: 1000000000000000060 id: 3120 at time: 2359.59
Processed event: VehicleEnterNewRoadEvent, vehicle_id: 20, road_id: 1000000000000000060 id: 3120
processing event: VehicleDepartureEvent, vehicle_id: 20, road_id: 1000000000000000060, offset: 0.000000 id: 3122 at time: 2359.59
Processed event: VehicleDepartureEvent, vehicle_id: 20, road_id: 1000000000000000060, offset: 0.000000 id: 3122
processing event: VehicleEnterNewRoadEvent, vehicle_id: 11, road_id: 1000000000000000040 id: 3121 at time: 2359.71
Processed event: VehicleEnterNewRoadEvent, vehicle_id: 11, road_id: 1000000000000000040 id: 3121
processing event: VehicleDepartureEvent, vehicle_id: 11, road_id: 1000000000000000040, offset: 0.000000 id: 3124 at time: 2359.71
Processed event: VehicleDepartureEvent, vehicle_id: 11, road_id: 1000000000000000040, offset: 0.000000 id: 3124
Simulator::runFor: now_ = 2359.71 target = 2360
[progress] simulator time = 2360 / 3000
processing event: OrderMatchedEvent, order_id: 50, vehicle_id: 18 id: 3126 at time: 2360
Processed event: OrderMatchedEvent, order_id: 50, vehicle_id: 18 id: 3126
processing event: PassengerArrivalEvent, passenger_id: 50 id: 3128 at time: 2360
Processed event: PassengerArrivalEvent, passenger_id: 50 id: 3128
processing event: VehicleArriveIntersectionEvent, vehicle_id: 5, road_id: 1000000000000000346 id: 3098 at time: 2361.99
Processed event: VehicleArriveIntersectionEvent, vehicle_id: 5, road_id: 1000000000000000346 id: 3098
processing event: BusArrivalEvent, vehicle_id: 10, stop_id: 42 id: 3101 at time: 2363.52
Processed event: BusArrivalEvent, vehicle_id: 10, stop_id: 42 id: 3101
processing event: PassengerRouteEndEvent, passenger_id: 23, route_id: 1 id: 3130 at time: 2363.52
Passenger 23 finished all routes
Processed event: PassengerRouteEndEvent, passenger_id: 23, route_id: 1 id: 3130
processing event: PassengerDropoffEvent, passenger_id: 23 id: 3131 at time: 2363.52
Processed event: PassengerDropoffEvent, passenger_id: 23 id: 3131
processing event: OrderFinishedEvent, order_id: 23 id: 3132 at time: 2363.52
Processed event: OrderFinishedEvent, order_id: 23 id: 3132
processing event: VehicleEnterNewRoadEvent, vehicle_id: 5, road_id: 1000000000000000347 id: 3129 at time: 2363.79
Processed event: VehicleEnterNewRoadEvent, vehicle_id: 5, road_id: 1000000000000000347 id: 3129
processing event: VehicleDepartureEvent, vehicle_id: 5, road_id: 1000000000000000347, offset: 0.000000 id: 3133 at time: 2363.79
Processed event: VehicleDepartureEvent, vehicle_id: 5, road_id: 1000000000000000347, offset: 0.000000 id: 3133
processing event: VehicleArriveIntersectionEvent, vehicle_id: 13, road_id: 1000000000000001223 id: 3119 at time: 2367.4
Processed event: VehicleArriveIntersectionEvent, vehicle_id: 13, road_id: 1000000000000001223 id: 3119
processing event: VehicleEnterNewRoadEvent, vehicle_id: 13, road_id: 1000000000000001222 id: 3135 at time: 2369.2
Processed event: VehicleEnterNewRoadEvent, vehicle_id: 13, road_id: 1000000000000001222 id: 3135
processing event: VehicleDepartureEvent, vehicle_id: 13, road_id: 1000000000000001222, offset: 0.000000 id: 3136 at time: 2369.2
Processed event: VehicleDepartureEvent, vehicle_id: 13, road_id: 1000000000000001222, offset: 0.000000 id: 3136
Simulator::runFor: now_ = 2369.2 target = 2370
[progress] simulator time = 2370 / 3000
Event is not valid: VehicleArriveIntersectionEvent, vehicle_id: 4, road_id: 1000000000000000060 id: 3072 at time: 2370.41
processing event: VehicleArriveIntersectionEvent, vehicle_id: 4, road_id: 1000000000000000060 id: 3123 at time: 2370.41
Processed event: VehicleArriveIntersectionEvent, vehicle_id: 4, road_id: 1000000000000000060 id: 3123
processing event: VehicleEnterNewRoadEvent, vehicle_id: 4, road_id: 1000000000000000061 id: 3138 at time: 2372.21
Processed event: VehicleEnterNewRoadEvent, vehicle_id: 4, road_id: 1000000000000000061 id: 3138
processing event: VehicleDepartureEvent, vehicle_id: 4, road_id: 1000000000000000061, offset: 0.000000 id: 3141 at time: 2372.21
Processed event: VehicleDepartureEvent, vehicle_id: 4, road_id: 1000000000000000061, offset: 0.000000 id: 3141
processing event: VehicleArriveIntersectionEvent, vehicle_id: 3, road_id: 1000000000000000080 id: 2963 at time: 2374.06
Processed event: VehicleArriveIntersectionEvent, vehicle_id: 3, road_id: 1000000000000000080 id: 2963
processing event: BusArrivalEvent, vehicle_id: 9, stop_id: 126 id: 3077 at time: 2374.53
Processed event: BusArrivalEvent, vehicle_id: 9, stop_id: 126 id: 3077
processing event: PassengerOnboardEvent, passenger_id: 22 id: 3144 at time: 2374.53
Processed event: PassengerOnboardEvent, passenger_id: 22 id: 3144
processing event: BusArrivalEvent, vehicle_id: 5, stop_id: 281 id: 3134 at time: 2375.79
Processed event: BusArrivalEvent, vehicle_id: 5, stop_id: 281 id: 3134
processing event: PassengerOnboardEvent, passenger_id: 45 id: 3146 at time: 2375.79
Processed event: PassengerOnboardEvent, passenger_id: 45 id: 3146
processing event: VehicleEnterNewRoadEvent, vehicle_id: 3, road_id: 1000000000000000082 id: 3143 at time: 2375.86
Processed event: VehicleEnterNewRoadEvent, vehicle_id: 3, road_id: 1000000000000000082 id: 3143
processing event: VehicleDepartureEvent, vehicle_id: 3, road_id: 1000000000000000082, offset: 0.000000 id: 3148 at time: 2375.86
Processed event: VehicleDepartureEvent, vehicle_id: 3, road_id: 1000000000000000082, offset: 0.000000 id: 3148
processing event: VehicleArriveIntersectionEvent, vehicle_id: 12, road_id: 1000000000000000447 id: 3088 at time: 2377.1
Processed event: VehicleArriveIntersectionEvent, vehicle_id: 12, road_id: 1000000000000000447 id: 3088
processing event: VehicleEnterNewRoadEvent, vehicle_id: 12, road_id: 1000000000000000448 id: 3150 at time: 2378.9
Processed event: VehicleEnterNewRoadEvent, vehicle_id: 12, road_id: 1000000000000000448 id: 3150
processing event: VehicleDepartureEvent, vehicle_id: 12, road_id: 1000000000000000448, offset: 0.000000 id: 3151 at time: 2378.9
Processed event: VehicleDepartureEvent, vehicle_id: 12, road_id: 1000000000000000448, offset: 0.000000 id: 3151
processing event: VehicleDepartureEvent, vehicle_id: 9, road_id: 1000000000000000330, offset: 244.180000 id: 3145 at time: 2379.53
Processed event: VehicleDepartureEvent, vehicle_id: 9, road_id: 1000000000000000330, offset: 244.180000 id: 3145
processing event: VehicleArriveIntersectionEvent, vehicle_id: 17, road_id: 1000000000000000341 id: 3069 at time: 2379.63
Processed event: VehicleArriveIntersectionEvent, vehicle_id: 17, road_id: 1000000000000000341 id: 3069
Simulator::runFor: now_ = 2379.63 target = 2380
[progress] simulator time = 2380 / 3000
processing event: VehicleDepartureEvent, vehicle_id: 5, road_id: 1000000000000000347, offset: 66.650000 id: 3147 at time: 2380.79
Processed event: VehicleDepartureEvent, vehicle_id: 5, road_id: 1000000000000000347, offset: 66.650000 id: 3147
processing event: VehicleEnterNewRoadEvent, vehicle_id: 17, road_id: 1000000000000000243 id: 3154 at time: 2381.43
Processed event: VehicleEnterNewRoadEvent, vehicle_id: 17, road_id: 1000000000000000243 id: 3154
processing event: VehicleDepartureEvent, vehicle_id: 17, road_id: 1000000000000000243, offset: 0.000000 id: 3156 at time: 2381.43
Processed event: VehicleDepartureEvent, vehicle_id: 17, road_id: 1000000000000000243, offset: 0.000000 id: 3156
processing event: VehicleArriveIntersectionEvent, vehicle_id: 7, road_id: 1000000000000000036 id: 3110 at time: 2384.31
Processed event: VehicleArriveIntersectionEvent, vehicle_id: 7, road_id: 1000000000000000036 id: 3110
processing event: BusArrivalEvent, vehicle_id: 11, stop_id: 28 id: 3125 at time: 2384.6
Processed event: BusArrivalEvent, vehicle_id: 11, stop_id: 28 id: 3125
processing event: PassengerRouteEndEvent, passenger_id: 30, route_id: 1 id: 3159 at time: 2384.6
Passenger 30 finished all routes
Processed event: PassengerRouteEndEvent, passenger_id: 30, route_id: 1 id: 3159
processing event: PassengerDropoffEvent, passenger_id: 30 id: 3161 at time: 2384.6
Processed event: PassengerDropoffEvent, passenger_id: 30 id: 3161
processing event: OrderFinishedEvent, order_id: 30 id: 3162 at time: 2384.6
Processed event: OrderFinishedEvent, order_id: 30 id: 3162
processing event: VehicleEnterNewRoadEvent, vehicle_id: 7, road_id: 1000000000000000037 id: 3158 at time: 2386.11
Processed event: VehicleEnterNewRoadEvent, vehicle_id: 7, road_id: 1000000000000000037 id: 3158
processing event: VehicleDepartureEvent, vehicle_id: 7, road_id: 1000000000000000037, offset: 0.000000 id: 3163 at time: 2386.11
Processed event: VehicleDepartureEvent, vehicle_id: 7, road_id: 1000000000000000037, offset: 0.000000 id: 3163
processing event: VehicleArriveIntersectionEvent, vehicle_id: 6, road_id: 1000000000000001087 id: 3081 at time: 2388.85
Processed event: VehicleArriveIntersectionEvent, vehicle_id: 6, road_id: 1000000000000001087 id: 3081
processing event: VehicleDepartureEvent, vehicle_id: 11, road_id: 1000000000000000040, offset: 138.290000 id: 3160 at time: 2389.6
Processed event: VehicleDepartureEvent, vehicle_id: 11, road_id: 1000000000000000040, offset: 138.290000 id: 3160
Simulator::runFor: now_ = 2389.6 target = 2390
[progress] simulator time = 2390 / 3000
processing event: VehicleEnterNewRoadEvent, vehicle_id: 6, road_id: 1000000000000000002 id: 3165 at time: 2390.65
Processed event: VehicleEnterNewRoadEvent, vehicle_id: 6, road_id: 1000000000000000002 id: 3165
processing event: VehicleDepartureEvent, vehicle_id: 6, road_id: 1000000000000000002, offset: 0.000000 id: 3167 at time: 2390.65
Processed event: VehicleDepartureEvent, vehicle_id: 6, road_id: 1000000000000000002, offset: 0.000000 id: 3167
processing event: BusArrivalEvent, vehicle_id: 7, stop_id: 63 id: 3164 at time: 2394.06
Processed event: BusArrivalEvent, vehicle_id: 7, stop_id: 63 id: 3164
processing event: PassengerOnboardEvent, passenger_id: 46 id: 3169 at time: 2394.06
Processed event: PassengerOnboardEvent, passenger_id: 46 id: 3169
processing event: VehicleArriveIntersectionEvent, vehicle_id: 8, road_id: 1000000000000000322 id: 3112 at time: 2394.37
Processed event: VehicleArriveIntersectionEvent, vehicle_id: 8, road_id: 1000000000000000322 id: 3112
processing event: VehicleArriveIntersectionEvent, vehicle_id: 9, road_id: 1000000000000000330 id: 3153 at time: 2394.97
Processed event: VehicleArriveIntersectionEvent, vehicle_id: 9, road_id: 1000000000000000330 id: 3153
processing event: VehicleEnterNewRoadEvent, vehicle_id: 8, road_id: 1000000000000000323 id: 3171 at time: 2396.17
Processed event: VehicleEnterNewRoadEvent, vehicle_id: 8, road_id: 1000000000000000323 id: 3171
processing event: VehicleDepartureEvent, vehicle_id: 8, road_id: 1000000000000000323, offset: 0.000000 id: 3173 at time: 2396.17
Processed event: VehicleDepartureEvent, vehicle_id: 8, road_id: 1000000000000000323, offset: 0.000000 id: 3173
processing event: VehicleEnterNewRoadEvent, vehicle_id: 9, road_id: 1000000000000000210 id: 3172 at time: 2396.77
Processed event: VehicleEnterNewRoadEvent, vehicle_id: 9, road_id: 1000000000000000210 id: 3172
processing event: VehicleDepartureEvent, vehicle_id: 9, road_id: 1000000000000000210, offset: 0.000000 id: 3175 at time: 2396.77
Processed event: VehicleDepartureEvent, vehicle_id: 9, road_id: 1000000000000000210, offset: 0.000000 id: 3175
processing event: VehicleDepartureEvent, vehicle_id: 7, road_id: 1000000000000000037, offset: 44.170000 id: 3170 at time: 2399.06
Processed event: VehicleDepartureEvent, vehicle_id: 7, road_id: 1000000000000000037, offset: 44.170000 id: 3170
Simulator::runFor: now_ = 2399.06 target = 2400
[progress] simulator time = 2400 / 3000
processing event: VehicleArriveIntersectionEvent, vehicle_id: 12, road_id: 1000000000000000448 id: 3152 at time: 2400.5
Processed event: VehicleArriveIntersectionEvent, vehicle_id: 12, road_id: 1000000000000000448 id: 3152
processing event: BusArrivalEvent, vehicle_id: 7, stop_id: 62 id: 3177 at time: 2400.83
Processed event: BusArrivalEvent, vehicle_id: 7, stop_id: 62 id: 3177
processing event: PassengerRouteEndEvent, passenger_id: 46, route_id: 1 id: 3179 at time: 2400.83
Passenger 46 finished all routes
Processed event: PassengerRouteEndEvent, passenger_id: 46, route_id: 1 id: 3179
processing event: PassengerDropoffEvent, passenger_id: 46 id: 3180 at time: 2400.83
Processed event: PassengerDropoffEvent, passenger_id: 46 id: 3180
processing event: OrderFinishedEvent, order_id: 46 id: 3181 at time: 2400.83
Processed event: OrderFinishedEvent, order_id: 46 id: 3181
Event is not valid: VehicleCheckPointEvent, vehicle_id: 20 id: 3139 at time: 2401
processing event: VehicleEnterNewRoadEvent, vehicle_id: 12, road_id: 1000000000000000608 id: 3178 at time: 2402.3
Processed event: VehicleEnterNewRoadEvent, vehicle_id: 12, road_id: 1000000000000000608 id: 3178
processing event: VehicleDepartureEvent, vehicle_id: 12, road_id: 1000000000000000608, offset: 0.000000 id: 3182 at time: 2402.3
Processed event: VehicleDepartureEvent, vehicle_id: 12, road_id: 1000000000000000608, offset: 0.000000 id: 3182
processing event: VehicleArriveIntersectionEvent, vehicle_id: 20, road_id: 1000000000000000060 id: 3140 at time: 2402.44
Processed event: VehicleArriveIntersectionEvent, vehicle_id: 20, road_id: 1000000000000000060 id: 3140
processing event: VehicleArriveIntersectionEvent, vehicle_id: 14, road_id: 1000000000000000312 id: 3086 at time: 2403.07
Processed event: VehicleArriveIntersectionEvent, vehicle_id: 14, road_id: 1000000000000000312 id: 3086
processing event: VehicleEnterNewRoadEvent, vehicle_id: 20, road_id: 1000000000000000309 id: 3184 at time: 2404.24
Processed event: VehicleEnterNewRoadEvent, vehicle_id: 20, road_id: 1000000000000000309 id: 3184
processing event: VehicleDepartureEvent, vehicle_id: 20, road_id: 1000000000000000309, offset: 0.000000 id: 3186 at time: 2404.24
Processed event: VehicleDepartureEvent, vehicle_id: 20, road_id: 1000000000000000309, offset: 0.000000 id: 3186
processing event: VehicleEnterNewRoadEvent, vehicle_id: 14, road_id: 1000000000000000313 id: 3185 at time: 2404.87
Processed event: VehicleEnterNewRoadEvent, vehicle_id: 14, road_id: 1000000000000000313 id: 3185
processing event: VehicleDepartureEvent, vehicle_id: 14, road_id: 1000000000000000313, offset: 0.000000 id: 3188 at time: 2404.87
Processed event: VehicleDepartureEvent, vehicle_id: 14, road_id: 1000000000000000313, offset: 0.000000 id: 3188
processing event: VehicleArriveIntersectionEvent, vehicle_id: 13, road_id: 1000000000000001222 id: 3137 at time: 2405.56
Processed event: VehicleArriveIntersectionEvent, vehicle_id: 13, road_id: 1000000000000001222 id: 3137
processing event: VehicleEnterNewRoadEvent, vehicle_id: 13, road_id: 1000000000000000431 id: 3190 at time: 2407.36
Processed event: VehicleEnterNewRoadEvent, vehicle_id: 13, road_id: 1000000000000000431 id: 3190
processing event: VehicleDepartureEvent, vehicle_id: 13, road_id: 1000000000000000431, offset: 0.000000 id: 3191 at time: 2407.36
Processed event: VehicleDepartureEvent, vehicle_id: 13, road_id: 1000000000000000431, offset: 0.000000 id: 3191
Simulator::runFor: now_ = 2407.36 target = 2410
[progress] simulator time = 2410 / 3000
processing event: VehicleArriveIntersectionEvent, vehicle_id: 19, road_id: 1000000000000001090 id: 3060 at time: 2411.59
Processed event: VehicleArriveIntersectionEvent, vehicle_id: 19, road_id: 1000000000000001090 id: 3060
processing event: PassengerRouteStartEvent, passenger_id: 51, route_id: 1 id: 50 at time: 2412
Processed event: PassengerRouteStartEvent, passenger_id: 51, route_id: 1 id: 50
processing event: OrderCreatedEvent, order_id: 51, available_pickups: 236 , available_dropoffs: 264 , passenger_id: 51, route_id: 1, passenger_num: 0 id: 3194 at time: 2412
Processed event: OrderCreatedEvent, order_id: 51, available_pickups: 236 , available_dropoffs: 264 , passenger_id: 51, route_id: 1, passenger_num: 1 id: 3194
processing event: VehicleArriveIntersectionEvent, vehicle_id: 5, road_id: 1000000000000000347 id: 3155 at time: 2412.36
Processed event: VehicleArriveIntersectionEvent, vehicle_id: 5, road_id: 1000000000000000347 id: 3155
processing event: VehicleEnterNewRoadEvent, vehicle_id: 19, road_id: 1000000000000000083 id: 3193 at time: 2413.4
Processed event: VehicleEnterNewRoadEvent, vehicle_id: 19, road_id: 1000000000000000083 id: 3193
processing event: VehicleDepartureEvent, vehicle_id: 19, road_id: 1000000000000000083, offset: 0.000000 id: 3196 at time: 2413.4
Processed event: VehicleDepartureEvent, vehicle_id: 19, road_id: 1000000000000000083, offset: 0.000000 id: 3196
processing event: VehicleArriveIntersectionEvent, vehicle_id: 6, road_id: 1000000000000000002 id: 3168 at time: 2413.52
Processed event: VehicleArriveIntersectionEvent, vehicle_id: 6, road_id: 1000000000000000002 id: 3168
processing event: VehicleEnterNewRoadEvent, vehicle_id: 5, road_id: 1000000000000000077 id: 3195 at time: 2414.16
Processed event: VehicleEnterNewRoadEvent, vehicle_id: 5, road_id: 1000000000000000077 id: 3195
processing event: VehicleDepartureEvent, vehicle_id: 5, road_id: 1000000000000000077, offset: 0.000000 id: 3199 at time: 2414.16
Processed event: VehicleDepartureEvent, vehicle_id: 5, road_id: 1000000000000000077, offset: 0.000000 id: 3199
processing event: VehicleEnterNewRoadEvent, vehicle_id: 6, road_id: 1000000000000000024 id: 3198 at time: 2415.32
Processed event: VehicleEnterNewRoadEvent, vehicle_id: 6, road_id: 1000000000000000024 id: 3198
processing event: VehicleDepartureEvent, vehicle_id: 6, road_id: 1000000000000000024, offset: 0.000000 id: 3201 at time: 2415.32
Processed event: VehicleDepartureEvent, vehicle_id: 6, road_id: 1000000000000000024, offset: 0.000000 id: 3201
Simulator::runFor: now_ = 2415.32 target = 2420
[progress] simulator time = 2420 / 3000
processing event: OrderMatchedEvent, order_id: 51, vehicle_id: 16 id: 3203 at time: 2420
Processed event: OrderMatchedEvent, order_id: 51, vehicle_id: 16 id: 3203
processing event: VehicleDepartureEvent, vehicle_id: 16, road_id: 1000000000000000193, offset: 112.780000 id: 3204 at time: 2420
Processed event: VehicleDepartureEvent, vehicle_id: 16, road_id: 1000000000000000193, offset: 112.780000 id: 3204
processing event: PassengerArrivalEvent, passenger_id: 51 id: 3205 at time: 2420
Processed event: PassengerArrivalEvent, passenger_id: 51 id: 3205
Simulator::runFor: now_ = 2420 target = 2430
[progress] simulator time = 2430 / 3000
processing event: VehicleArriveIntersectionEvent, vehicle_id: 11, road_id: 1000000000000000040 id: 3166 at time: 2432.76
Processed event: VehicleArriveIntersectionEvent, vehicle_id: 11, road_id: 1000000000000000040 id: 3166
processing event: VehicleArriveIntersectionEvent, vehicle_id: 12, road_id: 1000000000000000608 id: 3183 at time: 2433.27
Processed event: VehicleArriveIntersectionEvent, vehicle_id: 12, road_id: 1000000000000000608 id: 3183
processing event: VehicleEnterNewRoadEvent, vehicle_id: 11, road_id: 1000000000000000220 id: 3207 at time: 2434.56
Processed event: VehicleEnterNewRoadEvent, vehicle_id: 11, road_id: 1000000000000000220 id: 3207
processing event: VehicleDepartureEvent, vehicle_id: 11, road_id: 1000000000000000220, offset: 0.000000 id: 3209 at time: 2434.56
Processed event: VehicleDepartureEvent, vehicle_id: 11, road_id: 1000000000000000220, offset: 0.000000 id: 3209
processing event: VehicleEnterNewRoadEvent, vehicle_id: 12, road_id: 1000000000000000616 id: 3208 at time: 2435.07
Processed event: VehicleEnterNewRoadEvent, vehicle_id: 12, road_id: 1000000000000000616 id: 3208
processing event: VehicleDepartureEvent, vehicle_id: 12, road_id: 1000000000000000616, offset: 0.000000 id: 3211 at time: 2435.07
Processed event: VehicleDepartureEvent, vehicle_id: 12, road_id: 1000000000000000616, offset: 0.000000 id: 3211
processing event: VehicleArriveIntersectionEvent, vehicle_id: 4, road_id: 1000000000000000061 id: 3142 at time: 2438.46
Processed event: VehicleArriveIntersectionEvent, vehicle_id: 4, road_id: 1000000000000000061 id: 3142
Simulator::runFor: now_ = 2438.46 target = 2440
[progress] simulator time = 2440 / 3000
processing event: VehicleEnterNewRoadEvent, vehicle_id: 4, road_id: 1000000000000000377 id: 3213 at time: 2440.26
Processed event: VehicleEnterNewRoadEvent, vehicle_id: 4, road_id: 1000000000000000377 id: 3213
processing event: VehicleDepartureEvent, vehicle_id: 4, road_id: 1000000000000000377, offset: 0.000000 id: 3214 at time: 2440.26
Processed event: VehicleDepartureEvent, vehicle_id: 4, road_id: 1000000000000000377, offset: 0.000000 id: 3214
Event is not valid: VehicleArriveIntersectionEvent, vehicle_id: 18, road_id: 1000000000000000303 id: 3117 at time: 2442.12
processing event: VehicleArriveIntersectionEvent, vehicle_id: 18, road_id: 1000000000000000303 id: 3127 at time: 2442.12
Processed event: VehicleArriveIntersectionEvent, vehicle_id: 18, road_id: 1000000000000000303 id: 3127
processing event: VehicleEnterNewRoadEvent, vehicle_id: 18, road_id: 1000000000000000305 id: 3216 at time: 2443.92
Processed event: VehicleEnterNewRoadEvent, vehicle_id: 18, road_id: 1000000000000000305 id: 3216
processing event: VehicleDepartureEvent, vehicle_id: 18, road_id: 1000000000000000305, offset: 0.000000 id: 3217 at time: 2443.92
Processed event: VehicleDepartureEvent, vehicle_id: 18, road_id: 1000000000000000305, offset: 0.000000 id: 3217
processing event: VehicleArriveIntersectionEvent, vehicle_id: 12, road_id: 1000000000000000616 id: 3212 at time: 2445.51
Processed event: VehicleArriveIntersectionEvent, vehicle_id: 12, road_id: 1000000000000000616 id: 3212
processing event: VehicleEnterNewRoadEvent, vehicle_id: 12, road_id: 1000000000000000552 id: 3219 at time: 2447.31
Processed event: VehicleEnterNewRoadEvent, vehicle_id: 12, road_id: 1000000000000000552 id: 3219
processing event: VehicleDepartureEvent, vehicle_id: 12, road_id: 1000000000000000552, offset: 0.000000 id: 3220 at time: 2447.31
Processed event: VehicleDepartureEvent, vehicle_id: 12, road_id: 1000000000000000552, offset: 0.000000 id: 3220
processing event: VehicleArriveIntersectionEvent, vehicle_id: 14, road_id: 1000000000000000313 id: 3189 at time: 2447.54
Processed event: VehicleArriveIntersectionEvent, vehicle_id: 14, road_id: 1000000000000000313 id: 3189
processing event: VehicleEnterNewRoadEvent, vehicle_id: 14, road_id: 1000000000000000314 id: 3222 at time: 2449.34
Processed event: VehicleEnterNewRoadEvent, vehicle_id: 14, road_id: 1000000000000000314 id: 3222
processing event: VehicleDepartureEvent, vehicle_id: 14, road_id: 1000000000000000314, offset: 0.000000 id: 3223 at time: 2449.34
Processed event: VehicleDepartureEvent, vehicle_id: 14, road_id: 1000000000000000314, offset: 0.000000 id: 3223
Simulator::runFor: now_ = 2449.34 target = 2450
[progress] simulator time = 2450 / 3000
processing event: VehicleArriveIntersectionEvent, vehicle_id: 13, road_id: 1000000000000000431 id: 3192 at time: 2451.83
Processed event: VehicleArriveIntersectionEvent, vehicle_id: 13, road_id: 1000000000000000431 id: 3192
processing event: VehicleEnterNewRoadEvent, vehicle_id: 13, road_id: 1000000000000000152 id: 3225 at time: 2453.63
Processed event: VehicleEnterNewRoadEvent, vehicle_id: 13, road_id: 1000000000000000152 id: 3225
processing event: VehicleDepartureEvent, vehicle_id: 13, road_id: 1000000000000000152, offset: 0.000000 id: 3226 at time: 2453.63
Processed event: VehicleDepartureEvent, vehicle_id: 13, road_id: 1000000000000000152, offset: 0.000000 id: 3226
processing event: VehicleArriveIntersectionEvent, vehicle_id: 8, road_id: 1000000000000000323 id: 3174 at time: 2455.75
Processed event: VehicleArriveIntersectionEvent, vehicle_id: 8, road_id: 1000000000000000323 id: 3174
processing event: VehicleArriveIntersectionEvent, vehicle_id: 9, road_id: 1000000000000000210 id: 3176 at time: 2457.26
Processed event: VehicleArriveIntersectionEvent, vehicle_id: 9, road_id: 1000000000000000210 id: 3176
processing event: VehicleEnterNewRoadEvent, vehicle_id: 8, road_id: 1000000000000000324 id: 3228 at time: 2457.55
Processed event: VehicleEnterNewRoadEvent, vehicle_id: 8, road_id: 1000000000000000324 id: 3228
processing event: VehicleDepartureEvent, vehicle_id: 8, road_id: 1000000000000000324, offset: 0.000000 id: 3230 at time: 2457.55
Processed event: VehicleDepartureEvent, vehicle_id: 8, road_id: 1000000000000000324, offset: 0.000000 id: 3230
processing event: VehicleArriveIntersectionEvent, vehicle_id: 5, road_id: 1000000000000000077 id: 3200 at time: 2457.72
Processed event: VehicleArriveIntersectionEvent, vehicle_id: 5, road_id: 1000000000000000077 id: 3200
processing event: VehicleEnterNewRoadEvent, vehicle_id: 9, road_id: 1000000000000000157 id: 3229 at time: 2459.06
Processed event: VehicleEnterNewRoadEvent, vehicle_id: 9, road_id: 1000000000000000157 id: 3229
processing event: VehicleDepartureEvent, vehicle_id: 9, road_id: 1000000000000000157, offset: 0.000000 id: 3233 at time: 2459.06
Processed event: VehicleDepartureEvent, vehicle_id: 9, road_id: 1000000000000000157, offset: 0.000000 id: 3233
processing event: VehicleEnterNewRoadEvent, vehicle_id: 5, road_id: 1000000000000000127 id: 3232 at time: 2459.52
Processed event: VehicleEnterNewRoadEvent, vehicle_id: 5, road_id: 1000000000000000127 id: 3232
processing event: VehicleDepartureEvent, vehicle_id: 5, road_id: 1000000000000000127, offset: 0.000000 id: 3235 at time: 2459.52
Processed event: VehicleDepartureEvent, vehicle_id: 5, road_id: 1000000000000000127, offset: 0.000000 id: 3235
Simulator::runFor: now_ = 2459.52 target = 2460
[progress] simulator time = 2460 / 3000
processing event: VehicleArriveIntersectionEvent, vehicle_id: 13, road_id: 1000000000000000152 id: 3227 at time: 2460.11
Processed event: VehicleArriveIntersectionEvent, vehicle_id: 13, road_id: 1000000000000000152 id: 3227
processing event: VehicleArriveIntersectionEvent, vehicle_id: 16, road_id: 1000000000000000193 id: 3206 at time: 2460.18
Processed event: VehicleArriveIntersectionEvent, vehicle_id: 16, road_id: 1000000000000000193 id: 3206
processing event: VehicleEnterNewRoadEvent, vehicle_id: 13, road_id: 1000000000000000159 id: 3237 at time: 2461.91
Processed event: VehicleEnterNewRoadEvent, vehicle_id: 13, road_id: 1000000000000000159 id: 3237
processing event: VehicleDepartureEvent, vehicle_id: 13, road_id: 1000000000000000159, offset: 0.000000 id: 3239 at time: 2461.91
Processed event: VehicleDepartureEvent, vehicle_id: 13, road_id: 1000000000000000159, offset: 0.000000 id: 3239
processing event: VehicleEnterNewRoadEvent, vehicle_id: 16, road_id: 1000000000000000085 id: 3238 at time: 2461.98
Processed event: VehicleEnterNewRoadEvent, vehicle_id: 16, road_id: 1000000000000000085 id: 3238
processing event: VehicleDepartureEvent, vehicle_id: 16, road_id: 1000000000000000085, offset: 0.000000 id: 3241 at time: 2461.98
Processed event: VehicleDepartureEvent, vehicle_id: 16, road_id: 1000000000000000085, offset: 0.000000 id: 3241
processing event: VehicleArriveIntersectionEvent, vehicle_id: 13, road_id: 1000000000000000159 id: 3240 at time: 2463.17
Processed event: VehicleArriveIntersectionEvent, vehicle_id: 13, road_id: 1000000000000000159 id: 3240
processing event: VehicleArriveIntersectionEvent, vehicle_id: 9, road_id: 1000000000000000157 id: 3234 at time: 2463.74
Processed event: VehicleArriveIntersectionEvent, vehicle_id: 9, road_id: 1000000000000000157 id: 3234
processing event: VehicleEnterNewRoadEvent, vehicle_id: 13, road_id: 1000000000000000160 id: 3243 at time: 2464.97
Processed event: VehicleEnterNewRoadEvent, vehicle_id: 13, road_id: 1000000000000000160 id: 3243
processing event: VehicleDepartureEvent, vehicle_id: 13, road_id: 1000000000000000160, offset: 0.000000 id: 3245 at time: 2464.97
Processed event: VehicleDepartureEvent, vehicle_id: 13, road_id: 1000000000000000160, offset: 0.000000 id: 3245
processing event: VehicleArriveIntersectionEvent, vehicle_id: 3, road_id: 1000000000000000082 id: 3149 at time: 2465.15
Processed event: VehicleArriveIntersectionEvent, vehicle_id: 3, road_id: 1000000000000000082 id: 3149
processing event: VehicleEnterNewRoadEvent, vehicle_id: 9, road_id: 1000000000000000163 id: 3244 at time: 2465.54
Processed event: VehicleEnterNewRoadEvent, vehicle_id: 9, road_id: 1000000000000000163 id: 3244
processing event: VehicleDepartureEvent, vehicle_id: 9, road_id: 1000000000000000163, offset: 0.000000 id: 3248 at time: 2465.54
Processed event: VehicleDepartureEvent, vehicle_id: 9, road_id: 1000000000000000163, offset: 0.000000 id: 3248
processing event: VehicleEnterNewRoadEvent, vehicle_id: 3, road_id: 1000000000000000243 id: 3247 at time: 2466.95
Processed event: VehicleEnterNewRoadEvent, vehicle_id: 3, road_id: 1000000000000000243 id: 3247
processing event: VehicleDepartureEvent, vehicle_id: 3, road_id: 1000000000000000243, offset: 0.000000 id: 3250 at time: 2466.95
Processed event: VehicleDepartureEvent, vehicle_id: 3, road_id: 1000000000000000243, offset: 0.000000 id: 3250
processing event: VehicleArriveIntersectionEvent, vehicle_id: 9, road_id: 1000000000000000163 id: 3249 at time: 2466.98
Processed event: VehicleArriveIntersectionEvent, vehicle_id: 9, road_id: 1000000000000000163 id: 3249
processing event: VehicleArriveIntersectionEvent, vehicle_id: 19, road_id: 1000000000000000083 id: 3197 at time: 2467.04
Processed event: VehicleArriveIntersectionEvent, vehicle_id: 19, road_id: 1000000000000000083 id: 3197
processing event: VehicleEnterNewRoadEvent, vehicle_id: 9, road_id: 1000000000000000153 id: 3252 at time: 2468.78
Processed event: VehicleEnterNewRoadEvent, vehicle_id: 9, road_id: 1000000000000000153 id: 3252
processing event: VehicleDepartureEvent, vehicle_id: 9, road_id: 1000000000000000153, offset: 0.000000 id: 3254 at time: 2468.78
Processed event: VehicleDepartureEvent, vehicle_id: 9, road_id: 1000000000000000153, offset: 0.000000 id: 3254
processing event: VehicleEnterNewRoadEvent, vehicle_id: 19, road_id: 1000000000000000326 id: 3253 at time: 2468.84
Processed event: VehicleEnterNewRoadEvent, vehicle_id: 19, road_id: 1000000000000000326 id: 3253
processing event: VehicleDepartureEvent, vehicle_id: 19, road_id: 1000000000000000326, offset: 0.000000 id: 3256 at time: 2468.84
Processed event: VehicleDepartureEvent, vehicle_id: 19, road_id: 1000000000000000326, offset: 0.000000 id: 3256
Simulator::runFor: now_ = 2468.84 target = 2470
[progress] simulator time = 2470 / 3000
processing event: VehicleArriveIntersectionEvent, vehicle_id: 13, road_id: 1000000000000000160 id: 3246 at time: 2471.45
Processed event: VehicleArriveIntersectionEvent, vehicle_id: 13, road_id: 1000000000000000160 id: 3246
Event is not valid: VehicleArriveIntersectionEvent, vehicle_id: 17, road_id: 1000000000000000243 id: 3157 at time: 2473.24
processing event: VehicleArriveIntersectionEvent, vehicle_id: 17, road_id: 1000000000000000243 id: 3251 at time: 2473.24
Processed event: VehicleArriveIntersectionEvent, vehicle_id: 17, road_id: 1000000000000000243 id: 3251
processing event: VehicleEnterNewRoadEvent, vehicle_id: 13, road_id: 1000000000000000161 id: 3258 at time: 2473.25
Processed event: VehicleEnterNewRoadEvent, vehicle_id: 13, road_id: 1000000000000000161 id: 3258
processing event: VehicleDepartureEvent, vehicle_id: 13, road_id: 1000000000000000161, offset: 0.000000 id: 3261 at time: 2473.25
Processed event: VehicleDepartureEvent, vehicle_id: 13, road_id: 1000000000000000161, offset: 0.000000 id: 3261
processing event: VehicleArriveIntersectionEvent, vehicle_id: 13, road_id: 1000000000000000161 id: 3262 at time: 2474.69
Processed event: VehicleArriveIntersectionEvent, vehicle_id: 13, road_id: 1000000000000000161 id: 3262
processing event: VehicleEnterNewRoadEvent, vehicle_id: 17, road_id: 1000000000000001102 id: 3259 at time: 2475.04
Processed event: VehicleEnterNewRoadEvent, vehicle_id: 17, road_id: 1000000000000001102 id: 3259
processing event: VehicleDepartureEvent, vehicle_id: 17, road_id: 1000000000000001102, offset: 0.000000 id: 3265 at time: 2475.04
Processed event: VehicleDepartureEvent, vehicle_id: 17, road_id: 1000000000000001102, offset: 0.000000 id: 3265
processing event: VehicleArriveIntersectionEvent, vehicle_id: 9, road_id: 1000000000000000153 id: 3255 at time: 2475.26
Processed event: VehicleArriveIntersectionEvent, vehicle_id: 9, road_id: 1000000000000000153 id: 3255
processing event: VehicleEnterNewRoadEvent, vehicle_id: 13, road_id: 1000000000000000156 id: 3263 at time: 2476.49
Processed event: VehicleEnterNewRoadEvent, vehicle_id: 13, road_id: 1000000000000000156 id: 3263
processing event: VehicleDepartureEvent, vehicle_id: 13, road_id: 1000000000000000156, offset: 0.000000 id: 3268 at time: 2476.49
Processed event: VehicleDepartureEvent, vehicle_id: 13, road_id: 1000000000000000156, offset: 0.000000 id: 3268
processing event: VehicleEnterNewRoadEvent, vehicle_id: 9, road_id: 1000000000000001192 id: 3267 at time: 2477.06
Processed event: VehicleEnterNewRoadEvent, vehicle_id: 9, road_id: 1000000000000001192 id: 3267
processing event: VehicleDepartureEvent, vehicle_id: 9, road_id: 1000000000000001192, offset: 0.000000 id: 3270 at time: 2477.06
Processed event: VehicleDepartureEvent, vehicle_id: 9, road_id: 1000000000000001192, offset: 0.000000 id: 3270
processing event: VehicleArriveIntersectionEvent, vehicle_id: 11, road_id: 1000000000000000220 id: 3210 at time: 2477.94
Processed event: VehicleArriveIntersectionEvent, vehicle_id: 11, road_id: 1000000000000000220 id: 3210
processing event: VehicleEnterNewRoadEvent, vehicle_id: 11, road_id: 1000000000000000473 id: 3272 at time: 2479.74
Processed event: VehicleEnterNewRoadEvent, vehicle_id: 11, road_id: 1000000000000000473 id: 3272
processing event: VehicleDepartureEvent, vehicle_id: 11, road_id: 1000000000000000473, offset: 0.000000 id: 3273 at time: 2479.74
Processed event: VehicleDepartureEvent, vehicle_id: 11, road_id: 1000000000000000473, offset: 0.000000 id: 3273
Simulator::runFor: now_ = 2479.74 target = 2480
[progress] simulator time = 2480 / 3000
processing event: PassengerRouteStartEvent, passenger_id: 52, route_id: 1 id: 51 at time: 2481
Processed event: PassengerRouteStartEvent, passenger_id: 52, route_id: 1 id: 51
processing event: OrderCreatedEvent, order_id: 52, available_pickups: 272 , available_dropoffs: 268 , passenger_id: 52, route_id: 1, passenger_num: 0 id: 3275 at time: 2481
Processed event: OrderCreatedEvent, order_id: 52, available_pickups: 272 , available_dropoffs: 268 , passenger_id: 52, route_id: 1, passenger_num: 3 id: 3275
processing event: VehicleArriveIntersectionEvent, vehicle_id: 13, road_id: 1000000000000000156 id: 3269 at time: 2481.89
Processed event: VehicleArriveIntersectionEvent, vehicle_id: 13, road_id: 1000000000000000156 id: 3269
processing event: VehicleEnterNewRoadEvent, vehicle_id: 13, road_id: 1000000000000000330 id: 3276 at time: 2483.69
Processed event: VehicleEnterNewRoadEvent, vehicle_id: 13, road_id: 1000000000000000330 id: 3276
processing event: VehicleDepartureEvent, vehicle_id: 13, road_id: 1000000000000000330, offset: 0.000000 id: 3277 at time: 2483.69
Processed event: VehicleDepartureEvent, vehicle_id: 13, road_id: 1000000000000000330, offset: 0.000000 id: 3277
processing event: VehicleArriveIntersectionEvent, vehicle_id: 20, road_id: 1000000000000000309 id: 3187 at time: 2488.49
Processed event: VehicleArriveIntersectionEvent, vehicle_id: 20, road_id: 1000000000000000309 id: 3187
Simulator::runFor: now_ = 2488.49 target = 2490
[progress] simulator time = 2490 / 3000
processing event: OrderMatchedEvent, order_id: 52, vehicle_id: 17 id: 3280 at time: 2490
Processed event: OrderMatchedEvent, order_id: 52, vehicle_id: 17 id: 3280
processing event: PassengerArrivalEvent, passenger_id: 52 id: 3282 at time: 2490
Processed event: PassengerArrivalEvent, passenger_id: 52 id: 3282
processing event: VehicleEnterNewRoadEvent, vehicle_id: 20, road_id: 1000000000000000311 id: 3279 at time: 2490.29
Processed event: VehicleEnterNewRoadEvent, vehicle_id: 20, road_id: 1000000000000000311 id: 3279
processing event: VehicleDepartureEvent, vehicle_id: 20, road_id: 1000000000000000311, offset: 0.000000 id: 3283 at time: 2490.29
Processed event: VehicleDepartureEvent, vehicle_id: 20, road_id: 1000000000000000311, offset: 0.000000 id: 3283
processing event: VehicleArriveIntersectionEvent, vehicle_id: 5, road_id: 1000000000000000127 id: 3236 at time: 2491.02
Processed event: VehicleArriveIntersectionEvent, vehicle_id: 5, road_id: 1000000000000000127 id: 3236
processing event: VehicleArriveIntersectionEvent, vehicle_id: 12, road_id: 1000000000000000552 id: 3221 at time: 2491.05
Processed event: VehicleArriveIntersectionEvent, vehicle_id: 12, road_id: 1000000000000000552 id: 3221
processing event: VehicleArriveIntersectionEvent, vehicle_id: 14, road_id: 1000000000000000314 id: 3224 at time: 2491.82
Processed event: VehicleArriveIntersectionEvent, vehicle_id: 14, road_id: 1000000000000000314 id: 3224
processing event: VehicleEnterNewRoadEvent, vehicle_id: 5, road_id: 1000000000000000167 id: 3285 at time: 2492.82
Processed event: VehicleEnterNewRoadEvent, vehicle_id: 5, road_id: 1000000000000000167 id: 3285
processing event: VehicleDepartureEvent, vehicle_id: 5, road_id: 1000000000000000167, offset: 0.000000 id: 3288 at time: 2492.82
Processed event: VehicleDepartureEvent, vehicle_id: 5, road_id: 1000000000000000167, offset: 0.000000 id: 3288
processing event: VehicleEnterNewRoadEvent, vehicle_id: 12, road_id: 1000000000000000553 id: 3286 at time: 2492.85
Processed event: VehicleEnterNewRoadEvent, vehicle_id: 12, road_id: 1000000000000000553 id: 3286
processing event: VehicleDepartureEvent, vehicle_id: 12, road_id: 1000000000000000553, offset: 0.000000 id: 3290 at time: 2492.85
Processed event: VehicleDepartureEvent, vehicle_id: 12, road_id: 1000000000000000553, offset: 0.000000 id: 3290
processing event: VehicleEnterNewRoadEvent, vehicle_id: 14, road_id: 1000000000000000474 id: 3287 at time: 2493.62
Processed event: VehicleEnterNewRoadEvent, vehicle_id: 14, road_id: 1000000000000000474 id: 3287
processing event: VehicleDepartureEvent, vehicle_id: 14, road_id: 1000000000000000474, offset: 0.000000 id: 3292 at time: 2493.62
Processed event: VehicleDepartureEvent, vehicle_id: 14, road_id: 1000000000000000474, offset: 0.000000 id: 3292
processing event: VehicleArriveIntersectionEvent, vehicle_id: 18, road_id: 1000000000000000305 id: 3218 at time: 2496.48
Processed event: VehicleArriveIntersectionEvent, vehicle_id: 18, road_id: 1000000000000000305 id: 3218
processing event: BusArrivalEvent, vehicle_id: 12, stop_id: 77 id: 3291 at time: 2497.83
Processed event: BusArrivalEvent, vehicle_id: 12, stop_id: 77 id: 3291
processing event: PassengerOnboardEvent, passenger_id: 41 id: 3295 at time: 2497.83
Processed event: PassengerOnboardEvent, passenger_id: 41 id: 3295
processing event: VehicleEnterNewRoadEvent, vehicle_id: 18, road_id: 1000000000000000306 id: 3294 at time: 2498.28
Processed event: VehicleEnterNewRoadEvent, vehicle_id: 18, road_id: 1000000000000000306 id: 3294
processing event: VehicleDepartureEvent, vehicle_id: 18, road_id: 1000000000000000306, offset: 0.000000 id: 3297 at time: 2498.28
Processed event: VehicleDepartureEvent, vehicle_id: 18, road_id: 1000000000000000306, offset: 0.000000 id: 3297
Simulator::runFor: now_ = 2498.28 target = 2500
[progress] simulator time = 2500 / 3000
processing event: VehicleDepartureEvent, vehicle_id: 12, road_id: 1000000000000000553, offset: 27.640000 id: 3296 at time: 2502.83
Processed event: VehicleDepartureEvent, vehicle_id: 12, road_id: 1000000000000000553, offset: 27.640000 id: 3296
processing event: VehicleArriveIntersectionEvent, vehicle_id: 9, road_id: 1000000000000001192 id: 3271 at time: 2506.95
Processed event: VehicleArriveIntersectionEvent, vehicle_id: 9, road_id: 1000000000000001192 id: 3271
processing event: VehicleEnterNewRoadEvent, vehicle_id: 9, road_id: 1000000000000001194 id: 3300 at time: 2508.75
Processed event: VehicleEnterNewRoadEvent, vehicle_id: 9, road_id: 1000000000000001194 id: 3300
processing event: VehicleDepartureEvent, vehicle_id: 9, road_id: 1000000000000001194, offset: 0.000000 id: 3301 at time: 2508.75
Processed event: VehicleDepartureEvent, vehicle_id: 9, road_id: 1000000000000001194, offset: 0.000000 id: 3301
Simulator::runFor: now_ = 2508.75 target = 2510
[progress] simulator time = 2510 / 3000
processing event: VehicleArriveIntersectionEvent, vehicle_id: 16, road_id: 1000000000000000085 id: 3242 at time: 2516.71
Processed event: VehicleArriveIntersectionEvent, vehicle_id: 16, road_id: 1000000000000000085 id: 3242
processing event: VehicleArriveIntersectionEvent, vehicle_id: 12, road_id: 1000000000000000553 id: 3299 at time: 2517.83
Processed event: VehicleArriveIntersectionEvent, vehicle_id: 12, road_id: 1000000000000000553 id: 3299
processing event: VehicleArriveIntersectionEvent, vehicle_id: 5, road_id: 1000000000000000167 id: 3289 at time: 2517.85
Processed event: VehicleArriveIntersectionEvent, vehicle_id: 5, road_id: 1000000000000000167 id: 3289
processing event: VehicleEnterNewRoadEvent, vehicle_id: 16, road_id: 1000000000000000086 id: 3303 at time: 2518.51
Processed event: VehicleEnterNewRoadEvent, vehicle_id: 16, road_id: 1000000000000000086 id: 3303
processing event: VehicleDepartureEvent, vehicle_id: 16, road_id: 1000000000000000086, offset: 0.000000 id: 3306 at time: 2518.51
Processed event: VehicleDepartureEvent, vehicle_id: 16, road_id: 1000000000000000086, offset: 0.000000 id: 3306
processing event: VehicleEnterNewRoadEvent, vehicle_id: 12, road_id: 1000000000000000502 id: 3304 at time: 2519.63
Processed event: VehicleEnterNewRoadEvent, vehicle_id: 12, road_id: 1000000000000000502 id: 3304
processing event: VehicleDepartureEvent, vehicle_id: 12, road_id: 1000000000000000502, offset: 0.000000 id: 3308 at time: 2519.63
Processed event: VehicleDepartureEvent, vehicle_id: 12, road_id: 1000000000000000502, offset: 0.000000 id: 3308
processing event: VehicleEnterNewRoadEvent, vehicle_id: 5, road_id: 1000000000000000732 id: 3305 at time: 2519.65
Processed event: VehicleEnterNewRoadEvent, vehicle_id: 5, road_id: 1000000000000000732 id: 3305
processing event: VehicleDepartureEvent, vehicle_id: 5, road_id: 1000000000000000732, offset: 0.000000 id: 3310 at time: 2519.65
Processed event: VehicleDepartureEvent, vehicle_id: 5, road_id: 1000000000000000732, offset: 0.000000 id: 3310
Simulator::runFor: now_ = 2519.65 target = 2520
[progress] simulator time = 2520 / 3000
processing event: VehicleArriveIntersectionEvent, vehicle_id: 5, road_id: 1000000000000000732 id: 3311 at time: 2520.37
Processed event: VehicleArriveIntersectionEvent, vehicle_id: 5, road_id: 1000000000000000732 id: 3311
processing event: VehicleEnterNewRoadEvent, vehicle_id: 5, road_id: 1000000000000000733 id: 3312 at time: 2522.17
Processed event: VehicleEnterNewRoadEvent, vehicle_id: 5, road_id: 1000000000000000733 id: 3312
processing event: VehicleDepartureEvent, vehicle_id: 5, road_id: 1000000000000000733, offset: 0.000000 id: 3313 at time: 2522.17
Processed event: VehicleDepartureEvent, vehicle_id: 5, road_id: 1000000000000000733, offset: 0.000000 id: 3313
processing event: VehicleArriveIntersectionEvent, vehicle_id: 4, road_id: 1000000000000000377 id: 3215 at time: 2522.53
Processed event: VehicleArriveIntersectionEvent, vehicle_id: 4, road_id: 1000000000000000377 id: 3215
processing event: VehicleEnterNewRoadEvent, vehicle_id: 4, road_id: 1000000000000001131 id: 3315 at time: 2524.33
Processed event: VehicleEnterNewRoadEvent, vehicle_id: 4, road_id: 1000000000000001131 id: 3315
processing event: VehicleDepartureEvent, vehicle_id: 4, road_id: 1000000000000001131, offset: 0.000000 id: 3316 at time: 2524.33
Processed event: VehicleDepartureEvent, vehicle_id: 4, road_id: 1000000000000001131, offset: 0.000000 id: 3316
processing event: VehicleArriveIntersectionEvent, vehicle_id: 5, road_id: 1000000000000000733 id: 3314 at time: 2525.41
Processed event: VehicleArriveIntersectionEvent, vehicle_id: 5, road_id: 1000000000000000733 id: 3314
processing event: VehicleArriveIntersectionEvent, vehicle_id: 6, road_id: 1000000000000000024 id: 3202 at time: 2526.75
Processed event: VehicleArriveIntersectionEvent, vehicle_id: 6, road_id: 1000000000000000024 id: 3202
processing event: VehicleEnterNewRoadEvent, vehicle_id: 5, road_id: 1000000000000000361 id: 3318 at time: 2527.21
Processed event: VehicleEnterNewRoadEvent, vehicle_id: 5, road_id: 1000000000000000361 id: 3318
processing event: VehicleDepartureEvent, vehicle_id: 5, road_id: 1000000000000000361, offset: 0.000000 id: 3320 at time: 2527.21
Processed event: VehicleDepartureEvent, vehicle_id: 5, road_id: 1000000000000000361, offset: 0.000000 id: 3320
processing event: BusArrivalEvent, vehicle_id: 13, stop_id: 126 id: 3278 at time: 2527.65
Processed event: BusArrivalEvent, vehicle_id: 13, stop_id: 126 id: 3278
processing event: PassengerRouteEndEvent, passenger_id: 27, route_id: 1 id: 3322 at time: 2527.65
Passenger 27 finished all routes
Processed event: PassengerRouteEndEvent, passenger_id: 27, route_id: 1 id: 3322
processing event: PassengerDropoffEvent, passenger_id: 27 id: 3324 at time: 2527.65
Processed event: PassengerDropoffEvent, passenger_id: 27 id: 3324
processing event: OrderFinishedEvent, order_id: 27 id: 3325 at time: 2527.65
Processed event: OrderFinishedEvent, order_id: 27 id: 3325
processing event: VehicleArriveIntersectionEvent, vehicle_id: 9, road_id: 1000000000000001194 id: 3302 at time: 2528.37
Processed event: VehicleArriveIntersectionEvent, vehicle_id: 9, road_id: 1000000000000001194 id: 3302
processing event: VehicleEnterNewRoadEvent, vehicle_id: 6, road_id: 1000000000000000061 id: 3319 at time: 2528.55
Processed event: VehicleEnterNewRoadEvent, vehicle_id: 6, road_id: 1000000000000000061 id: 3319
processing event: VehicleDepartureEvent, vehicle_id: 6, road_id: 1000000000000000061, offset: 0.000000 id: 3327 at time: 2528.55
Processed event: VehicleDepartureEvent, vehicle_id: 6, road_id: 1000000000000000061, offset: 0.000000 id: 3327
processing event: VehicleArriveIntersectionEvent, vehicle_id: 19, road_id: 1000000000000000326 id: 3257 at time: 2529.33
Processed event: VehicleArriveIntersectionEvent, vehicle_id: 19, road_id: 1000000000000000326 id: 3257
Simulator::runFor: now_ = 2529.33 target = 2530
[progress] simulator time = 2530 / 3000
processing event: VehicleEnterNewRoadEvent, vehicle_id: 9, road_id: 1000000000000001193 id: 3326 at time: 2530.17
Processed event: VehicleEnterNewRoadEvent, vehicle_id: 9, road_id: 1000000000000001193 id: 3326
processing event: VehicleDepartureEvent, vehicle_id: 9, road_id: 1000000000000001193, offset: 0.000000 id: 3330 at time: 2530.17
Processed event: VehicleDepartureEvent, vehicle_id: 9, road_id: 1000000000000001193, offset: 0.000000 id: 3330
processing event: VehicleEnterNewRoadEvent, vehicle_id: 19, road_id: 1000000000000000327 id: 3329 at time: 2531.13
Processed event: VehicleEnterNewRoadEvent, vehicle_id: 19, road_id: 1000000000000000327 id: 3329
processing event: VehicleDepartureEvent, vehicle_id: 19, road_id: 1000000000000000327, offset: 0.000000 id: 3332 at time: 2531.13
Processed event: VehicleDepartureEvent, vehicle_id: 19, road_id: 1000000000000000327, offset: 0.000000 id: 3332
processing event: VehicleDepartureEvent, vehicle_id: 13, road_id: 1000000000000000330, offset: 244.180000 id: 3323 at time: 2532.65
Processed event: VehicleDepartureEvent, vehicle_id: 13, road_id: 1000000000000000330, offset: 244.180000 id: 3323
processing event: VehicleArriveIntersectionEvent, vehicle_id: 20, road_id: 1000000000000000311 id: 3284 at time: 2534.21
Processed event: VehicleArriveIntersectionEvent, vehicle_id: 20, road_id: 1000000000000000311 id: 3284
processing event: VehicleEnterNewRoadEvent, vehicle_id: 20, road_id: 1000000000000000322 id: 3335 at time: 2536.01
Processed event: VehicleEnterNewRoadEvent, vehicle_id: 20, road_id: 1000000000000000322 id: 3335
processing event: VehicleDepartureEvent, vehicle_id: 20, road_id: 1000000000000000322, offset: 0.000000 id: 3336 at time: 2536.01
Processed event: VehicleDepartureEvent, vehicle_id: 20, road_id: 1000000000000000322, offset: 0.000000 id: 3336
processing event: VehicleArriveIntersectionEvent, vehicle_id: 12, road_id: 1000000000000000502 id: 3309 at time: 2538.72
Processed event: VehicleArriveIntersectionEvent, vehicle_id: 12, road_id: 1000000000000000502 id: 3309
Simulator::runFor: now_ = 2538.72 target = 2540
[progress] simulator time = 2540 / 3000
processing event: VehicleEnterNewRoadEvent, vehicle_id: 12, road_id: 1000000000000000230 id: 3338 at time: 2540.52
Processed event: VehicleEnterNewRoadEvent, vehicle_id: 12, road_id: 1000000000000000230 id: 3338
processing event: VehicleDepartureEvent, vehicle_id: 12, road_id: 1000000000000000230, offset: 0.000000 id: 3339 at time: 2540.52
Processed event: VehicleDepartureEvent, vehicle_id: 12, road_id: 1000000000000000230, offset: 0.000000 id: 3339
processing event: VehicleArriveIntersectionEvent, vehicle_id: 11, road_id: 1000000000000000473 id: 3274 at time: 2546.71
Processed event: VehicleArriveIntersectionEvent, vehicle_id: 11, road_id: 1000000000000000473 id: 3274
processing event: VehicleArriveIntersectionEvent, vehicle_id: 18, road_id: 1000000000000000306 id: 3298 at time: 2547.07
Processed event: VehicleArriveIntersectionEvent, vehicle_id: 18, road_id: 1000000000000000306 id: 3298
processing event: VehicleArriveIntersectionEvent, vehicle_id: 9, road_id: 1000000000000001193 id: 3331 at time: 2547.09
Processed event: VehicleArriveIntersectionEvent, vehicle_id: 9, road_id: 1000000000000001193 id: 3331
processing event: VehicleArriveIntersectionEvent, vehicle_id: 13, road_id: 1000000000000000330 id: 3334 at time: 2548.1
Processed event: VehicleArriveIntersectionEvent, vehicle_id: 13, road_id: 1000000000000000330 id: 3334
processing event: VehicleEnterNewRoadEvent, vehicle_id: 11, road_id: 1000000000000000301 id: 3341 at time: 2548.51
Processed event: VehicleEnterNewRoadEvent, vehicle_id: 11, road_id: 1000000000000000301 id: 3341
processing event: VehicleDepartureEvent, vehicle_id: 11, road_id: 1000000000000000301, offset: 0.000000 id: 3345 at time: 2548.51
Processed event: VehicleDepartureEvent, vehicle_id: 11, road_id: 1000000000000000301, offset: 0.000000 id: 3345
processing event: VehicleEnterNewRoadEvent, vehicle_id: 18, road_id: 1000000000000000689 id: 3342 at time: 2548.87
Processed event: VehicleEnterNewRoadEvent, vehicle_id: 18, road_id: 1000000000000000689 id: 3342
processing event: VehicleDepartureEvent, vehicle_id: 18, road_id: 1000000000000000689, offset: 0.000000 id: 3347 at time: 2548.87
Processed event: VehicleDepartureEvent, vehicle_id: 18, road_id: 1000000000000000689, offset: 0.000000 id: 3347
processing event: VehicleEnterNewRoadEvent, vehicle_id: 9, road_id: 1000000000000001181 id: 3343 at time: 2548.89
Processed event: VehicleEnterNewRoadEvent, vehicle_id: 9, road_id: 1000000000000001181 id: 3343
processing event: VehicleDepartureEvent, vehicle_id: 9, road_id: 1000000000000001181, offset: 0.000000 id: 3349 at time: 2548.89
Processed event: VehicleDepartureEvent, vehicle_id: 9, road_id: 1000000000000001181, offset: 0.000000 id: 3349
processing event: VehicleArriveIntersectionEvent, vehicle_id: 4, road_id: 1000000000000001131 id: 3317 at time: 2549.71
Processed event: VehicleArriveIntersectionEvent, vehicle_id: 4, road_id: 1000000000000001131 id: 3317
processing event: VehicleEnterNewRoadEvent, vehicle_id: 13, road_id: 1000000000000000331 id: 3344 at time: 2549.9
Processed event: VehicleEnterNewRoadEvent, vehicle_id: 13, road_id: 1000000000000000331 id: 3344
processing event: VehicleDepartureEvent, vehicle_id: 13, road_id: 1000000000000000331, offset: 0.000000 id: 3352 at time: 2549.9
Processed event: VehicleDepartureEvent, vehicle_id: 13, road_id: 1000000000000000331, offset: 0.000000 id: 3352
Simulator::runFor: now_ = 2549.9 target = 2550
[progress] simulator time = 2550 / 3000
processing event: VehicleEnterNewRoadEvent, vehicle_id: 4, road_id: 1000000000000001130 id: 3351 at time: 2551.51
Processed event: VehicleEnterNewRoadEvent, vehicle_id: 4, road_id: 1000000000000001130 id: 3351
processing event: VehicleDepartureEvent, vehicle_id: 4, road_id: 1000000000000001130, offset: 0.000000 id: 3354 at time: 2551.51
Processed event: VehicleDepartureEvent, vehicle_id: 4, road_id: 1000000000000001130, offset: 0.000000 id: 3354
processing event: VehicleArriveIntersectionEvent, vehicle_id: 8, road_id: 1000000000000000324 id: 3231 at time: 2553.86
Processed event: VehicleArriveIntersectionEvent, vehicle_id: 8, road_id: 1000000000000000324 id: 3231
processing event: VehicleEnterNewRoadEvent, vehicle_id: 8, road_id: 1000000000000000326 id: 3356 at time: 2555.66
Processed event: VehicleEnterNewRoadEvent, vehicle_id: 8, road_id: 1000000000000000326 id: 3356
processing event: VehicleDepartureEvent, vehicle_id: 8, road_id: 1000000000000000326, offset: 0.000000 id: 3357 at time: 2555.66
Processed event: VehicleDepartureEvent, vehicle_id: 8, road_id: 1000000000000000326, offset: 0.000000 id: 3357
Event is not valid: VehicleCheckPointEvent, vehicle_id: 3 id: 3260 at time: 2557.32
processing event: VehicleArriveIntersectionEvent, vehicle_id: 12, road_id: 1000000000000000230 id: 3340 at time: 2557.62
Processed event: VehicleArriveIntersectionEvent, vehicle_id: 12, road_id: 1000000000000000230 id: 3340
processing event: VehicleArriveIntersectionEvent, vehicle_id: 5, road_id: 1000000000000000361 id: 3321 at time: 2557.63
Processed event: VehicleArriveIntersectionEvent, vehicle_id: 5, road_id: 1000000000000000361 id: 3321
processing event: VehicleArriveIntersectionEvent, vehicle_id: 3, road_id: 1000000000000000243 id: 3264 at time: 2558.76
Processed event: VehicleArriveIntersectionEvent, vehicle_id: 3, road_id: 1000000000000000243 id: 3264
processing event: VehicleEnterNewRoadEvent, vehicle_id: 12, road_id: 1000000000000000492 id: 3359 at time: 2559.42
Processed event: VehicleEnterNewRoadEvent, vehicle_id: 12, road_id: 1000000000000000492 id: 3359
processing event: VehicleDepartureEvent, vehicle_id: 12, road_id: 1000000000000000492, offset: 0.000000 id: 3362 at time: 2559.42
Processed event: VehicleDepartureEvent, vehicle_id: 12, road_id: 1000000000000000492, offset: 0.000000 id: 3362
processing event: VehicleEnterNewRoadEvent, vehicle_id: 5, road_id: 1000000000000000382 id: 3360 at time: 2559.43
Processed event: VehicleEnterNewRoadEvent, vehicle_id: 5, road_id: 1000000000000000382 id: 3360
processing event: VehicleDepartureEvent, vehicle_id: 5, road_id: 1000000000000000382, offset: 0.000000 id: 3364 at time: 2559.43
Processed event: VehicleDepartureEvent, vehicle_id: 5, road_id: 1000000000000000382, offset: 0.000000 id: 3364
Simulator::runFor: now_ = 2559.43 target = 2560
[progress] simulator time = 2560 / 3000
processing event: VehicleArriveIntersectionEvent, vehicle_id: 18, road_id: 1000000000000000689 id: 3348 at time: 2560.03
Processed event: VehicleArriveIntersectionEvent, vehicle_id: 18, road_id: 1000000000000000689 id: 3348
processing event: VehicleEnterNewRoadEvent, vehicle_id: 3, road_id: 1000000000000000244 id: 3361 at time: 2560.56
Processed event: VehicleEnterNewRoadEvent, vehicle_id: 3, road_id: 1000000000000000244 id: 3361
processing event: VehicleDepartureEvent, vehicle_id: 3, road_id: 1000000000000000244, offset: 0.000000 id: 3367 at time: 2560.56
Processed event: VehicleDepartureEvent, vehicle_id: 3, road_id: 1000000000000000244, offset: 0.000000 id: 3367
processing event: VehicleArriveIntersectionEvent, vehicle_id: 14, road_id: 1000000000000000474 id: 3293 at time: 2560.59
Processed event: VehicleArriveIntersectionEvent, vehicle_id: 14, road_id: 1000000000000000474 id: 3293
processing event: VehicleEnterNewRoadEvent, vehicle_id: 18, road_id: 1000000000000000686 id: 3366 at time: 2561.83
Processed event: VehicleEnterNewRoadEvent, vehicle_id: 18, road_id: 1000000000000000686 id: 3366
processing event: VehicleDepartureEvent, vehicle_id: 18, road_id: 1000000000000000686, offset: 0.000000 id: 3370 at time: 2561.83
Processed event: VehicleDepartureEvent, vehicle_id: 18, road_id: 1000000000000000686, offset: 0.000000 id: 3370
processing event: VehicleEnterNewRoadEvent, vehicle_id: 14, road_id: 1000000000000001197 id: 3369 at time: 2562.39
Processed event: VehicleEnterNewRoadEvent, vehicle_id: 14, road_id: 1000000000000001197 id: 3369
processing event: VehicleDepartureEvent, vehicle_id: 14, road_id: 1000000000000001197, offset: 0.000000 id: 3372 at time: 2562.39
Processed event: VehicleDepartureEvent, vehicle_id: 14, road_id: 1000000000000001197, offset: 0.000000 id: 3372
Event is not valid: VehicleArriveIntersectionEvent, vehicle_id: 17, road_id: 1000000000000001102 id: 3266 at time: 2563.79
processing event: VehicleArriveIntersectionEvent, vehicle_id: 17, road_id: 1000000000000001102 id: 3281 at time: 2563.79
Processed event: VehicleArriveIntersectionEvent, vehicle_id: 17, road_id: 1000000000000001102 id: 3281
processing event: VehicleEnterNewRoadEvent, vehicle_id: 17, road_id: 1000000000000000458 id: 3374 at time: 2565.59
Processed event: VehicleEnterNewRoadEvent, vehicle_id: 17, road_id: 1000000000000000458 id: 3374
processing event: VehicleDepartureEvent, vehicle_id: 17, road_id: 1000000000000000458, offset: 0.000000 id: 3375 at time: 2565.59
Processed event: VehicleDepartureEvent, vehicle_id: 17, road_id: 1000000000000000458, offset: 0.000000 id: 3375
processing event: VehicleArriveIntersectionEvent, vehicle_id: 9, road_id: 1000000000000001181 id: 3350 at time: 2567.97
Processed event: VehicleArriveIntersectionEvent, vehicle_id: 9, road_id: 1000000000000001181 id: 3350
processing event: PassengerRouteStartEvent, passenger_id: 53, route_id: 1 id: 52 at time: 2568
Processed event: PassengerRouteStartEvent, passenger_id: 53, route_id: 1 id: 52
processing event: OrderCreatedEvent, order_id: 53, available_pickups: 70 , available_dropoffs: 104 , passenger_id: 53, route_id: 1, passenger_num: 0 id: 3378 at time: 2568
Processed event: OrderCreatedEvent, order_id: 53, available_pickups: 70 , available_dropoffs: 104 , passenger_id: 53, route_id: 1, passenger_num: 2 id: 3378
processing event: VehicleArriveIntersectionEvent, vehicle_id: 4, road_id: 1000000000000001130 id: 3355 at time: 2568.79
Processed event: VehicleArriveIntersectionEvent, vehicle_id: 4, road_id: 1000000000000001130 id: 3355
processing event: VehicleEnterNewRoadEvent, vehicle_id: 9, road_id: 1000000000000001088 id: 3377 at time: 2569.77
Processed event: VehicleEnterNewRoadEvent, vehicle_id: 9, road_id: 1000000000000001088 id: 3377
processing event: VehicleDepartureEvent, vehicle_id: 9, road_id: 1000000000000001088, offset: 0.000000 id: 3380 at time: 2569.77
Processed event: VehicleDepartureEvent, vehicle_id: 9, road_id: 1000000000000001088, offset: 0.000000 id: 3380
Simulator::runFor: now_ = 2569.77 target = 2570
[progress] simulator time = 2570 / 3000
processing event: OrderMatchedEvent, order_id: 53, vehicle_id: 15 id: 3382 at time: 2570
Processed event: OrderMatchedEvent, order_id: 53, vehicle_id: 15 id: 3382
processing event: VehicleDepartureEvent, vehicle_id: 15, road_id: 1000000000000000180, offset: 114.020000 id: 3383 at time: 2570
Processed event: VehicleDepartureEvent, vehicle_id: 15, road_id: 1000000000000000180, offset: 114.020000 id: 3383
processing event: PassengerArrivalEvent, passenger_id: 53 id: 3384 at time: 2570
Processed event: PassengerArrivalEvent, passenger_id: 53 id: 3384
processing event: VehicleEnterNewRoadEvent, vehicle_id: 4, road_id: 1000000000000000708 id: 3379 at time: 2570.59
Processed event: VehicleEnterNewRoadEvent, vehicle_id: 4, road_id: 1000000000000000708 id: 3379
processing event: VehicleDepartureEvent, vehicle_id: 4, road_id: 1000000000000000708, offset: 0.000000 id: 3386 at time: 2570.59
Processed event: VehicleDepartureEvent, vehicle_id: 4, road_id: 1000000000000000708, offset: 0.000000 id: 3386
processing event: VehicleArriveIntersectionEvent, vehicle_id: 5, road_id: 1000000000000000382 id: 3365 at time: 2573.65
Processed event: VehicleArriveIntersectionEvent, vehicle_id: 5, road_id: 1000000000000000382 id: 3365
processing event: VehicleArriveIntersectionEvent, vehicle_id: 4, road_id: 1000000000000000708 id: 3387 at time: 2574.37
Processed event: VehicleArriveIntersectionEvent, vehicle_id: 4, road_id: 1000000000000000708 id: 3387
processing event: VehicleEnterNewRoadEvent, vehicle_id: 5, road_id: 1000000000000000383 id: 3388 at time: 2575.45
Processed event: VehicleEnterNewRoadEvent, vehicle_id: 5, road_id: 1000000000000000383 id: 3388
processing event: VehicleDepartureEvent, vehicle_id: 5, road_id: 1000000000000000383, offset: 0.000000 id: 3390 at time: 2575.45
Processed event: VehicleDepartureEvent, vehicle_id: 5, road_id: 1000000000000000383, offset: 0.000000 id: 3390
processing event: VehicleArriveIntersectionEvent, vehicle_id: 20, road_id: 1000000000000000322 id: 3337 at time: 2575.98
Processed event: VehicleArriveIntersectionEvent, vehicle_id: 20, road_id: 1000000000000000322 id: 3337
processing event: VehicleEnterNewRoadEvent, vehicle_id: 4, road_id: 1000000000000000709 id: 3389 at time: 2576.17
Processed event: VehicleEnterNewRoadEvent, vehicle_id: 4, road_id: 1000000000000000709 id: 3389
processing event: VehicleDepartureEvent, vehicle_id: 4, road_id: 1000000000000000709, offset: 0.000000 id: 3393 at time: 2576.17
Processed event: VehicleDepartureEvent, vehicle_id: 4, road_id: 1000000000000000709, offset: 0.000000 id: 3393
processing event: VehicleArriveIntersectionEvent, vehicle_id: 18, road_id: 1000000000000000686 id: 3371 at time: 2577.13
Processed event: VehicleArriveIntersectionEvent, vehicle_id: 18, road_id: 1000000000000000686 id: 3371
processing event: VehicleEnterNewRoadEvent, vehicle_id: 20, road_id: 1000000000000000323 id: 3392 at time: 2577.78
Processed event: VehicleEnterNewRoadEvent, vehicle_id: 20, road_id: 1000000000000000323 id: 3392
processing event: VehicleDepartureEvent, vehicle_id: 20, road_id: 1000000000000000323, offset: 0.000000 id: 3396 at time: 2577.78
Processed event: VehicleDepartureEvent, vehicle_id: 20, road_id: 1000000000000000323, offset: 0.000000 id: 3396
processing event: VehicleEnterNewRoadEvent, vehicle_id: 18, road_id: 1000000000000000406 id: 3395 at time: 2578.93
Processed event: VehicleEnterNewRoadEvent, vehicle_id: 18, road_id: 1000000000000000406 id: 3395
processing event: VehicleDepartureEvent, vehicle_id: 18, road_id: 1000000000000000406, offset: 0.000000 id: 3398 at time: 2578.93
Processed event: VehicleDepartureEvent, vehicle_id: 18, road_id: 1000000000000000406, offset: 0.000000 id: 3398
Simulator::runFor: now_ = 2578.93 target = 2580
[progress] simulator time = 2580 / 3000
processing event: VehicleArriveIntersectionEvent, vehicle_id: 4, road_id: 1000000000000000709 id: 3394 at time: 2582.66
Processed event: VehicleArriveIntersectionEvent, vehicle_id: 4, road_id: 1000000000000000709 id: 3394
processing event: VehicleEnterNewRoadEvent, vehicle_id: 4, road_id: 1000000000000000614 id: 3400 at time: 2584.46
Processed event: VehicleEnterNewRoadEvent, vehicle_id: 4, road_id: 1000000000000000614 id: 3400
processing event: VehicleDepartureEvent, vehicle_id: 4, road_id: 1000000000000000614, offset: 0.000000 id: 3401 at time: 2584.46
Processed event: VehicleDepartureEvent, vehicle_id: 4, road_id: 1000000000000000614, offset: 0.000000 id: 3401
processing event: PassengerRouteStartEvent, passenger_id: 54, route_id: 1 id: 53 at time: 2587
Processed event: PassengerRouteStartEvent, passenger_id: 54, route_id: 1 id: 53
processing event: OrderCreatedEvent, order_id: 54, available_pickups: 24 , available_dropoffs: 295 , passenger_id: 54, route_id: 1, passenger_num: 0 id: 3403 at time: 2587
Processed event: OrderCreatedEvent, order_id: 54, available_pickups: 24 , available_dropoffs: 295 , passenger_id: 54, route_id: 1, passenger_num: 1 id: 3403
Simulator::runFor: now_ = 2587 target = 2590
[progress] simulator time = 2590 / 3000
processing event: OrderMatchedEvent, order_id: 54, vehicle_id: 9 id: 3404 at time: 2590
Processed event: OrderMatchedEvent, order_id: 54, vehicle_id: 9 id: 3404
processing event: PassengerArrivalEvent, passenger_id: 54 id: 3406 at time: 2590
Processed event: PassengerArrivalEvent, passenger_id: 54 id: 3406
processing event: VehicleArriveIntersectionEvent, vehicle_id: 11, road_id: 1000000000000000301 id: 3346 at time: 2594.41
Processed event: VehicleArriveIntersectionEvent, vehicle_id: 11, road_id: 1000000000000000301 id: 3346
processing event: VehicleArriveIntersectionEvent, vehicle_id: 6, road_id: 1000000000000000061 id: 3328 at time: 2594.79
Processed event: VehicleArriveIntersectionEvent, vehicle_id: 6, road_id: 1000000000000000061 id: 3328
processing event: VehicleEnterNewRoadEvent, vehicle_id: 11, road_id: 1000000000000000302 id: 3407 at time: 2596.21
Processed event: VehicleEnterNewRoadEvent, vehicle_id: 11, road_id: 1000000000000000302 id: 3407
processing event: VehicleDepartureEvent, vehicle_id: 11, road_id: 1000000000000000302, offset: 0.000000 id: 3409 at time: 2596.21
Processed event: VehicleDepartureEvent, vehicle_id: 11, road_id: 1000000000000000302, offset: 0.000000 id: 3409
processing event: VehicleEnterNewRoadEvent, vehicle_id: 6, road_id: 1000000000000000377 id: 3408 at time: 2596.59
Processed event: VehicleEnterNewRoadEvent, vehicle_id: 6, road_id: 1000000000000000377 id: 3408
processing event: VehicleDepartureEvent, vehicle_id: 6, road_id: 1000000000000000377, offset: 0.000000 id: 3411 at time: 2596.59
Processed event: VehicleDepartureEvent, vehicle_id: 6, road_id: 1000000000000000377, offset: 0.000000 id: 3411
processing event: VehicleArriveIntersectionEvent, vehicle_id: 16, road_id: 1000000000000000086 id: 3307 at time: 2596.82
Processed event: VehicleArriveIntersectionEvent, vehicle_id: 16, road_id: 1000000000000000086 id: 3307
processing event: VehicleEnterNewRoadEvent, vehicle_id: 16, road_id: 1000000000000000335 id: 3413 at time: 2598.62
Processed event: VehicleEnterNewRoadEvent, vehicle_id: 16, road_id: 1000000000000000335 id: 3413
processing event: VehicleDepartureEvent, vehicle_id: 16, road_id: 1000000000000000335, offset: 0.000000 id: 3414 at time: 2598.62
Processed event: VehicleDepartureEvent, vehicle_id: 16, road_id: 1000000000000000335, offset: 0.000000 id: 3414
Simulator::runFor: now_ = 2598.62 target = 2600
[progress] simulator time = 2600 / 3000
processing event: VehicleArriveIntersectionEvent, vehicle_id: 14, road_id: 1000000000000001197 id: 3373 at time: 2605.77
Processed event: VehicleArriveIntersectionEvent, vehicle_id: 14, road_id: 1000000000000001197 id: 3373
processing event: VehicleEnterNewRoadEvent, vehicle_id: 14, road_id: 1000000000000000220 id: 3416 at time: 2607.58
Processed event: VehicleEnterNewRoadEvent, vehicle_id: 14, road_id: 1000000000000000220 id: 3416
processing event: VehicleDepartureEvent, vehicle_id: 14, road_id: 1000000000000000220, offset: 0.000000 id: 3417 at time: 2607.58
Processed event: VehicleDepartureEvent, vehicle_id: 14, road_id: 1000000000000000220, offset: 0.000000 id: 3417
Simulator::runFor: now_ = 2607.58 target = 2610
[progress] simulator time = 2610 / 3000
Event is not valid: VehicleArriveIntersectionEvent, vehicle_id: 9, road_id: 1000000000000001088 id: 3381 at time: 2610.64
processing event: VehicleArriveIntersectionEvent, vehicle_id: 9, road_id: 1000000000000001088 id: 3405 at time: 2610.64
Processed event: VehicleArriveIntersectionEvent, vehicle_id: 9, road_id: 1000000000000001088 id: 3405
processing event: BusArrivalEvent, vehicle_id: 4, stop_id: 74 id: 3402 at time: 2611.02
Processed event: BusArrivalEvent, vehicle_id: 4, stop_id: 74 id: 3402
processing event: PassengerOnboardEvent, passenger_id: 40 id: 3420 at time: 2611.02
Processed event: PassengerOnboardEvent, passenger_id: 40 id: 3420
processing event: VehicleEnterNewRoadEvent, vehicle_id: 9, road_id: 1000000000000001087 id: 3419 at time: 2612.44
Processed event: VehicleEnterNewRoadEvent, vehicle_id: 9, road_id: 1000000000000001087 id: 3419
processing event: VehicleDepartureEvent, vehicle_id: 9, road_id: 1000000000000001087, offset: 0.000000 id: 3422 at time: 2612.44
Processed event: VehicleDepartureEvent, vehicle_id: 9, road_id: 1000000000000001087, offset: 0.000000 id: 3422
processing event: VehicleArriveIntersectionEvent, vehicle_id: 12, road_id: 1000000000000000492 id: 3363 at time: 2612.52
Processed event: VehicleArriveIntersectionEvent, vehicle_id: 12, road_id: 1000000000000000492 id: 3363
processing event: VehicleArriveIntersectionEvent, vehicle_id: 15, road_id: 1000000000000000180 id: 3385 at time: 2613.56
Processed event: VehicleArriveIntersectionEvent, vehicle_id: 15, road_id: 1000000000000000180 id: 3385
processing event: VehicleEnterNewRoadEvent, vehicle_id: 12, road_id: 1000000000000000575 id: 3424 at time: 2614.32
Processed event: VehicleEnterNewRoadEvent, vehicle_id: 12, road_id: 1000000000000000575 id: 3424
processing event: VehicleDepartureEvent, vehicle_id: 12, road_id: 1000000000000000575, offset: 0.000000 id: 3426 at time: 2614.32
Processed event: VehicleDepartureEvent, vehicle_id: 12, road_id: 1000000000000000575, offset: 0.000000 id: 3426
processing event: VehicleEnterNewRoadEvent, vehicle_id: 15, road_id: 1000000000000000481 id: 3425 at time: 2615.36
Processed event: VehicleEnterNewRoadEvent, vehicle_id: 15, road_id: 1000000000000000481 id: 3425
processing event: VehicleDepartureEvent, vehicle_id: 15, road_id: 1000000000000000481, offset: 0.000000 id: 3428 at time: 2615.36
Processed event: VehicleDepartureEvent, vehicle_id: 15, road_id: 1000000000000000481, offset: 0.000000 id: 3428
processing event: VehicleDepartureEvent, vehicle_id: 4, road_id: 1000000000000000614, offset: 147.570000 id: 3421 at time: 2616.02
Processed event: VehicleDepartureEvent, vehicle_id: 4, road_id: 1000000000000000614, offset: 147.570000 id: 3421
processing event: VehicleArriveIntersectionEvent, vehicle_id: 8, road_id: 1000000000000000326 id: 3358 at time: 2616.15
Processed event: VehicleArriveIntersectionEvent, vehicle_id: 8, road_id: 1000000000000000326 id: 3358
processing event: VehicleEnterNewRoadEvent, vehicle_id: 8, road_id: 1000000000000000327 id: 3431 at time: 2617.95
Processed event: VehicleEnterNewRoadEvent, vehicle_id: 8, road_id: 1000000000000000327 id: 3431
processing event: VehicleDepartureEvent, vehicle_id: 8, road_id: 1000000000000000327, offset: 0.000000 id: 3432 at time: 2617.95
Processed event: VehicleDepartureEvent, vehicle_id: 8, road_id: 1000000000000000327, offset: 0.000000 id: 3432
processing event: VehicleArriveIntersectionEvent, vehicle_id: 13, road_id: 1000000000000000331 id: 3353 at time: 2618.84
Processed event: VehicleArriveIntersectionEvent, vehicle_id: 13, road_id: 1000000000000000331 id: 3353
processing event: VehicleArriveIntersectionEvent, vehicle_id: 3, road_id: 1000000000000000244 id: 3368 at time: 2619.42
Processed event: VehicleArriveIntersectionEvent, vehicle_id: 3, road_id: 1000000000000000244 id: 3368
Simulator::runFor: now_ = 2619.42 target = 2620
[progress] simulator time = 2620 / 3000
processing event: VehicleEnterNewRoadEvent, vehicle_id: 13, road_id: 1000000000000000698 id: 3434 at time: 2620.64
Processed event: VehicleEnterNewRoadEvent, vehicle_id: 13, road_id: 1000000000000000698 id: 3434
processing event: VehicleDepartureEvent, vehicle_id: 13, road_id: 1000000000000000698, offset: 0.000000 id: 3436 at time: 2620.64
Processed event: VehicleDepartureEvent, vehicle_id: 13, road_id: 1000000000000000698, offset: 0.000000 id: 3436
processing event: VehicleEnterNewRoadEvent, vehicle_id: 3, road_id: 1000000000000000245 id: 3435 at time: 2621.22
Processed event: VehicleEnterNewRoadEvent, vehicle_id: 3, road_id: 1000000000000000245 id: 3435
processing event: VehicleDepartureEvent, vehicle_id: 3, road_id: 1000000000000000245, offset: 0.000000 id: 3438 at time: 2621.22
Processed event: VehicleDepartureEvent, vehicle_id: 3, road_id: 1000000000000000245, offset: 0.000000 id: 3438
processing event: VehicleArriveIntersectionEvent, vehicle_id: 16, road_id: 1000000000000000335 id: 3415 at time: 2621.3
Processed event: VehicleArriveIntersectionEvent, vehicle_id: 16, road_id: 1000000000000000335 id: 3415
processing event: VehicleEnterNewRoadEvent, vehicle_id: 16, road_id: 1000000000000000697 id: 3440 at time: 2623.1
Processed event: VehicleEnterNewRoadEvent, vehicle_id: 16, road_id: 1000000000000000697 id: 3440
processing event: VehicleDepartureEvent, vehicle_id: 16, road_id: 1000000000000000697, offset: 0.000000 id: 3441 at time: 2623.1
Processed event: VehicleDepartureEvent, vehicle_id: 16, road_id: 1000000000000000697, offset: 0.000000 id: 3441
processing event: VehicleArriveIntersectionEvent, vehicle_id: 17, road_id: 1000000000000000458 id: 3376 at time: 2624.45
Processed event: VehicleArriveIntersectionEvent, vehicle_id: 17, road_id: 1000000000000000458 id: 3376
processing event: VehicleEnterNewRoadEvent, vehicle_id: 17, road_id: 1000000000000000459 id: 3443 at time: 2626.25
Processed event: VehicleEnterNewRoadEvent, vehicle_id: 17, road_id: 1000000000000000459 id: 3443
processing event: VehicleDepartureEvent, vehicle_id: 17, road_id: 1000000000000000459, offset: 0.000000 id: 3444 at time: 2626.25
Processed event: VehicleDepartureEvent, vehicle_id: 17, road_id: 1000000000000000459, offset: 0.000000 id: 3444
Simulator::runFor: now_ = 2626.25 target = 2630
[progress] simulator time = 2630 / 3000
processing event: VehicleArriveIntersectionEvent, vehicle_id: 5, road_id: 1000000000000000383 id: 3391 at time: 2632.16
Processed event: VehicleArriveIntersectionEvent, vehicle_id: 5, road_id: 1000000000000000383 id: 3391
Event is not valid: VehicleArriveIntersectionEvent, vehicle_id: 19, road_id: 1000000000000000327 id: 3333 at time: 2632.48
processing event: VehicleArriveIntersectionEvent, vehicle_id: 19, road_id: 1000000000000000327 id: 3433 at time: 2632.48
Processed event: VehicleArriveIntersectionEvent, vehicle_id: 19, road_id: 1000000000000000327 id: 3433
processing event: VehicleArriveIntersectionEvent, vehicle_id: 16, road_id: 1000000000000000697 id: 3442 at time: 2633.54
Processed event: VehicleArriveIntersectionEvent, vehicle_id: 16, road_id: 1000000000000000697 id: 3442
processing event: VehicleEnterNewRoadEvent, vehicle_id: 5, road_id: 1000000000000000430 id: 3446 at time: 2633.96
Processed event: VehicleEnterNewRoadEvent, vehicle_id: 5, road_id: 1000000000000000430 id: 3446
processing event: VehicleDepartureEvent, vehicle_id: 5, road_id: 1000000000000000430, offset: 0.000000 id: 3450 at time: 2633.96
Processed event: VehicleDepartureEvent, vehicle_id: 5, road_id: 1000000000000000430, offset: 0.000000 id: 3450
processing event: VehicleEnterNewRoadEvent, vehicle_id: 19, road_id: 1000000000000000328 id: 3447 at time: 2634.28
Processed event: VehicleEnterNewRoadEvent, vehicle_id: 19, road_id: 1000000000000000328 id: 3447
processing event: VehicleDepartureEvent, vehicle_id: 19, road_id: 1000000000000000328, offset: 0.000000 id: 3453 at time: 2634.28
Processed event: VehicleDepartureEvent, vehicle_id: 19, road_id: 1000000000000000328, offset: 0.000000 id: 3453
processing event: VehicleEnterNewRoadEvent, vehicle_id: 16, road_id: 1000000000000000696 id: 3449 at time: 2635.34
Processed event: VehicleEnterNewRoadEvent, vehicle_id: 16, road_id: 1000000000000000696 id: 3449
processing event: VehicleDepartureEvent, vehicle_id: 16, road_id: 1000000000000000696, offset: 0.000000 id: 3455 at time: 2635.34
Processed event: VehicleDepartureEvent, vehicle_id: 16, road_id: 1000000000000000696, offset: 0.000000 id: 3455
processing event: VehicleArriveIntersectionEvent, vehicle_id: 20, road_id: 1000000000000000323 id: 3397 at time: 2637.36
Processed event: VehicleArriveIntersectionEvent, vehicle_id: 20, road_id: 1000000000000000323 id: 3397
processing event: VehicleArriveIntersectionEvent, vehicle_id: 13, road_id: 1000000000000000698 id: 3437 at time: 2638.29
Processed event: VehicleArriveIntersectionEvent, vehicle_id: 13, road_id: 1000000000000000698 id: 3437
processing event: VehicleArriveIntersectionEvent, vehicle_id: 11, road_id: 1000000000000000302 id: 3410 at time: 2639.06
Processed event: VehicleArriveIntersectionEvent, vehicle_id: 11, road_id: 1000000000000000302 id: 3410
processing event: VehicleEnterNewRoadEvent, vehicle_id: 20, road_id: 1000000000000000324 id: 3457 at time: 2639.16
Processed event: VehicleEnterNewRoadEvent, vehicle_id: 20, road_id: 1000000000000000324 id: 3457
processing event: VehicleDepartureEvent, vehicle_id: 20, road_id: 1000000000000000324, offset: 0.000000 id: 3460 at time: 2639.16
Processed event: VehicleDepartureEvent, vehicle_id: 20, road_id: 1000000000000000324, offset: 0.000000 id: 3460
Simulator::runFor: now_ = 2639.16 target = 2640
[progress] simulator time = 2640 / 3000
processing event: VehicleEnterNewRoadEvent, vehicle_id: 13, road_id: 1000000000000000699 id: 3458 at time: 2640.09
Processed event: VehicleEnterNewRoadEvent, vehicle_id: 13, road_id: 1000000000000000699 id: 3458
processing event: VehicleDepartureEvent, vehicle_id: 13, road_id: 1000000000000000699, offset: 0.000000 id: 3462 at time: 2640.09
Processed event: VehicleDepartureEvent, vehicle_id: 13, road_id: 1000000000000000699, offset: 0.000000 id: 3462
processing event: VehicleEnterNewRoadEvent, vehicle_id: 11, road_id: 1000000000000000303 id: 3459 at time: 2640.86
Processed event: VehicleEnterNewRoadEvent, vehicle_id: 11, road_id: 1000000000000000303 id: 3459
processing event: VehicleDepartureEvent, vehicle_id: 11, road_id: 1000000000000000303, offset: 0.000000 id: 3464 at time: 2640.86
Processed event: VehicleDepartureEvent, vehicle_id: 11, road_id: 1000000000000000303, offset: 0.000000 id: 3464
processing event: BusArrivalEvent, vehicle_id: 14, stop_id: 209 id: 3418 at time: 2643.95
Processed event: BusArrivalEvent, vehicle_id: 14, stop_id: 209 id: 3418
processing event: PassengerOnboardEvent, passenger_id: 20 id: 3466 at time: 2643.95
Processed event: PassengerOnboardEvent, passenger_id: 20 id: 3466
processing event: PassengerRouteStartEvent, passenger_id: 55, route_id: 1 id: 54 at time: 2644
Processed event: PassengerRouteStartEvent, passenger_id: 55, route_id: 1 id: 54
processing event: OrderCreatedEvent, order_id: 55, available_pickups: 246 , available_dropoffs: 251 , passenger_id: 55, route_id: 1, passenger_num: 0 id: 3468 at time: 2644
Processed event: OrderCreatedEvent, order_id: 55, available_pickups: 246 , available_dropoffs: 251 , passenger_id: 55, route_id: 1, passenger_num: 1 id: 3468
processing event: VehicleDepartureEvent, vehicle_id: 14, road_id: 1000000000000000220, offset: 202.070000 id: 3467 at time: 2648.95
Processed event: VehicleDepartureEvent, vehicle_id: 14, road_id: 1000000000000000220, offset: 202.070000 id: 3467
Simulator::runFor: now_ = 2648.95 target = 2650
[progress] simulator time = 2650 / 3000
processing event: OrderMatchedEvent, order_id: 55, vehicle_id: 9 id: 3470 at time: 2650
Processed event: OrderMatchedEvent, order_id: 55, vehicle_id: 9 id: 3470
processing event: PassengerArrivalEvent, passenger_id: 55 id: 3472 at time: 2650
Processed event: PassengerArrivalEvent, passenger_id: 55 id: 3472
processing event: VehicleArriveIntersectionEvent, vehicle_id: 13, road_id: 1000000000000000699 id: 3463 at time: 2650.35
Processed event: VehicleArriveIntersectionEvent, vehicle_id: 13, road_id: 1000000000000000699 id: 3463
processing event: VehicleArriveIntersectionEvent, vehicle_id: 12, road_id: 1000000000000000575 id: 3427 at time: 2650.51
Processed event: VehicleArriveIntersectionEvent, vehicle_id: 12, road_id: 1000000000000000575 id: 3427
processing event: VehicleArriveIntersectionEvent, vehicle_id: 18, road_id: 1000000000000000406 id: 3399 at time: 2650.58
Processed event: VehicleArriveIntersectionEvent, vehicle_id: 18, road_id: 1000000000000000406 id: 3399
processing event: VehicleArriveIntersectionEvent, vehicle_id: 16, road_id: 1000000000000000696 id: 3456 at time: 2651.9
Processed event: VehicleArriveIntersectionEvent, vehicle_id: 16, road_id: 1000000000000000696 id: 3456
processing event: VehicleEnterNewRoadEvent, vehicle_id: 13, road_id: 1000000000000000051 id: 3473 at time: 2652.15
Processed event: VehicleEnterNewRoadEvent, vehicle_id: 13, road_id: 1000000000000000051 id: 3473
processing event: VehicleDepartureEvent, vehicle_id: 13, road_id: 1000000000000000051, offset: 0.000000 id: 3477 at time: 2652.15
Processed event: VehicleDepartureEvent, vehicle_id: 13, road_id: 1000000000000000051, offset: 0.000000 id: 3477
processing event: VehicleEnterNewRoadEvent, vehicle_id: 12, road_id: 1000000000000000576 id: 3474 at time: 2652.31
Processed event: VehicleEnterNewRoadEvent, vehicle_id: 12, road_id: 1000000000000000576 id: 3474
processing event: VehicleDepartureEvent, vehicle_id: 12, road_id: 1000000000000000576, offset: 0.000000 id: 3479 at time: 2652.31
Processed event: VehicleDepartureEvent, vehicle_id: 12, road_id: 1000000000000000576, offset: 0.000000 id: 3479
processing event: VehicleEnterNewRoadEvent, vehicle_id: 18, road_id: 1000000000000000625 id: 3475 at time: 2652.38
Processed event: VehicleEnterNewRoadEvent, vehicle_id: 18, road_id: 1000000000000000625 id: 3475
processing event: VehicleDepartureEvent, vehicle_id: 18, road_id: 1000000000000000625, offset: 0.000000 id: 3481 at time: 2652.38
Processed event: VehicleDepartureEvent, vehicle_id: 18, road_id: 1000000000000000625, offset: 0.000000 id: 3481
processing event: VehicleArriveIntersectionEvent, vehicle_id: 4, road_id: 1000000000000000614 id: 3430 at time: 2652.46
Processed event: VehicleArriveIntersectionEvent, vehicle_id: 4, road_id: 1000000000000000614 id: 3430
processing event: VehicleEnterNewRoadEvent, vehicle_id: 16, road_id: 1000000000000000367 id: 3476 at time: 2653.7
Processed event: VehicleEnterNewRoadEvent, vehicle_id: 16, road_id: 1000000000000000367 id: 3476
processing event: VehicleDepartureEvent, vehicle_id: 16, road_id: 1000000000000000367, offset: 0.000000 id: 3484 at time: 2653.7
Processed event: VehicleDepartureEvent, vehicle_id: 16, road_id: 1000000000000000367, offset: 0.000000 id: 3484
processing event: VehicleEnterNewRoadEvent, vehicle_id: 4, road_id: 1000000000000000438 id: 3483 at time: 2654.26
Processed event: VehicleEnterNewRoadEvent, vehicle_id: 4, road_id: 1000000000000000438 id: 3483
processing event: VehicleDepartureEvent, vehicle_id: 4, road_id: 1000000000000000438, offset: 0.000000 id: 3486 at time: 2654.26
Processed event: VehicleDepartureEvent, vehicle_id: 4, road_id: 1000000000000000438, offset: 0.000000 id: 3486
processing event: VehicleArriveIntersectionEvent, vehicle_id: 16, road_id: 1000000000000000367 id: 3485 at time: 2655.32
Processed event: VehicleArriveIntersectionEvent, vehicle_id: 16, road_id: 1000000000000000367 id: 3485
processing event: VehicleArriveIntersectionEvent, vehicle_id: 14, road_id: 1000000000000000220 id: 3469 at time: 2655.96
Processed event: VehicleArriveIntersectionEvent, vehicle_id: 14, road_id: 1000000000000000220 id: 3469
processing event: VehicleArriveIntersectionEvent, vehicle_id: 18, road_id: 1000000000000000625 id: 3482 at time: 2656.52
Processed event: VehicleArriveIntersectionEvent, vehicle_id: 18, road_id: 1000000000000000625 id: 3482
processing event: VehicleEnterNewRoadEvent, vehicle_id: 16, road_id: 1000000000000000369 id: 3488 at time: 2657.12
Processed event: VehicleEnterNewRoadEvent, vehicle_id: 16, road_id: 1000000000000000369 id: 3488
processing event: VehicleDepartureEvent, vehicle_id: 16, road_id: 1000000000000000369, offset: 0.000000 id: 3491 at time: 2657.12
Processed event: VehicleDepartureEvent, vehicle_id: 16, road_id: 1000000000000000369, offset: 0.000000 id: 3491
processing event: VehicleEnterNewRoadEvent, vehicle_id: 14, road_id: 1000000000000000473 id: 3489 at time: 2657.76
Processed event: VehicleEnterNewRoadEvent, vehicle_id: 14, road_id: 1000000000000000473 id: 3489
processing event: VehicleDepartureEvent, vehicle_id: 14, road_id: 1000000000000000473, offset: 0.000000 id: 3493 at time: 2657.76
Processed event: VehicleDepartureEvent, vehicle_id: 14, road_id: 1000000000000000473, offset: 0.000000 id: 3493
processing event: VehicleEnterNewRoadEvent, vehicle_id: 18, road_id: 1000000000000000617 id: 3490 at time: 2658.32
Processed event: VehicleEnterNewRoadEvent, vehicle_id: 18, road_id: 1000000000000000617 id: 3490
processing event: VehicleDepartureEvent, vehicle_id: 18, road_id: 1000000000000000617, offset: 0.000000 id: 3495 at time: 2658.32
Processed event: VehicleDepartureEvent, vehicle_id: 18, road_id: 1000000000000000617, offset: 0.000000 id: 3495
Simulator::runFor: now_ = 2658.32 target = 2660
[progress] simulator time = 2660 / 3000
processing event: VehicleArriveIntersectionEvent, vehicle_id: 3, road_id: 1000000000000000245 id: 3439 at time: 2661.37
Processed event: VehicleArriveIntersectionEvent, vehicle_id: 3, road_id: 1000000000000000245 id: 3439
processing event: VehicleEnterNewRoadEvent, vehicle_id: 3, road_id: 1000000000000000246 id: 3497 at time: 2663.17
Processed event: VehicleEnterNewRoadEvent, vehicle_id: 3, road_id: 1000000000000000246 id: 3497
processing event: VehicleDepartureEvent, vehicle_id: 3, road_id: 1000000000000000246, offset: 0.000000 id: 3498 at time: 2663.17
Processed event: VehicleDepartureEvent, vehicle_id: 3, road_id: 1000000000000000246, offset: 0.000000 id: 3498
processing event: VehicleArriveIntersectionEvent, vehicle_id: 17, road_id: 1000000000000000459 id: 3445 at time: 2666.22
Processed event: VehicleArriveIntersectionEvent, vehicle_id: 17, road_id: 1000000000000000459 id: 3445
Event is not valid: VehicleArriveIntersectionEvent, vehicle_id: 9, road_id: 1000000000000001087 id: 3423 at time: 2667.34
processing event: VehicleArriveIntersectionEvent, vehicle_id: 9, road_id: 1000000000000001087 id: 3471 at time: 2667.34
Processed event: VehicleArriveIntersectionEvent, vehicle_id: 9, road_id: 1000000000000001087 id: 3471
processing event: VehicleEnterNewRoadEvent, vehicle_id: 17, road_id: 1000000000000000460 id: 3500 at time: 2668.02
Processed event: VehicleEnterNewRoadEvent, vehicle_id: 17, road_id: 1000000000000000460 id: 3500
processing event: VehicleDepartureEvent, vehicle_id: 17, road_id: 1000000000000000460, offset: 0.000000 id: 3502 at time: 2668.02
Processed event: VehicleDepartureEvent, vehicle_id: 17, road_id: 1000000000000000460, offset: 0.000000 id: 3502
processing event: VehicleEnterNewRoadEvent, vehicle_id: 9, road_id: 1000000000000000002 id: 3501 at time: 2669.14
Processed event: VehicleEnterNewRoadEvent, vehicle_id: 9, road_id: 1000000000000000002 id: 3501
processing event: VehicleDepartureEvent, vehicle_id: 9, road_id: 1000000000000000002, offset: 0.000000 id: 3504 at time: 2669.14
Processed event: VehicleDepartureEvent, vehicle_id: 9, road_id: 1000000000000000002, offset: 0.000000 id: 3504
Simulator::runFor: now_ = 2669.14 target = 2670
[progress] simulator time = 2670 / 3000
processing event: VehicleArriveIntersectionEvent, vehicle_id: 13, road_id: 1000000000000000051 id: 3478 at time: 2675.01
Processed event: VehicleArriveIntersectionEvent, vehicle_id: 13, road_id: 1000000000000000051 id: 3478
processing event: VehicleEnterNewRoadEvent, vehicle_id: 13, road_id: 1000000000000000339 id: 3506 at time: 2676.81
Processed event: VehicleEnterNewRoadEvent, vehicle_id: 13, road_id: 1000000000000000339 id: 3506
processing event: VehicleDepartureEvent, vehicle_id: 13, road_id: 1000000000000000339, offset: 0.000000 id: 3507 at time: 2676.81
Processed event: VehicleDepartureEvent, vehicle_id: 13, road_id: 1000000000000000339, offset: 0.000000 id: 3507
processing event: VehicleArriveIntersectionEvent, vehicle_id: 6, road_id: 1000000000000000377 id: 3412 at time: 2678.86
Processed event: VehicleArriveIntersectionEvent, vehicle_id: 6, road_id: 1000000000000000377 id: 3412
processing event: PassengerRouteStartEvent, passenger_id: 56, route_id: 1 id: 55 at time: 2679
Processed event: PassengerRouteStartEvent, passenger_id: 56, route_id: 1 id: 55
processing event: OrderCreatedEvent, order_id: 56, available_pickups: 85 , available_dropoffs: 191 , passenger_id: 56, route_id: 1, passenger_num: 0 id: 3510 at time: 2679
Processed event: OrderCreatedEvent, order_id: 56, available_pickups: 85 , available_dropoffs: 191 , passenger_id: 56, route_id: 1, passenger_num: 3 id: 3510
processing event: VehicleArriveIntersectionEvent, vehicle_id: 4, road_id: 1000000000000000438 id: 3487 at time: 2679.82
Processed event: VehicleArriveIntersectionEvent, vehicle_id: 4, road_id: 1000000000000000438 id: 3487
Simulator::runFor: now_ = 2679.82 target = 2680
[progress] simulator time = 2680 / 3000
processing event: OrderMatchedEvent, order_id: 56, vehicle_id: 1 id: 3512 at time: 2680
Processed event: OrderMatchedEvent, order_id: 56, vehicle_id: 1 id: 3512
processing event: VehicleDepartureEvent, vehicle_id: 1, road_id: 1000000000000000329, offset: 20.740000 id: 3513 at time: 2680
Processed event: VehicleDepartureEvent, vehicle_id: 1, road_id: 1000000000000000329, offset: 20.740000 id: 3513
processing event: PassengerArrivalEvent, passenger_id: 56 id: 3514 at time: 2680
Processed event: PassengerArrivalEvent, passenger_id: 56 id: 3514
processing event: VehicleEnterNewRoadEvent, vehicle_id: 6, road_id: 1000000000000001131 id: 3509 at time: 2680.66
Processed event: VehicleEnterNewRoadEvent, vehicle_id: 6, road_id: 1000000000000001131 id: 3509
processing event: VehicleDepartureEvent, vehicle_id: 6, road_id: 1000000000000001131, offset: 0.000000 id: 3516 at time: 2680.66
Processed event: VehicleDepartureEvent, vehicle_id: 6, road_id: 1000000000000001131, offset: 0.000000 id: 3516
processing event: VehicleArriveIntersectionEvent, vehicle_id: 12, road_id: 1000000000000000576 id: 3480 at time: 2681.29
Processed event: VehicleArriveIntersectionEvent, vehicle_id: 12, road_id: 1000000000000000576 id: 3480
processing event: VehicleEnterNewRoadEvent, vehicle_id: 4, road_id: 1000000000000000143 id: 3511 at time: 2681.62
Processed event: VehicleEnterNewRoadEvent, vehicle_id: 4, road_id: 1000000000000000143 id: 3511
processing event: VehicleDepartureEvent, vehicle_id: 4, road_id: 1000000000000000143, offset: 0.000000 id: 3519 at time: 2681.62
Processed event: VehicleDepartureEvent, vehicle_id: 4, road_id: 1000000000000000143, offset: 0.000000 id: 3519
processing event: VehicleEnterNewRoadEvent, vehicle_id: 12, road_id: 1000000000000000577 id: 3518 at time: 2683.09
Processed event: VehicleEnterNewRoadEvent, vehicle_id: 12, road_id: 1000000000000000577 id: 3518
processing event: VehicleDepartureEvent, vehicle_id: 12, road_id: 1000000000000000577, offset: 0.000000 id: 3521 at time: 2683.09
Processed event: VehicleDepartureEvent, vehicle_id: 12, road_id: 1000000000000000577, offset: 0.000000 id: 3521
processing event: VehicleArriveIntersectionEvent, vehicle_id: 19, road_id: 1000000000000000328 id: 3454 at time: 2689.72
Processed event: VehicleArriveIntersectionEvent, vehicle_id: 19, road_id: 1000000000000000328 id: 3454
Simulator::runFor: now_ = 2689.72 target = 2690
[progress] simulator time = 2690 / 3000
processing event: VehicleArriveIntersectionEvent, vehicle_id: 18, road_id: 1000000000000000617 id: 3496 at time: 2691.26
Processed event: VehicleArriveIntersectionEvent, vehicle_id: 18, road_id: 1000000000000000617 id: 3496
processing event: VehicleEnterNewRoadEvent, vehicle_id: 19, road_id: 1000000000000000329 id: 3523 at time: 2691.52
Processed event: VehicleEnterNewRoadEvent, vehicle_id: 19, road_id: 1000000000000000329 id: 3523
processing event: VehicleDepartureEvent, vehicle_id: 19, road_id: 1000000000000000329, offset: 0.000000 id: 3525 at time: 2691.52
Processed event: VehicleDepartureEvent, vehicle_id: 19, road_id: 1000000000000000329, offset: 0.000000 id: 3525
processing event: VehicleArriveIntersectionEvent, vehicle_id: 9, road_id: 1000000000000000002 id: 3505 at time: 2692
Processed event: VehicleArriveIntersectionEvent, vehicle_id: 9, road_id: 1000000000000000002 id: 3505
processing event: VehicleEnterNewRoadEvent, vehicle_id: 18, road_id: 1000000000000000619 id: 3524 at time: 2693.06
Processed event: VehicleEnterNewRoadEvent, vehicle_id: 18, road_id: 1000000000000000619 id: 3524
processing event: VehicleDepartureEvent, vehicle_id: 18, road_id: 1000000000000000619, offset: 0.000000 id: 3528 at time: 2693.06
Processed event: VehicleDepartureEvent, vehicle_id: 18, road_id: 1000000000000000619, offset: 0.000000 id: 3528
processing event: VehicleEnterNewRoadEvent, vehicle_id: 9, road_id: 1000000000000000024 id: 3527 at time: 2693.8
Processed event: VehicleEnterNewRoadEvent, vehicle_id: 9, road_id: 1000000000000000024 id: 3527
processing event: VehicleDepartureEvent, vehicle_id: 9, road_id: 1000000000000000024, offset: 0.000000 id: 3530 at time: 2693.8
Processed event: VehicleDepartureEvent, vehicle_id: 9, road_id: 1000000000000000024, offset: 0.000000 id: 3530
processing event: PassengerRouteStartEvent, passenger_id: 57, route_id: 1 id: 56 at time: 2694
Processed event: PassengerRouteStartEvent, passenger_id: 57, route_id: 1 id: 56
processing event: OrderCreatedEvent, order_id: 57, available_pickups: 265 , available_dropoffs: 229 , passenger_id: 57, route_id: 1, passenger_num: 0 id: 3532 at time: 2694
Processed event: OrderCreatedEvent, order_id: 57, available_pickups: 265 , available_dropoffs: 229 , passenger_id: 57, route_id: 1, passenger_num: 2 id: 3532
Simulator::runFor: now_ = 2694 target = 2700
[progress] simulator time = 2700 / 3000
processing event: OrderMatchedEvent, order_id: 57, vehicle_id: 1 id: 3533 at time: 2700
Processed event: OrderMatchedEvent, order_id: 57, vehicle_id: 1 id: 3533
processing event: PassengerArrivalEvent, passenger_id: 57 id: 3535 at time: 2700
Processed event: PassengerArrivalEvent, passenger_id: 57 id: 3535
processing event: VehicleArriveIntersectionEvent, vehicle_id: 12, road_id: 1000000000000000577 id: 3522 at time: 2704.69
Processed event: VehicleArriveIntersectionEvent, vehicle_id: 12, road_id: 1000000000000000577 id: 3522
processing event: VehicleArriveIntersectionEvent, vehicle_id: 6, road_id: 1000000000000001131 id: 3517 at time: 2706.05
Processed event: VehicleArriveIntersectionEvent, vehicle_id: 6, road_id: 1000000000000001131 id: 3517
processing event: VehicleEnterNewRoadEvent, vehicle_id: 12, road_id: 1000000000000000350 id: 3536 at time: 2706.49
Processed event: VehicleEnterNewRoadEvent, vehicle_id: 12, road_id: 1000000000000000350 id: 3536
processing event: VehicleDepartureEvent, vehicle_id: 12, road_id: 1000000000000000350, offset: 0.000000 id: 3538 at time: 2706.49
Processed event: VehicleDepartureEvent, vehicle_id: 12, road_id: 1000000000000000350, offset: 0.000000 id: 3538
processing event: VehicleArriveIntersectionEvent, vehicle_id: 5, road_id: 1000000000000000430 id: 3451 at time: 2707.23
Processed event: VehicleArriveIntersectionEvent, vehicle_id: 5, road_id: 1000000000000000430 id: 3451
processing event: VehicleArriveIntersectionEvent, vehicle_id: 3, road_id: 1000000000000000246 id: 3499 at time: 2707.27
Processed event: VehicleArriveIntersectionEvent, vehicle_id: 3, road_id: 1000000000000000246 id: 3499
processing event: VehicleEnterNewRoadEvent, vehicle_id: 6, road_id: 1000000000000001130 id: 3537 at time: 2707.85
Processed event: VehicleEnterNewRoadEvent, vehicle_id: 6, road_id: 1000000000000001130 id: 3537
processing event: VehicleDepartureEvent, vehicle_id: 6, road_id: 1000000000000001130, offset: 0.000000 id: 3542 at time: 2707.85
Processed event: VehicleDepartureEvent, vehicle_id: 6, road_id: 1000000000000001130, offset: 0.000000 id: 3542
processing event: VehicleArriveIntersectionEvent, vehicle_id: 15, road_id: 1000000000000000481 id: 3429 at time: 2708.61
Processed event: VehicleArriveIntersectionEvent, vehicle_id: 15, road_id: 1000000000000000481 id: 3429
processing event: VehicleEnterNewRoadEvent, vehicle_id: 5, road_id: 1000000000000000431 id: 3540 at time: 2709.03
Processed event: VehicleEnterNewRoadEvent, vehicle_id: 5, road_id: 1000000000000000431 id: 3540
processing event: VehicleDepartureEvent, vehicle_id: 5, road_id: 1000000000000000431, offset: 0.000000 id: 3545 at time: 2709.03
Processed event: VehicleDepartureEvent, vehicle_id: 5, road_id: 1000000000000000431, offset: 0.000000 id: 3545
processing event: VehicleEnterNewRoadEvent, vehicle_id: 3, road_id: 1000000000000000248 id: 3541 at time: 2709.07
Processed event: VehicleEnterNewRoadEvent, vehicle_id: 3, road_id: 1000000000000000248 id: 3541
processing event: VehicleDepartureEvent, vehicle_id: 3, road_id: 1000000000000000248, offset: 0.000000 id: 3547 at time: 2709.07
Processed event: VehicleDepartureEvent, vehicle_id: 3, road_id: 1000000000000000248, offset: 0.000000 id: 3547
Simulator::runFor: now_ = 2709.07 target = 2710
[progress] simulator time = 2710 / 3000
processing event: VehicleEnterNewRoadEvent, vehicle_id: 15, road_id: 1000000000000000482 id: 3544 at time: 2710.41
Processed event: VehicleEnterNewRoadEvent, vehicle_id: 15, road_id: 1000000000000000482 id: 3544
processing event: VehicleDepartureEvent, vehicle_id: 15, road_id: 1000000000000000482, offset: 0.000000 id: 3549 at time: 2710.41
Processed event: VehicleDepartureEvent, vehicle_id: 15, road_id: 1000000000000000482, offset: 0.000000 id: 3549
processing event: VehicleArriveIntersectionEvent, vehicle_id: 17, road_id: 1000000000000000460 id: 3503 at time: 2711.4
Processed event: VehicleArriveIntersectionEvent, vehicle_id: 17, road_id: 1000000000000000460 id: 3503
processing event: VehicleEnterNewRoadEvent, vehicle_id: 17, road_id: 1000000000000000474 id: 3551 at time: 2713.2
Processed event: VehicleEnterNewRoadEvent, vehicle_id: 17, road_id: 1000000000000000474 id: 3551
processing event: VehicleDepartureEvent, vehicle_id: 17, road_id: 1000000000000000474, offset: 0.000000 id: 3552 at time: 2713.2
Processed event: VehicleDepartureEvent, vehicle_id: 17, road_id: 1000000000000000474, offset: 0.000000 id: 3552
Event is not valid: VehicleArriveIntersectionEvent, vehicle_id: 1, road_id: 1000000000000000329 id: 3515 at time: 2714.61
processing event: VehicleArriveIntersectionEvent, vehicle_id: 1, road_id: 1000000000000000329 id: 3534 at time: 2714.61
Processed event: VehicleArriveIntersectionEvent, vehicle_id: 1, road_id: 1000000000000000329 id: 3534
processing event: VehicleEnterNewRoadEvent, vehicle_id: 1, road_id: 1000000000000000190 id: 3554 at time: 2716.41
Processed event: VehicleEnterNewRoadEvent, vehicle_id: 1, road_id: 1000000000000000190 id: 3554
processing event: VehicleDepartureEvent, vehicle_id: 1, road_id: 1000000000000000190, offset: 0.000000 id: 3555 at time: 2716.41
Processed event: VehicleDepartureEvent, vehicle_id: 1, road_id: 1000000000000000190, offset: 0.000000 id: 3555
Event is not valid: VehicleCheckPointEvent, vehicle_id: 8 id: 3448 at time: 2717.86
processing event: VehicleArriveIntersectionEvent, vehicle_id: 8, road_id: 1000000000000000327 id: 3452 at time: 2719.3
Processed event: VehicleArriveIntersectionEvent, vehicle_id: 8, road_id: 1000000000000000327 id: 3452
Simulator::runFor: now_ = 2719.3 target = 2720
[progress] simulator time = 2720 / 3000
processing event: VehicleEnterNewRoadEvent, vehicle_id: 8, road_id: 1000000000000000328 id: 3557 at time: 2721.1
Processed event: VehicleEnterNewRoadEvent, vehicle_id: 8, road_id: 1000000000000000328 id: 3557
processing event: VehicleDepartureEvent, vehicle_id: 8, road_id: 1000000000000000328, offset: 0.000000 id: 3558 at time: 2721.1
Processed event: VehicleDepartureEvent, vehicle_id: 8, road_id: 1000000000000000328, offset: 0.000000 id: 3558
processing event: VehicleArriveIntersectionEvent, vehicle_id: 14, road_id: 1000000000000000473 id: 3494 at time: 2724.73
Processed event: VehicleArriveIntersectionEvent, vehicle_id: 14, road_id: 1000000000000000473 id: 3494
processing event: VehicleArriveIntersectionEvent, vehicle_id: 6, road_id: 1000000000000001130 id: 3543 at time: 2725.13
Processed event: VehicleArriveIntersectionEvent, vehicle_id: 6, road_id: 1000000000000001130 id: 3543
processing event: VehicleEnterNewRoadEvent, vehicle_id: 14, road_id: 1000000000000000316 id: 3560 at time: 2726.53
Processed event: VehicleEnterNewRoadEvent, vehicle_id: 14, road_id: 1000000000000000316 id: 3560
processing event: VehicleDepartureEvent, vehicle_id: 14, road_id: 1000000000000000316, offset: 0.000000 id: 3562 at time: 2726.53
Processed event: VehicleDepartureEvent, vehicle_id: 14, road_id: 1000000000000000316, offset: 0.000000 id: 3562
processing event: VehicleArriveIntersectionEvent, vehicle_id: 11, road_id: 1000000000000000303 id: 3465 at time: 2726.55
Processed event: VehicleArriveIntersectionEvent, vehicle_id: 11, road_id: 1000000000000000303 id: 3465
processing event: VehicleEnterNewRoadEvent, vehicle_id: 6, road_id: 1000000000000000541 id: 3561 at time: 2726.93
Processed event: VehicleEnterNewRoadEvent, vehicle_id: 6, road_id: 1000000000000000541 id: 3561
processing event: VehicleDepartureEvent, vehicle_id: 6, road_id: 1000000000000000541, offset: 0.000000 id: 3565 at time: 2726.93
Processed event: VehicleDepartureEvent, vehicle_id: 6, road_id: 1000000000000000541, offset: 0.000000 id: 3565
processing event: PassengerRouteStartEvent, passenger_id: 58, route_id: 1 id: 57 at time: 2728
Processed event: PassengerRouteStartEvent, passenger_id: 58, route_id: 1 id: 57
processing event: OrderCreatedEvent, order_id: 58, available_pickups: 108 , available_dropoffs: 72 , passenger_id: 58, route_id: 1, passenger_num: 0 id: 3567 at time: 2728
Processed event: OrderCreatedEvent, order_id: 58, available_pickups: 108 , available_dropoffs: 72 , passenger_id: 58, route_id: 1, passenger_num: 2 id: 3567
processing event: VehicleEnterNewRoadEvent, vehicle_id: 11, road_id: 1000000000000000305 id: 3564 at time: 2728.35
Processed event: VehicleEnterNewRoadEvent, vehicle_id: 11, road_id: 1000000000000000305 id: 3564
processing event: VehicleDepartureEvent, vehicle_id: 11, road_id: 1000000000000000305, offset: 0.000000 id: 3568 at time: 2728.35
Processed event: VehicleDepartureEvent, vehicle_id: 11, road_id: 1000000000000000305, offset: 0.000000 id: 3568
processing event: VehicleArriveIntersectionEvent, vehicle_id: 19, road_id: 1000000000000000329 id: 3526 at time: 2729.87
Processed event: VehicleArriveIntersectionEvent, vehicle_id: 19, road_id: 1000000000000000329 id: 3526
Simulator::runFor: now_ = 2729.87 target = 2730
[progress] simulator time = 2730 / 3000
processing event: OrderMatchedEvent, order_id: 58, vehicle_id: 7 id: 3571 at time: 2730
Processed event: OrderMatchedEvent, order_id: 58, vehicle_id: 7 id: 3571
processing event: VehicleDepartureEvent, vehicle_id: 7, road_id: 1000000000000000037, offset: 54.000000 id: 3572 at time: 2730
Processed event: VehicleDepartureEvent, vehicle_id: 7, road_id: 1000000000000000037, offset: 54.000000 id: 3572
processing event: PassengerArrivalEvent, passenger_id: 58 id: 3573 at time: 2730
Processed event: PassengerArrivalEvent, passenger_id: 58 id: 3573
processing event: VehicleArriveIntersectionEvent, vehicle_id: 12, road_id: 1000000000000000350 id: 3539 at time: 2730.43
Processed event: VehicleArriveIntersectionEvent, vehicle_id: 12, road_id: 1000000000000000350 id: 3539
processing event: VehicleEnterNewRoadEvent, vehicle_id: 19, road_id: 1000000000000000073 id: 3570 at time: 2731.67
Processed event: VehicleEnterNewRoadEvent, vehicle_id: 19, road_id: 1000000000000000073 id: 3570
processing event: VehicleDepartureEvent, vehicle_id: 19, road_id: 1000000000000000073, offset: 0.000000 id: 3576 at time: 2731.67
Processed event: VehicleDepartureEvent, vehicle_id: 19, road_id: 1000000000000000073, offset: 0.000000 id: 3576
processing event: VehicleEnterNewRoadEvent, vehicle_id: 12, road_id: 1000000000000000352 id: 3575 at time: 2732.23
Processed event: VehicleEnterNewRoadEvent, vehicle_id: 12, road_id: 1000000000000000352 id: 3575
processing event: VehicleDepartureEvent, vehicle_id: 12, road_id: 1000000000000000352, offset: 0.000000 id: 3578 at time: 2732.23
Processed event: VehicleDepartureEvent, vehicle_id: 12, road_id: 1000000000000000352, offset: 0.000000 id: 3578
processing event: VehicleArriveIntersectionEvent, vehicle_id: 16, road_id: 1000000000000000369 id: 3492 at time: 2732.91
Processed event: VehicleArriveIntersectionEvent, vehicle_id: 16, road_id: 1000000000000000369 id: 3492
processing event: VehicleEnterNewRoadEvent, vehicle_id: 16, road_id: 1000000000000000370 id: 3580 at time: 2734.71
Processed event: VehicleEnterNewRoadEvent, vehicle_id: 16, road_id: 1000000000000000370 id: 3580
processing event: VehicleDepartureEvent, vehicle_id: 16, road_id: 1000000000000000370, offset: 0.000000 id: 3581 at time: 2734.71
Processed event: VehicleDepartureEvent, vehicle_id: 16, road_id: 1000000000000000370, offset: 0.000000 id: 3581
processing event: VehicleArriveIntersectionEvent, vehicle_id: 20, road_id: 1000000000000000324 id: 3461 at time: 2735.47
Processed event: VehicleArriveIntersectionEvent, vehicle_id: 20, road_id: 1000000000000000324 id: 3461
processing event: VehicleEnterNewRoadEvent, vehicle_id: 20, road_id: 1000000000000000326 id: 3583 at time: 2737.27
Processed event: VehicleEnterNewRoadEvent, vehicle_id: 20, road_id: 1000000000000000326 id: 3583
processing event: VehicleDepartureEvent, vehicle_id: 20, road_id: 1000000000000000326, offset: 0.000000 id: 3584 at time: 2737.27
Processed event: VehicleDepartureEvent, vehicle_id: 20, road_id: 1000000000000000326, offset: 0.000000 id: 3584
processing event: BusArrivalEvent, vehicle_id: 6, stop_id: 151 id: 3566 at time: 2738.98
Processed event: BusArrivalEvent, vehicle_id: 6, stop_id: 151 id: 3566
processing event: PassengerOnboardEvent, passenger_id: 38 id: 3586 at time: 2738.98
Processed event: PassengerOnboardEvent, passenger_id: 38 id: 3586
Simulator::runFor: now_ = 2738.98 target = 2740
[progress] simulator time = 2740 / 3000
processing event: VehicleArriveIntersectionEvent, vehicle_id: 18, road_id: 1000000000000000619 id: 3529 at time: 2740.59
Processed event: VehicleArriveIntersectionEvent, vehicle_id: 18, road_id: 1000000000000000619 id: 3529
processing event: VehicleEnterNewRoadEvent, vehicle_id: 18, road_id: 1000000000000000620 id: 3588 at time: 2742.39
Processed event: VehicleEnterNewRoadEvent, vehicle_id: 18, road_id: 1000000000000000620 id: 3588
processing event: VehicleDepartureEvent, vehicle_id: 18, road_id: 1000000000000000620, offset: 0.000000 id: 3589 at time: 2742.39
Processed event: VehicleDepartureEvent, vehicle_id: 18, road_id: 1000000000000000620, offset: 0.000000 id: 3589
processing event: VehicleDepartureEvent, vehicle_id: 6, road_id: 1000000000000000541, offset: 66.930000 id: 3587 at time: 2743.98
Processed event: VehicleDepartureEvent, vehicle_id: 6, road_id: 1000000000000000541, offset: 66.930000 id: 3587
processing event: PassengerRouteStartEvent, passenger_id: 59, route_id: 1 id: 58 at time: 2749
Processed event: PassengerRouteStartEvent, passenger_id: 59, route_id: 1 id: 58
processing event: OrderCreatedEvent, order_id: 59, available_pickups: 4 , available_dropoffs: 247 , passenger_id: 59, route_id: 1, passenger_num: 0 id: 3592 at time: 2749
Processed event: OrderCreatedEvent, order_id: 59, available_pickups: 4 , available_dropoffs: 247 , passenger_id: 59, route_id: 1, passenger_num: 2 id: 3592
processing event: VehicleArriveIntersectionEvent, vehicle_id: 6, road_id: 1000000000000000541 id: 3591 at time: 2749.21
Processed event: VehicleArriveIntersectionEvent, vehicle_id: 6, road_id: 1000000000000000541 id: 3591
Simulator::runFor: now_ = 2749.21 target = 2750
[progress] simulator time = 2750 / 3000
processing event: OrderMatchedEvent, order_id: 59, vehicle_id: 20 id: 3594 at time: 2750
Processed event: OrderMatchedEvent, order_id: 59, vehicle_id: 20 id: 3594
processing event: PassengerArrivalEvent, passenger_id: 59 id: 3596 at time: 2750
Processed event: PassengerArrivalEvent, passenger_id: 59 id: 3596
processing event: VehicleEnterNewRoadEvent, vehicle_id: 6, road_id: 1000000000000000542 id: 3593 at time: 2751.01
Processed event: VehicleEnterNewRoadEvent, vehicle_id: 6, road_id: 1000000000000000542 id: 3593
processing event: VehicleDepartureEvent, vehicle_id: 6, road_id: 1000000000000000542, offset: 0.000000 id: 3597 at time: 2751.01
Processed event: VehicleDepartureEvent, vehicle_id: 6, road_id: 1000000000000000542, offset: 0.000000 id: 3597
processing event: VehicleArriveIntersectionEvent, vehicle_id: 3, road_id: 1000000000000000248 id: 3548 at time: 2751.38
Processed event: VehicleArriveIntersectionEvent, vehicle_id: 3, road_id: 1000000000000000248 id: 3548
processing event: VehicleEnterNewRoadEvent, vehicle_id: 3, road_id: 1000000000000000234 id: 3599 at time: 2753.18
Processed event: VehicleEnterNewRoadEvent, vehicle_id: 3, road_id: 1000000000000000234 id: 3599
processing event: VehicleDepartureEvent, vehicle_id: 3, road_id: 1000000000000000234, offset: 0.000000 id: 3600 at time: 2753.18
Processed event: VehicleDepartureEvent, vehicle_id: 3, road_id: 1000000000000000234, offset: 0.000000 id: 3600
processing event: VehicleArriveIntersectionEvent, vehicle_id: 5, road_id: 1000000000000000431 id: 3546 at time: 2753.49
Processed event: VehicleArriveIntersectionEvent, vehicle_id: 5, road_id: 1000000000000000431 id: 3546
processing event: VehicleArriveIntersectionEvent, vehicle_id: 12, road_id: 1000000000000000352 id: 3579 at time: 2753.66
Processed event: VehicleArriveIntersectionEvent, vehicle_id: 12, road_id: 1000000000000000352 id: 3579
processing event: VehicleArriveIntersectionEvent, vehicle_id: 1, road_id: 1000000000000000190 id: 3556 at time: 2754.75
Processed event: VehicleArriveIntersectionEvent, vehicle_id: 1, road_id: 1000000000000000190 id: 3556
processing event: VehicleArriveIntersectionEvent, vehicle_id: 4, road_id: 1000000000000000143 id: 3520 at time: 2755.25
Processed event: VehicleArriveIntersectionEvent, vehicle_id: 4, road_id: 1000000000000000143 id: 3520
processing event: VehicleEnterNewRoadEvent, vehicle_id: 5, road_id: 1000000000000000152 id: 3602 at time: 2755.29
Processed event: VehicleEnterNewRoadEvent, vehicle_id: 5, road_id: 1000000000000000152 id: 3602
processing event: VehicleDepartureEvent, vehicle_id: 5, road_id: 1000000000000000152, offset: 0.000000 id: 3606 at time: 2755.29
Processed event: VehicleDepartureEvent, vehicle_id: 5, road_id: 1000000000000000152, offset: 0.000000 id: 3606
processing event: VehicleEnterNewRoadEvent, vehicle_id: 12, road_id: 1000000000000000353 id: 3603 at time: 2755.46
Processed event: VehicleEnterNewRoadEvent, vehicle_id: 12, road_id: 1000000000000000353 id: 3603
processing event: VehicleDepartureEvent, vehicle_id: 12, road_id: 1000000000000000353, offset: 0.000000 id: 3608 at time: 2755.46
Processed event: VehicleDepartureEvent, vehicle_id: 12, road_id: 1000000000000000353, offset: 0.000000 id: 3608
processing event: PassengerRouteStartEvent, passenger_id: 60, route_id: 1 id: 59 at time: 2756
Processed event: PassengerRouteStartEvent, passenger_id: 60, route_id: 1 id: 59
processing event: OrderCreatedEvent, order_id: 60, available_pickups: 215 , available_dropoffs: 134 , passenger_id: 60, route_id: 1, passenger_num: 0 id: 3610 at time: 2756
Processed event: OrderCreatedEvent, order_id: 60, available_pickups: 215 , available_dropoffs: 134 , passenger_id: 60, route_id: 1, passenger_num: 3 id: 3610
processing event: VehicleEnterNewRoadEvent, vehicle_id: 1, road_id: 1000000000000000191 id: 3604 at time: 2756.55
Processed event: VehicleEnterNewRoadEvent, vehicle_id: 1, road_id: 1000000000000000191 id: 3604
processing event: VehicleDepartureEvent, vehicle_id: 1, road_id: 1000000000000000191, offset: 0.000000 id: 3611 at time: 2756.55
Processed event: VehicleDepartureEvent, vehicle_id: 1, road_id: 1000000000000000191, offset: 0.000000 id: 3611
processing event: VehicleEnterNewRoadEvent, vehicle_id: 4, road_id: 1000000000000000144 id: 3605 at time: 2757.05
Processed event: VehicleEnterNewRoadEvent, vehicle_id: 4, road_id: 1000000000000000144 id: 3605
processing event: VehicleDepartureEvent, vehicle_id: 4, road_id: 1000000000000000144, offset: 0.000000 id: 3613 at time: 2757.05
Processed event: VehicleDepartureEvent, vehicle_id: 4, road_id: 1000000000000000144, offset: 0.000000 id: 3613
Simulator::runFor: now_ = 2757.05 target = 2760
[progress] simulator time = 2760 / 3000
processing event: OrderMatchedEvent, order_id: 60, vehicle_id: 5 id: 3615 at time: 2760
Processed event: OrderMatchedEvent, order_id: 60, vehicle_id: 5 id: 3615
processing event: PassengerArrivalEvent, passenger_id: 60 id: 3617 at time: 2760
Processed event: PassengerArrivalEvent, passenger_id: 60 id: 3617
Event is not valid: VehicleArriveIntersectionEvent, vehicle_id: 5, road_id: 1000000000000000152 id: 3607 at time: 2761.77
processing event: VehicleArriveIntersectionEvent, vehicle_id: 5, road_id: 1000000000000000152 id: 3616 at time: 2761.77
Processed event: VehicleArriveIntersectionEvent, vehicle_id: 5, road_id: 1000000000000000152 id: 3616
processing event: VehicleArriveIntersectionEvent, vehicle_id: 7, road_id: 1000000000000000037 id: 3574 at time: 2762.76
Processed event: VehicleArriveIntersectionEvent, vehicle_id: 7, road_id: 1000000000000000037 id: 3574
processing event: VehicleEnterNewRoadEvent, vehicle_id: 5, road_id: 1000000000000000159 id: 3618 at time: 2763.57
Processed event: VehicleEnterNewRoadEvent, vehicle_id: 5, road_id: 1000000000000000159 id: 3618
processing event: VehicleDepartureEvent, vehicle_id: 5, road_id: 1000000000000000159, offset: 0.000000 id: 3620 at time: 2763.57
Processed event: VehicleDepartureEvent, vehicle_id: 5, road_id: 1000000000000000159, offset: 0.000000 id: 3620
processing event: VehicleEnterNewRoadEvent, vehicle_id: 7, road_id: 1000000000000001041 id: 3619 at time: 2764.56
Processed event: VehicleEnterNewRoadEvent, vehicle_id: 7, road_id: 1000000000000001041 id: 3619
processing event: VehicleDepartureEvent, vehicle_id: 7, road_id: 1000000000000001041, offset: 0.000000 id: 3622 at time: 2764.56
Processed event: VehicleDepartureEvent, vehicle_id: 7, road_id: 1000000000000001041, offset: 0.000000 id: 3622
processing event: VehicleArriveIntersectionEvent, vehicle_id: 5, road_id: 1000000000000000159 id: 3621 at time: 2764.83
Processed event: VehicleArriveIntersectionEvent, vehicle_id: 5, road_id: 1000000000000000159 id: 3621
processing event: VehicleEnterNewRoadEvent, vehicle_id: 5, road_id: 1000000000000000160 id: 3624 at time: 2766.63
Processed event: VehicleEnterNewRoadEvent, vehicle_id: 5, road_id: 1000000000000000160 id: 3624
processing event: VehicleDepartureEvent, vehicle_id: 5, road_id: 1000000000000000160, offset: 0.000000 id: 3625 at time: 2766.63
Processed event: VehicleDepartureEvent, vehicle_id: 5, road_id: 1000000000000000160, offset: 0.000000 id: 3625
processing event: VehicleArriveIntersectionEvent, vehicle_id: 14, road_id: 1000000000000000316 id: 3563 at time: 2769.91
Processed event: VehicleArriveIntersectionEvent, vehicle_id: 14, road_id: 1000000000000000316 id: 3563
processing event: PassengerRouteStartEvent, passenger_id: 61, route_id: 1 id: 60 at time: 2770
Processed event: PassengerRouteStartEvent, passenger_id: 61, route_id: 1 id: 60
processing event: OrderCreatedEvent, order_id: 61, available_pickups: 230 , available_dropoffs: 17 , passenger_id: 61, route_id: 1, passenger_num: 0 id: 3628 at time: 2770
Processed event: OrderCreatedEvent, order_id: 61, available_pickups: 230 , available_dropoffs: 17 , passenger_id: 61, route_id: 1, passenger_num: 3 id: 3628
Simulator::runFor: now_ = 2770 target = 2770
[progress] simulator time = 2770 / 3000
processing event: OrderMatchedEvent, order_id: 61, vehicle_id: 2 id: 3629 at time: 2770
Processed event: OrderMatchedEvent, order_id: 61, vehicle_id: 2 id: 3629
processing event: VehicleDepartureEvent, vehicle_id: 2, road_id: 1000000000000000191, offset: 24.030000 id: 3631 at time: 2770
Processed event: VehicleDepartureEvent, vehicle_id: 2, road_id: 1000000000000000191, offset: 24.030000 id: 3631
processing event: PassengerArrivalEvent, passenger_id: 61 id: 3632 at time: 2770
Processed event: PassengerArrivalEvent, passenger_id: 61 id: 3632
processing event: VehicleArriveIntersectionEvent, vehicle_id: 18, road_id: 1000000000000000620 id: 3590 at time: 2770.11
Processed event: VehicleArriveIntersectionEvent, vehicle_id: 18, road_id: 1000000000000000620 id: 3590
processing event: VehicleEnterNewRoadEvent, vehicle_id: 14, road_id: 1000000000000000317 id: 3627 at time: 2771.71
Processed event: VehicleEnterNewRoadEvent, vehicle_id: 14, road_id: 1000000000000000317 id: 3627
processing event: VehicleDepartureEvent, vehicle_id: 14, road_id: 1000000000000000317, offset: 0.000000 id: 3635 at time: 2771.71
Processed event: VehicleDepartureEvent, vehicle_id: 14, road_id: 1000000000000000317, offset: 0.000000 id: 3635
processing event: VehicleEnterNewRoadEvent, vehicle_id: 18, road_id: 1000000000000000621 id: 3634 at time: 2771.91
Processed event: VehicleEnterNewRoadEvent, vehicle_id: 18, road_id: 1000000000000000621 id: 3634
processing event: VehicleDepartureEvent, vehicle_id: 18, road_id: 1000000000000000621, offset: 0.000000 id: 3637 at time: 2771.91
Processed event: VehicleDepartureEvent, vehicle_id: 18, road_id: 1000000000000000621, offset: 0.000000 id: 3637
processing event: VehicleArriveIntersectionEvent, vehicle_id: 5, road_id: 1000000000000000160 id: 3626 at time: 2773.11
Processed event: VehicleArriveIntersectionEvent, vehicle_id: 5, road_id: 1000000000000000160 id: 3626
processing event: VehicleEnterNewRoadEvent, vehicle_id: 5, road_id: 1000000000000000161 id: 3639 at time: 2774.91
Processed event: VehicleEnterNewRoadEvent, vehicle_id: 5, road_id: 1000000000000000161 id: 3639
processing event: VehicleDepartureEvent, vehicle_id: 5, road_id: 1000000000000000161, offset: 0.000000 id: 3640 at time: 2774.91
Processed event: VehicleDepartureEvent, vehicle_id: 5, road_id: 1000000000000000161, offset: 0.000000 id: 3640
processing event: VehicleArriveIntersectionEvent, vehicle_id: 5, road_id: 1000000000000000161 id: 3641 at time: 2776.35
Processed event: VehicleArriveIntersectionEvent, vehicle_id: 5, road_id: 1000000000000000161 id: 3641
processing event: VehicleArriveIntersectionEvent, vehicle_id: 6, road_id: 1000000000000000542 id: 3598 at time: 2776.39
Processed event: VehicleArriveIntersectionEvent, vehicle_id: 6, road_id: 1000000000000000542 id: 3598
processing event: VehicleArriveIntersectionEvent, vehicle_id: 8, road_id: 1000000000000000328 id: 3559 at time: 2776.54
Processed event: VehicleArriveIntersectionEvent, vehicle_id: 8, road_id: 1000000000000000328 id: 3559
processing event: VehicleEnterNewRoadEvent, vehicle_id: 5, road_id: 1000000000000000156 id: 3642 at time: 2778.15
Processed event: VehicleEnterNewRoadEvent, vehicle_id: 5, road_id: 1000000000000000156 id: 3642
processing event: VehicleDepartureEvent, vehicle_id: 5, road_id: 1000000000000000156, offset: 0.000000 id: 3645 at time: 2778.15
Processed event: VehicleDepartureEvent, vehicle_id: 5, road_id: 1000000000000000156, offset: 0.000000 id: 3645
processing event: VehicleEnterNewRoadEvent, vehicle_id: 6, road_id: 1000000000000000144 id: 3643 at time: 2778.19
Processed event: VehicleEnterNewRoadEvent, vehicle_id: 6, road_id: 1000000000000000144 id: 3643
processing event: VehicleDepartureEvent, vehicle_id: 6, road_id: 1000000000000000144, offset: 0.000000 id: 3647 at time: 2778.19
Processed event: VehicleDepartureEvent, vehicle_id: 6, road_id: 1000000000000000144, offset: 0.000000 id: 3647
processing event: VehicleEnterNewRoadEvent, vehicle_id: 8, road_id: 1000000000000000329 id: 3644 at time: 2778.34
Processed event: VehicleEnterNewRoadEvent, vehicle_id: 8, road_id: 1000000000000000329 id: 3644
processing event: VehicleDepartureEvent, vehicle_id: 8, road_id: 1000000000000000329, offset: 0.000000 id: 3649 at time: 2778.34
Processed event: VehicleDepartureEvent, vehicle_id: 8, road_id: 1000000000000000329, offset: 0.000000 id: 3649
Simulator::runFor: now_ = 2778.34 target = 2780
[progress] simulator time = 2780 / 3000
processing event: VehicleArriveIntersectionEvent, vehicle_id: 17, road_id: 1000000000000000474 id: 3553 at time: 2780.17
Processed event: VehicleArriveIntersectionEvent, vehicle_id: 17, road_id: 1000000000000000474 id: 3553
processing event: VehicleArriveIntersectionEvent, vehicle_id: 11, road_id: 1000000000000000305 id: 3569 at time: 2780.91
Processed event: VehicleArriveIntersectionEvent, vehicle_id: 11, road_id: 1000000000000000305 id: 3569
processing event: VehicleArriveIntersectionEvent, vehicle_id: 12, road_id: 1000000000000000353 id: 3609 at time: 2781.92
Processed event: VehicleArriveIntersectionEvent, vehicle_id: 12, road_id: 1000000000000000353 id: 3609
processing event: VehicleEnterNewRoadEvent, vehicle_id: 17, road_id: 1000000000000000222 id: 3651 at time: 2781.97
Processed event: VehicleEnterNewRoadEvent, vehicle_id: 17, road_id: 1000000000000000222 id: 3651
processing event: VehicleDepartureEvent, vehicle_id: 17, road_id: 1000000000000000222, offset: 0.000000 id: 3654 at time: 2781.97
Processed event: VehicleDepartureEvent, vehicle_id: 17, road_id: 1000000000000000222, offset: 0.000000 id: 3654
processing event: VehicleEnterNewRoadEvent, vehicle_id: 11, road_id: 1000000000000000306 id: 3652 at time: 2782.71
Processed event: VehicleEnterNewRoadEvent, vehicle_id: 11, road_id: 1000000000000000306 id: 3652
processing event: VehicleDepartureEvent, vehicle_id: 11, road_id: 1000000000000000306, offset: 0.000000 id: 3656 at time: 2782.71
Processed event: VehicleDepartureEvent, vehicle_id: 11, road_id: 1000000000000000306, offset: 0.000000 id: 3656
processing event: VehicleArriveIntersectionEvent, vehicle_id: 5, road_id: 1000000000000000156 id: 3646 at time: 2783.55
Processed event: VehicleArriveIntersectionEvent, vehicle_id: 5, road_id: 1000000000000000156 id: 3646
processing event: VehicleEnterNewRoadEvent, vehicle_id: 12, road_id: 1000000000000000563 id: 3653 at time: 2783.72
Processed event: VehicleEnterNewRoadEvent, vehicle_id: 12, road_id: 1000000000000000563 id: 3653
processing event: VehicleDepartureEvent, vehicle_id: 12, road_id: 1000000000000000563, offset: 0.000000 id: 3659 at time: 2783.72
Processed event: VehicleDepartureEvent, vehicle_id: 12, road_id: 1000000000000000563, offset: 0.000000 id: 3659
processing event: VehicleArriveIntersectionEvent, vehicle_id: 16, road_id: 1000000000000000370 id: 3582 at time: 2784.76
Processed event: VehicleArriveIntersectionEvent, vehicle_id: 16, road_id: 1000000000000000370 id: 3582
processing event: VehicleEnterNewRoadEvent, vehicle_id: 5, road_id: 1000000000000000330 id: 3658 at time: 2785.35
Processed event: VehicleEnterNewRoadEvent, vehicle_id: 5, road_id: 1000000000000000330 id: 3658
processing event: VehicleDepartureEvent, vehicle_id: 5, road_id: 1000000000000000330, offset: 0.000000 id: 3662 at time: 2785.35
Processed event: VehicleDepartureEvent, vehicle_id: 5, road_id: 1000000000000000330, offset: 0.000000 id: 3662
processing event: VehicleEnterNewRoadEvent, vehicle_id: 16, road_id: 1000000000000000354 id: 3661 at time: 2786.56
Processed event: VehicleEnterNewRoadEvent, vehicle_id: 16, road_id: 1000000000000000354 id: 3661
processing event: VehicleDepartureEvent, vehicle_id: 16, road_id: 1000000000000000354, offset: 0.000000 id: 3664 at time: 2786.56
Processed event: VehicleDepartureEvent, vehicle_id: 16, road_id: 1000000000000000354, offset: 0.000000 id: 3664
processing event: PassengerRouteStartEvent, passenger_id: 62, route_id: 1 id: 61 at time: 2790
Processed event: PassengerRouteStartEvent, passenger_id: 62, route_id: 1 id: 61
processing event: OrderCreatedEvent, order_id: 62, available_pickups: 263 , available_dropoffs: 285 , passenger_id: 62, route_id: 1, passenger_num: 0 id: 3666 at time: 2790
Processed event: OrderCreatedEvent, order_id: 62, available_pickups: 263 , available_dropoffs: 285 , passenger_id: 62, route_id: 1, passenger_num: 1 id: 3666
Simulator::runFor: now_ = 2790 target = 2790
[progress] simulator time = 2790 / 3000
processing event: OrderMatchedEvent, order_id: 62, vehicle_id: 6 id: 3667 at time: 2790
Processed event: OrderMatchedEvent, order_id: 62, vehicle_id: 6 id: 3667
processing event: PassengerArrivalEvent, passenger_id: 62 id: 3669 at time: 2790
Processed event: PassengerArrivalEvent, passenger_id: 62 id: 3669
processing event: VehicleArriveIntersectionEvent, vehicle_id: 18, road_id: 1000000000000000621 id: 3638 at time: 2794.23
Processed event: VehicleArriveIntersectionEvent, vehicle_id: 18, road_id: 1000000000000000621 id: 3638
processing event: VehicleArriveIntersectionEvent, vehicle_id: 12, road_id: 1000000000000000563 id: 3660 at time: 2795.06
Processed event: VehicleArriveIntersectionEvent, vehicle_id: 12, road_id: 1000000000000000563 id: 3660
processing event: VehicleEnterNewRoadEvent, vehicle_id: 18, road_id: 1000000000000000352 id: 3670 at time: 2796.03
Processed event: VehicleEnterNewRoadEvent, vehicle_id: 18, road_id: 1000000000000000352 id: 3670
processing event: VehicleDepartureEvent, vehicle_id: 18, road_id: 1000000000000000352, offset: 0.000000 id: 3672 at time: 2796.03
Processed event: VehicleDepartureEvent, vehicle_id: 18, road_id: 1000000000000000352, offset: 0.000000 id: 3672
processing event: VehicleEnterNewRoadEvent, vehicle_id: 12, road_id: 1000000000000000564 id: 3671 at time: 2796.86
Processed event: VehicleEnterNewRoadEvent, vehicle_id: 12, road_id: 1000000000000000564 id: 3671
processing event: VehicleDepartureEvent, vehicle_id: 12, road_id: 1000000000000000564, offset: 0.000000 id: 3674 at time: 2796.86
Processed event: VehicleDepartureEvent, vehicle_id: 12, road_id: 1000000000000000564, offset: 0.000000 id: 3674
processing event: VehicleArriveIntersectionEvent, vehicle_id: 19, road_id: 1000000000000000073 id: 3577 at time: 2797.37
Processed event: VehicleArriveIntersectionEvent, vehicle_id: 19, road_id: 1000000000000000073 id: 3577
Event is not valid: VehicleArriveIntersectionEvent, vehicle_id: 20, road_id: 1000000000000000326 id: 3585 at time: 2797.76
processing event: VehicleArriveIntersectionEvent, vehicle_id: 20, road_id: 1000000000000000326 id: 3595 at time: 2797.76
Processed event: VehicleArriveIntersectionEvent, vehicle_id: 20, road_id: 1000000000000000326 id: 3595
processing event: VehicleEnterNewRoadEvent, vehicle_id: 19, road_id: 1000000000000001063 id: 3676 at time: 2799.17
Processed event: VehicleEnterNewRoadEvent, vehicle_id: 19, road_id: 1000000000000001063 id: 3676
processing event: VehicleDepartureEvent, vehicle_id: 19, road_id: 1000000000000001063, offset: 0.000000 id: 3678 at time: 2799.17
Processed event: VehicleDepartureEvent, vehicle_id: 19, road_id: 1000000000000001063, offset: 0.000000 id: 3678
processing event: VehicleEnterNewRoadEvent, vehicle_id: 20, road_id: 1000000000000000327 id: 3677 at time: 2799.56
Processed event: VehicleEnterNewRoadEvent, vehicle_id: 20, road_id: 1000000000000000327 id: 3677
processing event: VehicleDepartureEvent, vehicle_id: 20, road_id: 1000000000000000327, offset: 0.000000 id: 3680 at time: 2799.56
Processed event: VehicleDepartureEvent, vehicle_id: 20, road_id: 1000000000000000327, offset: 0.000000 id: 3680
Simulator::runFor: now_ = 2799.56 target = 2800
[progress] simulator time = 2800 / 3000
processing event: VehicleArriveIntersectionEvent, vehicle_id: 9, road_id: 1000000000000000024 id: 3531 at time: 2805.24
Processed event: VehicleArriveIntersectionEvent, vehicle_id: 9, road_id: 1000000000000000024 id: 3531
processing event: VehicleArriveIntersectionEvent, vehicle_id: 12, road_id: 1000000000000000564 id: 3675 at time: 2806.04
Processed event: VehicleArriveIntersectionEvent, vehicle_id: 12, road_id: 1000000000000000564 id: 3675
processing event: VehicleEnterNewRoadEvent, vehicle_id: 9, road_id: 1000000000000000061 id: 3682 at time: 2807.04
Processed event: VehicleEnterNewRoadEvent, vehicle_id: 9, road_id: 1000000000000000061 id: 3682
processing event: VehicleDepartureEvent, vehicle_id: 9, road_id: 1000000000000000061, offset: 0.000000 id: 3684 at time: 2807.04
Processed event: VehicleDepartureEvent, vehicle_id: 9, road_id: 1000000000000000061, offset: 0.000000 id: 3684
processing event: VehicleArriveIntersectionEvent, vehicle_id: 7, road_id: 1000000000000001041 id: 3623 at time: 2807.05
Processed event: VehicleArriveIntersectionEvent, vehicle_id: 7, road_id: 1000000000000001041 id: 3623
processing event: VehicleEnterNewRoadEvent, vehicle_id: 12, road_id: 1000000000000000565 id: 3683 at time: 2807.84
Processed event: VehicleEnterNewRoadEvent, vehicle_id: 12, road_id: 1000000000000000565 id: 3683
processing event: VehicleDepartureEvent, vehicle_id: 12, road_id: 1000000000000000565, offset: 0.000000 id: 3687 at time: 2807.84
Processed event: VehicleDepartureEvent, vehicle_id: 12, road_id: 1000000000000000565, offset: 0.000000 id: 3687
processing event: VehicleEnterNewRoadEvent, vehicle_id: 7, road_id: 1000000000000000246 id: 3686 at time: 2808.85
Processed event: VehicleEnterNewRoadEvent, vehicle_id: 7, road_id: 1000000000000000246 id: 3686
processing event: VehicleDepartureEvent, vehicle_id: 7, road_id: 1000000000000000246, offset: 0.000000 id: 3689 at time: 2808.85
Processed event: VehicleDepartureEvent, vehicle_id: 7, road_id: 1000000000000000246, offset: 0.000000 id: 3689
Simulator::runFor: now_ = 2808.85 target = 2810
[progress] simulator time = 2810 / 3000
processing event: VehicleArriveIntersectionEvent, vehicle_id: 13, road_id: 1000000000000000339 id: 3508 at time: 2810.2
Processed event: VehicleArriveIntersectionEvent, vehicle_id: 13, road_id: 1000000000000000339 id: 3508
processing event: VehicleArriveIntersectionEvent, vehicle_id: 14, road_id: 1000000000000000317 id: 3636 at time: 2811.68
Processed event: VehicleArriveIntersectionEvent, vehicle_id: 14, road_id: 1000000000000000317 id: 3636
processing event: VehicleEnterNewRoadEvent, vehicle_id: 13, road_id: 1000000000000000326 id: 3691 at time: 2812
Processed event: VehicleEnterNewRoadEvent, vehicle_id: 13, road_id: 1000000000000000326 id: 3691
processing event: VehicleDepartureEvent, vehicle_id: 13, road_id: 1000000000000000326, offset: 0.000000 id: 3693 at time: 2812
Processed event: VehicleDepartureEvent, vehicle_id: 13, road_id: 1000000000000000326, offset: 0.000000 id: 3693
Event is not valid: VehicleArriveIntersectionEvent, vehicle_id: 1, road_id: 1000000000000000191 id: 3612 at time: 2812.72
Event is not valid: VehicleArriveIntersectionEvent, vehicle_id: 1, road_id: 1000000000000000191 id: 3630 at time: 2812.72
processing event: VehicleArriveIntersectionEvent, vehicle_id: 1, road_id: 1000000000000000191 id: 3633 at time: 2812.72
Processed event: VehicleArriveIntersectionEvent, vehicle_id: 1, road_id: 1000000000000000191 id: 3633
processing event: VehicleArriveIntersectionEvent, vehicle_id: 15, road_id: 1000000000000000482 id: 3550 at time: 2813.2
Processed event: VehicleArriveIntersectionEvent, vehicle_id: 15, road_id: 1000000000000000482 id: 3550
processing event: VehicleEnterNewRoadEvent, vehicle_id: 14, road_id: 1000000000000000318 id: 3692 at time: 2813.48
Processed event: VehicleEnterNewRoadEvent, vehicle_id: 14, road_id: 1000000000000000318 id: 3692
processing event: VehicleDepartureEvent, vehicle_id: 14, road_id: 1000000000000000318, offset: 0.000000 id: 3698 at time: 2813.48
Processed event: VehicleDepartureEvent, vehicle_id: 14, road_id: 1000000000000000318, offset: 0.000000 id: 3698
processing event: VehicleEnterNewRoadEvent, vehicle_id: 1, road_id: 1000000000000000192 id: 3695 at time: 2814.52
Processed event: VehicleEnterNewRoadEvent, vehicle_id: 1, road_id: 1000000000000000192 id: 3695
processing event: VehicleDepartureEvent, vehicle_id: 1, road_id: 1000000000000000192, offset: 0.000000 id: 3701 at time: 2814.52
Processed event: VehicleDepartureEvent, vehicle_id: 1, road_id: 1000000000000000192, offset: 0.000000 id: 3701
processing event: VehicleEnterNewRoadEvent, vehicle_id: 15, road_id: 1000000000000000190 id: 3697 at time: 2815
Processed event: VehicleEnterNewRoadEvent, vehicle_id: 15, road_id: 1000000000000000190 id: 3697
processing event: VehicleDepartureEvent, vehicle_id: 15, road_id: 1000000000000000190, offset: 0.000000 id: 3703 at time: 2815
Processed event: VehicleDepartureEvent, vehicle_id: 15, road_id: 1000000000000000190, offset: 0.000000 id: 3703
processing event: VehicleArriveIntersectionEvent, vehicle_id: 8, road_id: 1000000000000000329 id: 3650 at time: 2816.69
Processed event: VehicleArriveIntersectionEvent, vehicle_id: 8, road_id: 1000000000000000329 id: 3650
processing event: VehicleArriveIntersectionEvent, vehicle_id: 18, road_id: 1000000000000000352 id: 3673 at time: 2817.45
Processed event: VehicleArriveIntersectionEvent, vehicle_id: 18, road_id: 1000000000000000352 id: 3673
processing event: VehicleEnterNewRoadEvent, vehicle_id: 8, road_id: 1000000000000000073 id: 3705 at time: 2818.49
Processed event: VehicleEnterNewRoadEvent, vehicle_id: 8, road_id: 1000000000000000073 id: 3705
processing event: VehicleDepartureEvent, vehicle_id: 8, road_id: 1000000000000000073, offset: 0.000000 id: 3707 at time: 2818.49
Processed event: VehicleDepartureEvent, vehicle_id: 8, road_id: 1000000000000000073, offset: 0.000000 id: 3707
processing event: BusArrivalEvent, vehicle_id: 17, stop_id: 30 id: 3655 at time: 2818.54
Processed event: BusArrivalEvent, vehicle_id: 17, stop_id: 30 id: 3655
processing event: PassengerRouteEndEvent, passenger_id: 32, route_id: 1 id: 3709 at time: 2818.54
Passenger 32 finished all routes
Processed event: PassengerRouteEndEvent, passenger_id: 32, route_id: 1 id: 3709
processing event: PassengerDropoffEvent, passenger_id: 32 id: 3711 at time: 2818.54
Processed event: PassengerDropoffEvent, passenger_id: 32 id: 3711
processing event: OrderFinishedEvent, order_id: 32 id: 3712 at time: 2818.54
Processed event: OrderFinishedEvent, order_id: 32 id: 3712
processing event: VehicleEnterNewRoadEvent, vehicle_id: 18, road_id: 1000000000000000353 id: 3706 at time: 2819.25
Processed event: VehicleEnterNewRoadEvent, vehicle_id: 18, road_id: 1000000000000000353 id: 3706
processing event: VehicleDepartureEvent, vehicle_id: 18, road_id: 1000000000000000353, offset: 0.000000 id: 3713 at time: 2819.25
Processed event: VehicleDepartureEvent, vehicle_id: 18, road_id: 1000000000000000353, offset: 0.000000 id: 3713
Simulator::runFor: now_ = 2819.25 target = 2820
[progress] simulator time = 2820 / 3000
Event is not valid: VehicleCheckPointEvent, vehicle_id: 2 id: 3696 at time: 2820.4
processing event: VehicleArriveIntersectionEvent, vehicle_id: 12, road_id: 1000000000000000565 id: 3688 at time: 2821.34
Processed event: VehicleArriveIntersectionEvent, vehicle_id: 12, road_id: 1000000000000000565 id: 3688
processing event: VehicleArriveIntersectionEvent, vehicle_id: 2, road_id: 1000000000000000191 id: 3700 at time: 2821.84
Processed event: VehicleArriveIntersectionEvent, vehicle_id: 2, road_id: 1000000000000000191 id: 3700
processing event: VehicleEnterNewRoadEvent, vehicle_id: 12, road_id: 1000000000000000566 id: 3715 at time: 2823.14
Processed event: VehicleEnterNewRoadEvent, vehicle_id: 12, road_id: 1000000000000000566 id: 3715
processing event: VehicleDepartureEvent, vehicle_id: 12, road_id: 1000000000000000566, offset: 0.000000 id: 3717 at time: 2823.14
Processed event: VehicleDepartureEvent, vehicle_id: 12, road_id: 1000000000000000566, offset: 0.000000 id: 3717
processing event: VehicleDepartureEvent, vehicle_id: 17, road_id: 1000000000000000222, offset: 203.180000 id: 3710 at time: 2823.54
Processed event: VehicleDepartureEvent, vehicle_id: 17, road_id: 1000000000000000222, offset: 203.180000 id: 3710
processing event: VehicleEnterNewRoadEvent, vehicle_id: 2, road_id: 1000000000000000192 id: 3716 at time: 2823.64
Processed event: VehicleEnterNewRoadEvent, vehicle_id: 2, road_id: 1000000000000000192 id: 3716
processing event: VehicleDepartureEvent, vehicle_id: 2, road_id: 1000000000000000192, offset: 0.000000 id: 3720 at time: 2823.64
Processed event: VehicleDepartureEvent, vehicle_id: 2, road_id: 1000000000000000192, offset: 0.000000 id: 3720
processing event: BusArrivalEvent, vehicle_id: 18, stop_id: 275 id: 3714 at time: 2827.83
Processed event: BusArrivalEvent, vehicle_id: 18, stop_id: 275 id: 3714
processing event: PassengerOnboardEvent, passenger_id: 34 id: 3722 at time: 2827.83
Processed event: PassengerOnboardEvent, passenger_id: 34 id: 3722
Simulator::runFor: now_ = 2827.83 target = 2830
[progress] simulator time = 2830 / 3000
processing event: VehicleArriveIntersectionEvent, vehicle_id: 11, road_id: 1000000000000000306 id: 3657 at time: 2831.5
Processed event: VehicleArriveIntersectionEvent, vehicle_id: 11, road_id: 1000000000000000306 id: 3657
processing event: VehicleDepartureEvent, vehicle_id: 18, road_id: 1000000000000000353, offset: 47.610000 id: 3723 at time: 2832.83
Processed event: VehicleDepartureEvent, vehicle_id: 18, road_id: 1000000000000000353, offset: 47.610000 id: 3723
processing event: BusArrivalEvent, vehicle_id: 9, stop_id: 72 id: 3685 at time: 2833.04
Processed event: BusArrivalEvent, vehicle_id: 9, stop_id: 72 id: 3685
processing event: PassengerRouteEndEvent, passenger_id: 22, route_id: 1 id: 3726 at time: 2833.04
Passenger 22 finished all routes
Processed event: PassengerRouteEndEvent, passenger_id: 22, route_id: 1 id: 3726
processing event: PassengerDropoffEvent, passenger_id: 22 id: 3728 at time: 2833.04
Processed event: PassengerDropoffEvent, passenger_id: 22 id: 3728
processing event: OrderFinishedEvent, order_id: 22 id: 3729 at time: 2833.04
Processed event: OrderFinishedEvent, order_id: 22 id: 3729
processing event: VehicleEnterNewRoadEvent, vehicle_id: 11, road_id: 1000000000000000689 id: 3724 at time: 2833.3
Processed event: VehicleEnterNewRoadEvent, vehicle_id: 11, road_id: 1000000000000000689 id: 3724
processing event: VehicleDepartureEvent, vehicle_id: 11, road_id: 1000000000000000689, offset: 0.000000 id: 3730 at time: 2833.3
Processed event: VehicleDepartureEvent, vehicle_id: 11, road_id: 1000000000000000689, offset: 0.000000 id: 3730
processing event: VehicleArriveIntersectionEvent, vehicle_id: 3, road_id: 1000000000000000234 id: 3601 at time: 2834.54
Processed event: VehicleArriveIntersectionEvent, vehicle_id: 3, road_id: 1000000000000000234 id: 3601
processing event: VehicleEnterNewRoadEvent, vehicle_id: 3, road_id: 1000000000000000060 id: 3732 at time: 2836.34
Processed event: VehicleEnterNewRoadEvent, vehicle_id: 3, road_id: 1000000000000000060 id: 3732
processing event: VehicleDepartureEvent, vehicle_id: 3, road_id: 1000000000000000060, offset: 0.000000 id: 3733 at time: 2836.34
Processed event: VehicleDepartureEvent, vehicle_id: 3, road_id: 1000000000000000060, offset: 0.000000 id: 3733
processing event: VehicleDepartureEvent, vehicle_id: 9, road_id: 1000000000000000061, offset: 144.450000 id: 3727 at time: 2838.04
Processed event: VehicleDepartureEvent, vehicle_id: 9, road_id: 1000000000000000061, offset: 144.450000 id: 3727
Event is not valid: VehicleArriveIntersectionEvent, vehicle_id: 4, road_id: 1000000000000000144 id: 3614 at time: 2838.06
Event is not valid: VehicleArriveIntersectionEvent, vehicle_id: 4, road_id: 1000000000000000144 id: 3648 at time: 2838.06
processing event: VehicleArriveIntersectionEvent, vehicle_id: 4, road_id: 1000000000000000144 id: 3668 at time: 2838.06
Processed event: VehicleArriveIntersectionEvent, vehicle_id: 4, road_id: 1000000000000000144 id: 3668
processing event: VehicleEnterNewRoadEvent, vehicle_id: 4, road_id: 1000000000000000308 id: 3736 at time: 2839.86
Processed event: VehicleEnterNewRoadEvent, vehicle_id: 4, road_id: 1000000000000000308 id: 3736
processing event: VehicleDepartureEvent, vehicle_id: 4, road_id: 1000000000000000308, offset: 0.000000 id: 3739 at time: 2839.86
Processed event: VehicleDepartureEvent, vehicle_id: 4, road_id: 1000000000000000308, offset: 0.000000 id: 3739
Simulator::runFor: now_ = 2839.86 target = 2840
[progress] simulator time = 2840 / 3000
processing event: BusArrivalEvent, vehicle_id: 8, stop_id: 97 id: 3708 at time: 2841.46
Processed event: BusArrivalEvent, vehicle_id: 8, stop_id: 97 id: 3708
processing event: PassengerOnboardEvent, passenger_id: 29 id: 3741 at time: 2841.46
Processed event: PassengerOnboardEvent, passenger_id: 29 id: 3741
processing event: VehicleArriveIntersectionEvent, vehicle_id: 11, road_id: 1000000000000000689 id: 3731 at time: 2844.46
Processed event: VehicleArriveIntersectionEvent, vehicle_id: 11, road_id: 1000000000000000689 id: 3731
processing event: VehicleArriveIntersectionEvent, vehicle_id: 5, road_id: 1000000000000000330 id: 3663 at time: 2844.76
Processed event: VehicleArriveIntersectionEvent, vehicle_id: 5, road_id: 1000000000000000330 id: 3663
processing event: VehicleEnterNewRoadEvent, vehicle_id: 11, road_id: 1000000000000000686 id: 3743 at time: 2846.26
Processed event: VehicleEnterNewRoadEvent, vehicle_id: 11, road_id: 1000000000000000686 id: 3743
processing event: VehicleDepartureEvent, vehicle_id: 11, road_id: 1000000000000000686, offset: 0.000000 id: 3745 at time: 2846.26
Processed event: VehicleDepartureEvent, vehicle_id: 11, road_id: 1000000000000000686, offset: 0.000000 id: 3745
processing event: VehicleDepartureEvent, vehicle_id: 8, road_id: 1000000000000000073, offset: 127.590000 id: 3742 at time: 2846.46
Processed event: VehicleDepartureEvent, vehicle_id: 8, road_id: 1000000000000000073, offset: 127.590000 id: 3742
processing event: VehicleEnterNewRoadEvent, vehicle_id: 5, road_id: 1000000000000000331 id: 3744 at time: 2846.56
Processed event: VehicleEnterNewRoadEvent, vehicle_id: 5, road_id: 1000000000000000331 id: 3744
processing event: VehicleDepartureEvent, vehicle_id: 5, road_id: 1000000000000000331, offset: 0.000000 id: 3748 at time: 2846.56
Processed event: VehicleDepartureEvent, vehicle_id: 5, road_id: 1000000000000000331, offset: 0.000000 id: 3748
Simulator::runFor: now_ = 2846.56 target = 2850
[progress] simulator time = 2850 / 3000
processing event: VehicleArriveIntersectionEvent, vehicle_id: 12, road_id: 1000000000000000566 id: 3718 at time: 2850.15
Processed event: VehicleArriveIntersectionEvent, vehicle_id: 12, road_id: 1000000000000000566 id: 3718
processing event: VehicleArriveIntersectionEvent, vehicle_id: 18, road_id: 1000000000000000353 id: 3725 at time: 2850.72
Processed event: VehicleArriveIntersectionEvent, vehicle_id: 18, road_id: 1000000000000000353 id: 3725
processing event: VehicleEnterNewRoadEvent, vehicle_id: 12, road_id: 1000000000000000077 id: 3750 at time: 2851.95
Processed event: VehicleEnterNewRoadEvent, vehicle_id: 12, road_id: 1000000000000000077 id: 3750
processing event: VehicleDepartureEvent, vehicle_id: 12, road_id: 1000000000000000077, offset: 0.000000 id: 3752 at time: 2851.95
Processed event: VehicleDepartureEvent, vehicle_id: 12, road_id: 1000000000000000077, offset: 0.000000 id: 3752
processing event: VehicleEnterNewRoadEvent, vehicle_id: 18, road_id: 1000000000000000563 id: 3751 at time: 2852.52
Processed event: VehicleEnterNewRoadEvent, vehicle_id: 18, road_id: 1000000000000000563 id: 3751
processing event: VehicleDepartureEvent, vehicle_id: 18, road_id: 1000000000000000563, offset: 0.000000 id: 3754 at time: 2852.52
Processed event: VehicleDepartureEvent, vehicle_id: 18, road_id: 1000000000000000563, offset: 0.000000 id: 3754
processing event: VehicleArriveIntersectionEvent, vehicle_id: 7, road_id: 1000000000000000246 id: 3690 at time: 2852.95
Processed event: VehicleArriveIntersectionEvent, vehicle_id: 7, road_id: 1000000000000000246 id: 3690
processing event: VehicleArriveIntersectionEvent, vehicle_id: 15, road_id: 1000000000000000190 id: 3704 at time: 2853.34
Processed event: VehicleArriveIntersectionEvent, vehicle_id: 15, road_id: 1000000000000000190 id: 3704
processing event: BusArrivalEvent, vehicle_id: 3, stop_id: 111 id: 3734 at time: 2853.65
Processed event: BusArrivalEvent, vehicle_id: 3, stop_id: 111 id: 3734
processing event: PassengerOnboardEvent, passenger_id: 44 id: 3758 at time: 2853.65
Processed event: PassengerOnboardEvent, passenger_id: 44 id: 3758
processing event: VehicleEnterNewRoadEvent, vehicle_id: 7, road_id: 1000000000000000303 id: 3756 at time: 2854.75
Processed event: VehicleEnterNewRoadEvent, vehicle_id: 7, road_id: 1000000000000000303 id: 3756
processing event: VehicleDepartureEvent, vehicle_id: 7, road_id: 1000000000000000303, offset: 0.000000 id: 3760 at time: 2854.75
Processed event: VehicleDepartureEvent, vehicle_id: 7, road_id: 1000000000000000303, offset: 0.000000 id: 3760
processing event: VehicleEnterNewRoadEvent, vehicle_id: 15, road_id: 1000000000000000191 id: 3757 at time: 2855.14
Processed event: VehicleEnterNewRoadEvent, vehicle_id: 15, road_id: 1000000000000000191 id: 3757
processing event: VehicleDepartureEvent, vehicle_id: 15, road_id: 1000000000000000191, offset: 0.000000 id: 3762 at time: 2855.14
Processed event: VehicleDepartureEvent, vehicle_id: 15, road_id: 1000000000000000191, offset: 0.000000 id: 3762
Event is not valid: VehicleCheckPointEvent, vehicle_id: 6 id: 3737 at time: 2857.76
processing event: VehicleDepartureEvent, vehicle_id: 3, road_id: 1000000000000000060, offset: 96.120000 id: 3759 at time: 2858.65
Processed event: VehicleDepartureEvent, vehicle_id: 3, road_id: 1000000000000000060, offset: 96.120000 id: 3759
processing event: VehicleArriveIntersectionEvent, vehicle_id: 6, road_id: 1000000000000000144 id: 3738 at time: 2859.2
Processed event: VehicleArriveIntersectionEvent, vehicle_id: 6, road_id: 1000000000000000144 id: 3738
Simulator::runFor: now_ = 2859.2 target = 2860
[progress] simulator time = 2860 / 3000
processing event: VehicleEnterNewRoadEvent, vehicle_id: 6, road_id: 1000000000000000308 id: 3765 at time: 2861
Processed event: VehicleEnterNewRoadEvent, vehicle_id: 6, road_id: 1000000000000000308 id: 3765
processing event: VehicleDepartureEvent, vehicle_id: 6, road_id: 1000000000000000308, offset: 0.000000 id: 3766 at time: 2861
Processed event: VehicleDepartureEvent, vehicle_id: 6, road_id: 1000000000000000308, offset: 0.000000 id: 3766
processing event: VehicleArriveIntersectionEvent, vehicle_id: 11, road_id: 1000000000000000686 id: 3746 at time: 2861.56
Processed event: VehicleArriveIntersectionEvent, vehicle_id: 11, road_id: 1000000000000000686 id: 3746
processing event: VehicleEnterNewRoadEvent, vehicle_id: 11, road_id: 1000000000000000688 id: 3768 at time: 2863.36
Processed event: VehicleEnterNewRoadEvent, vehicle_id: 11, road_id: 1000000000000000688 id: 3768
processing event: VehicleDepartureEvent, vehicle_id: 11, road_id: 1000000000000000688, offset: 0.000000 id: 3769 at time: 2863.36
Processed event: VehicleDepartureEvent, vehicle_id: 11, road_id: 1000000000000000688, offset: 0.000000 id: 3769
processing event: VehicleArriveIntersectionEvent, vehicle_id: 18, road_id: 1000000000000000563 id: 3755 at time: 2863.86
Processed event: VehicleArriveIntersectionEvent, vehicle_id: 18, road_id: 1000000000000000563 id: 3755
processing event: VehicleEnterNewRoadEvent, vehicle_id: 18, road_id: 1000000000000000564 id: 3771 at time: 2865.66
Processed event: VehicleEnterNewRoadEvent, vehicle_id: 18, road_id: 1000000000000000564 id: 3771
processing event: VehicleDepartureEvent, vehicle_id: 18, road_id: 1000000000000000564, offset: 0.000000 id: 3772 at time: 2865.66
Processed event: VehicleDepartureEvent, vehicle_id: 18, road_id: 1000000000000000564, offset: 0.000000 id: 3772
processing event: VehicleArriveIntersectionEvent, vehicle_id: 16, road_id: 1000000000000000354 id: 3665 at time: 2865.76
Processed event: VehicleArriveIntersectionEvent, vehicle_id: 16, road_id: 1000000000000000354 id: 3665
processing event: VehicleEnterNewRoadEvent, vehicle_id: 16, road_id: 1000000000000000295 id: 3774 at time: 2867.56
Processed event: VehicleEnterNewRoadEvent, vehicle_id: 16, road_id: 1000000000000000295 id: 3774
processing event: VehicleDepartureEvent, vehicle_id: 16, road_id: 1000000000000000295, offset: 0.000000 id: 3775 at time: 2867.56
Processed event: VehicleDepartureEvent, vehicle_id: 16, road_id: 1000000000000000295, offset: 0.000000 id: 3775
Simulator::runFor: now_ = 2867.56 target = 2870
[progress] simulator time = 2870 / 3000
processing event: VehicleArriveIntersectionEvent, vehicle_id: 17, road_id: 1000000000000000222 id: 3719 at time: 2872.3
Processed event: VehicleArriveIntersectionEvent, vehicle_id: 17, road_id: 1000000000000000222 id: 3719
processing event: VehicleArriveIntersectionEvent, vehicle_id: 14, road_id: 1000000000000000318 id: 3699 at time: 2872.34
Processed event: VehicleArriveIntersectionEvent, vehicle_id: 14, road_id: 1000000000000000318 id: 3699
processing event: VehicleArriveIntersectionEvent, vehicle_id: 13, road_id: 1000000000000000326 id: 3694 at time: 2872.49
Processed event: VehicleArriveIntersectionEvent, vehicle_id: 13, road_id: 1000000000000000326 id: 3694
processing event: PassengerRouteStartEvent, passenger_id: 63, route_id: 1 id: 62 at time: 2874
Processed event: PassengerRouteStartEvent, passenger_id: 63, route_id: 1 id: 62
processing event: OrderCreatedEvent, order_id: 63, available_pickups: 269 , available_dropoffs: 112 , passenger_id: 63, route_id: 1, passenger_num: 0 id: 3780 at time: 2874
Processed event: OrderCreatedEvent, order_id: 63, available_pickups: 269 , available_dropoffs: 112 , passenger_id: 63, route_id: 1, passenger_num: 1 id: 3780
processing event: VehicleEnterNewRoadEvent, vehicle_id: 17, road_id: 1000000000000000224 id: 3777 at time: 2874.1
Processed event: VehicleEnterNewRoadEvent, vehicle_id: 17, road_id: 1000000000000000224 id: 3777
processing event: VehicleDepartureEvent, vehicle_id: 17, road_id: 1000000000000000224, offset: 0.000000 id: 3781 at time: 2874.1
Processed event: VehicleDepartureEvent, vehicle_id: 17, road_id: 1000000000000000224, offset: 0.000000 id: 3781
processing event: VehicleEnterNewRoadEvent, vehicle_id: 14, road_id: 1000000000000001101 id: 3778 at time: 2874.14
Processed event: VehicleEnterNewRoadEvent, vehicle_id: 14, road_id: 1000000000000001101 id: 3778
processing event: VehicleDepartureEvent, vehicle_id: 14, road_id: 1000000000000001101, offset: 0.000000 id: 3783 at time: 2874.14
Processed event: VehicleDepartureEvent, vehicle_id: 14, road_id: 1000000000000001101, offset: 0.000000 id: 3783
processing event: VehicleEnterNewRoadEvent, vehicle_id: 13, road_id: 1000000000000000327 id: 3779 at time: 2874.29
Processed event: VehicleEnterNewRoadEvent, vehicle_id: 13, road_id: 1000000000000000327 id: 3779
processing event: VehicleDepartureEvent, vehicle_id: 13, road_id: 1000000000000000327, offset: 0.000000 id: 3785 at time: 2874.29
Processed event: VehicleDepartureEvent, vehicle_id: 13, road_id: 1000000000000000327, offset: 0.000000 id: 3785
processing event: VehicleArriveIntersectionEvent, vehicle_id: 18, road_id: 1000000000000000564 id: 3773 at time: 2874.84
Processed event: VehicleArriveIntersectionEvent, vehicle_id: 18, road_id: 1000000000000000564 id: 3773
processing event: VehicleEnterNewRoadEvent, vehicle_id: 18, road_id: 1000000000000000565 id: 3787 at time: 2876.64
Processed event: VehicleEnterNewRoadEvent, vehicle_id: 18, road_id: 1000000000000000565 id: 3787
processing event: VehicleDepartureEvent, vehicle_id: 18, road_id: 1000000000000000565, offset: 0.000000 id: 3788 at time: 2876.64
Processed event: VehicleDepartureEvent, vehicle_id: 18, road_id: 1000000000000000565, offset: 0.000000 id: 3788
processing event: VehicleArriveIntersectionEvent, vehicle_id: 9, road_id: 1000000000000000061 id: 3735 at time: 2878.28
Processed event: VehicleArriveIntersectionEvent, vehicle_id: 9, road_id: 1000000000000000061 id: 3735
Simulator::runFor: now_ = 2878.28 target = 2880
[progress] simulator time = 2880 / 3000
processing event: OrderMatchedEvent, order_id: 63, vehicle_id: 4 id: 3791 at time: 2880
Processed event: OrderMatchedEvent, order_id: 63, vehicle_id: 4 id: 3791
processing event: PassengerArrivalEvent, passenger_id: 63 id: 3793 at time: 2880
Processed event: PassengerArrivalEvent, passenger_id: 63 id: 3793
processing event: VehicleEnterNewRoadEvent, vehicle_id: 9, road_id: 1000000000000000308 id: 3790 at time: 2880.08
Processed event: VehicleEnterNewRoadEvent, vehicle_id: 9, road_id: 1000000000000000308 id: 3790
processing event: VehicleDepartureEvent, vehicle_id: 9, road_id: 1000000000000000308, offset: 0.000000 id: 3794 at time: 2880.08
Processed event: VehicleDepartureEvent, vehicle_id: 9, road_id: 1000000000000000308, offset: 0.000000 id: 3794
processing event: VehicleArriveIntersectionEvent, vehicle_id: 11, road_id: 1000000000000000688 id: 3770 at time: 2882.98
Processed event: VehicleArriveIntersectionEvent, vehicle_id: 11, road_id: 1000000000000000688 id: 3770
processing event: VehicleArriveIntersectionEvent, vehicle_id: 3, road_id: 1000000000000000060 id: 3764 at time: 2884.19
Processed event: VehicleArriveIntersectionEvent, vehicle_id: 3, road_id: 1000000000000000060 id: 3764
processing event: VehicleEnterNewRoadEvent, vehicle_id: 11, road_id: 1000000000000000683 id: 3796 at time: 2884.78
Processed event: VehicleEnterNewRoadEvent, vehicle_id: 11, road_id: 1000000000000000683 id: 3796
processing event: VehicleDepartureEvent, vehicle_id: 11, road_id: 1000000000000000683, offset: 0.000000 id: 3798 at time: 2884.78
Processed event: VehicleDepartureEvent, vehicle_id: 11, road_id: 1000000000000000683, offset: 0.000000 id: 3798
processing event: VehicleEnterNewRoadEvent, vehicle_id: 3, road_id: 1000000000000001036 id: 3797 at time: 2885.99
Processed event: VehicleEnterNewRoadEvent, vehicle_id: 3, road_id: 1000000000000001036 id: 3797
processing event: VehicleDepartureEvent, vehicle_id: 3, road_id: 1000000000000001036, offset: 0.000000 id: 3800 at time: 2885.99
Processed event: VehicleDepartureEvent, vehicle_id: 3, road_id: 1000000000000001036, offset: 0.000000 id: 3800
processing event: PassengerRouteStartEvent, passenger_id: 64, route_id: 1 id: 63 at time: 2886
Processed event: PassengerRouteStartEvent, passenger_id: 64, route_id: 1 id: 63
processing event: OrderCreatedEvent, order_id: 64, available_pickups: 256 , available_dropoffs: 263 , passenger_id: 64, route_id: 1, passenger_num: 0 id: 3802 at time: 2886
Processed event: OrderCreatedEvent, order_id: 64, available_pickups: 256 , available_dropoffs: 263 , passenger_id: 64, route_id: 1, passenger_num: 3 id: 3802
processing event: VehicleArriveIntersectionEvent, vehicle_id: 8, road_id: 1000000000000000073 id: 3747 at time: 2889.19
Processed event: VehicleArriveIntersectionEvent, vehicle_id: 8, road_id: 1000000000000000073 id: 3747
Simulator::runFor: now_ = 2889.19 target = 2890
[progress] simulator time = 2890 / 3000
processing event: OrderMatchedEvent, order_id: 64, vehicle_id: 4 id: 3804 at time: 2890
Processed event: OrderMatchedEvent, order_id: 64, vehicle_id: 4 id: 3804
processing event: PassengerArrivalEvent, passenger_id: 64 id: 3806 at time: 2890
Processed event: PassengerArrivalEvent, passenger_id: 64 id: 3806
processing event: VehicleArriveIntersectionEvent, vehicle_id: 18, road_id: 1000000000000000565 id: 3789 at time: 2890.14
Processed event: VehicleArriveIntersectionEvent, vehicle_id: 18, road_id: 1000000000000000565 id: 3789
processing event: VehicleEnterNewRoadEvent, vehicle_id: 8, road_id: 1000000000000001063 id: 3803 at time: 2890.99
Processed event: VehicleEnterNewRoadEvent, vehicle_id: 8, road_id: 1000000000000001063 id: 3803
processing event: VehicleDepartureEvent, vehicle_id: 8, road_id: 1000000000000001063, offset: 0.000000 id: 3808 at time: 2890.99
Processed event: VehicleDepartureEvent, vehicle_id: 8, road_id: 1000000000000001063, offset: 0.000000 id: 3808
processing event: VehicleEnterNewRoadEvent, vehicle_id: 18, road_id: 1000000000000000566 id: 3807 at time: 2891.94
Processed event: VehicleEnterNewRoadEvent, vehicle_id: 18, road_id: 1000000000000000566 id: 3807
processing event: VehicleDepartureEvent, vehicle_id: 18, road_id: 1000000000000000566, offset: 0.000000 id: 3810 at time: 2891.94
Processed event: VehicleDepartureEvent, vehicle_id: 18, road_id: 1000000000000000566, offset: 0.000000 id: 3810
processing event: VehicleArriveIntersectionEvent, vehicle_id: 11, road_id: 1000000000000000683 id: 3799 at time: 2893.96
Processed event: VehicleArriveIntersectionEvent, vehicle_id: 11, road_id: 1000000000000000683 id: 3799
processing event: VehicleArriveIntersectionEvent, vehicle_id: 12, road_id: 1000000000000000077 id: 3753 at time: 2895.51
Processed event: VehicleArriveIntersectionEvent, vehicle_id: 12, road_id: 1000000000000000077 id: 3753
processing event: VehicleEnterNewRoadEvent, vehicle_id: 11, road_id: 1000000000000000680 id: 3812 at time: 2895.76
Processed event: VehicleEnterNewRoadEvent, vehicle_id: 11, road_id: 1000000000000000680 id: 3812
processing event: VehicleDepartureEvent, vehicle_id: 11, road_id: 1000000000000000680, offset: 0.000000 id: 3814 at time: 2895.76
Processed event: VehicleDepartureEvent, vehicle_id: 11, road_id: 1000000000000000680, offset: 0.000000 id: 3814
processing event: PassengerRouteStartEvent, passenger_id: 65, route_id: 1 id: 64 at time: 2896
Processed event: PassengerRouteStartEvent, passenger_id: 65, route_id: 1 id: 64
processing event: OrderCreatedEvent, order_id: 65, available_pickups: 240 , available_dropoffs: 280 , passenger_id: 65, route_id: 1, passenger_num: 0 id: 3816 at time: 2896
Processed event: OrderCreatedEvent, order_id: 65, available_pickups: 240 , available_dropoffs: 280 , passenger_id: 65, route_id: 1, passenger_num: 1 id: 3816
processing event: PassengerRouteStartEvent, passenger_id: 66, route_id: 1 id: 65 at time: 2897
Processed event: PassengerRouteStartEvent, passenger_id: 66, route_id: 1 id: 65
processing event: OrderCreatedEvent, order_id: 66, available_pickups: 24 , available_dropoffs: 99 , passenger_id: 66, route_id: 1, passenger_num: 0 id: 3817 at time: 2897
Processed event: OrderCreatedEvent, order_id: 66, available_pickups: 24 , available_dropoffs: 99 , passenger_id: 66, route_id: 1, passenger_num: 1 id: 3817
processing event: VehicleEnterNewRoadEvent, vehicle_id: 12, road_id: 1000000000000000347 id: 3813 at time: 2897.31
Processed event: VehicleEnterNewRoadEvent, vehicle_id: 12, road_id: 1000000000000000347 id: 3813
processing event: VehicleDepartureEvent, vehicle_id: 12, road_id: 1000000000000000347, offset: 0.000000 id: 3818 at time: 2897.31
Processed event: VehicleDepartureEvent, vehicle_id: 12, road_id: 1000000000000000347, offset: 0.000000 id: 3818
Event is not valid: VehicleArriveIntersectionEvent, vehicle_id: 19, road_id: 1000000000000001063 id: 3679 at time: 2898.72
processing event: VehicleArriveIntersectionEvent, vehicle_id: 19, road_id: 1000000000000001063 id: 3809 at time: 2898.72
Processed event: VehicleArriveIntersectionEvent, vehicle_id: 19, road_id: 1000000000000001063 id: 3809
Simulator::runFor: now_ = 2898.72 target = 2900
[progress] simulator time = 2900 / 3000
processing event: OrderMatchedEvent, order_id: 66, vehicle_id: 4 id: 3822 at time: 2900
Processed event: OrderMatchedEvent, order_id: 66, vehicle_id: 4 id: 3822
processing event: OrderMatchedEvent, order_id: 65, vehicle_id: 7 id: 3824 at time: 2900
Processed event: OrderMatchedEvent, order_id: 65, vehicle_id: 7 id: 3824
processing event: PassengerArrivalEvent, passenger_id: 66 id: 3826 at time: 2900
Processed event: PassengerArrivalEvent, passenger_id: 66 id: 3826
processing event: PassengerArrivalEvent, passenger_id: 65 id: 3827 at time: 2900
Processed event: PassengerArrivalEvent, passenger_id: 65 id: 3827
processing event: VehicleArriveIntersectionEvent, vehicle_id: 16, road_id: 1000000000000000295 id: 3776 at time: 2900.51
Processed event: VehicleArriveIntersectionEvent, vehicle_id: 16, road_id: 1000000000000000295 id: 3776
processing event: VehicleEnterNewRoadEvent, vehicle_id: 19, road_id: 1000000000000000107 id: 3820 at time: 2900.52
Processed event: VehicleEnterNewRoadEvent, vehicle_id: 19, road_id: 1000000000000000107 id: 3820
processing event: VehicleDepartureEvent, vehicle_id: 19, road_id: 1000000000000000107, offset: 0.000000 id: 3830 at time: 2900.52
Processed event: VehicleDepartureEvent, vehicle_id: 19, road_id: 1000000000000000107, offset: 0.000000 id: 3830
processing event: VehicleArriveIntersectionEvent, vehicle_id: 20, road_id: 1000000000000000327 id: 3681 at time: 2900.91
Processed event: VehicleArriveIntersectionEvent, vehicle_id: 20, road_id: 1000000000000000327 id: 3681
processing event: VehicleEnterNewRoadEvent, vehicle_id: 16, road_id: 1000000000000000296 id: 3828 at time: 2902.31
Processed event: VehicleEnterNewRoadEvent, vehicle_id: 16, road_id: 1000000000000000296 id: 3828
processing event: VehicleDepartureEvent, vehicle_id: 16, road_id: 1000000000000000296, offset: 0.000000 id: 3833 at time: 2902.31
Processed event: VehicleDepartureEvent, vehicle_id: 16, road_id: 1000000000000000296, offset: 0.000000 id: 3833
processing event: VehicleEnterNewRoadEvent, vehicle_id: 20, road_id: 1000000000000000328 id: 3832 at time: 2902.71
Processed event: VehicleEnterNewRoadEvent, vehicle_id: 20, road_id: 1000000000000000328 id: 3832
processing event: VehicleDepartureEvent, vehicle_id: 20, road_id: 1000000000000000328, offset: 0.000000 id: 3835 at time: 2902.71
Processed event: VehicleDepartureEvent, vehicle_id: 20, road_id: 1000000000000000328, offset: 0.000000 id: 3835
Event is not valid: VehicleArriveIntersectionEvent, vehicle_id: 4, road_id: 1000000000000000308 id: 3740 at time: 2906.65
Event is not valid: VehicleArriveIntersectionEvent, vehicle_id: 4, road_id: 1000000000000000308 id: 3792 at time: 2906.65
Event is not valid: VehicleArriveIntersectionEvent, vehicle_id: 4, road_id: 1000000000000000308 id: 3795 at time: 2906.65
Event is not valid: VehicleArriveIntersectionEvent, vehicle_id: 4, road_id: 1000000000000000308 id: 3805 at time: 2906.65
processing event: VehicleArriveIntersectionEvent, vehicle_id: 4, road_id: 1000000000000000308 id: 3823 at time: 2906.65
Processed event: VehicleArriveIntersectionEvent, vehicle_id: 4, road_id: 1000000000000000308 id: 3823
processing event: BusArrivalEvent, vehicle_id: 13, stop_id: 156 id: 3786 at time: 2906.68
Processed event: BusArrivalEvent, vehicle_id: 13, stop_id: 156 id: 3786
processing event: PassengerOnboardEvent, passenger_id: 31 id: 3839 at time: 2906.68
Processed event: PassengerOnboardEvent, passenger_id: 31 id: 3839
processing event: VehicleEnterNewRoadEvent, vehicle_id: 4, road_id: 1000000000000001036 id: 3837 at time: 2908.45
Processed event: VehicleEnterNewRoadEvent, vehicle_id: 4, road_id: 1000000000000001036 id: 3837
processing event: VehicleDepartureEvent, vehicle_id: 4, road_id: 1000000000000001036, offset: 0.000000 id: 3842 at time: 2908.45
Processed event: VehicleDepartureEvent, vehicle_id: 4, road_id: 1000000000000001036, offset: 0.000000 id: 3842
processing event: BusArrivalEvent, vehicle_id: 12, stop_id: 281 id: 3819 at time: 2909.31
Processed event: BusArrivalEvent, vehicle_id: 12, stop_id: 281 id: 3819
processing event: PassengerRouteEndEvent, passenger_id: 41, route_id: 1 id: 3844 at time: 2909.31
Passenger 41 finished all routes
Processed event: PassengerRouteEndEvent, passenger_id: 41, route_id: 1 id: 3844
processing event: PassengerDropoffEvent, passenger_id: 41 id: 3846 at time: 2909.31
Processed event: PassengerDropoffEvent, passenger_id: 41 id: 3846
processing event: OrderFinishedEvent, order_id: 41 id: 3847 at time: 2909.31
Processed event: OrderFinishedEvent, order_id: 41 id: 3847
Simulator::runFor: now_ = 2909.31 target = 2910
[progress] simulator time = 2910 / 3000
processing event: VehicleArriveIntersectionEvent, vehicle_id: 15, road_id: 1000000000000000191 id: 3763 at time: 2911.31
Processed event: VehicleArriveIntersectionEvent, vehicle_id: 15, road_id: 1000000000000000191 id: 3763
processing event: VehicleDepartureEvent, vehicle_id: 13, road_id: 1000000000000000327, offset: 179.940000 id: 3840 at time: 2911.68
Processed event: VehicleDepartureEvent, vehicle_id: 13, road_id: 1000000000000000327, offset: 179.940000 id: 3840
processing event: VehicleArriveIntersectionEvent, vehicle_id: 17, road_id: 1000000000000000224 id: 3782 at time: 2912.44
Processed event: VehicleArriveIntersectionEvent, vehicle_id: 17, road_id: 1000000000000000224 id: 3782
processing event: PassengerRouteStartEvent, passenger_id: 67, route_id: 1 id: 66 at time: 2913
Processed event: PassengerRouteStartEvent, passenger_id: 67, route_id: 1 id: 66
processing event: OrderCreatedEvent, order_id: 67, available_pickups: 37 , available_dropoffs: 210 , passenger_id: 67, route_id: 1, passenger_num: 0 id: 3851 at time: 2913
Processed event: OrderCreatedEvent, order_id: 67, available_pickups: 37 , available_dropoffs: 210 , passenger_id: 67, route_id: 1, passenger_num: 1 id: 3851
processing event: VehicleEnterNewRoadEvent, vehicle_id: 15, road_id: 1000000000000000192 id: 3848 at time: 2913.11
Processed event: VehicleEnterNewRoadEvent, vehicle_id: 15, road_id: 1000000000000000192 id: 3848
processing event: VehicleDepartureEvent, vehicle_id: 15, road_id: 1000000000000000192, offset: 0.000000 id: 3852 at time: 2913.11
Processed event: VehicleDepartureEvent, vehicle_id: 15, road_id: 1000000000000000192, offset: 0.000000 id: 3852
processing event: VehicleEnterNewRoadEvent, vehicle_id: 17, road_id: 1000000000000000225 id: 3850 at time: 2914.24
Processed event: VehicleEnterNewRoadEvent, vehicle_id: 17, road_id: 1000000000000000225 id: 3850
processing event: VehicleDepartureEvent, vehicle_id: 17, road_id: 1000000000000000225, offset: 0.000000 id: 3854 at time: 2914.24
Processed event: VehicleDepartureEvent, vehicle_id: 17, road_id: 1000000000000000225, offset: 0.000000 id: 3854
processing event: VehicleDepartureEvent, vehicle_id: 12, road_id: 1000000000000000347, offset: 66.650000 id: 3845 at time: 2914.31
Processed event: VehicleDepartureEvent, vehicle_id: 12, road_id: 1000000000000000347, offset: 66.650000 id: 3845
processing event: PassengerRouteStartEvent, passenger_id: 68, route_id: 1 id: 67 at time: 2915
Processed event: PassengerRouteStartEvent, passenger_id: 68, route_id: 1 id: 67
processing event: OrderCreatedEvent, order_id: 68, available_pickups: 111 , available_dropoffs: 72 , passenger_id: 68, route_id: 1, passenger_num: 0 id: 3857 at time: 2915
Processed event: OrderCreatedEvent, order_id: 68, available_pickups: 111 , available_dropoffs: 72 , passenger_id: 68, route_id: 1, passenger_num: 1 id: 3857
processing event: VehicleArriveIntersectionEvent, vehicle_id: 5, road_id: 1000000000000000331 id: 3749 at time: 2915.51
Processed event: VehicleArriveIntersectionEvent, vehicle_id: 5, road_id: 1000000000000000331 id: 3749
processing event: VehicleArriveIntersectionEvent, vehicle_id: 1, road_id: 1000000000000000192 id: 3702 at time: 2916.41
Processed event: VehicleArriveIntersectionEvent, vehicle_id: 1, road_id: 1000000000000000192 id: 3702
processing event: VehicleArriveIntersectionEvent, vehicle_id: 17, road_id: 1000000000000000225 id: 3855 at time: 2916.58
Processed event: VehicleArriveIntersectionEvent, vehicle_id: 17, road_id: 1000000000000000225 id: 3855
processing event: VehicleEnterNewRoadEvent, vehicle_id: 5, road_id: 1000000000000000702 id: 3858 at time: 2917.31
Processed event: VehicleEnterNewRoadEvent, vehicle_id: 5, road_id: 1000000000000000702 id: 3858
processing event: VehicleDepartureEvent, vehicle_id: 5, road_id: 1000000000000000702, offset: 0.000000 id: 3861 at time: 2917.31
Processed event: VehicleDepartureEvent, vehicle_id: 5, road_id: 1000000000000000702, offset: 0.000000 id: 3861
processing event: VehicleEnterNewRoadEvent, vehicle_id: 1, road_id: 1000000000000000193 id: 3859 at time: 2918.21
Processed event: VehicleEnterNewRoadEvent, vehicle_id: 1, road_id: 1000000000000000193 id: 3859
processing event: VehicleDepartureEvent, vehicle_id: 1, road_id: 1000000000000000193, offset: 0.000000 id: 3863 at time: 2918.21
Processed event: VehicleDepartureEvent, vehicle_id: 1, road_id: 1000000000000000193, offset: 0.000000 id: 3863
processing event: VehicleEnterNewRoadEvent, vehicle_id: 17, road_id: 1000000000000000226 id: 3860 at time: 2918.38
Processed event: VehicleEnterNewRoadEvent, vehicle_id: 17, road_id: 1000000000000000226 id: 3860
processing event: VehicleDepartureEvent, vehicle_id: 17, road_id: 1000000000000000226, offset: 0.000000 id: 3865 at time: 2918.38
Processed event: VehicleDepartureEvent, vehicle_id: 17, road_id: 1000000000000000226, offset: 0.000000 id: 3865
processing event: VehicleArriveIntersectionEvent, vehicle_id: 18, road_id: 1000000000000000566 id: 3811 at time: 2918.94
Processed event: VehicleArriveIntersectionEvent, vehicle_id: 18, road_id: 1000000000000000566 id: 3811
Simulator::runFor: now_ = 2918.94 target = 2920
[progress] simulator time = 2920 / 3000
processing event: OrderMatchedEvent, order_id: 68, vehicle_id: 6 id: 3868 at time: 2920
Processed event: OrderMatchedEvent, order_id: 68, vehicle_id: 6 id: 3868
processing event: OrderMatchedEvent, order_id: 67, vehicle_id: 13 id: 3870 at time: 2920
Processed event: OrderMatchedEvent, order_id: 67, vehicle_id: 13 id: 3870
processing event: PassengerArrivalEvent, passenger_id: 68 id: 3872 at time: 2920
Processed event: PassengerArrivalEvent, passenger_id: 68 id: 3872
processing event: PassengerArrivalEvent, passenger_id: 67 id: 3873 at time: 2920
Processed event: PassengerArrivalEvent, passenger_id: 67 id: 3873
processing event: VehicleEnterNewRoadEvent, vehicle_id: 18, road_id: 1000000000000000077 id: 3867 at time: 2920.74
Processed event: VehicleEnterNewRoadEvent, vehicle_id: 18, road_id: 1000000000000000077 id: 3867
processing event: VehicleDepartureEvent, vehicle_id: 18, road_id: 1000000000000000077, offset: 0.000000 id: 3874 at time: 2920.74
Processed event: VehicleDepartureEvent, vehicle_id: 18, road_id: 1000000000000000077, offset: 0.000000 id: 3874
Event is not valid: VehicleArriveIntersectionEvent, vehicle_id: 2, road_id: 1000000000000000192 id: 3721 at time: 2925.53
processing event: VehicleArriveIntersectionEvent, vehicle_id: 2, road_id: 1000000000000000192 id: 3853 at time: 2925.53
Processed event: VehicleArriveIntersectionEvent, vehicle_id: 2, road_id: 1000000000000000192 id: 3853
processing event: VehicleEnterNewRoadEvent, vehicle_id: 2, road_id: 1000000000000000193 id: 3876 at time: 2927.33
Processed event: VehicleEnterNewRoadEvent, vehicle_id: 2, road_id: 1000000000000000193 id: 3876
processing event: VehicleDepartureEvent, vehicle_id: 2, road_id: 1000000000000000193, offset: 0.000000 id: 3879 at time: 2927.33
Processed event: VehicleDepartureEvent, vehicle_id: 2, road_id: 1000000000000000193, offset: 0.000000 id: 3879
Event is not valid: VehicleArriveIntersectionEvent, vehicle_id: 6, road_id: 1000000000000000308 id: 3767 at time: 2927.79
processing event: VehicleArriveIntersectionEvent, vehicle_id: 6, road_id: 1000000000000000308 id: 3869 at time: 2927.79
Processed event: VehicleArriveIntersectionEvent, vehicle_id: 6, road_id: 1000000000000000308 id: 3869
processing event: VehicleArriveIntersectionEvent, vehicle_id: 11, road_id: 1000000000000000680 id: 3815 at time: 2928.17
Processed event: VehicleArriveIntersectionEvent, vehicle_id: 11, road_id: 1000000000000000680 id: 3815
processing event: VehicleEnterNewRoadEvent, vehicle_id: 6, road_id: 1000000000000000309 id: 3881 at time: 2929.59
Processed event: VehicleEnterNewRoadEvent, vehicle_id: 6, road_id: 1000000000000000309 id: 3881
processing event: VehicleDepartureEvent, vehicle_id: 6, road_id: 1000000000000000309, offset: 0.000000 id: 3883 at time: 2929.59
Processed event: VehicleDepartureEvent, vehicle_id: 6, road_id: 1000000000000000309, offset: 0.000000 id: 3883
processing event: VehicleEnterNewRoadEvent, vehicle_id: 11, road_id: 1000000000000000682 id: 3882 at time: 2929.97
Processed event: VehicleEnterNewRoadEvent, vehicle_id: 11, road_id: 1000000000000000682 id: 3882
processing event: VehicleDepartureEvent, vehicle_id: 11, road_id: 1000000000000000682, offset: 0.000000 id: 3885 at time: 2929.97
Processed event: VehicleDepartureEvent, vehicle_id: 11, road_id: 1000000000000000682, offset: 0.000000 id: 3885
Simulator::runFor: now_ = 2929.97 target = 2930
[progress] simulator time = 2930 / 3000
processing event: BusArrivalEvent, vehicle_id: 19, stop_id: 8 id: 3831 at time: 2930.61
Processed event: BusArrivalEvent, vehicle_id: 19, stop_id: 8 id: 3831
processing event: PassengerOnboardEvent, passenger_id: 18 id: 3887 at time: 2930.61
Processed event: PassengerOnboardEvent, passenger_id: 18 id: 3887
processing event: VehicleArriveIntersectionEvent, vehicle_id: 16, road_id: 1000000000000000296 id: 3834 at time: 2933.99
Processed event: VehicleArriveIntersectionEvent, vehicle_id: 16, road_id: 1000000000000000296 id: 3834
processing event: VehicleDepartureEvent, vehicle_id: 19, road_id: 1000000000000000107, offset: 167.150000 id: 3888 at time: 2935.61
Processed event: VehicleDepartureEvent, vehicle_id: 19, road_id: 1000000000000000107, offset: 167.150000 id: 3888
processing event: VehicleEnterNewRoadEvent, vehicle_id: 16, road_id: 1000000000000000297 id: 3889 at time: 2935.79
Processed event: VehicleEnterNewRoadEvent, vehicle_id: 16, road_id: 1000000000000000297 id: 3889
processing event: VehicleDepartureEvent, vehicle_id: 16, road_id: 1000000000000000297, offset: 0.000000 id: 3891 at time: 2935.79
Processed event: VehicleDepartureEvent, vehicle_id: 16, road_id: 1000000000000000297, offset: 0.000000 id: 3891
processing event: VehicleArriveIntersectionEvent, vehicle_id: 5, road_id: 1000000000000000702 id: 3862 at time: 2939.81
Processed event: VehicleArriveIntersectionEvent, vehicle_id: 5, road_id: 1000000000000000702 id: 3862
Simulator::runFor: now_ = 2939.81 target = 2940
[progress] simulator time = 2940 / 3000
processing event: VehicleArriveIntersectionEvent, vehicle_id: 11, road_id: 1000000000000000682 id: 3886 at time: 2940.05
Processed event: VehicleArriveIntersectionEvent, vehicle_id: 11, road_id: 1000000000000000682 id: 3886
Event is not valid: VehicleArriveIntersectionEvent, vehicle_id: 7, road_id: 1000000000000000303 id: 3761 at time: 2940.44
processing event: VehicleArriveIntersectionEvent, vehicle_id: 7, road_id: 1000000000000000303 id: 3825 at time: 2940.44
Processed event: VehicleArriveIntersectionEvent, vehicle_id: 7, road_id: 1000000000000000303 id: 3825
processing event: VehicleEnterNewRoadEvent, vehicle_id: 5, road_id: 1000000000000000703 id: 3893 at time: 2941.61
Processed event: VehicleEnterNewRoadEvent, vehicle_id: 5, road_id: 1000000000000000703 id: 3893
processing event: VehicleDepartureEvent, vehicle_id: 5, road_id: 1000000000000000703, offset: 0.000000 id: 3896 at time: 2941.61
Processed event: VehicleDepartureEvent, vehicle_id: 5, road_id: 1000000000000000703, offset: 0.000000 id: 3896
processing event: VehicleEnterNewRoadEvent, vehicle_id: 11, road_id: 1000000000000000362 id: 3894 at time: 2941.85
Processed event: VehicleEnterNewRoadEvent, vehicle_id: 11, road_id: 1000000000000000362 id: 3894
processing event: VehicleDepartureEvent, vehicle_id: 11, road_id: 1000000000000000362, offset: 0.000000 id: 3898 at time: 2941.85
Processed event: VehicleDepartureEvent, vehicle_id: 11, road_id: 1000000000000000362, offset: 0.000000 id: 3898
processing event: VehicleEnterNewRoadEvent, vehicle_id: 7, road_id: 1000000000000000305 id: 3895 at time: 2942.24
Processed event: VehicleEnterNewRoadEvent, vehicle_id: 7, road_id: 1000000000000000305 id: 3895
processing event: VehicleDepartureEvent, vehicle_id: 7, road_id: 1000000000000000305, offset: 0.000000 id: 3900 at time: 2942.24
Processed event: VehicleDepartureEvent, vehicle_id: 7, road_id: 1000000000000000305, offset: 0.000000 id: 3900
processing event: VehicleArriveIntersectionEvent, vehicle_id: 17, road_id: 1000000000000000226 id: 3866 at time: 2944.84
Processed event: VehicleArriveIntersectionEvent, vehicle_id: 17, road_id: 1000000000000000226 id: 3866
processing event: VehicleArriveIntersectionEvent, vehicle_id: 14, road_id: 1000000000000001101 id: 3784 at time: 2945.25
Processed event: VehicleArriveIntersectionEvent, vehicle_id: 14, road_id: 1000000000000001101 id: 3784
Event is not valid: VehicleCheckPointEvent, vehicle_id: 9 id: 3838 at time: 2945.43
processing event: VehicleArriveIntersectionEvent, vehicle_id: 12, road_id: 1000000000000000347 id: 3856 at time: 2945.88
Processed event: VehicleArriveIntersectionEvent, vehicle_id: 12, road_id: 1000000000000000347 id: 3856
processing event: VehicleEnterNewRoadEvent, vehicle_id: 17, road_id: 1000000000000000228 id: 3902 at time: 2946.64
Processed event: VehicleEnterNewRoadEvent, vehicle_id: 17, road_id: 1000000000000000228 id: 3902
processing event: VehicleDepartureEvent, vehicle_id: 17, road_id: 1000000000000000228, offset: 0.000000 id: 3905 at time: 2946.64
Processed event: VehicleDepartureEvent, vehicle_id: 17, road_id: 1000000000000000228, offset: 0.000000 id: 3905
processing event: VehicleArriveIntersectionEvent, vehicle_id: 9, road_id: 1000000000000000308 id: 3841 at time: 2946.87
Processed event: VehicleArriveIntersectionEvent, vehicle_id: 9, road_id: 1000000000000000308 id: 3841
processing event: VehicleEnterNewRoadEvent, vehicle_id: 14, road_id: 1000000000000000320 id: 3903 at time: 2947.05
Processed event: VehicleEnterNewRoadEvent, vehicle_id: 14, road_id: 1000000000000000320 id: 3903
processing event: VehicleDepartureEvent, vehicle_id: 14, road_id: 1000000000000000320, offset: 0.000000 id: 3908 at time: 2947.05
Processed event: VehicleDepartureEvent, vehicle_id: 14, road_id: 1000000000000000320, offset: 0.000000 id: 3908
processing event: VehicleEnterNewRoadEvent, vehicle_id: 12, road_id: 1000000000000000077 id: 3904 at time: 2947.68
Processed event: VehicleEnterNewRoadEvent, vehicle_id: 12, road_id: 1000000000000000077 id: 3904
processing event: VehicleDepartureEvent, vehicle_id: 12, road_id: 1000000000000000077, offset: 0.000000 id: 3910 at time: 2947.68
Processed event: VehicleDepartureEvent, vehicle_id: 12, road_id: 1000000000000000077, offset: 0.000000 id: 3910
processing event: VehicleEnterNewRoadEvent, vehicle_id: 9, road_id: 1000000000000000309 id: 3907 at time: 2948.67
Processed event: VehicleEnterNewRoadEvent, vehicle_id: 9, road_id: 1000000000000000309 id: 3907
processing event: VehicleDepartureEvent, vehicle_id: 9, road_id: 1000000000000000309, offset: 0.000000 id: 3912 at time: 2948.67
Processed event: VehicleDepartureEvent, vehicle_id: 9, road_id: 1000000000000000309, offset: 0.000000 id: 3912
Simulator::runFor: now_ = 2948.67 target = 2950
[progress] simulator time = 2950 / 3000
processing event: VehicleArriveIntersectionEvent, vehicle_id: 5, road_id: 1000000000000000703 id: 3897 at time: 2950.25
Processed event: VehicleArriveIntersectionEvent, vehicle_id: 5, road_id: 1000000000000000703 id: 3897
processing event: VehicleEnterNewRoadEvent, vehicle_id: 5, road_id: 1000000000000000336 id: 3914 at time: 2952.05
Processed event: VehicleEnterNewRoadEvent, vehicle_id: 5, road_id: 1000000000000000336 id: 3914
processing event: VehicleDepartureEvent, vehicle_id: 5, road_id: 1000000000000000336, offset: 0.000000 id: 3915 at time: 2952.05
Processed event: VehicleDepartureEvent, vehicle_id: 5, road_id: 1000000000000000336, offset: 0.000000 id: 3915
processing event: VehicleArriveIntersectionEvent, vehicle_id: 20, road_id: 1000000000000000328 id: 3836 at time: 2958.15
Processed event: VehicleArriveIntersectionEvent, vehicle_id: 20, road_id: 1000000000000000328 id: 3836
processing event: VehicleEnterNewRoadEvent, vehicle_id: 20, road_id: 1000000000000000329 id: 3917 at time: 2959.95
Processed event: VehicleEnterNewRoadEvent, vehicle_id: 20, road_id: 1000000000000000329 id: 3917
processing event: VehicleDepartureEvent, vehicle_id: 20, road_id: 1000000000000000329, offset: 0.000000 id: 3918 at time: 2959.95
Processed event: VehicleDepartureEvent, vehicle_id: 20, road_id: 1000000000000000329, offset: 0.000000 id: 3918
Simulator::runFor: now_ = 2959.95 target = 2960
[progress] simulator time = 2960 / 3000
processing event: VehicleArriveIntersectionEvent, vehicle_id: 16, road_id: 1000000000000000297 id: 3892 at time: 2960.09
Processed event: VehicleArriveIntersectionEvent, vehicle_id: 16, road_id: 1000000000000000297 id: 3892
processing event: VehicleEnterNewRoadEvent, vehicle_id: 16, road_id: 1000000000000000298 id: 3920 at time: 2961.89
Processed event: VehicleEnterNewRoadEvent, vehicle_id: 16, road_id: 1000000000000000298 id: 3920
processing event: VehicleDepartureEvent, vehicle_id: 16, road_id: 1000000000000000298, offset: 0.000000 id: 3921 at time: 2961.89
Processed event: VehicleDepartureEvent, vehicle_id: 16, road_id: 1000000000000000298, offset: 0.000000 id: 3921
Event is not valid: VehicleArriveIntersectionEvent, vehicle_id: 18, road_id: 1000000000000000077 id: 3875 at time: 2964.31
processing event: VehicleArriveIntersectionEvent, vehicle_id: 18, road_id: 1000000000000000077 id: 3911 at time: 2964.31
Processed event: VehicleArriveIntersectionEvent, vehicle_id: 18, road_id: 1000000000000000077 id: 3911
processing event: VehicleEnterNewRoadEvent, vehicle_id: 18, road_id: 1000000000000000127 id: 3923 at time: 2966.11
Processed event: VehicleEnterNewRoadEvent, vehicle_id: 18, road_id: 1000000000000000127 id: 3923
processing event: VehicleDepartureEvent, vehicle_id: 18, road_id: 1000000000000000127, offset: 0.000000 id: 3926 at time: 2966.11
Processed event: VehicleDepartureEvent, vehicle_id: 18, road_id: 1000000000000000127, offset: 0.000000 id: 3926
Simulator::runFor: now_ = 2966.11 target = 2970
[progress] simulator time = 2970 / 3000
processing event: VehicleArriveIntersectionEvent, vehicle_id: 19, road_id: 1000000000000000107 id: 3890 at time: 2976.99
Processed event: VehicleArriveIntersectionEvent, vehicle_id: 19, road_id: 1000000000000000107 id: 3890
Event is not valid: VehicleArriveIntersectionEvent, vehicle_id: 1, road_id: 1000000000000000193 id: 3864 at time: 2978.7
processing event: VehicleArriveIntersectionEvent, vehicle_id: 1, road_id: 1000000000000000193 id: 3880 at time: 2978.7
Processed event: VehicleArriveIntersectionEvent, vehicle_id: 1, road_id: 1000000000000000193 id: 3880
processing event: VehicleEnterNewRoadEvent, vehicle_id: 19, road_id: 1000000000000000478 id: 3928 at time: 2978.79
Processed event: VehicleEnterNewRoadEvent, vehicle_id: 19, road_id: 1000000000000000478 id: 3928
processing event: VehicleDepartureEvent, vehicle_id: 19, road_id: 1000000000000000478, offset: 0.000000 id: 3931 at time: 2978.79
Processed event: VehicleDepartureEvent, vehicle_id: 19, road_id: 1000000000000000478, offset: 0.000000 id: 3931
Simulator::runFor: now_ = 2978.79 target = 2980
[progress] simulator time = 2980 / 3000
processing event: VehicleEnterNewRoadEvent, vehicle_id: 1, road_id: 1000000000000000341 id: 3929 at time: 2980.5
Processed event: VehicleEnterNewRoadEvent, vehicle_id: 1, road_id: 1000000000000000341 id: 3929
processing event: VehicleDepartureEvent, vehicle_id: 1, road_id: 1000000000000000341, offset: 0.000000 id: 3934 at time: 2980.5
Processed event: VehicleDepartureEvent, vehicle_id: 1, road_id: 1000000000000000341, offset: 0.000000 id: 3934
Event is not valid: VehicleArriveIntersectionEvent, vehicle_id: 13, road_id: 1000000000000000327 id: 3849 at time: 2980.64
processing event: VehicleArriveIntersectionEvent, vehicle_id: 13, road_id: 1000000000000000327 id: 3871 at time: 2980.64
Processed event: VehicleArriveIntersectionEvent, vehicle_id: 13, road_id: 1000000000000000327 id: 3871
processing event: PassengerRouteStartEvent, passenger_id: 69, route_id: 1 id: 68 at time: 2982
Processed event: PassengerRouteStartEvent, passenger_id: 69, route_id: 1 id: 68
processing event: OrderCreatedEvent, order_id: 69, available_pickups: 205 , available_dropoffs: 216 , passenger_id: 69, route_id: 1, passenger_num: 0 id: 3937 at time: 2982
Processed event: OrderCreatedEvent, order_id: 69, available_pickups: 205 , available_dropoffs: 216 , passenger_id: 69, route_id: 1, passenger_num: 2 id: 3937
processing event: VehicleEnterNewRoadEvent, vehicle_id: 13, road_id: 1000000000000000192 id: 3936 at time: 2982.44
Processed event: VehicleEnterNewRoadEvent, vehicle_id: 13, road_id: 1000000000000000192 id: 3936
processing event: VehicleDepartureEvent, vehicle_id: 13, road_id: 1000000000000000192, offset: 0.000000 id: 3938 at time: 2982.44
Processed event: VehicleDepartureEvent, vehicle_id: 13, road_id: 1000000000000000192, offset: 0.000000 id: 3938
Event is not valid: VehicleCheckPointEvent, vehicle_id: 2 id: 3930 at time: 2986.38
processing event: VehicleArriveIntersectionEvent, vehicle_id: 2, road_id: 1000000000000000193 id: 3933 at time: 2987.82
Processed event: VehicleArriveIntersectionEvent, vehicle_id: 2, road_id: 1000000000000000193 id: 3933
Event is not valid: VehicleCheckPointEvent, vehicle_id: 8 id: 3821 at time: 2989.1
processing event: VehicleEnterNewRoadEvent, vehicle_id: 2, road_id: 1000000000000000341 id: 3940 at time: 2989.62
Processed event: VehicleEnterNewRoadEvent, vehicle_id: 2, road_id: 1000000000000000341 id: 3940
processing event: VehicleDepartureEvent, vehicle_id: 2, road_id: 1000000000000000341, offset: 0.000000 id: 3941 at time: 2989.62
Processed event: VehicleDepartureEvent, vehicle_id: 2, road_id: 1000000000000000341, offset: 0.000000 id: 3941
Event is not valid: VehicleCheckPointEvent, vehicle_id: 12 id: 3924 at time: 2989.8
Simulator::runFor: now_ = 2989.8 target = 2990
[progress] simulator time = 2990 / 3000
processing event: OrderMatchedEvent, order_id: 69, vehicle_id: 1 id: 3943 at time: 2990
Processed event: OrderMatchedEvent, order_id: 69, vehicle_id: 1 id: 3943
processing event: PassengerArrivalEvent, passenger_id: 69 id: 3945 at time: 2990
Processed event: PassengerArrivalEvent, passenger_id: 69 id: 3945
processing event: VehicleArriveIntersectionEvent, vehicle_id: 11, road_id: 1000000000000000362 id: 3899 at time: 2990.27
Processed event: VehicleArriveIntersectionEvent, vehicle_id: 11, road_id: 1000000000000000362 id: 3899
processing event: VehicleArriveIntersectionEvent, vehicle_id: 8, road_id: 1000000000000001063 id: 3829 at time: 2990.54
Processed event: VehicleArriveIntersectionEvent, vehicle_id: 8, road_id: 1000000000000001063 id: 3829
processing event: VehicleArriveIntersectionEvent, vehicle_id: 14, road_id: 1000000000000000320 id: 3909 at time: 2990.61
Processed event: VehicleArriveIntersectionEvent, vehicle_id: 14, road_id: 1000000000000000320 id: 3909
processing event: VehicleArriveIntersectionEvent, vehicle_id: 12, road_id: 1000000000000000077 id: 3925 at time: 2991.24
Processed event: VehicleArriveIntersectionEvent, vehicle_id: 12, road_id: 1000000000000000077 id: 3925
processing event: VehicleEnterNewRoadEvent, vehicle_id: 11, road_id: 1000000000000001186 id: 3946 at time: 2992.07
Processed event: VehicleEnterNewRoadEvent, vehicle_id: 11, road_id: 1000000000000001186 id: 3946
processing event: VehicleDepartureEvent, vehicle_id: 11, road_id: 1000000000000001186, offset: 0.000000 id: 3950 at time: 2992.07
Processed event: VehicleDepartureEvent, vehicle_id: 11, road_id: 1000000000000001186, offset: 0.000000 id: 3950
processing event: BusArrivalEvent, vehicle_id: 16, stop_id: 236 id: 3922 at time: 2992.24
Processed event: BusArrivalEvent, vehicle_id: 16, stop_id: 236 id: 3922
processing event: PassengerOnboardEvent, passenger_id: 51 id: 3952 at time: 2992.24
Processed event: PassengerOnboardEvent, passenger_id: 51 id: 3952
processing event: VehicleEnterNewRoadEvent, vehicle_id: 8, road_id: 1000000000000001062 id: 3947 at time: 2992.34
Processed event: VehicleEnterNewRoadEvent, vehicle_id: 8, road_id: 1000000000000001062 id: 3947
processing event: VehicleDepartureEvent, vehicle_id: 8, road_id: 1000000000000001062, offset: 0.000000 id: 3954 at time: 2992.34
Processed event: VehicleDepartureEvent, vehicle_id: 8, road_id: 1000000000000001062, offset: 0.000000 id: 3954
processing event: VehicleEnterNewRoadEvent, vehicle_id: 14, road_id: 1000000000000000321 id: 3948 at time: 2992.41
Processed event: VehicleEnterNewRoadEvent, vehicle_id: 14, road_id: 1000000000000000321 id: 3948
processing event: VehicleDepartureEvent, vehicle_id: 14, road_id: 1000000000000000321, offset: 0.000000 id: 3956 at time: 2992.41
Processed event: VehicleDepartureEvent, vehicle_id: 14, road_id: 1000000000000000321, offset: 0.000000 id: 3956
processing event: VehicleEnterNewRoadEvent, vehicle_id: 12, road_id: 1000000000000000127 id: 3949 at time: 2993.04
Processed event: VehicleEnterNewRoadEvent, vehicle_id: 12, road_id: 1000000000000000127 id: 3949
processing event: VehicleDepartureEvent, vehicle_id: 12, road_id: 1000000000000000127, offset: 0.000000 id: 3958 at time: 2993.04
Processed event: VehicleDepartureEvent, vehicle_id: 12, road_id: 1000000000000000127, offset: 0.000000 id: 3958
processing event: VehicleArriveIntersectionEvent, vehicle_id: 7, road_id: 1000000000000000305 id: 3901 at time: 2994.81
Processed event: VehicleArriveIntersectionEvent, vehicle_id: 7, road_id: 1000000000000000305 id: 3901
processing event: VehicleEnterNewRoadEvent, vehicle_id: 7, road_id: 1000000000000000306 id: 3960 at time: 2996.61
Processed event: VehicleEnterNewRoadEvent, vehicle_id: 7, road_id: 1000000000000000306 id: 3960
processing event: VehicleDepartureEvent, vehicle_id: 7, road_id: 1000000000000000306, offset: 0.000000 id: 3961 at time: 2996.61
Processed event: VehicleDepartureEvent, vehicle_id: 7, road_id: 1000000000000000306, offset: 0.000000 id: 3961
processing event: VehicleDepartureEvent, vehicle_id: 16, road_id: 1000000000000000298, offset: 168.560000 id: 3953 at time: 2997.24
Processed event: VehicleDepartureEvent, vehicle_id: 16, road_id: 1000000000000000298, offset: 168.560000 id: 3953
Event is not valid: VehicleArriveIntersectionEvent, vehicle_id: 3, road_id: 1000000000000001036 id: 3801 at time: 2997.42
processing event: VehicleArriveIntersectionEvent, vehicle_id: 3, road_id: 1000000000000001036 id: 3843 at time: 2997.42
Processed event: VehicleArriveIntersectionEvent, vehicle_id: 3, road_id: 1000000000000001036 id: 3843
Event is not valid: VehicleArriveIntersectionEvent, vehicle_id: 18, road_id: 1000000000000000127 id: 3927 at time: 2997.61
processing event: VehicleArriveIntersectionEvent, vehicle_id: 18, road_id: 1000000000000000127 id: 3959 at time: 2997.61
Processed event: VehicleArriveIntersectionEvent, vehicle_id: 18, road_id: 1000000000000000127 id: 3959
processing event: VehicleArriveIntersectionEvent, vehicle_id: 20, road_id: 1000000000000000329 id: 3919 at time: 2998.3
Processed event: VehicleArriveIntersectionEvent, vehicle_id: 20, road_id: 1000000000000000329 id: 3919
processing event: VehicleEnterNewRoadEvent, vehicle_id: 3, road_id: 1000000000000001035 id: 3964 at time: 2999.22
Processed event: VehicleEnterNewRoadEvent, vehicle_id: 3, road_id: 1000000000000001035 id: 3964
processing event: VehicleDepartureEvent, vehicle_id: 3, road_id: 1000000000000001035, offset: 0.000000 id: 3970 at time: 2999.22
Processed event: VehicleDepartureEvent, vehicle_id: 3, road_id: 1000000000000001035, offset: 0.000000 id: 3970
processing event: VehicleEnterNewRoadEvent, vehicle_id: 18, road_id: 1000000000000000167 id: 3966 at time: 2999.41
Processed event: VehicleEnterNewRoadEvent, vehicle_id: 18, road_id: 1000000000000000167 id: 3966
processing event: VehicleDepartureEvent, vehicle_id: 18, road_id: 1000000000000000167, offset: 0.000000 id: 3973 at time: 2999.41
Processed event: VehicleDepartureEvent, vehicle_id: 18, road_id: 1000000000000000167, offset: 0.000000 id: 3973
Simulator::runFor: now_ = 2999.41 target = 3000
[progress] simulator time = 3000 / 3000 (done)
Running time: 61643ms
Metrics collection produced 778 passenger records. Provide --metrics_output=path to write results.
